Date,State,Total,Category,Sales,lag_1,lag_7,lag_30,rolling_mean_7,rolling_mean_30,rolling_std_7,day_of_week,month,quarter,week_of_year,year,is_holiday
2019-03-11,Alabama,112189103.8,Beverages,112189103.8,112144016.42413794,111873492.16896552,110836482.52413791,112053841.6724138,111535336.85,97399.86391189478,0,3,1,11,2019,0
2019-06-10,Alabama,129106730.4,Beverages,129106730.4,128920822.41538462,127805374.5076923,123529490.86153848,128549006.44615383,126411064.62307692,401607.1473524577,0,6,2,24,2019,0
2019-08-12,Alabama,108083723.8,Beverages,108083723.8,108417422.31746031,110419613.42222224,118094679.32380952,109084819.35238096,112922352.3031746,720871.187702497,0,8,3,33,2019,0
2019-10-11,Alabama,110932912.8,Beverages,110932912.8,110885426.31666666,110600507.41666666,109508318.3,110790453.35,110244358.79166669,102582.52839519246,4,10,4,41,2019,0
2019-10-13,Alabama,123782285.8,Beverages,123782285.8,117357599.3,110695480.38333333,109603291.26666668,113618512.03809524,110977051.76,5098423.436478428,6,10,4,41,2019,0
2019-10-20,Alabama,116218908.9,Beverages,116218908.9,117299391.31428573,123782285.8,109935696.65,119460356.14285716,113232712.84666663,2334108.78539186,6,10,4,42,2019,0
2019-10-27,Alabama,109968010.6,Beverages,109968010.6,110860996.07142857,116218908.9,110268102.03333332,112646967.01428571,113821021.88055556,1929069.0959250615,6,10,4,43,2019,0
2019-11-17,Alabama,109056410.0,Beverages,109056410.0,109099819.55238096,109360276.86666666,118379873.72857144,109186638.65714286,110711589.51047616,93775.3509495792,6,11,4,46,2019,0
2019-11-24,Alabama,113040422.1,Beverages,113040422.1,112471277.51428571,109056410.0,111753981.54285714,111332988.34285714,109982018.03571428,1229492.8266395985,6,11,4,47,2019,0
2019-12-15,Alabama,108528456.4,Beverages,108528456.4,108743311.9095238,110032444.96666668,109143229.1047619,109173022.92857143,110723479.64507936,464140.94828480616,6,12,4,50,2019,0
2019-12-22,Alabama,116541575.0,Beverages,116541575.0,115396843.77142856,108528456.4,111902132.92857142,113107381.31428573,111382687.00714284,2472902.087247229,6,12,4,51,2019,0
2019-12-29,Alabama,106949922.2,Beverages,106949922.2,108320158.31428573,116541575.0,111966144.55238096,111060630.54285716,111047134.8847619,2960048.3174267854,6,12,4,52,2019,0
2020-01-03,Alabama,116651493.0,Beverages,116651493.0,114711178.84,109690394.42857143,110891867.0047619,111303486.2734694,111288682.66079365,3565294.59251699,4,1,1,1,2020,0
2020-01-11,Alabama,120522113.9,Beverages,120522113.9,120038286.2875,117135320.6125,109173022.92857143,119070631.0625,113663002.67261904,1045187.0997806512,5,1,1,2,2020,0
2020-01-19,Alabama,105904865.6,Beverages,105904865.6,107732021.6375,118694957.8625,114252112.54285714,111386333.7125,114074872.9290476,3947108.164856189,6,1,1,3,2020,0
2020-01-26,Alabama,106265736.6,Beverages,106265736.6,106214183.6,105904865.6,109690394.42857143,106111077.6,112364365.96714284,111367.2084222483,6,1,1,4,2020,0
2020-02-02,Alabama,108358279.6,Beverages,108358279.6,108059344.88571428,106265736.6,116651493.0,107461475.45714286,111467896.77666666,645772.789681605,6,2,1,5,2020,0
2020-02-08,Alabama,131945461.1,Beverages,131945461.1,128014264.18333332,108059344.88571428,119554458.675,120151870.35,112222412.60958332,8492355.95043243,5,2,1,6,2020,0
2020-02-16,Alabama,107397612.3,Beverages,107397612.3,110466093.4,128876980.0,109559177.675,116603055.6,112881598.02291666,6628676.782355217,6,2,1,7,2020,0
2020-02-23,Alabama,107801054.3,Beverages,107801054.3,107743419.72857144,107397612.3,106162630.6,107628150.5857143,113197016.15166669,124504.90424423548,6,2,1,8,2020,0
2020-03-05,Alabama,128066130.9,Beverages,128066130.9,126223851.20909092,115170173.06363636,116220673.43333332,122539291.82727271,117003071.43666668,3979778.9902415927,3,3,1,10,2020,0
2020-03-15,Alabama,132632134.0,Beverages,132632134.0,132175533.69,129435931.83,113534574.5,131262333.07,119481238.09166668,986369.4039732342,6,3,1,11,2020,0
2020-03-22,Alabama,127145065.2,Beverages,127145065.2,127928932.17142858,132632134.0,107685785.15714283,129496666.11428572,124506583.99261904,1693346.194624459,6,3,1,12,2020,0
2020-03-29,Alabama,116657084.0,Beverages,116657084.0,118155367.02857144,127145065.2,117012452.75454544,121151933.0857143,126702570.34954543,3236661.266998824,6,3,1,13,2020,0
2020-04-10,Alabama,133713630.0,Beverages,133713630.0,132292251.16666669,123763978.16666669,130805732.76,129449493.5,126436056.18466666,3070529.2176791904,4,4,2,15,2020,0
2020-04-19,Alabama,117742073.2,Beverages,117742073.2,119516690.62222224,130164395.15555556,128712799.14285716,123065925.46666668,124581832.3990476,3833611.7840995775,6,4,2,16,2020,0
2020-04-26,Alabama,118114595.0,Beverages,118114595.0,118061377.6,117742073.2,119653650.05714284,117954942.8,123160483.12095238,114962.7233469652,6,4,2,17,2020,0
2020-05-01,Alabama,104239954.2,Beverages,104239954.2,107014882.36,118008160.2,120921220.5,112160717.88571428,121681719.00666668,5406396.048068418,4,5,2,18,2020,0
2020-05-04,Alabama,123259529.2,Beverages,123259529.2,116919670.86666667,115339666.84,125185357.0,112052628.33714284,120997288.27666669,6367250.577581896,0,5,2,19,2020,0
2020-05-07,Alabama,138414683.20000002,Beverages,138414683.20000002,133362965.20000002,107014882.36,129449493.5,122155408.91428572,121530773.33,12325161.57364245,3,5,2,19,2020,0
2020-05-17,Alabama,130340051.0,Beverages,130340051.0,131147514.22,135992293.54000002,121291308.04444444,132762440.66,123415889.30407408,1744319.9174393248,6,5,2,20,2020,0
2020-05-24,Alabama,134708618.7,Beverages,134708618.7,134084537.6,130340051.0,118008160.2,132836375.4,126852130.53666668,1348169.2612908252,6,5,2,21,2020,0
2020-05-31,Alabama,129887876.9,Beverages,129887876.9,130576554.3,134708618.7,104239954.2,131953909.1,131470541.82,1487713.218083275,6,5,2,22,2020,0
2020-06-09,Alabama,137905687.0,Beverages,137905687.0,137014819.2111111,131669612.47777778,135992293.54000002,135233083.63333336,133064967.29066664,1924494.3787829108,1,6,2,24,2020,0
2020-06-12,Alabama,116104621.0,Beverages,116104621.0,123371643.0,134342215.84444445,133569903.88,130913210.03809524,131964394.88066666,8248054.516887496,4,6,2,24,2020,0
2020-06-14,Alabama,131401892.7,Beverages,131401892.7,123753256.85,136123951.42222223,131954977.44,128598654.96587302,131645652.59566666,7920152.253939735,6,6,2,24,2020,0
2020-06-21,Alabama,133712552.3,Beverages,133712552.3,133382458.07142857,131401892.7,133460456.5,132722269.61428572,131862547.615,713085.0338012255,6,6,2,25,2020,0
2020-06-28,Alabama,132320128.4,Beverages,132320128.4,132519046.1,133712552.3,131265231.7,132916881.5,131809617.005,429711.344669641,6,6,2,26,2020,0
2020-07-06,Alabama,132304540.8,Beverages,132304540.8,132306489.25,132318179.95,135233083.63333333,132310386.15,131809315.89944445,4209.132589594646,0,7,3,28,2020,0
2020-07-19,Alabama,133548791.3,Beverages,133548791.3,133453079.72307692,132878810.26153846,133052363.84285714,133261656.56923077,132822428.2590476,206760.63728110783,6,7,3,29,2020,0
2020-07-26,Alabama,132657648.5,Beverages,132657648.5,132784954.61428572,133548791.3,132717963.8,133039566.84285717,132775860.31,275012.6386615298,6,7,3,30,2020,0
2020-08-03,Alabama,119441834.4,Beverages,119441834.4,121093811.1625,131005671.7375,132308437.7,124397764.6875,130878226.88,3568677.6791856037,0,8,3,32,2020,0
2020-08-11,Alabama,120902500.1,Beverages,120902500.1,120719916.8875,119624417.6125,132878810.26153846,120354750.4625,127600208.64282052,394424.8186965544,1,8,3,33,2020,0
2020-08-16,Alabama,137880677.4,Beverages,137880677.4,134485041.94,120537333.675,133357368.14615384,128152778.48392858,127254118.89076924,6661284.784293387,6,8,3,33,2020,0
2020-08-23,Alabama,131642694.8,Beverages,131642694.8,132533835.17142858,137880677.4,132912260.72857144,134316115.91428572,127500004.74380952,1925083.224369262,6,8,3,34,2020,0
2020-08-30,Alabama,128713002.0,Beverages,128713002.0,129131529.54285714,131642694.8,124397764.6875,129968584.62857142,127694301.35125,904122.8267977616,6,8,3,35,2020,0
2020-09-02,Alabama,109022481.6,Beverages,109022481.6,115585988.4,130387112.17142858,119441834.4,123445876.92244898,127143519.075,8280184.874857269,2,9,3,36,2020,0
2020-09-08,Alabama,137744835.29999998,Beverages,137744835.29999998,132957776.35,115585988.4,120537333.675,123383658.45,128282781.53125,10341229.254314126,1,9,3,37,2020,0
2020-09-13,Alabama,134469487.7,Beverages,134469487.7,135124557.22,128170717.4,131089406.48,135657249.33571428,130089261.653,1633565.1943210857,6,9,3,37,2020,0
2020-09-20,Alabama,129079259.8,Beverages,129079259.8,129849292.35714284,134469487.7,133424975.54285714,131389357.47142856,129133378.37071428,1663460.4440571552,6,9,3,38,2020,0
2020-09-27,Alabama,127614100.1,Beverages,127614100.1,127823408.62857142,129079259.8,129550057.08571428,128242025.68571427,128519448.00309524,452158.0998757861,6,9,3,39,2020,0
2020-10-05,Alabama,127906087.0,Beverages,127906087.0,127869588.6375,127650598.4625,123383658.45,127796591.9125,130580596.22333331,78845.47440928826,0,10,4,41,2020,0
2020-10-18,Alabama,122464549.6,Beverages,122464549.6,122883129.4,125394608.2,130619324.9142857,123720289.0,126784594.76690476,904235.7151297024,6,10,4,42,2020,0
2020-10-25,Alabama,121301024.5,Beverages,121301024.5,121467242.37142856,122464549.6,128032717.15714283,121799678.11428572,125165012.21928573,359071.6413889238,6,10,4,43,2020,0
2020-11-10,Alabama,128170885.8,Beverages,128170885.8,127741519.46875,125165321.48125,125394608.2,126882786.80625,123928332.76166669,927537.2858177476,1,11,4,46,2020,0
2020-11-15,Alabama,117987142.4,Beverages,117987142.4,120023891.08,127312153.1375,123301709.2,123745086.29553571,123581961.255,3899346.78016466,6,11,4,46,2020,0
2020-11-22,Alabama,124645965.4,Beverages,124645965.4,123694704.97142856,117987142.4,121633460.24285714,121792184.11428572,123494232.25071429,2054957.3914090493,6,11,4,47,2020,0
2020-11-29,Alabama,118491656.0,Beverages,118491656.0,119370843.05714284,124645965.4,123447856.15625,121129217.17142858,123233920.11270832,1899261.114246243,6,11,4,48,2020,0
2020-12-01,Alabama,108717628.4,Beverages,108717628.4,113604642.2,122887591.28571428,124306588.81875,117653203.0244898,122371868.75583331,4790313.004828773,1,12,4,49,2020,0
2020-12-04,Alabama,117506178.9,Beverages,117506178.9,114576662.06666668,120250030.11428572,125594687.8125,114844965.122449,121313002.814375,3878244.427598496,4,12,4,49,2020,0
2020-12-07,Alabama,129799792.9,Beverages,129799792.9,125701921.56666668,113604642.2,126882786.80625,118507625.61428572,121237852.92354168,7618228.010588231,0,12,4,50,2020,0
2020-12-13,Alabama,116502691.2,Beverages,116502691.2,118718874.81666666,125701921.56666668,122060639.76,123151242.05,120462592.181,4787503.78655865,6,12,4,50,2020,0
2020-12-20,Alabama,122244235.9,Beverages,122244235.9,121424015.22857144,116502691.2,122743444.54285716,119783573.88571428,120338237.6907143,1771879.162334152,6,12,4,51,2020,0
2020-12-27,Alabama,115522663.3,Beverages,115522663.3,116482887.95714286,122244235.9,120250030.11428572,118403337.27142856,119352926.67023808,2074322.3383868968,6,12,4,52,2020,0
2021-01-08,Alabama,146096097.7,Beverages,146096097.7,143548311.5,128261594.3,125367425.66666669,138452739.1,124387184.26,5503847.2390601,4,1,1,1,2021,0
2021-01-17,Alabama,115816663.9,Beverages,115816663.9,119181045.43333334,139367334.63333333,120603794.55714288,125909808.5,127365286.8509524,7267894.776014949,6,1,1,2,2021,0
2021-01-24,Alabama,113870547.8,Beverages,113870547.8,114148564.38571428,115816663.9,117443112.61428572,114704597.55714284,126113490.92190476,600584.4672923279,6,1,1,3,2021,0
2021-01-31,Alabama,115802737.5,Beverages,115802737.5,115526710.4,113870547.8,128261594.3,114974656.2,124679722.01,596286.6869464235,6,1,1,4,2021,0
2021-02-05,Alabama,134697460.0,Beverages,134697460.0,130918515.5,115250683.3,141000525.29999998,123861043.27142856,123218825.02666666,7426813.268976462,4,2,1,5,2021,0
2021-02-14,Alabama,115644582.4,Beverages,115644582.4,117761568.8,130463487.2,122545426.96666668,121995541.6,119848769.75444444,4573213.306818646,6,2,1,6,2021,0
2021-02-21,Alabama,112186374.5,Beverages,112186374.5,112680404.2,115644582.4,114426580.97142856,113668463.6,119374385.25952382,1067226.1276722818,6,2,1,7,2021,0
2021-02-28,Alabama,124158003.4,Beverages,124158003.4,122447770.7,112186374.5,115250683.3,119027305.29999998,120430347.90666668,3694524.8875461374,6,2,1,8,2021,0
2021-03-01,Alabama,115331048.0,Beverages,115331048.0,124158003.4,113896607.2,115526710.4,119232225.41428572,120423825.82666668,3389724.5249423524,0,3,1,9,2021,0
2021-03-10,Alabama,203436377.5,Beverages,203436377.5,193646896.44444445,134910010.1111111,128346500.8,174067934.3333333,131610993.34,21147696.097676683,2,3,1,10,2021,0
2021-03-14,Alabama,143739697.79999998,Beverages,143739697.79999998,158663867.725,174067934.33333334,119878555.2,177920642.8690476,137353915.725,20831571.147712383,6,3,1,10,2021,0
2021-03-21,Alabama,138119750.0,Beverages,138119750.0,138922599.68571427,143739697.79999998,113174433.9,140528299.05714285,143336564.915,1734353.544302218,6,3,1,11,2021,0
2021-03-28,Alabama,124801755.5,Beverages,124801755.5,126704326.14285712,138119750.0,120737538.0,130509467.42857143,146740369.25833333,4110022.332253136,6,3,1,12,2021,0
2021-04-04,Alabama,131843894.8,Beverages,131843894.8,130837874.9,124801755.5,154488972.2222222,128825835.1,146094536.62648147,2173251.3697790047,6,4,2,13,2021,0
2021-04-07,Alabama,150209238.5,Beverages,150209238.5,144087457.26666665,127819815.2,183857415.3888889,136228833.08571428,143096488.9198148,8208147.93081792,2,4,2,14,2021,0
2021-04-18,Alabama,126192681.6,Beverages,126192681.6,128376004.95454544,141475945.0818182,139725449.37142858,132742651.66363636,134428470.70952383,4716517.507195256,6,4,2,15,2021,0
2021-04-25,Alabama,127348327.7,Beverages,127348327.7,127183235.4,126192681.6,128606896.78571428,126853050.8,132724097.8947619,356640.129198645,6,4,2,16,2021,0
2021-05-09,Alabama,148892733.6,Beverages,148892733.6,147353847.4642857,138120530.65,145842591.79090908,144276075.19285715,134892158.76045454,3324374.0033113915,6,5,2,18,2021,0
2021-05-12,Alabama,180600247.5,Beverages,180600247.5,170031076.2,142737189.05714285,139292621.72727272,156632978.0265306,137747671.8722727,14009984.82408736,2,5,2,19,2021,0
2021-05-16,Alabama,135462841.6,Beverages,135462841.6,146747193.075,148892733.6,130559328.30909093,159950100.54999998,140221679.26848486,15240486.501352696,6,5,2,19,2021,0
2021-05-23,Alabama,140446890.20000002,Beverages,140446890.20000002,139734883.25714287,135462841.6,127018143.1,138310869.37142858,142893932.82,1538110.79070462,6,5,2,20,2021,0
2021-05-30,Alabama,139935910.6,Beverages,139935910.6,140008907.68571427,140446890.20000002,135042758.37857142,140154901.85714287,145118193.4654762,157691.728051523,6,5,2,21,2021,0
2021-06-06,Alabama,140893518.3,Beverages,140893518.3,140756717.20000002,139935910.6,145814961.32857144,140483115.00000003,144951316.28380954,295524.15210108587,6,6,2,22,2021,0
2021-06-13,Alabama,137083191.8,Beverages,137083191.8,137627524.15714288,140893518.3,158031544.55,138716188.87142858,139528852.0125,1175892.286794524,6,6,2,23,2021,0
2021-06-20,Alabama,144489981.4,Beverages,144489981.4,143431868.6,137083191.8,139022876.31428573,141315643.00000003,140162357.15190476,2285784.8954863497,6,6,2,24,2021,0
2021-06-27,Alabama,140720825.5,Beverages,140720825.5,141259276.34285715,144489981.4,140081904.7714286,142336178.02857143,140663423.0861905,1163186.7637937805,6,6,2,25,2021,0
2021-07-02,Alabama,117468184.1,Beverages,117468184.1,122118712.38,141797727.18571427,140346313.9,130832329.30612244,138439184.64,9177156.06860508,4,7,3,26,2021,0
2021-07-03,Alabama,126283022.9,Beverages,126283022.9,117468184.1,141259276.34285715,140483115.0,128692864.5285714,137965848.23666665,8013061.821951114,5,7,3,26,2021,0
2021-07-11,Alabama,184678476.5,Beverages,184678476.5,177379044.8,133582454.6,138171856.5142857,162780181.4,143114880.45857143,15768574.697812105,6,7,3,27,2021,0
2021-07-18,Alabama,143840884.1,Beverages,143840884.1,149674825.87142855,184678476.5,142373755.8,161342709.4142857,148228233.75666666,12602754.623412026,6,7,3,28,2021,0
2021-07-25,Alabama,143718288.10000002,Beverages,143718288.10000002,143735801.81428573,143840884.1,141797727.18571427,143770829.24285716,148364927.4347619,37833.94676865698,6,7,3,29,2021,0
2021-08-08,Alabama,151796622.6,Beverages,151796622.6,151219598.70714286,147757455.35000002,170079613.1,150065550.92142856,152349861.13500002,1246514.0754569576,6,8,3,31,2021,0
2021-08-15,Alabama,149096387.5,Beverages,149096387.5,149482135.37142858,151796622.6,155508767.64285713,150253631.1142857,147477682.48738095,833310.6432193789,6,8,3,32,2021,0
2021-08-22,Alabama,142623393.4,Beverages,142623393.4,143548106.84285715,149096387.5,143753315.52857146,145397533.72857144,147655192.8654762,1997609.347825505,6,8,3,33,2021,0
2021-08-29,Alabama,140962322.6,Beverages,140962322.6,141199618.42857143,142623393.4,146603407.56428573,141674210.08571428,146889145.59190476,512617.577913293,6,8,3,34,2021,0
2021-09-05,Alabama,136554063.70000002,Beverages,136554063.70000002,137183814.97142857,140962322.6,150642574.81428573,138443317.5142857,144446568.94690475,1360418.2315350203,6,9,3,35,2021,0
2021-09-19,Alabama,133797917.0,Beverages,133797917.0,133994784.62142858,135175990.35000002,144472820.2857143,134388519.86428574,137935999.4997619,425282.66878043785,6,9,3,37,2021,0
2021-09-26,Alabama,133378009.3,Beverages,133378009.3,133437996.11428572,133797917.0,141436914.25714284,133557969.74285711,135908558.11261904,129586.32951580713,6,9,3,38,2021,0
2021-10-01,Alabama,117780959.3,Beverages,117780959.3,120900369.3,133497982.92857143,139073068.7857143,126702128.84489796,133202841.28928572,6099473.619469374,4,10,4,39,2021,0
2021-10-10,Alabama,198855812.3,Beverages,198855812.3,189847495.3,135797593.3,135569725.59285715,171830861.3,141055869.02571428,19460188.868685894,6,10,4,40,2021,0
2021-10-17,Alabama,195850754.5,Beverages,195850754.5,196280048.47142857,198855812.3,134191652.24285714,197138636.4142857,155605691.3307143,927380.9707241948,6,10,4,41,2021,0
2021-10-24,Alabama,189687421.9,Beverages,189687421.9,190567897.9857143,195850754.5,133497982.92857143,192328850.15714288,169286340.22047618,1902045.7342139457,6,10,4,42,2021,0
2021-10-31,Alabama,189048084.9,Beverages,189048084.9,189139418.75714287,189687421.9,117780959.3,189322086.47142857,183897663.66666663,197303.681641884,6,10,4,43,2021,0
2021-11-04,Alabama,126097508.5,Beverages,126097508.5,141835152.6,189322086.47142857,153814227.3,166604879.26734695,185151293.38000005,25509353.22069233,3,11,4,44,2021,0
2021-11-07,Alabama,137692246.7,Beverages,137692246.7,133827333.96666664,189048084.9,180839178.3,142899700.07142857,181350940.64666665,16834282.483188316,6,11,4,44,2021,0
2021-11-14,Alabama,184911321.4,Beverages,184911321.4,178165739.3,137692246.7,196709342.44285715,164674575.1,173890242.85238093,14572122.816639826,6,11,4,45,2021,0
2021-11-21,Alabama,190608740.7,Beverages,190608740.7,189794823.65714285,184911321.4,191448374.07142857,188166989.57142857,172523292.61285716,1758261.7682487438,6,11,4,46,2021,0
2021-11-28,Alabama,177133617.3,Beverages,177133617.3,179058634.92857143,190608740.7,189230752.6142857,182908670.18571427,170957901.60523808,4158513.363541829,6,11,4,47,2021,0
2021-12-09,Alabama,142022732.5,Beverages,142022732.5,145214631.11818182,164366022.82727274,151183410.9,151598428.35454544,173081162.86,6895289.093346838,3,12,4,49,2021,0
2021-12-12,Alabama,182041354.4,Beverages,182041354.4,168701813.76666668,154790326.97272727,171420157.2,156192537.57272726,173483886.72666666,14308262.326162815,6,12,4,49,2021,0
2021-12-19,Alabama,189045386.7,Beverages,189045386.7,188044810.65714285,182041354.4,188980906.6142857,186043658.57142857,173565992.9485714,2161491.294259156,6,12,4,50,2021,0
2021-12-26,Alabama,183210806.4,Beverages,183210806.4,184044317.87142852,189045386.7,180983652.55714285,185711340.81428573,173412905.6909524,1800590.5718181818,6,12,4,51,2021,0
2022-01-05,Alabama,207976102.9,Beverages,207976102.9,205499573.25,190640395.35,151598428.35454547,200546513.95,183745050.8368182,5349915.497853252,2,1,1,1,2022,0
2022-01-16,Alabama,180918293.4,Beverages,180918293.4,183378094.2636364,198136899.4454545,187044234.6142857,188297695.9909091,192359235.0902381,5313777.188979673,6,1,1,2,2022,0
2022-01-23,Alabama,177754218.7,Beverages,177754218.7,178206229.37142855,180918293.4,184877829.34285715,179110250.7142857,190491144.9640476,976454.6514676672,6,1,1,3,2022,0
2022-01-30,Alabama,179630072.6,Beverages,179630072.6,179362093.47142857,177754218.7,195593454.65,178826135.2142857,188202006.48,578901.0815971137,6,1,1,4,2022,0
2022-02-01,Alabama,179002838.5,Beverages,179002838.5,179316455.55,178290176.95714286,200546513.95,179112837.96632653,186858766.34,359035.97932502005,1,2,1,5,2022,0
2022-02-10,Alabama,218622107.1,Beverages,218622107.1,214219966.14444444,187807120.41111112,193217297.71818185,205415684.23333332,186739512.0228788,9509711.350263804,3,2,1,6,2022,0
2022-02-13,Alabama,181195482.0,Beverages,181195482.0,193671023.7,201013543.27777776,185837895.12727275,204155521.96666667,187276844.7937879,12814556.83896368,6,2,1,6,2022,0
2022-02-20,Alabama,178404182.10000002,Beverages,178404182.10000002,178802939.22857144,181195482.0,178658240.04285714,179600453.4857143,187113360.78738096,861413.8506243468,6,2,1,7,2022,0
2022-02-27,Alabama,192108735.0,Beverages,192108735.0,190150941.72857144,178404182.10000002,179094114.34285712,186235355.1857143,188943236.04738092,4229316.8444024045,6,2,1,8,2022,0
2022-03-04,Alabama,200427369.5,Beverages,200427369.5,198763642.6,188193148.4571429,183404979.4555556,195394179.31836733,191769340.67814812,3663178.032526996,4,3,1,9,2022,0
2022-03-07,Alabama,226966250.7,Beverages,226966250.7,218119956.96666667,193772461.9,196611402.32222223,206583855.35714287,194360410.23814815,12034896.298086304,0,3,1,10,2022,0
2022-03-13,Alabama,194057783.9,Beverages,194057783.9,199542528.36666667,218119956.96666667,206146565.4,210512017.3,194073149.54,11848402.228496537,6,3,1,10,2022,0
2022-03-20,Alabama,194303302.9,Beverages,194303302.9,194268228.75714287,194057783.9,179201696.35714287,194198080.4714286,196890616.35761908,75768.80818735839,6,3,1,11,2022,0
2022-03-27,Alabama,195635388.9,Beverages,195635388.9,195445090.9,194303302.9,188193148.4571429,195064494.9,199785834.13761905,411090.6644431239,6,3,1,12,2022,0
2022-04-09,Alabama,227759611.1,Beverages,227759611.1,225288517.08461532,210461952.9923077,210512017.3,220346329.05384612,203053174.1266667,5338173.185028128,5,4,2,14,2022,0
2022-04-12,Alabama,191867741.4,Beverages,191867741.4,203831697.96666667,217875235.0384616,194057783.9,215386710.60109887,203482091.08666667,13024177.554182434,1,4,2,15,2022,0
2022-04-17,Alabama,199965774.7,Beverages,199965774.7,198346168.04,215795654.53333333,194233154.6142857,197047463.7523809,203909350.2619048,4074340.570694175,6,4,2,15,2022,0
2022-04-24,Alabama,197876829.3,Beverages,197876829.3,198175250.07142857,199965774.7,195254792.9,198772091.6142857,204858087.76666668,644662.5461928674,6,4,2,16,2022,0
2022-05-06,Alabama,209711181.6,Beverages,209711181.6,208724985.575,202807809.425,220346329.0538461,206752593.525,203794777.83012825,2130426.905267541,4,5,2,18,2022,0
2022-05-15,Alabama,208193476.8,Beverages,208193476.8,208362110.6666667,209373913.86666667,196726561.38,208699378.4,204032464.533,364290.7875665088,6,5,2,19,2022,0
2022-05-22,Alabama,219547509.4,Beverages,219547509.4,217925504.7428572,208193476.8,198473670.84285715,214681495.42857143,207669329.97738093,3503930.531512566,6,5,2,20,2022,0
2022-05-29,Alabama,212449962.2,Beverages,212449962.2,213463897.5142857,219547509.4,202807809.425,215491768.14285716,211276437.0025,2190350.618940007,6,5,2,21,2022,0
2022-06-02,Alabama,184970125.1,Beverages,184970125.1,191840084.375,215491768.1428572,206752593.525,203070278.37040812,209943338.9391667,11584337.530408705,3,6,2,22,2022,0
2022-06-03,Alabama,197917627.7,Beverages,197917627.7,184970125.1,214477832.8285714,207738789.55,200704534.78061223,209615966.8775,10507311.479768865,4,6,2,22,2022,0
2022-06-11,Alabama,197814663.4,Beverages,197814663.4,197827533.9375,197904757.1625,208699378.4,197853275.0125,206606491.4333333,27803.53825667256,5,6,2,23,2022,0
2022-06-19,Alabama,220358695.3,Beverages,220358695.3,217540691.3125,200632667.3875,216303500.08571428,211904683.3375,206392546.92976192,6087584.376686151,6,6,2,24,2022,0
2022-06-26,Alabama,220100179.0,Beverages,220100179.0,220137109.9,220358695.3,214477832.8285714,220210971.7,207108389.27880952,79779.86197662487,6,6,2,25,2022,0
2022-07-08,Alabama,226809534.5,Beverages,226809534.5,226250421.54166663,222895743.79166663,197853275.0125,225132195.625,216791260.44041663,1207822.0346754373,4,7,3,27,2022,0
2022-07-17,Alabama,212769922.8,Beverages,212769922.8,214329879.6555556,223689620.7888889,214722687.325,217449793.3666667,221175896.6420833,3369891.9605142605,6,7,3,28,2022,0
2022-07-24,Alabama,215436685.6,Beverages,215436685.6,215055719.4857143,212769922.8,220174040.8,214293787.25714284,219873150.34833333,822980.8671672302,6,7,3,29,2022,0
2022-07-31,Alabama,221654891.4,Beverages,221654891.4,220766576.2857143,215436685.6,222895743.79166663,218989946.05714288,219333308.4858333,1918979.9713775967,6,7,3,30,2022,0
2022-08-05,Alabama,207537233.1,Beverages,207537233.1,210360764.76,219878261.17142856,225691308.5833333,215477564.255102,217435177.4447222,5356486.971928371,4,8,3,31,2022,0
2022-08-14,Alabama,224323609.9,Beverages,224323609.9,222458456.92222223,211267539.05555555,215889836.5111111,218728150.96666667,215925813.32185185,4029190.937275696,6,8,3,32,2022,0
2022-08-21,Alabama,215153556.3,Beverages,215153556.3,216463563.9571429,224323609.9,214674753.37142852,219083579.27142856,217156518.2128572,2829939.9796172515,6,8,3,33,2022,0
2022-08-28,Alabama,215670829.2,Beverages,215670829.2,215596933.07142857,215153556.3,219878261.17142856,215449140.8142857,216727965.74285716,159633.88251845606,6,8,3,34,2022,0
2022-09-01,Alabama,178676923.60000002,Beverages,178676923.60000002,187925400.0,215449140.81428573,216007828.08,202427050.2877551,213159228.986,14934707.985621236,3,9,3,35,2022,0
2022-09-10,Alabama,211016006.4,Beverages,211016006.4,207422774.97777772,185863386.44444448,218728150.96666667,200236312.13333336,208303023.0188889,7762267.038929463,5,9,3,36,2022,0
2022-09-18,Alabama,213270227.9,Beverages,213270227.9,212988450.2125,211297784.0875,217773571.6142857,212424894.8375,205933981.10357144,608709.3757331362,6,9,3,37,2022,0
2022-09-25,Alabama,215556915.6,Beverages,215556915.6,215230245.92857143,213270227.9,215523036.94285715,214576906.58571428,205718814.5173809,705687.1448287206,6,9,3,38,2022,0
2022-10-04,Alabama,202888791.1,Beverages,202888791.1,204296360.4888889,212741776.8222222,189456617.86666667,207111499.26666665,209639319.3005556,3040697.408130062,1,10,4,40,2022,0
2022-10-07,Alabama,212433149.4,Beverages,212433149.4,209251696.63333333,208519068.65555555,200236312.13333336,206822238.66190475,210900180.89277777,3192084.951328533,4,10,4,40,2022,0
2022-10-16,Alabama,204418180.9,Beverages,204418180.9,205308732.9555556,210652045.2888889,212706672.525,207089837.06666663,210151574.4704167,1923812.3168219388,6,10,4,41,2022,0
2022-10-23,Alabama,198480434.6,Beverages,198480434.6,199328684.07142857,204418180.9,214903576.25714284,201025183.0142857,207140455.0842857,1832428.290622776,6,10,4,42,2022,0
2022-10-30,Alabama,194245501.6,Beverages,194245501.6,194850492.02857143,198480434.6,208519068.65555555,196060472.8857143,203305958.80111116,1306928.6975208495,6,10,4,43,2022,0
2022-11-09,Alabama,215165394.8,Beverages,215165394.8,213073405.48,200521469.56,209761493.2333333,208889426.84,202566046.20444444,4519213.442249535,2,11,4,45,2022,0
2022-11-12,Alabama,194239368.7,Beverages,194239368.7,201214710.7333333,206797437.52,207089837.06666663,207393396.49714285,201889478.36555555,7298603.951216232,5,11,4,45,2022,0
2022-11-13,Alabama,194267617.2,Beverages,194267617.2,194239368.7,208889426.84,206199285.0111111,205304566.5485714,201491756.10518515,8747601.760029925,6,11,4,45,2022,0
2022-11-20,Alabama,197053090.0,Beverages,197053090.0,196655165.31428573,194267617.2,200176933.5428572,195859315.94285712,199889127.28238097,859615.5685213251,6,11,4,46,2022,0
2022-11-27,Alabama,192420636.6,Beverages,192420636.6,193082415.65714285,197053090.0,195455482.4571429,194405973.77142856,199212639.987619,1429606.156317522,6,11,4,47,2022,0
2022-12-06,Alabama,209838487.5,Beverages,209838487.5,207903170.7333333,196291270.13333333,208889426.84,204032537.2,199595465.92466667,4180762.044679128,1,12,4,49,2022,0
2022-12-18,Alabama,200415284.1,Beverages,200415284.1,201200551.05,205912152.75,196257240.62857145,202771084.95,201007869.45047617,1696370.493984928,6,12,4,50,2022,0
2022-12-25,Alabama,200741723.9,Beverages,200741723.9,200695089.6428572,200415284.1,193744194.7142857,200601821.12857145,202180060.39857143,100741.5092683211,6,12,4,51,2022,0
2023-01-01,Alabama,184497797.3,Beverages,184497797.3,186818358.2428572,200741723.9,202097220.4333333,191459480.12857145,200966072.87,5012984.581834426,6,1,1,52,2023,0
2023-01-15,Alabama,185544784.3,Beverages,185544784.3,185469999.5142857,185021290.8,201985818.0,185320429.94285712,191228883.62166664,161553.60140640728,6,1,1,2,2023,0
2023-01-22,Alabama,182246124.7,Beverages,182246124.7,182717361.78571427,185544784.3,200648455.3857143,183659835.95714283,187269786.3614286,1017988.4533199428,6,1,1,3,2023,0
2023-01-29,Alabama,183105937.6,Beverages,183105937.6,182983107.18571427,182246124.7,189138919.1857143,182737446.35714287,184230623.2147619,265344.0215861986,6,1,1,4,2023,0
2023-02-04,Alabama,205535418.6,Beverages,205535418.6,201797171.76666665,182983107.18571427,184796936.44285715,194320678.1,186466743.7647619,8075536.1311577475,5,2,1,5,2023,0
2023-02-19,Alabama,191443698.2,Beverages,191443698.2,192383146.22666663,198019834.38666663,183188598.87142852,194262042.28,193052064.52952385,2029439.6868132465,6,2,1,7,2023,0
2023-02-26,Alabama,199003416.0,Beverages,199003416.0,197923456.31428573,191443698.2,182860276.77142856,195763536.94285712,196129004.2761905,2332979.562610863,6,2,1,8,2023,0
2023-03-19,Alabama,210866566.7,Beverages,210866566.7,210301654.76190475,206912183.13333333,193322594.25333333,209171830.8857143,202124599.89088887,1220349.262732087,6,3,1,11,2023,0
2023-03-26,Alabama,202214026.2,Beverages,202214026.2,203450103.4142857,210866566.7,196843496.62857145,205922257.84285712,204931635.69714287,2670231.969660364,6,3,1,12,2023,0
2023-04-16,Alabama,203132040.5,Beverages,203132040.5,203088325.53333333,202826035.7333333,209736742.8238095,203000895.6,203973891.12873012,94435.12106581106,6,4,2,15,2023,0
2023-04-23,Alabama,206852538.6,Beverages,206852538.6,206321038.87142852,203132040.5,204686180.62857145,205258039.4142857,203302103.7671429,1148170.6407036262,6,4,2,16,2023,0
2023-04-30,Alabama,211451722.7,Beverages,211451722.7,210794696.4,206852538.6,202432601.03333333,209480643.8,204934587.81666663,1419339.0274350033,6,4,2,17,2023,0
2023-05-02,Alabama,192305583.9,Beverages,192305583.9,201878653.3,208166591.2,202520030.96666667,206410369.6714286,204574184.15777776,6991210.11153611,1,5,2,18,2023,0
2023-05-03,Alabama,209478342.50000003,Beverages,209478342.50000003,192305583.9,208823617.5,202563745.9333333,206503901.81428573,204804670.71,7033130.731336084,2,5,2,18,2023,0
2023-07-05,Alabama,219573277.3,Beverages,219573277.3,219413040.23968256,218451617.87777776,214766165.49047625,219092566.11904764,217249839.92539683,346151.61268807953,2,7,3,27,2023,0
2023-08-01,Alabama,186490147.6,Beverages,186490147.6,187715448.7,195067255.3,219092566.11904764,190166050.9,204118459.73396823,2646952.9021854736,1,8,3,31,2023,0
2023-09-04,Alabama,202345731.9,Beverages,202345731.9,201879391.1852941,199081346.8970588,188355510.4588236,200946709.75588232,195583791.5367647,1007411.0830247076,0,9,3,36,2023,0
2023-12-02,Alabama,191999971.1,Beverages,191999971.1,192116215.6033708,192813682.6235955,195487306.2011236,192348704.6101124,193685516.3988764,251116.82792827077,5,12,4,48,2023,0
2023-12-03,Alabama,218905535.8,Beverages,218905535.8,191999971.1,192697438.1202247,195371061.6977528,196092718.56436595,194469998.8689513,10061465.61828183,6,12,4,48,2023,0
2019-03-11,Arizona,115424158.7,Beverages,115424158.7,115315148.97413792,114661090.61896552,112153866.92413794,115097129.5224138,113843517.675,235487.92230590075,0,3,1,11,2019,0
2019-06-10,Arizona,119877789.3,Beverages,119877789.3,119828848.3043956,119535202.33076924,118409559.43186814,119730966.3131868,119168144.86373626,105724.63401148628,0,6,2,24,2019,0
2019-08-12,Arizona,110405117.1,Beverages,110405117.1,110555476.97619048,111457636.23333332,114915913.38571428,110856196.72857144,112585335.3047619,324814.45634443057,0,8,3,33,2019,0
2019-10-11,Arizona,120785283.0,Beverages,120785283.0,120612280.235,119574263.645,115595200.05,120266274.705,118276742.9075,373728.6866908908,4,10,4,41,2019,0
2019-10-13,Arizona,117122711.6,Beverages,117122711.6,118953997.3,119920269.175,115941205.58,119753299.46428572,118422319.591,1304543.671822609,6,10,4,41,2019,0
2019-10-20,Arizona,116127753.8,Beverages,116127753.8,116269890.62857142,117122711.6,117152224.935,116554164.28571428,118403874.04166669,307050.6432218483,6,10,4,42,2019,0
2019-10-27,Arizona,115216831.4,Beverages,115216831.4,115346963.17142858,116127753.8,118363244.29,115607226.71428572,117881905.2095,281116.7557509986,6,10,4,43,2019,0
2019-11-17,Arizona,116490977.0,Beverages,116490977.0,116430303.4,116066261.8,116412027.45714286,116308956.2,115840576.4142857,131069.95627979802,6,11,4,46,2019,0
2019-11-24,Arizona,114640798.3,Beverages,114640798.3,114905109.54285714,116490977.0,115477094.94285716,115433732.02857144,115738965.99238096,570977.5428770023,6,11,4,47,2019,0
2019-12-15,Arizona,110395320.6,Beverages,110395320.6,110597486.2047619,111810479.83333331,116369629.8,111001817.4142857,113390463.80666666,436727.6208662008,6,12,4,50,2019,0
2019-12-22,Arizona,117291973.5,Beverages,117291973.5,116306737.37142856,110395320.6,115169420.78571428,114336265.11428572,113021875.7747619,2128353.291991466,6,12,4,51,2019,0
2019-12-29,Arizona,108536780.4,Beverages,108536780.4,109787522.2714286,117291973.5,113629970.27619047,112289006.01428571,112565396.6690476,2701911.2497899635,6,12,4,52,2019,0
2020-01-03,Arizona,118349205.6,Beverages,118349205.6,116386720.56,111038264.14285716,112619142.25238097,112920782.89591835,112798857.0120635,3625192.5078015504,4,1,1,1,2020,0
2020-01-11,Arizona,123994824.2,Beverages,123994824.2,123289121.875,119054907.925,111001817.4142857,121877717.225,115416315.4204762,1524491.259528926,5,1,1,2,2020,0
2020-01-19,Arizona,110294021.9,Beverages,110294021.9,112006622.1875,122282223.9125,115321501.24285714,115431822.7625,116474894.74404764,3699639.4611019855,6,1,1,3,2020,0
2020-01-26,Arizona,109185129.2,Beverages,109185129.2,109343542.44285716,110294021.9,111038264.14285716,109660368.92857143,115352399.1507143,342211.7167176196,6,1,1,4,2020,0
2020-02-02,Arizona,115328264.3,Beverages,115328264.3,114450673.57142857,109185129.2,118349205.6,112695492.11428572,115299831.30166666,1895812.650399332,6,2,1,5,2020,0
2020-02-08,Arizona,135907143.5,Beverages,135907143.5,132477330.3,114450673.57142857,122583419.55,125617703.9,116602520.65416668,7409243.331058628,5,2,1,6,2020,0
2020-02-16,Arizona,110562941.7,Beverages,110562941.7,113730966.925,132739118.275,113719222.475,120067017.375,117199852.47625,6843716.669746594,6,2,1,7,2020,0
2020-02-23,Arizona,110993229.1,Beverages,110993229.1,110931759.47142856,110562941.7,109501955.68571427,110808820.21428572,117342092.02809525,132789.57453314474,6,2,1,8,2020,0
2020-03-05,Arizona,134864796.6,Beverages,134864796.6,132694654.1,119673799.1,122187890.7,128354369.1,121202486.71,4688043.607031208,3,3,1,10,2020,0
2020-03-15,Arizona,139557887.4,Beverages,139557887.4,139088578.32,136272723.84,116898992.15,138149960.16000003,124619018.02083331,1013823.4849603212,6,3,1,11,2020,0
2020-03-22,Arizona,135979843.39999998,Beverages,135979843.39999998,136490992.5428571,139557887.4,110870289.84285714,137513290.8285714,130771097.16238096,1104208.3510213622,6,3,1,12,2020,0
2020-03-29,Arizona,119847336.0,Beverages,119847336.0,122151979.9142857,135979843.39999998,121843941.6,126761267.74285711,133367283.91666669,4978599.870216381,6,3,1,13,2020,0
2020-04-10,Arizona,132505937.3,Beverages,132505937.3,131451053.85833332,125121753.20833331,137680651.08,129341286.975,130859551.519,2278808.684161504,4,4,2,15,2020,0
2020-04-19,Arizona,125902822.2,Beverages,125902822.2,126636501.65555556,131038578.38888888,137002141.68571427,128103860.56666668,127992883.69309522,1584928.769067753,6,4,2,16,2020,0
2020-04-26,Arizona,127294783.0,Beverages,127294783.0,127095931.45714286,125902822.2,124456623.82857142,126698228.37142858,126962457.17214283,429568.428910754,6,4,2,17,2020,0
2020-05-01,Arizona,109641290.9,Beverages,109641290.9,113171989.32,126897079.91428572,123011986.325,119700593.30816326,126150550.97666667,6855147.040987857,4,5,2,18,2020,0
2020-05-04,Arizona,125962618.3,Beverages,125962618.3,120522175.83333331,123764084.58,126176636.65,117330840.23142856,125690593.23916668,5400544.038676507,0,5,2,19,2020,0
2020-05-07,Arizona,144153474.9,Beverages,144153474.9,138089856.03333333,113171989.32,129341286.975,126496769.5,126670938.48916666,12430642.309598288,3,5,2,19,2020,0
2020-05-17,Arizona,130942704.6,Beverages,130942704.6,132263781.63,140190243.81,127370181.1111111,134905935.69,128921732.30351852,2853852.5580170336,6,5,2,20,2020,0
2020-05-24,Arizona,131535234.9,Beverages,131535234.9,131450587.71428572,130942704.6,126897079.91428572,131281293.34285714,130052827.1502381,182858.8204819102,6,5,2,21,2020,0
2020-05-31,Arizona,131413795.1,Beverages,131413795.1,131431143.64285712,131535234.9,109641290.9,131465840.72857144,132798051.54833332,37477.13588665266,6,5,2,22,2020,0
2020-06-09,Arizona,140717020.60000002,Beverages,140717020.60000002,139683328.8777778,133481178.54444444,140190243.81,137615945.43333334,133760392.391,2233029.337936696,1,6,2,24,2020,0
2020-06-12,Arizona,118392564.3,Beverages,118392564.3,125834049.73333332,136582253.71111113,136227012.72,133452583.03809524,132588988.38933334,8374711.585080952,4,6,2,24,2020,0
2020-06-14,Arizona,139014230.70000002,Beverages,139014230.70000002,128703397.5,138649637.15555558,133584858.66,132231446.6968254,132563216.18433334,8361820.745791326,6,6,2,24,2020,0
2020-06-21,Arizona,134529099.4,Beverages,134529099.4,135169832.44285715,139014230.70000002,131365940.52857144,136451298.52857143,133762195.27380952,1384141.569218335,6,6,2,25,2020,0
2020-06-28,Arizona,135096231.10000002,Beverages,135096231.10000002,135015212.2857143,134529099.4,131448492.18571427,134853174.65714288,134547877.06142858,175020.64234980935,6,6,2,26,2020,0
2020-07-06,Arizona,138359362.8,Beverages,138359362.8,137951471.3375,135504122.56250003,137615945.43333334,137135688.4125,135295167.25944445,881146.2671834504,0,7,3,28,2020,0
2020-07-19,Arizona,135991552.6,Beverages,135991552.6,136173691.84615386,137266527.32307693,135810565.4857143,136537970.33846155,136374071.36309525,393465.7417706925,6,7,3,29,2020,0
2020-07-26,Arizona,132190420.9,Beverages,132190420.9,132733439.71428572,135991552.6,134934193.4714286,133819477.34285717,136146625.70785716,1173054.7099127332,6,7,3,30,2020,0
2020-08-03,Arizona,127985444.2,Beverages,127985444.2,128511066.2875,131664798.8125,137543579.875,129562310.4625,134458173.08625,1135473.4848131852,0,8,3,32,2020,0
2020-08-11,Arizona,130904550.5,Beverages,130904550.5,130539662.2125,128350332.4875,137266527.32307693,129809885.63750002,132270754.5923077,788248.79172266,1,8,3,33,2020,0
2020-08-16,Arizona,139367249.6,Beverages,139367249.6,137674709.78,130174773.925,136355831.0923077,134479294.64464286,132147764.6548718,3372426.942387151,6,8,3,33,2020,0
2020-08-23,Arizona,135396922.10000002,Beverages,135396922.10000002,135964111.74285716,139367249.6,133276458.52857144,137098491.02857143,132671488.38714288,1225269.6673914178,6,8,3,34,2020,0
2020-08-30,Arizona,135895402.9,Beverages,135895402.9,135824191.35714287,135396922.10000002,129562310.4625,135681768.2714286,133730846.52375,153834.51465021315,6,8,3,35,2020,0
2020-09-02,Arizona,111821589.7,Beverages,111821589.7,119846194.1,135610556.72857144,127985444.2,128956132.09183677,132864359.305,9699798.113032136,2,9,3,36,2020,0
2020-09-08,Arizona,139932969.39999998,Beverages,139932969.39999998,135247739.45,119846194.1,130174773.925,125877279.54999998,132655827.56875,10121253.472788002,1,9,3,37,2020,0
2020-09-13,Arizona,132210325.8,Beverages,132210325.8,133754854.52,130562509.5,135982169.96,135953946.43571427,133061954.671,2656103.242594497,6,9,3,37,2020,0
2020-09-20,Arizona,130208124.9,Beverages,130208124.9,130494153.6,132210325.8,136531301.3857143,131066211.0,131465058.4797619,617892.6123313471,6,9,3,38,2020,0
2020-09-27,Arizona,127220753.8,Beverages,127220753.8,127647521.1,130208124.9,135752979.81428573,128501055.7,129801510.89357142,921922.7366181356,6,9,3,39,2020,0
2020-10-05,Arizona,136028524.5,Beverages,136028524.5,134927553.1625,128321725.1375,125877279.54999998,132725610.4875,131887066.66666669,2378369.918238113,0,10,4,41,2020,0
2020-10-18,Arizona,130530705.5,Beverages,130530705.5,130953614.65384616,133491069.57692309,130780182.3,131799432.96153843,131583225.08166668,913588.1883513136,6,10,4,42,2020,0
2020-10-25,Arizona,125675791.7,Beverages,125675791.7,126369350.81428573,130530705.5,128074288.4,127756469.04285714,131215021.40833332,1498258.9262335133,6,10,4,43,2020,0
2020-11-10,Arizona,133872032.1,Beverages,133872032.1,133359767.075,130286176.925,133491069.57692309,132335237.025,129912400.82102562,1106618.931961086,1,11,4,46,2020,0
2020-11-15,Arizona,123016312.6,Beverages,123016312.6,125187456.5,132847502.05,131376523.8076923,129146400.16785714,129101777.20179488,4147365.755253567,6,11,4,46,2020,0
2020-11-22,Arizona,126324974.6,Beverages,126324974.6,125852308.6,123016312.6,127062909.92857143,124906976.6,128122256.37714286,1021075.2609837104,6,11,4,47,2020,0
2020-11-29,Arizona,119295867.9,Beverages,119295867.9,120300026.0,126324974.6,128237116.825,122308342.20000002,127057267.01083334,2169229.4221017207,6,11,4,48,2020,0
2020-12-01,Arizona,110420623.4,Beverages,110420623.4,114858245.65,124316658.4,129261646.875,118828541.36428572,125966195.02166668,4604050.792969584,1,12,4,49,2020,0
2020-12-04,Arizona,123654446.2,Beverages,123654446.2,119243171.93333334,121304184.1,130798441.95,117514896.96428572,124861894.5225,4400659.027302584,4,12,4,49,2020,0
2020-12-07,Arizona,136606141.5,Beverages,136606141.5,132288909.73333332,114858245.65,132335237.025,123573838.34285714,124908488.29583332,9428009.224059952,0,12,4,50,2020,0
2020-12-13,Arizona,120157852.9,Beverages,120157852.9,122899234.33333334,132288909.73333332,127358600.4,128381997.20000002,124021798.455,5922060.741620767,6,12,4,50,2020,0
2020-12-20,Arizona,123308775.5,Beverages,123308775.5,122858643.7,120157852.9,125379642.6,121958380.1,123466243.07500002,972395.825301566,6,12,4,51,2020,0
2020-12-27,Arizona,117662825.2,Beverages,117662825.2,118469389.52857144,123308775.5,121304184.1,120082518.18571427,122527504.495,1742378.0900184768,6,12,4,52,2020,0
2021-01-08,Arizona,144662531.5,Beverages,144662531.5,142412555.975,128912702.825,131123378.63333334,137912604.925,125960599.385,4860502.651762707,4,1,1,1,2021,0
2021-01-17,Arizona,123411182.9,Beverages,123411182.9,125772443.85555556,139940009.58888888,122408511.9,130494965.76666668,128996769.345,5100906.65807664,6,1,1,2,2021,0
2021-01-24,Arizona,118460351.1,Beverages,118460351.1,119167612.78571428,123411182.9,119275953.85714288,120582136.15714286,128778840.0559524,1527859.863677959,6,1,1,3,2021,0
2021-01-31,Arizona,119030150.7,Beverages,119030150.7,118948750.75714286,118460351.1,128912702.825,118785950.87142856,127889029.4725,175843.97417726694,6,1,1,4,2021,0
2021-02-05,Arizona,144090338.5,Beverages,144090338.5,139078300.94,118867350.81428573,140162580.45,129758602.622449,127622968.46916668,9797427.290207263,4,2,1,5,2021,0
2021-02-14,Arizona,123255297.4,Beverages,123255297.4,125570301.96666668,139460329.36666667,128133704.81111112,130200311.1,126257646.46185184,5000981.437398816,6,2,1,6,2021,0
2021-02-21,Arizona,122351716.7,Beverages,122351716.7,122480799.65714286,123255297.4,119874874.47142856,122738965.57142857,126375717.89619048,278851.0579432794,6,2,1,7,2021,0
2021-02-28,Arizona,124760493.7,Beverages,124760493.7,124416382.7,122351716.7,118867350.81428573,123728160.70000002,127540598.10857144,743364.7208235248,6,2,1,8,2021,0
2021-03-01,Arizona,119728725.2,Beverages,119728725.2,124760493.7,122695827.7,118948750.75714286,123304288.91428572,127566597.25666668,1682639.2220600832,0,3,1,9,2021,0
2021-03-10,Arizona,200820084.7,Beverages,200820084.7,191809933.64444444,137749027.31111112,137145324.8,173789631.53333333,136742359.54333335,19464150.881513525,2,3,1,10,2021,0
2021-03-14,Arizona,150363246.1,Beverages,150363246.1,162977455.75,173789631.53333333,127885306.53333332,178938291.89047617,141799259.1688889,17453617.90160649,6,3,1,10,2021,0
2021-03-21,Arizona,144705320.5,Beverages,144705320.5,145513595.58571428,150363246.1,122609882.61428572,147130145.75714284,147357431.77857143,1746073.7478312417,6,3,1,11,2021,0
2021-03-28,Arizona,125617567.8,Beverages,125617567.8,128344389.61428572,144705320.5,124072271.7,133798033.24285714,149851880.70666668,5890608.369715664,6,3,1,12,2021,0
2021-04-04,Arizona,140912771.70000002,Beverages,140912771.70000002,138727742.5714286,125617567.8,155769329.42222223,134357684.31428573,149937939.94814816,4720202.400246192,6,4,2,13,2021,0
2021-04-07,Arizona,155493045.0,Beverages,155493045.0,150632953.9,132172655.18571427,182799782.58888888,143205681.9612245,147622272.18481484,7753769.694368487,2,4,2,14,2021,0
2021-04-18,Arizona,134735709.4,Beverages,134735709.4,136622739.9090909,147944922.96363637,146321870.67142856,140396800.92727274,140169576.0695238,4076451.806467134,6,4,2,15,2021,0
2021-04-25,Arizona,139157806.0,Beverages,139157806.0,138526077.91428572,134735709.4,131071211.42857143,137262621.74285716,139769414.76380953,1364688.6384707654,6,4,2,16,2021,0
2021-05-09,Arizona,155366160.2,Beverages,155366160.2,154208420.6142857,147261983.1,151718983.98181817,151892941.44285712,143705492.5209091,2501003.3504310376,6,5,2,18,2021,0
2021-05-12,Arizona,186262764.2,Beverages,186262764.2,175963896.2,150735201.85714284,146057892.45454547,163201413.12653062,146507389.84454545,13378840.7784928,2,5,2,19,2021,0
2021-05-16,Arizona,147870671.4,Beverages,147870671.4,157468694.6,155366160.2,138509770.41818184,168137501.91428572,149297708.51363638,12873221.303398725,6,5,2,19,2021,0
2021-05-23,Arizona,146832910.9,Beverages,146832910.9,146981162.4,147870671.4,137894349.82857144,147277665.4,151845399.8538095,320259.84320972883,6,5,2,20,2021,0
2021-05-30,Arizona,149964412.1,Beverages,149964412.1,149517054.78571427,146832910.9,144946503.92857143,148622340.15714285,153495978.96714285,966402.251138301,6,5,2,21,2021,0
2021-06-06,Arizona,153270396.0,Beverages,153270396.0,152798112.58571428,149964412.1,153050681.02857143,151853545.75714284,154027065.11380953,1020248.7813793726,6,6,2,22,2021,0
2021-06-13,Arizona,152816610.70000002,Beverages,152816610.70000002,152881437.1714286,153270396.0,167066717.8,153011090.11428574,150356395.2,140041.1838918785,6,6,2,23,2021,0
2021-06-20,Arizona,154949376.2,Beverages,154949376.2,154644695.41428572,152816610.70000002,147129413.9,154035333.84285715,151549008.08,658185.7226639726,6,6,2,24,2021,0
2021-06-27,Arizona,147305127.3,Beverages,147305127.3,148397162.85714287,154949376.2,149069697.47142857,150581233.97142857,152194996.42285714,2359066.426427028,6,6,2,25,2021,0
2021-07-02,Arizona,126877371.2,Beverages,126877371.2,130962922.42,149489198.41428572,151381262.34285715,138706379.76530614,149629461.90714285,8181976.227442237,4,7,3,26,2021,0
2021-07-03,Arizona,136194918.1,Beverages,136194918.1,126877371.2,148397162.85714287,151853545.75714284,136963201.94285718,149107507.65190476,6985626.79408112,5,7,3,26,2021,0
2021-07-11,Arizona,201120666.9,Beverages,201120666.9,193004948.3,144310636.7,152946263.64285716,176773511.1,154372550.7757143,17531955.942615334,6,7,3,27,2021,0
2021-07-18,Arizona,146199273.8,Beverages,146199273.8,154045187.10000002,201120666.9,154340014.62857142,169737013.70000002,158166143.53380954,16949109.879829813,6,7,3,28,2021,0
2021-07-25,Arizona,140495761.29999998,Beverages,140495761.29999998,141310548.79999998,146199273.8,149489198.41428572,142940123.79999998,155920158.4452381,1760142.1705974122,6,7,3,29,2021,0
2021-08-08,Arizona,154347015.1,Beverages,154347015.1,153357639.8285714,147421388.2,184889229.7,151378889.28571427,155123021.31333336,2137294.862512641,6,8,3,31,2021,0
2021-08-15,Arizona,149953473.10000002,Beverages,149953473.10000002,150581121.9571429,154347015.1,161891100.4,151836419.6714286,147816844.23,1355876.4975944285,6,8,3,32,2021,0
2021-08-22,Arizona,146414999.70000002,Beverages,146414999.70000002,146920495.9,149953473.10000002,142125336.29999998,147931488.3,148366890.92,1091996.598738503,6,8,3,33,2021,0
2021-08-29,Arizona,147911738.1,Beverages,147911738.1,147697918.32857144,146414999.70000002,145442637.65714285,147270278.7857143,149425764.44761905,461903.4982618741,6,8,3,34,2021,0
2021-09-05,Arizona,152933490.9,Beverages,152933490.9,152216097.64285713,147911738.1,152368264.55714285,150781311.12857142,149748038.00428575,1549746.559439444,6,9,3,35,2021,0
2021-09-19,Arizona,148517046.5,Beverages,148517046.5,148832506.81428573,150725268.7,147425992.10000002,149463427.44285715,149588072.1533333,681472.1658333454,6,9,3,37,2021,0
2021-09-26,Arizona,143876041.6,Beverages,143876041.6,144539042.29999998,148517046.5,147484098.55714285,145865043.7,149335989.32761905,1432245.2065172617,6,9,3,38,2021,0
2021-10-01,Arizona,121976001.2,Beverages,121976001.2,126356009.28,145202043.0,150063917.87142858,134585024.3857143,146337017.87857142,8672989.264979158,4,10,4,39,2021,0
2021-10-10,Arizona,201963815.2,Beverages,201963815.2,193076280.3111111,139751070.97777778,151356189.32857144,175301210.53333333,150682282.1104762,19199269.687646937,6,10,4,40,2021,0
2021-10-17,Arizona,197141586.8,Beverages,197141586.8,197830476.57142857,201963815.2,149147967.12857142,199208256.1142857,162142193.9871429,1488171.992798756,6,10,4,41,2021,0
2021-10-24,Arizona,195856139.9,Beverages,195856139.9,196039775.1714286,197141586.8,145202043.0,196407045.7142857,173637512.14333335,396697.52571512247,6,10,4,42,2021,0
2021-10-31,Arizona,194283831.3,Beverages,194283831.3,194508446.81428573,195856139.9,121976001.2,194957677.84285715,187724464.61666667,485224.9682910002,6,10,4,43,2021,0
2021-11-04,Arizona,138011955.9,Beverages,138011955.9,152079924.75,194957677.84285715,157526140.75555557,174282996.73469386,189713674.0503704,22866463.815021493,3,11,4,44,2021,0
2021-11-07,Arizona,150801486.29999998,Beverages,150801486.29999998,146538309.5,194283831.3,184188745.42222223,153724366.45714286,186837383.94703704,14702579.236782828,6,11,4,44,2021,0
2021-11-14,Arizona,196009266.2,Beverages,196009266.2,189551011.9285714,150801486.29999998,198519366.34285715,176634503.38571426,181567907.2390476,13951423.765837498,6,11,4,45,2021,0
2021-11-21,Arizona,199577574.0,Beverages,199577574.0,199067815.7428572,196009266.2,196223410.44285715,198048299.22857144,181848328.11571428,1101203.694465979,6,11,4,46,2021,0
2021-11-28,Arizona,184063173.8,Beverages,184063173.8,186279516.6857143,199577574.0,194733062.32857144,190712202.4571429,180754262.62714285,4787847.847023999,6,11,4,47,2021,0
2021-12-09,Arizona,149966652.89999998,Beverages,149966652.89999998,153066336.6181818,171664438.92727274,163717994.84285712,159265704.05454543,181896769.5495238,6696082.141537624,3,12,4,49,2021,0
2021-12-12,Arizona,187993597.4,Beverages,187993597.4,175317949.23333332,162365387.77272725,183092757.65714285,163488365.94415584,181765114.13428572,13565054.815166725,6,12,4,49,2021,0
2021-12-19,Arizona,191792531.8,Beverages,191792531.8,191249826.8857143,187993597.4,198558057.4857143,190164417.05714288,180361712.0147619,1172376.608408281,6,12,4,50,2021,0
2021-12-26,Arizona,187019454.4,Beverages,187019454.4,187701322.6,191792531.8,188495859.57142857,189065059.0,179033955.23285714,1473003.6648934982,6,12,4,51,2021,0
2022-01-05,Arizona,210346536.8,Beverages,210346536.8,208013828.56,194017579.12,159265704.05454543,203348412.08,187941756.23848483,5039225.742824986,2,1,1,1,2022,0
2022-01-16,Arizona,190506027.8,Beverages,190506027.8,192309710.43636364,203131806.25454548,190707121.97142857,195917075.7090909,196658670.65619043,3896399.8228297536,6,1,1,2,2022,0
2022-01-23,Arizona,184460686.8,Beverages,184460686.8,185324306.94285715,190506027.8,188383190.8,187051547.2285714,195911465.18666667,1865632.735924797,6,1,1,3,2022,0
2022-01-30,Arizona,184840307.1,Beverages,184840307.1,184786075.62857145,184460686.8,198682995.6,184677612.68571427,194175952.39333332,117153.36798776174,6,1,1,4,2022,0
2022-02-01,Arizona,182124830.9,Beverages,182124830.9,183482569.0,184569149.7428572,203348412.08,184180945.8122449,192884061.8593333,1021615.890081429,1,2,1,5,2022,0
2022-02-10,Arizona,214133475.0,Beverages,214133475.0,210576958.9888889,189237862.92222223,199524440.9818182,203463926.96666667,191248172.77545452,7682952.685914521,3,2,1,6,2022,0
2022-02-13,Arizona,193758114.9,Beverages,193758114.9,200549901.6,199907410.9555556,194113393.0727273,205263501.24761903,191711455.36454543,6734802.3658532,6,2,1,6,2022,0
2022-02-20,Arizona,186140485.6,Beverages,186140485.6,187228718.35714287,193758114.9,186187927.0857143,189405183.87142855,191826279.09809524,2350851.4395171795,6,2,1,7,2022,0
2022-02-27,Arizona,191804855.7,Beverages,191804855.7,190995659.97142857,186140485.6,184731844.15714285,189377268.5142857,192917578.4242857,1748062.5637080576,6,2,1,8,2022,0
2022-03-04,Arizona,216587578.0,Beverages,216587578.0,211631033.54,190186464.2428572,185681346.91111112,202310423.0102041,196666155.6196296,9825896.908001645,4,3,1,9,2022,0
2022-03-07,Arizona,230278333.9,Beverages,230278333.9,225714748.6,196761400.16,196350894.94444445,216250755.86285716,199958192.5862963,10285239.170578515,0,3,1,10,2022,0
2022-03-13,Arizona,199341790.2,Beverages,199341790.2,204497880.81666663,225714748.6,207341688.3,214810062.05,200989799.16166663,11138428.76803576,6,3,1,10,2022,0
2022-03-20,Arizona,203135958.2,Beverages,203135958.2,202593934.2,199341790.2,188316951.1142857,201509886.2,203116269.28690475,1170905.665432074,6,3,1,11,2022,0
2022-03-27,Arizona,204330836.5,Beverages,204330836.5,204160139.6,203135958.2,190186464.2428572,203818745.8,206800324.3773809,368747.4489529164,6,3,1,12,2022,0
2022-04-09,Arizona,232958487.3,Beverages,232958487.3,230756360.31538463,217543598.4076923,214810062.05,226352106.3461539,210249616.55166668,4757137.990749588,5,4,2,14,2022,0
2022-04-12,Arizona,195652307.2,Beverages,195652307.2,208087700.56666663,224149979.36153847,199341790.2,220412041.28461537,210608598.52666667,13729190.597911129,1,4,2,15,2022,0
2022-04-17,Arizona,217866946.6,Beverages,217866946.6,213424018.72,220523093.9333333,202051910.2,206949351.70952383,211944136.63333333,7604329.39965739,6,4,2,15,2022,0
2022-04-24,Arizona,207194455.8,Beverages,207194455.8,208719097.34285715,217866946.6,203989442.7,211768380.42857143,213891087.50333336,3293602.165755853,6,4,2,16,2022,0
2022-05-06,Arizona,221466462.0,Beverages,221466462.0,220277128.15,213141125.05,226352106.34615383,217898460.45,214097260.3248718,2569254.7618912486,4,5,2,18,2022,0
2022-05-15,Arizona,215137302.1,Beverages,215137302.1,215840542.08888888,220059982.02222225,208981090.84,217247022.06666663,215144116.55733332,1519172.0055716012,6,5,2,19,2022,0
2022-05-22,Arizona,215304100.4,Beverages,215304100.4,215280272.07142857,215137302.1,210243738.8857143,215232615.4142857,215439857.6480952,51475.07268112688,6,5,2,20,2022,0
2022-05-29,Arizona,219462134.1,Beverages,219462134.1,218868129.28571427,215304100.4,213141125.05,217680119.65714288,217241024.2383333,1283197.0583204434,6,5,2,21,2022,0
2022-06-02,Arizona,191822689.7,Beverages,191822689.7,198732550.8,217680119.65714285,217898460.45,209336330.4653061,215384093.795,10927231.476888329,3,6,2,22,2022,0
2022-06-03,Arizona,204336119.1,Beverages,204336119.1,191822689.7,218274124.47142857,219087794.3,207345186.84081632,214892371.28833336,10277740.575027809,4,6,2,22,2022,0
2022-06-11,Arizona,212352076.00000003,Beverages,212352076.00000003,211350081.3875,205338113.7125,217247022.06666663,209346092.1625,212058585.83722225,2164555.754933441,5,6,2,23,2022,0
2022-06-19,Arizona,224705587.3,Beverages,224705587.3,223161398.3875,213896264.9125,215256443.7428572,220073020.5625,213086647.40904763,3335829.310418377,6,6,2,24,2022,0
2022-06-26,Arizona,215666630.00000003,Beverages,215666630.00000003,216957909.6142857,224705587.3,218274124.47142857,219540468.84285715,213778925.2495238,2789482.783103186,6,6,2,25,2022,0
2022-07-08,Arizona,225961035.4,Beverages,225961035.4,225103168.28333333,219955965.5833333,209346092.1625,223387434.05,219338471.00041667,1853204.778926673,4,7,3,27,2022,0
2022-07-17,Arizona,218623208.3,Beverages,218623208.3,219438522.42222223,224330407.1555556,221617209.475,221069150.66666663,221217454.85958332,1761279.8046150687,6,7,3,28,2022,0
2022-07-24,Arizona,213178650.3,Beverages,213178650.3,213956444.3,218623208.3,218249189.22857144,215512032.3,219769404.7971429,1680227.0769178749,6,7,3,29,2022,0
2022-07-31,Arizona,211959850.9,Beverages,211959850.9,212133965.1,213178650.3,219955965.5833333,212482193.5,218554393.40166667,376129.6606718574,6,7,3,30,2022,0
2022-08-05,Arizona,219329549.1,Beverages,219329549.1,217855609.46,212308079.3,224245301.1666667,215143166.4428572,217529743.88277775,2845558.6524352483,4,8,3,31,2022,0
2022-08-14,Arizona,220700930.1,Beverages,220700930.1,220548554.4333333,219634300.4333333,220253836.54444444,220243803.1,216558416.91074076,329169.06142357923,6,8,3,32,2022,0
2022-08-21,Arizona,215522849.1,Beverages,215522849.1,216262574.9571429,220700930.1,214734238.3,217742026.67142853,216714527.72666663,1597990.489341099,6,8,3,33,2022,0
2022-08-28,Arizona,222686060.4,Beverages,222686060.4,221662744.5,215522849.1,212308079.3,219616112.7,218277732.92,2210615.0001456537,6,8,3,34,2022,0
2022-09-01,Arizona,187226998.1,Beverages,187226998.1,196091763.675,219616112.7,214907730.18,209583545.62142852,216599774.55766663,13910587.595354708,3,9,3,35,2022,0
2022-09-10,Arizona,218976018.5,Beverages,218976018.5,215448349.56666663,194282335.96666667,220243803.1,208393011.7,212301243.655,7620635.875586279,5,9,3,36,2022,0
2022-09-18,Arizona,218387231.4,Beverages,218387231.4,218460829.7875,218902420.1125,217002300.8142857,218608026.5625,212138049.65857145,158990.68831562492,6,9,3,37,2022,0
2022-09-25,Arizona,211204050.2,Beverages,211204050.2,212230218.94285715,218387231.4,220639428.6,214282556.42857143,211312332.5566667,2216777.845084148,6,9,3,38,2022,0
2022-10-04,Arizona,219518920.5,Beverages,219518920.5,218595046.02222225,213051799.15555555,197810004.9,216747297.06666663,215082946.045,1995796.9761117569,1,10,4,40,2022,0
2022-10-07,Arizona,220195809.9,Beverages,220195809.9,219970180.1,215823422.58888888,208393011.7,218920425.0619048,216593429.7783333,1300958.7795549326,4,10,4,40,2022,0
2022-10-16,Arizona,211117837.4,Beverages,211117837.4,212126501.0111111,218178482.6777778,218534428.175,214143828.2333333,215850657.54625,2178962.438504917,6,10,4,41,2022,0
2022-10-23,Arizona,206019098.1,Beverages,206019098.1,206747489.42857143,211117837.4,213256387.68571427,208204272.0857143,213985264.79809523,1573505.1091413572,6,10,4,42,2022,0
2022-10-30,Arizona,203716151.3,Beverages,203716151.3,204045143.7,206019098.1,215823422.58888888,204703128.5,211972240.20444444,710704.8120397194,6,10,4,43,2022,0
2022-11-09,Arizona,226231108.1,Beverages,226231108.1,223979612.42,210470638.34,217169819.06666663,219476621.06,211106085.2688889,4863786.561885461,2,11,4,45,2022,0
2022-11-12,Arizona,200138362.2,Beverages,200138362.2,208835944.16666663,217225125.38,214143828.2333333,216846184.40285712,210474430.50111112,9251150.905758522,5,11,4,45,2022,0
2022-11-13,Arizona,209536786.6,Beverages,209536786.6,200138362.2,219476621.06,213135164.6222222,215426208.05142856,210354484.56703705,9538488.068954872,6,11,4,45,2022,0
2022-11-20,Arizona,206468807.0,Beverages,206468807.0,206907089.8,209536786.6,207475880.75714284,207783655.40000004,209907082.3109524,946799.059782019,6,11,4,46,2022,0
2022-11-27,Arizona,200179529.7,Beverages,200179529.7,201077997.88571423,206468807.0,204374136.1,202874934.25714284,209313660.57,1940913.112458224,6,11,4,47,2022,0
2022-12-06,Arizona,228960137.3,Beverages,228960137.3,225762292.0111111,206575220.27777776,219476621.06,219366601.4333333,210937079.642,6908135.370302535,1,12,4,49,2022,0
2022-12-18,Arizona,204225386.7,Beverages,204225386.7,206286615.91666663,218653991.21666667,207345372.6,210409074.35,212192167.02,4452764.024397668,6,12,4,50,2022,0
2022-12-25,Arizona,206642209.7,Beverages,206642209.7,206296949.27142856,204225386.7,201976466.07142857,205606428.4142857,212425570.01619047,745847.7703229593,6,12,4,51,2022,0
2023-01-01,Arizona,188408489.6,Beverages,188408489.6,191013306.75714284,206642209.7,216168756.14444444,196222941.07142857,209873494.4188889,5627048.187402316,6,1,1,52,2023,0
2023-01-15,Arizona,199308520.6,Beverages,199308520.6,198529946.9571429,193858505.1,208347845.13333333,196972799.6714286,198092889.1972222,1681911.2979907475,6,1,1,2,2023,0
2023-01-22,Arizona,191351463.50000003,Beverages,191351463.50000003,192488185.9428572,199308520.6,205951688.84285712,194761630.8285714,195643341.6390476,2455601.132739838,6,1,1,3,2023,0
2023-01-29,Arizona,193432651.5,Beverages,193432651.5,193135338.92857143,191351463.50000003,193618123.9142857,192540713.78571436,193666909.8519048,642268.5606058672,6,1,1,4,2023,0
2023-02-04,Arizona,215603137.5,Beverages,215603137.5,211908056.5,193135338.92857143,191522784.17142856,204517894.5,196911947.14571428,7982287.273537415,5,2,1,5,2023,0
2023-02-19,Arizona,200168687.4,Beverages,200168687.4,201197650.74,207371430.78,193624908.3857143,203255577.42,202679623.92142856,2222814.8649013075,6,2,1,7,2023,0
2023-02-26,Arizona,201565059.0,Beverages,201565059.0,201365577.34285715,200168687.4,192838026.35714287,200966614.0285714,204736612.0109524,430929.6313403036,6,2,1,8,2023,0
2023-03-19,Arizona,227766017.4,Beverages,227766017.4,226518352.71428573,219032364.6,202226614.08,224023023.34285715,210973647.258,2695263.768886823,6,3,1,11,2023,0
2023-03-26,Arizona,207113291.6,Beverages,207113291.6,210063681.0,227766017.4,201166095.68571427,215964459.8,214525287.87809524,6373569.5535755735,6,3,1,12,2023,0
2023-04-16,Arizona,223021337.40000004,Beverages,223021337.40000004,222263811.40952384,217718655.4666667,225270688.02857143,220748759.42857143,216346773.87047625,1636443.1721867835,6,4,2,15,2023,0
2023-04-23,Arizona,220557322.8,Beverages,220557322.8,220909324.8857143,223021337.40000004,213014070.4,221613329.05714288,216427930.1133333,760411.4142559073,6,4,2,16,2023,0
2023-04-30,Arizona,231156458.4,Beverages,231156458.4,229642296.1714286,220557322.8,210900921.5523809,226613971.7142857,220500979.49809524,3270964.259560742,6,4,2,17,2023,0
2023-05-02,Arizona,203668152.6,Beverages,203668152.6,217412305.5,223585647.25714287,212415973.53333333,223103018.25918368,220401180.73222223,9654739.989712616,1,5,2,18,2023,0
2023-05-03,Arizona,216243765.1,Beverages,216243765.1,203668152.6,225099809.4857143,213173499.52380952,221837869.0612245,220503522.91809523,9925908.7481658,2,5,2,18,2023,0
2023-07-05,Arizona,240505460.4,Beverages,240505460.4,240120354.1253968,237809716.47777772,228952272.16190475,239350141.57619047,234921419.418254,831924.6356534965,2,7,3,27,2023,0
2023-08-01,Arizona,194629090.5,Beverages,194629090.5,196328215.3111111,206522964.17777777,239350141.57619047,199726464.9333333,219057977.15253967,3670529.105013579,1,8,3,31,2023,0
2023-09-04,Arizona,229352434.7,Beverages,229352434.7,228331159.87058824,222203510.89411765,198714189.81764707,226288610.21176472,214543949.67352945,2206205.78373501,0,9,3,36,2023,0
2023-12-02,Arizona,210784001.1,Beverages,210784001.1,210992635.18539324,212244439.6977528,217043023.66179773,211409903.35617977,213809195.33820227,450701.1360804787,5,12,4,48,2023,0
2023-12-03,Arizona,235892871.3,Beverages,235892871.3,210784001.1,212035805.61235955,216834389.57640448,214818055.59727123,214444478.0623221,9299948.412930308,6,12,4,48,2023,0
2019-03-11,Arkansas,58551066.5,Beverages,58551066.5,58542417.63275862,58490524.42931034,58291600.48275862,58525119.89827586,58425657.925,18683.68864177335,0,3,1,11,2019,0
2019-06-10,Arkansas,67349815.0,Beverages,67349815.0,67253125.45604396,66672988.192307696,64449128.681318685,67059746.36813187,65947816.61263736,208873.2875406948,0,6,2,24,2019,0
2019-08-12,Arkansas,59101265.4,Beverages,59101265.4,59232194.75873016,60017770.91111111,63029146.16190476,59494053.47619047,60999741.101587296,282839.741245387,0,8,3,33,2019,0
2019-10-11,Arkansas,59494648.0,Beverages,59494648.0,59488091.623333335,59448753.36333333,59297956.7,59474978.870000005,59399580.53833333,14163.392347721992,4,10,4,41,2019,0
2019-10-13,Arkansas,63679442.7,Beverages,63679442.7,61587045.35,59461866.11666667,59311069.45333333,60382023.46904762,59621277.38899999,1652264.9289288607,6,10,4,41,2019,0
2019-10-20,Arkansas,59248420.7,Beverages,59248420.7,59881423.842857145,63679442.7,59356964.09,61147430.12857143,60043642.26166666,1367443.0767113003,6,10,4,42,2019,0
2019-10-27,Arkansas,57654429.7,Beverages,57654429.7,57882142.7,59248420.7,59402858.72666667,58337568.7,59799664.05244445,491916.3022183119,6,10,4,43,2019,0
2019-11-17,Arkansas,58265258.6,Beverages,58265258.6,58236171.50952381,58061648.96666667,60514426.98571429,58177997.32857143,58165165.56809524,62835.29701135629,6,11,4,46,2019,0
2019-11-24,Arkansas,59690104.2,Beverages,59690104.2,59486554.82857143,58265258.6,58109855.7,59079456.08571429,58218496.88666667,439716.8985168621,6,11,4,47,2019,0
2019-12-15,Arkansas,58035927.2,Beverages,58035927.2,58114697.53333334,58587319.53333334,58207084.41904762,58272238.2,58845128.79698413,170163.3683519136,6,12,4,50,2019,0
2019-12-22,Arkansas,61147230.4,Beverages,61147230.4,60702758.51428571,58035927.2,59283005.45714286,59813814.74285714,59105653.44761905,960169.0130152516,6,12,4,51,2019,0
2019-12-29,Arkansas,58290655.3,Beverages,58290655.3,58698737.45714285,61147230.4,59296252.53333334,59514901.77142858,59110943.02666666,881558.214696276,6,12,4,52,2019,0
2020-01-03,Arkansas,61187919.900000006,Beverages,61187919.900000006,60608466.98,59106819.61428572,58902400.86666667,59590637.57959183,59272455.11444445,1064891.7248179428,4,1,1,1,2020,0
2020-01-11,Arkansas,61173664.6,Beverages,61173664.6,61175446.5125,61186137.9875,58272238.2,61179010.3375,59974312.961666666,3849.3708704076585,5,1,1,2,2020,0
2020-01-19,Arkansas,56718755.8,Beverages,56718755.8,57275619.4,60616801.0,60258286.62857143,58389346.6,59912693.63880952,1202962.8653270898,6,1,1,3,2020,0
2020-01-26,Arkansas,55036033.8,Beverages,55036033.8,55276422.657142855,56718755.8,59106819.61428572,55757200.37142857,58873876.773571424,519299.2833094186,6,1,1,4,2020,0
2020-02-02,Arkansas,58093735.4,Beverages,58093735.4,57656920.885714285,55036033.8,61187919.900000006,56783291.85714285,58218829.438333325,943627.2001286726,6,2,1,5,2020,0
2020-02-08,Arkansas,70280652.3,Beverages,70280652.3,68249499.48333333,57656920.885714285,61177228.425,64187193.85,59023046.84875,4387791.57455243,5,2,1,6,2020,0
2020-02-16,Arkansas,56891695.8,Beverages,56891695.8,58565315.3625,68607032.7375,57832483.0,61912554.4875,59832978.55,3615431.4707817095,6,2,1,7,2020,0
2020-02-23,Arkansas,55979415.7,Beverages,55979415.7,56109741.42857143,56891695.8,55516811.51428571,56370392.885714285,59853326.17857143,281535.7510666348,6,2,1,8,2020,0
2020-03-05,Arkansas,65718901.8,Beverages,65718901.8,64833493.97272727,59521047.00909091,62156041.03333333,63062678.31818181,61324461.531666666,1912699.513631681,3,3,1,10,2020,0
2020-03-15,Arkansas,69299261.8,Beverages,69299261.8,68941225.8,66793009.8,60238934.925,68225153.8,62038041.622083336,773446.1588983336,6,3,1,11,2020,0
2020-03-22,Arkansas,66672577.7,Beverages,66672577.7,67047818.28571429,69299261.8,56240067.157142855,67798299.45714286,64592291.35428572,810612.3118442768,6,3,1,12,2020,0
2020-03-29,Arkansas,59930918.1,Beverages,59930918.1,60894012.32857143,66672577.7,60406454.83636364,62820200.78571428,65741426.436363645,2080521.321168183,6,3,1,13,2020,0
2020-04-10,Arkansas,67850338.3,Beverages,67850338.3,67190386.61666666,63230676.516666666,67867117.8,65870483.25,65334186.04666667,1425658.5777203285,4,4,2,15,2020,0
2020-04-19,Arkansas,62510706.4,Beverages,62510706.4,63103998.83333333,66663753.43333333,67423058.87142858,64290583.7,64268797.83952381,1281658.1395868682,6,4,2,16,2020,0
2020-04-26,Arkansas,63303777.0,Beverages,63303777.0,63190481.2,62510706.4,61857106.55714286,62963889.6,63872476.37761904,244746.9006725366,6,4,2,17,2020,0
2020-05-01,Arkansas,56942259.1,Beverages,56942259.1,58214562.68,63077185.4,61910773.15,60561227.071428575,63634374.26,2462836.344061837,4,5,2,18,2020,0
2020-05-04,Arkansas,63610285.4,Beverages,63610285.4,61387609.96666667,62031473.42,63890628.2,59937955.39714287,63450067.605,2198758.0058497973,0,5,2,19,2020,0
2020-05-07,Arkansas,76591712.69999999,Beverages,76591712.69999999,72264570.26666665,58214562.68,65870483.25,65414114.25714285,64155471.475,7170840.004991672,3,5,2,19,2020,0
2020-05-17,Arkansas,67059258.8,Beverages,67059258.8,68012504.19,73731976.52999999,63697291.266666666,69918994.97,65941381.16611111,2059245.398180864,6,5,2,20,2020,0
2020-05-24,Arkansas,69534675.3,Beverages,69534675.3,69181044.37142856,67059258.8,63077185.4,68473782.51428571,67256341.27833334,763930.1170028101,6,5,2,21,2020,0
2020-05-31,Arkansas,67420352.5,Beverages,67420352.5,67722398.61428571,69534675.3,56942259.1,68326490.84285714,69068236.15833333,652494.1818823854,6,5,2,22,2020,0
2020-06-09,Arkansas,70544924.5,Beverages,70544924.5,70197749.83333333,68114701.83333333,73731976.52999999,69503400.5,68981363.693,749982.9972408819,1,6,2,24,2020,0
2020-06-12,Arkansas,60541395.6,Beverages,60541395.6,63875905.23333333,69156225.83333333,70872240.36,67389195.10000001,68186405.64133333,3821919.0226329006,4,6,2,24,2020,0
2020-06-14,Arkansas,70697389.6,Beverages,70697389.6,65619392.6,69850575.16666667,68965749.58,66955310.31904762,68100806.89633332,3870243.177205792,6,6,2,24,2020,0
2020-06-21,Arkansas,70943346.3,Beverages,70943346.3,70908209.62857142,70697389.6,68827413.44285715,70837936.28571428,68773907.9990476,75903.88551063855,6,6,2,25,2020,0
2020-06-28,Arkansas,69082980.10000001,Beverages,69082980.10000001,69348746.7,70943346.3,68024444.72857143,69880279.9,69017359.82714286,574121.4736324036,6,6,2,26,2020,0
2020-07-06,Arkansas,70882885.1,Beverages,70882885.1,70657896.975,69307968.22500001,69503400.5,70207920.725,69477622.46666667,486029.89944854175,0,7,3,28,2020,0
2020-07-19,Arkansas,71755452.19999999,Beverages,71755452.19999999,71688331.65384614,71285608.37692307,70873072.95714286,71554090.56153844,70645413.48428571,144996.9517191864,6,7,3,29,2020,0
2020-07-26,Arkansas,70313070.5,Beverages,70313070.5,70519125.02857143,71755452.19999999,69614513.30000001,70931234.08571428,70776641.82333332,445128.6564678828,6,7,3,30,2020,0
2020-08-03,Arkansas,63599449.8,Beverages,63599449.8,64438652.3875,69473867.9125,70432908.85,66117057.5625,69931272.25083333,1812884.7876733409,0,8,3,32,2020,0
2020-08-11,Arkansas,63896293.1,Beverages,63896293.1,63859187.6875,63636555.2125,71285608.37692307,63784976.8625,67994064.55435897,80156.85230267554,1,8,3,33,2020,0
2020-08-16,Arkansas,72517548.3,Beverages,72517548.3,70793297.25999999,63822082.275,71621211.1076923,67585815.98392858,67591077.2551282,3372205.3547138576,6,8,3,33,2020,0
2020-08-23,Arkansas,70270226.89999999,Beverages,70270226.89999999,70591272.81428571,72517548.3,70725179.55714285,71233364.64285713,67574521.44095238,693538.44092266,6,8,3,34,2020,0
2020-08-30,Arkansas,69321236.8,Beverages,69321236.8,69456806.81428571,70270226.89999999,66117057.5625,69727946.84285714,67850725.39708333,292864.70302080817,6,8,3,35,2020,0
2020-09-02,Arkansas,58021179.8,Beverages,58021179.8,61787865.46666666,69863516.85714285,63599449.8,66208851.955102034,67585646.705,4674035.123320101,2,9,3,36,2020,0
2020-09-08,Arkansas,71170811.7,Beverages,71170811.7,68979206.38333334,61787865.46666666,63822082.275,64595995.75,67978142.63791667,4734408.590189487,1,9,3,37,2020,0
2020-09-13,Arkansas,71051325.39999999,Beverages,71051325.39999999,71075222.66,66787601.06666667,69069046.22,70806516.81190476,68835000.41366667,806801.0754975872,6,9,3,37,2020,0
2020-09-20,Arkansas,68622671.7,Beverages,68622671.7,68969622.22857143,71051325.39999999,70912318.72857141,69663523.28571428,68387059.23547618,749498.8036151456,6,9,3,38,2020,0
2020-09-27,Arkansas,64905092.0,Beverages,64905092.0,65436174.81428571,68622671.7,69592376.82857142,66498340.44285714,67564035.87214285,1147270.0029216665,6,9,3,39,2020,0
2020-10-05,Arkansas,66725736.3,Beverages,66725736.3,66498155.7625,65132672.5375,64595995.75,66042994.6875,68099996.67333333,491630.15051277913,0,10,4,41,2020,0
2020-10-18,Arkansas,64996749.3,Beverages,64996749.3,65129748.3,65927742.3,69316572.75714286,65395746.3,66194865.84261905,287310.6773804898,6,10,4,42,2020,0
2020-10-25,Arkansas,62410736.4,Beverages,62410736.4,62780166.81428571,64996749.3,65967257.62857143,63519027.642857134,65257991.95214285,798060.9070295882,6,10,4,43,2020,0
2020-11-10,Arkansas,67105075.2,Beverages,67105075.2,66811679.025000006,65051301.975,65927742.3,66224886.675,64695902.66,633808.1773589816,1,11,4,46,2020,0
2020-11-15,Arkansas,63680879.2,Beverages,63680879.2,64365718.400000006,66518282.85,65262747.3,65595648.88928572,64616204.71,1286647.25451313,6,11,4,46,2020,0
2020-11-22,Arkansas,64469134.6,Beverages,64469134.6,64356526.68571429,63680879.2,63149597.22857143,64131310.85714286,64594550.980476186,243260.89768895617,6,11,4,47,2020,0
2020-11-29,Arkansas,62518777.7,Beverages,62518777.7,62797400.11428572,64469134.6,63877717.275,63354644.942857146,64655783.87250001,601893.2065823643,6,11,4,48,2020,0
2020-12-01,Arkansas,57854513.5,Beverages,57854513.5,60186645.6,63911889.77142857,64464509.625,61917324.53469388,64302635.07333334,2120962.548039587,1,12,4,49,2020,0
2020-12-04,Arkansas,63528109.2,Beverages,63528109.2,61636910.63333333,63076022.52857144,65344698.15,61181152.68775511,63961195.93916667,2009704.746235245,4,12,4,49,2020,0
2020-12-07,Arkansas,71426614.9,Beverages,71426614.9,68793779.66666667,60186645.6,66224886.675,64163797.77142858,64247424.85583334,4903904.017265003,0,12,4,50,2020,0
2020-12-13,Arkansas,62551317.900000006,Beverages,62551317.900000006,64030534.06666667,68793779.66666667,65050557.6,66988966.40000001,64242588.93666668,3195472.137686348,6,12,4,50,2020,0
2020-12-20,Arkansas,63362784.6,Beverages,63362784.6,63246860.78571429,62551317.900000006,64243918.77142857,63015013.15714286,64008088.26285715,250424.06038314616,6,12,4,51,2020,0
2020-12-27,Arkansas,63040187.6,Beverages,63040187.6,63086272.885714285,63362784.6,63076022.52857144,63178443.45714287,63849991.80047619,99555.59556987864,6,12,4,52,2020,0
2021-01-08,Arkansas,76563569.5,Beverages,76563569.5,75436621.00833333,68674930.05833334,68468182.56666668,73182724.02499999,66227299.94833334,2434486.9849844165,4,1,1,1,2021,0
2021-01-17,Arkansas,61751788.5,Beverages,61751788.5,63397541.94444445,73272062.6111111,63130936.97142857,66689048.83333333,67608540.12119047,3555233.775651788,6,1,1,2,2021,0
2021-01-24,Arkansas,59692624.3,Beverages,59692624.3,59986790.61428572,61751788.5,63132358.171428576,60575123.24285714,66984992.57452381,635471.8683618343,6,1,1,3,2021,0
2021-01-31,Arkansas,60629838.0,Beverages,60629838.0,60495950.32857143,59692624.3,68674930.05833334,60228174.98571428,65763845.87583334,289230.4270758148,6,1,1,4,2021,0
2021-02-05,Arkansas,70271403.1,Beverages,70271403.1,68343090.08,60362062.657142855,74309672.51666667,64742810.51836734,64823679.46361111,3788439.34492857,4,2,1,5,2021,0
2021-02-14,Arkansas,63052100.0,Beverages,63052100.0,63854244.78888889,68667113.52222222,65043295.38888889,65458534.36666666,63306413.85814814,1732830.79312217,6,2,1,6,2021,0
2021-02-21,Arkansas,56331935.5,Beverages,56331935.5,57291959.0,63052100.0,60280956.92857143,59212006.0,62806022.65047619,2073887.7892920675,6,2,1,7,2021,0
2021-02-28,Arkansas,65438139.6,Beverages,65438139.6,64137253.3,56331935.5,60362062.657142855,61535480.7,63159273.09761905,2810235.596136686,6,2,1,8,2021,0
2021-03-01,Arkansas,61067744.9,Beverages,61067744.9,65438139.6,57632821.8,60495950.32857143,62026184.0,63178332.91666666,2261527.7588096205,0,3,1,9,2021,0
2021-03-10,Arkansas,105087223.4,Beverages,105087223.4,100196170.23333336,70849851.23333333,67864968.73333333,90414063.9,68878400.67444445,10565882.43843117,2,3,1,10,2021,0
2021-03-14,Arkansas,73830082.4,Beverages,73830082.4,81644367.65,90414063.9,64656389.57777777,91827793.11428572,71503987.80962963,10960658.313066907,6,3,1,10,2021,0
2021-03-21,Arkansas,71996986.8,Beverages,71996986.8,72258857.6,73830082.4,58251982.5,72782599.2,74227711.21333334,565705.5837617207,6,3,1,11,2021,0
2021-03-28,Arkansas,64565241.0,Beverages,64565241.0,65626918.97142857,71996986.8,62836367.0,67750274.9142857,76209546.47666667,2293486.546013408,6,3,1,12,2021,0
2021-04-04,Arkansas,68515096.7,Beverages,68515096.7,67950831.60000001,64565241.0,80631957.56666666,66822301.4,75673928.50111112,1218951.9327537068,6,4,2,13,2021,0
2021-04-07,Arkansas,80327966.2,Beverages,80327966.2,76390343.03333333,66258036.3,95305117.06666666,71406546.47142857,74271556.41444445,5212204.041407897,2,4,2,14,2021,0
2021-04-18,Arkansas,67525813.3,Beverages,67525813.3,68689645.38181818,75672637.87272727,72520728.4,71017309.54545453,70740987.28333333,2514164.646250667,6,4,2,15,2021,0
2021-04-25,Arkansas,67632913.5,Beverages,67632913.5,67617613.47142857,67525813.3,66688596.94285714,67587013.4142857,70234103.45238096,33051.83928466496,6,4,2,16,2021,0
2021-05-09,Arkansas,77173311.0,Beverages,77173311.0,76491854.03571428,72403112.25,78000302.03636363,75128940.10714285,71371771.29318182,1472115.2942200582,6,5,2,18,2021,0
2021-05-12,Arkansas,95357790.4,Beverages,95357790.4,89296297.26666667,74447483.14285715,74508805.7909091,81784770.57346939,72734137.23257574,7874285.582520012,2,5,2,19,2021,0
2021-05-16,Arkansas,69891687.0,Beverages,69891687.0,76258212.85,77173311.0,69853477.46363637,83664970.7,73779770.59106061,8589080.366292909,6,5,2,19,2021,0
2021-05-23,Arkansas,71888897.9,Beverages,71888897.9,71603582.05714287,69891687.0,67602313.44285715,71032950.37142858,74551658.15738097,616352.6649024636,6,5,2,20,2021,0
2021-05-30,Arkansas,72688735.7,Beverages,72688735.7,72574473.15714286,71888897.9,71040198.32142857,72345948.07142858,75311147.74285716,246835.30393460835,6,5,2,21,2021,0
2021-06-06,Arkansas,73746656.1,Beverages,73746656.1,73595524.61428571,72688735.7,75810397.07142857,73293261.64285715,75200836.01785715,326481.32342794706,6,6,2,22,2021,0
2021-06-13,Arkansas,75043823.1,Beverages,75043823.1,74858513.52857143,73746656.1,82624738.7,74487894.38571428,72809009.37166667,400314.4271217148,6,6,2,23,2021,0
2021-06-20,Arkansas,78781472.0,Beverages,78781472.0,78247522.15714286,75043823.1,71318266.21428572,77179622.47142856,74154652.19857143,1153463.49250466,6,6,2,24,2021,0
2021-06-27,Arkansas,74788922.2,Beverages,74788922.2,75359286.45714286,78781472.0,72460210.61428572,76500014.97142857,75182958.77190477,1232127.6180613255,6,6,2,25,2021,0
2021-07-02,Arkansas,62729411.6,Beverages,62729411.6,65141313.72,75929650.71428572,73142130.15714286,69702041.12244898,74300621.2495238,4815612.67668566,4,7,3,26,2021,0
2021-07-03,Arkansas,67470844.8,Beverages,67470844.8,62729411.6,75359286.45714286,73293261.64285713,68575120.88571428,74106540.68809524,4147788.9777525486,5,7,3,26,2021,0
2021-07-11,Arkansas,98227444.3,Beverages,98227444.3,94382869.3625,71315419.7375,74673203.95714284,86693719.48749998,76968939.29595238,8305231.088511736,6,7,3,27,2021,0
2021-07-18,Arkansas,77954785.8,Beverages,77954785.8,80850879.87142856,98227444.3,77713572.31428571,86643068.01428571,79414631.8402381,6256278.238375015,6,7,3,28,2021,0
2021-07-25,Arkansas,76727707.1,Beverages,76727707.1,76903004.05714285,77954785.8,75929650.71428572,77253597.97142856,79361108.35690476,378684.708156316,6,7,3,29,2021,0
2021-08-08,Arkansas,76788499.5,Beverages,76788499.5,76784157.18571429,76758103.3,90538294.425,76775472.55714285,80484360.59875001,9380.471059018631,6,8,3,31,2021,0
2021-08-15,Arkansas,78200291.60000001,Beverages,78200291.60000001,77998607.01428573,76788499.5,83746973.94285715,77595237.84285715,77246378.62571429,435688.5009616566,6,8,3,32,2021,0
2021-08-22,Arkansas,75360901.6,Beverages,75360901.6,75766528.74285714,78200291.60000001,77078301.01428571,76577783.02857144,76916189.98857142,876254.7776986756,6,8,3,33,2021,0
2021-08-29,Arkansas,76041638.5,Beverages,76041638.5,75944390.37142856,75360901.6,76749418.67142856,75749894.11428571,76680019.23619048,210079.96823001807,6,8,3,34,2021,0
2021-09-05,Arkansas,71602055.80000001,Beverages,71602055.80000001,72236281.9,76041638.5,76779814.87142856,73504734.10000001,75918873.34285714,1370084.9660883993,6,9,3,35,2021,0
2021-09-19,Arkansas,74662067.8,Beverages,74662067.8,74443495.51428571,73132061.80000001,76172155.88571428,74006350.94285715,74042956.6347619,472170.1025267072,6,9,3,37,2021,0
2021-09-26,Arkansas,70631842.19999999,Beverages,70631842.19999999,71207588.7142857,74662067.8,75847142.24285714,72359081.74285713,73280387.03238097,1243754.622367106,6,9,3,38,2021,0
2021-10-01,Arkansas,62054714.2,Beverages,62054714.2,63770139.8,71783335.22857141,74138960.2,67038179.70204081,71651128.34,3458763.926764272,4,10,4,39,2021,0
2021-10-10,Arkansas,104309748.2,Beverages,104309748.2,99614744.42222224,71444721.75555556,72694917.22857143,90224736.86666667,75593300.16380952,10142367.353940932,6,10,4,40,2021,0
2021-10-17,Arkansas,101130187.6,Beverages,101130187.6,101584410.54285714,104309748.2,74224923.22857143,102492856.42857143,82342151.84380953,981233.703972368,6,10,4,41,2021,0
2021-10-24,Arkansas,98315875.9,Beverages,98315875.9,98717920.42857143,101130187.6,71783335.22857141,99522009.48571429,88437963.90380953,868515.4462925696,6,10,4,42,2021,0
2021-10-31,Arkansas,96518729.5,Beverages,96518729.5,96775464.7,98315875.9,62054714.2,97288935.1,95496473.49666664,554611.4197813785,6,10,4,43,2021,0
2021-11-04,Arkansas,68454422.6,Beverages,68454422.6,75470499.32499999,97288935.1,80834729.31111112,86605792.12142856,96187982.03574076,11468981.724974846,3,11,4,44,2021,0
2021-11-07,Arkansas,76636654.19999999,Beverages,76636654.19999999,73909243.66666666,96518729.5,94919740.64444444,76805983.10714285,94556432.71574073,7130421.577843671,6,11,4,44,2021,0
2021-11-14,Arkansas,99626518.5,Beverages,99626518.5,96342252.17142856,76636654.19999999,102038633.48571429,89773719.5142857,91548304.28642856,7094826.1533277,6,11,4,45,2021,0
2021-11-21,Arkansas,100440189.2,Beverages,100440189.2,100323950.52857144,99626518.5,99119964.95714286,100091473.18571427,91491819.0892857,251104.2295430265,6,11,4,46,2021,0
2021-11-28,Arkansas,95547889.20000002,Beverages,95547889.20000002,96246789.20000002,100440189.2,97032199.9,97644589.20000002,91450151.64166668,1509796.558037845,6,11,4,47,2021,0
2021-12-09,Arkansas,76970528.8,Beverages,76970528.8,78659379.74545455,88792485.41818182,83205186.85714285,82037081.63636364,92966832.82380952,3648335.0185840954,3,12,4,49,2021,0
2021-12-12,Arkansas,96826619.4,Beverages,96826619.4,90207922.53333332,83725932.5818182,93057985.84285714,84091284.06753246,93010253.12571429,7050945.93113062,6,12,4,49,2021,0
2021-12-19,Arkansas,99984093.7,Beverages,99984093.7,99533025.94285716,96826619.4,100207711.85714288,98630890.42857143,92829296.11761904,974417.7238168112,6,12,4,50,2021,0
2021-12-26,Arkansas,99759952.2,Beverages,99759952.2,99791972.41428572,99984093.7,96945689.20000002,99856012.84285714,93046312.92333336,69171.5686059197,6,12,4,51,2021,0
2022-01-05,Arkansas,103805093.9,Beverages,103805093.9,103400579.73,100973494.71,82037081.63636364,102591551.39,97195267.7028788,873850.4815315594,2,1,1,1,2022,0
2022-01-16,Arkansas,98948579.5,Beverages,98948579.5,99390080.80909093,102039088.66363636,99081958.18571427,100273083.42727277,101035798.57976192,953751.8340733784,6,1,1,2,2022,0
2022-01-23,Arkansas,92112220.2,Beverages,92112220.2,93088842.95714286,98948579.5,99823992.62857144,95042088.47142856,99913709.7254762,2109746.283068364,6,1,1,3,2022,0
2022-01-30,Arkansas,94644193.20000002,Beverages,94644193.20000002,94282482.7714286,92112220.2,101782523.05,93559061.91428572,98263510.90000002,781383.8318255801,6,1,1,4,2022,0
2022-02-01,Arkansas,93380356.7,Beverages,93380356.7,94012274.95000002,92835641.05714288,102591551.39,93856641.9091837,97683979.00133334,513156.4329154282,1,2,1,5,2022,0
2022-02-10,Arkansas,112136003.5,Beverages,112136003.5,110052042.74444444,97548278.21111111,101156086.04545456,105884121.23333332,98032001.3080303,4501869.760804014,3,2,1,6,2022,0
2022-02-13,Arkansas,97702065.6,Beverages,97702065.6,102513378.23333332,103800160.47777778,99831582.11818182,106225769.16666664,98256030.78863636,4836779.480962275,6,2,1,6,2022,0
2022-02-20,Arkansas,90819494.3,Beverages,90819494.3,91802718.77142856,97702065.6,94065465.71428572,93769167.71428572,97521096.0402381,2124007.615885145,6,2,1,7,2022,0
2022-02-27,Arkansas,99037114.9,Beverages,99037114.9,97863169.1,90819494.3,93920772.34285717,95515277.5,98101733.43738095,2536012.774594325,6,2,1,8,2022,0
2022-03-04,Arkansas,103811547.8,Beverages,103811547.8,102856661.22,96689223.3,95464317.45555556,100915593.88571428,99359241.70814817,2114506.5058403863,4,3,1,9,2022,0
2022-03-07,Arkansas,119976405.5,Beverages,119976405.5,114588119.6,99992001.48,101716199.72222222,107611604.36,100854829.77148148,7281861.683626661,0,3,1,10,2022,0
2022-03-13,Arkansas,102169602.4,Beverages,102169602.4,105137402.91666669,114588119.6,107324690.86666666,111073003.95000002,101200480.48277776,6411181.864372149,6,3,1,10,2022,0
2022-03-20,Arkansas,102381503.1,Beverages,102381503.1,102351231.57142857,102169602.4,92785943.24285714,102290688.5142857,102602394.31071427,65393.97571350142,6,3,1,11,2022,0
2022-03-27,Arkansas,99464637.1,Beverages,99464637.1,99881332.24285714,102381503.1,96689223.3,100714722.52857144,104291533.84833334,900164.3903794105,6,3,1,12,2022,0
2022-04-09,Arkansas,118942575.29999998,Beverages,118942575.29999998,117444272.36153844,108454454.73076922,111073003.95,114447666.48461536,105527864.525,3236704.2772762147,5,4,2,14,2022,0
2022-04-12,Arkansas,99768471.79999998,Beverages,99768471.79999998,106159839.63333333,112949363.54615384,102169602.4,112180000.35274725,105630108.19666667,6870176.893024376,1,4,2,15,2022,0
2022-04-17,Arkansas,104085975.5,Beverages,104085975.5,103222474.76,112551207.46666664,102320960.04285714,102531883.07619049,105646534.3690476,2175788.5026750485,6,4,2,15,2022,0
2022-04-24,Arkansas,100996169.1,Beverages,100996169.1,101437570.01428571,104085975.5,100298027.38571428,102320371.84285714,105841627.03142858,953534.9565065814,6,4,2,16,2022,0
2022-05-06,Arkansas,109057663.6,Beverages,109057663.6,108385872.39166668,104355125.14166668,114447666.48461536,107042289.975,105440118.41448715,1451234.8748910292,4,5,2,18,2022,0
2022-05-15,Arkansas,110749148.4,Beverages,110749148.4,110561205.64444444,109433549.1111111,102358974.02,110185320.13333333,105929373.10033336,406002.7549593264,6,5,2,19,2022,0
2022-05-22,Arkansas,110460401.70000002,Beverages,110460401.70000002,110501651.22857144,110749148.4,101878970.92857142,110584150.2857143,107695097.69880952,89109.16616728756,6,5,2,20,2022,0
2022-05-29,Arkansas,109863858.9,Beverages,109863858.9,109949079.3,110460401.70000002,104355125.14166668,110119520.1,109473270.63083334,184097.1048555008,6,5,2,21,2022,0
2022-06-02,Arkansas,96618080.90000002,Beverages,96618080.90000002,99929525.40000002,110119520.1,107042289.975,105169746.92857143,108880023.22916669,5396965.852496754,3,6,2,22,2022,0
2022-06-03,Arkansas,103093646.0,Beverages,103093646.0,96618080.90000002,110034299.7,107714081.18333332,104178224.97142856,108726008.72305556,4975405.399516447,4,6,2,22,2022,0
2022-06-11,Arkansas,104366456.9,Beverages,104366456.9,104207355.5375,103252747.3625,110185320.13333334,103889152.8125,107217358.77611113,343698.2250355336,5,6,2,23,2022,0
2022-06-19,Arkansas,117770997.2,Beverages,117770997.2,116095429.6625,106042024.4375,110542900.75714289,112744294.5875,107565407.79428571,3619639.577734863,6,6,2,24,2022,0
2022-06-26,Arkansas,114411031.9,Beverages,114411031.9,114891026.94285716,117770997.2,110034299.7,115851017.02857144,108864453.25333336,1036907.8030893106,6,6,2,25,2022,0
2022-07-08,Arkansas,116148959.3,Beverages,116148959.3,116004132.01666668,115135168.31666666,103889152.8125,115714477.45000002,113435339.44208331,312862.6897680188,4,7,3,27,2022,0
2022-07-17,Arkansas,114762338.9,Beverages,114762338.9,114916407.83333334,115840821.43333334,114419862.125,115224545.70000002,115581999.62208337,332826.9355272867,6,7,3,28,2022,0
2022-07-24,Arkansas,114581651.4,Beverages,114581651.4,114607463.9,114762338.9,115371021.98571429,114659088.9,115151737.45809524,55761.37303005791,6,7,3,29,2022,0
2022-07-31,Arkansas,114979801.6,Beverages,114979801.6,114922923.0,114581651.4,115135168.31666666,114809165.8,115156221.89166668,122871.81926771162,6,7,3,30,2022,0
2022-08-05,Arkansas,105764202.7,Beverages,105764202.7,107607322.48,114866044.4,115859304.73333332,111022133.70000002,114136353.90722224,3587043.0607201774,4,8,3,31,2022,0
2022-08-14,Arkansas,118150218.7,Beverages,118150218.7,116773994.7,108516650.7,115070476.76666668,114021546.7,113233888.17444444,2972983.628974081,6,8,3,32,2022,0
2022-08-21,Arkansas,112180743.0,Beverages,112180743.0,113033525.24285714,118150218.7,114633276.4,114739089.72857144,113236233.98666666,1842220.1960527475,6,8,3,33,2022,0
2022-08-28,Arkansas,113832343.8,Beverages,113832343.8,113596400.82857142,112180743.0,114866044.4,113124514.88571428,112866935.75,509695.0724735441,6,8,3,34,2022,0
2022-09-01,Arkansas,94532466.6,Beverages,94532466.6,99357435.9,113124514.88571428,111293562.04,106838412.09795918,111291826.208,7705870.524448536,3,9,3,35,2022,0
2022-09-10,Arkansas,112645109.0,Beverages,112645109.0,110632593.17777778,98557498.24444444,114021546.7,106607561.53333332,109793410.33333331,4347531.065087751,5,9,3,36,2022,0
2022-09-18,Arkansas,113416519.2,Beverages,113416519.2,113320092.925,112741535.275,113886307.48571429,113127240.375,109005106.13142855,208304.5615808586,6,9,3,37,2022,0
2022-09-25,Arkansas,110869551.9,Beverages,110869551.9,111233404.37142858,113416519.2,113360457.85714284,111961109.31428573,108807460.71095236,786011.1732638082,6,9,3,38,2022,0
2022-10-04,Arkansas,105314661.2,Beverages,105314661.2,105931871.27777778,109635131.74444444,100570014.06666666,107166291.43333337,110136480.44555555,1333326.156838395,1,10,4,40,2022,0
2022-10-07,Arkansas,117172559.0,Beverages,117172559.0,113219926.4,107783501.51111113,106607561.53333332,109231669.2095238,110998968.51444444,4409438.291569433,4,10,4,40,2022,0
2022-10-16,Arkansas,109648626.3,Beverages,109648626.3,110484618.82222222,115500573.95555556,113223666.65,112156603.86666666,111236967.92083332,1805950.2541083563,6,10,4,41,2022,0
2022-10-23,Arkansas,105598574.8,Beverages,105598574.8,106177153.58571428,109648626.3,111597256.84285717,107334311.15714286,110002926.48904762,1249873.0279356232,6,10,4,42,2022,0
2022-10-30,Arkansas,102518257.5,Beverages,102518257.5,102958302.82857142,105598574.8,107783501.51111113,103838393.48571429,108658799.48222224,950606.5566693376,6,10,4,43,2022,0
2022-11-09,Arkansas,116255197.7,Beverages,116255197.7,114881503.68,106639339.56,114664581.43333334,112134115.64,108312544.1411111,2967518.2475234903,2,11,4,45,2022,0
2022-11-12,Arkansas,102920615.79999998,Beverages,102920615.79999998,107365476.43333332,110760421.62,112156603.86666666,111267865.14,107749832.14555554,4634995.431433807,5,11,4,45,2022,0
2022-11-13,Arkansas,104922414.3,Beverages,104922414.3,102920615.79999998,112134115.64,111320611.34444444,110237622.09142856,107536558.91074076,5179827.010571426,6,11,4,45,2022,0
2022-11-20,Arkansas,104002356.5,Beverages,104002356.5,104133793.32857142,104922414.3,106755732.37142856,104396666.98571429,106572524.71285716,283936.0013873062,6,11,4,46,2022,0
2022-11-27,Arkansas,103751416.3,Beverages,103751416.3,103787264.9,104002356.5,103398348.15714286,103858962.1,106367351.78761904,77441.82696279067,6,11,4,47,2022,0
2022-12-06,Arkansas,110363535.0,Beverages,110363535.0,109628855.14444444,105220776.01111113,112134115.64,108159495.43333332,106542536.61466669,1587089.8800645769,1,12,4,49,2022,0
2022-12-18,Arkansas,104855819.6,Beverages,104855819.6,105314795.88333333,108068653.58333331,104265230.15714286,106232748.45,106351149.82095236,991502.0929978748,6,12,4,50,2022,0
2022-12-25,Arkansas,110014384.2,Beverages,110014384.2,109277446.4,104855819.6,103823113.5,107803570.8,107251642.89666668,1591967.5975498564,6,12,4,51,2022,0
2023-01-01,Arkansas,96531611.8,Beverages,96531611.8,98457722.14285712,110014384.2,107424815.57777776,102309942.82857144,106546764.20555554,4160873.896192217,6,1,1,52,2023,0
2023-01-15,Arkansas,101487861.5,Beverages,101487861.5,101133843.66428572,99009736.65,105773772.16666666,100425807.99285714,102319321.62777776,764765.9319551103,6,1,1,2,2023,0
2023-01-22,Arkansas,96226247.7,Beverages,96226247.7,96977906.81428573,101487861.5,108540508.6,98481225.04285714,100448148.12166668,1623769.2710919606,6,1,1,3,2023,0
2023-01-29,Arkansas,98786791.4,Beverages,98786791.4,98420999.44285716,96226247.7,100383832.48571429,97689415.52857144,98559941.86309524,790200.9412654479,6,1,1,4,2023,0
2023-02-04,Arkansas,109455464.5,Beverages,109455464.5,107677352.31666666,98420999.44285716,97947683.14285712,104121127.95000002,100073446.68809526,3841161.3309536297,5,2,1,5,2023,0
2023-02-19,Arkansas,100840048.2,Beverages,100840048.2,101414409.28666668,104860575.80666669,97729565.92857143,102563131.46,102666660.15214284,1240761.7566452462,6,2,1,7,2023,0
2023-02-26,Arkansas,102483062.8,Beverages,102483062.8,102248346.42857143,100840048.2,98055207.48571429,101778913.68571427,103754330.93309525,507045.3136278896,6,2,1,8,2023,0
2023-03-19,Arkansas,111784587.4,Beverages,111784587.4,111341657.65714286,108684079.2,101988770.37333332,110455798.17142858,105638931.42288888,956837.6036862548,6,3,1,11,2023,0
2023-03-26,Arkansas,102395451.1,Beverages,102395451.1,103736756.28571428,111784587.4,102013630.05714284,106419366.65714283,106804268.8409524,2897550.368680279,6,3,1,12,2023,0
2023-04-16,Arkansas,111327537.5,Beverages,111327537.5,110902200.05238096,108350175.36666666,110898727.91428572,110051525.15714286,107220641.17190476,918833.9024437726,6,4,2,15,2023,0
2023-04-23,Arkansas,110406153.0,Beverages,110406153.0,110537779.35714284,111327537.5,105078061.47142856,110801032.07142857,107676561.84619048,284345.4298950734,6,4,2,16,2023,0
2023-04-30,Arkansas,111996706.0,Beverages,111996706.0,111769484.14285716,110406153.0,104522138.33809523,111315040.42857143,109500420.4595238,490855.3123779599,6,4,2,17,2023,0
2023-05-02,Arkansas,100758299.1,Beverages,100758299.1,106377502.55,110860596.71428572,105372813.23333332,109263873.29693878,109394270.88055556,4225862.991801772,1,5,2,18,2023,0
2023-05-03,Arkansas,111201473.7,Beverages,111201473.7,100758299.1,111087818.57142857,105798150.68095236,109280109.74387754,109574381.64785714,4234248.885674686,2,5,2,18,2023,0
2023-07-05,Arkansas,116455073.0,Beverages,116455073.0,116371682.53492063,115871339.74444444,113953359.04761904,116204901.60476191,115245911.25634922,180143.99361433135,2,7,3,27,2023,0
2023-08-01,Arkansas,99012693.5,Beverages,99012693.5,99658707.55555557,103534791.8888889,116204901.6047619,100950735.66666669,108306956.85349208,1395549.8605253685,1,8,3,31,2023,0
2023-09-04,Arkansas,112740581.3,Beverages,112740581.3,112336819.89411764,109914251.45882352,100627739.1235294,111529297.08235292,106886040.91470589,872224.3251789431,0,9,3,36,2023,0
2023-12-02,Arkansas,103288441.0,Beverages,103288441.0,103394644.82359552,104031867.76516852,106474555.70786516,103607052.47078653,104828396.44213484,229426.48062021035,5,12,4,48,2023,0
2023-12-03,Arkansas,116121675.9,Beverages,116121675.9,103288441.0,103925663.94157304,106368351.88426964,105349339.89341895,105153507.24265917,4753615.240430496,6,12,4,48,2023,0
2019-03-11,California,492597099.4,Beverages,492597099.4,491772440.6275862,486824487.9931034,467857336.2275862,490123123.08275855,480639547.2,1781466.5562259764,0,3,1,11,2019,0
2019-06-10,California,506587724.1,Beverages,506587724.1,506433980.9714286,505511522.2000001,501975430.2428572,506126494.7142857,504358448.7357143,332123.11680801754,0,6,2,24,2019,0
2019-08-12,California,449865324.4,Beverages,449865324.4,450765679.9507936,456167813.2555555,476875990.9238095,452566391.0523809,462920479.8865079,1944990.2870212423,0,8,3,33,2019,0
2019-10-11,California,497063951.7,Beverages,497063951.7,496277307.9116666,491557445.1816667,473464638.05,494704020.3349999,485657616.7691667,1699344.8047353113,4,10,4,41,2019,0
2019-10-13,California,504318965.7,Beverages,504318965.7,500691458.7,493130732.7583333,475037925.62666667,497494820.7166666,487514990.667,3720635.069006356,6,10,4,41,2019,0
2019-10-20,California,491957816.8,Beverages,491957816.8,493723695.2142857,504318965.7,480544432.145,497255452.0428572,491964879.295,3814733.369301197,6,10,4,42,2019,0
2019-10-27,California,505768871.6,Beverages,505768871.6,503795863.7714286,491957816.8,486050938.6633333,499849848.11428577,495735275.4853889,4262184.044300919,6,10,4,43,2019,0
2019-11-17,California,486794358.5,Beverages,486794358.5,487697906.7428572,493119196.2,495489573.62857145,489505003.2285714,496568570.2771429,1951887.29015318,6,11,4,46,2019,0
2019-11-24,California,477240954.9,Beverages,477240954.9,478605726.8428571,486794358.5,501822855.9428572,481335270.7285715,493044609.6657143,2948244.358039063,6,11,4,47,2019,0
2019-12-15,California,461461505.5,Beverages,461461505.5,462212907.8523809,466721321.9666666,488601454.9857143,463715712.55714285,473077508.9947618,1623214.6019787707,6,12,4,50,2019,0
2019-12-22,California,491464690.1,Beverages,491464690.1,487178520.8714286,461461505.5,479970498.7857143,478606182.4142857,471819202.2714285,9259183.78662172,6,12,4,51,2019,0
2019-12-29,California,446846318.6,Beverages,446846318.6,453220371.67142856,491464690.1,473483943.1380952,465968477.8142857,469519166.39619046,13769528.384605592,6,12,4,52,2019,0
2020-01-03,California,488089629.5,Beverages,488089629.5,479840967.32,459594424.7428572,469726931.3761905,465432602.2816327,469579594.5726984,15081459.321991667,4,1,1,1,2020,0
2020-01-11,California,517917262.5,Beverages,517917262.5,514188808.375,491818083.625,463715712.55714285,506731900.125,479852141.8452381,8054381.463345707,5,1,1,2,2020,0
2020-01-19,California,439475031.6,Beverages,439475031.6,449280310.4625,508111983.6375,482892351.64285713,468890868.1875,480922450.8940477,21181823.261147108,6,1,1,3,2020,0
2020-01-26,California,450336277.4,Beverages,450336277.4,448784670.85714287,439475031.6,459594424.7428572,445681457.7714286,473569595.52738094,3351853.223399304,6,1,1,4,2020,0
2020-02-02,California,467920812.5,Beverages,467920812.5,465408736.05714285,450336277.4,488089629.5,460384583.17142856,472391724.4016666,5426705.34691049,6,2,1,5,2020,0
2020-02-08,California,571725103.4,Beverages,571725103.4,554424388.25,465408736.05714285,510460354.25,519822957.9499999,477858543.7191667,37373816.2613892,5,2,1,6,2020,0
2020-02-16,California,446287373.4,Beverages,446287373.4,461967089.65,556045387.15,459085589.3250001,493326522.15,480379618.8004167,33872058.41362102,6,2,1,7,2020,0
2020-02-23,California,454404243.0,Beverages,454404243.0,453244690.2,446287373.4,447233064.3142857,450925584.6,481948768.6002381,2504920.3409713195,6,2,1,8,2020,0
2020-03-05,California,523453598.6,Beverages,523453598.6,517176384.4545455,479513099.58181816,502522242.8,504621956.1636363,492054968.79,13560332.395023609,3,3,1,10,2020,0
2020-03-15,California,594467896.6999999,Beverages,594467896.6999999,587366466.89,544757888.03,477646805.9,573163607.2699999,503419699.58,15340841.728852551,6,3,1,11,2020,0
2020-03-22,California,514100498.9,Beverages,514100498.9,525581555.7285714,594467896.6999999,452085137.4,548543669.3857143,526177068.3683333,24801917.41655267,6,3,1,12,2020,0
2020-03-29,California,465090389.2000001,Beverages,465090389.2000001,472091833.44285727,514100498.9,485790313.7272728,486094721.9285715,530471558.1389394,15124848.217439022,6,3,1,13,2020,0
2020-04-10,California,554931496.9000001,Beverages,554931496.9000001,547444737.9250001,502524184.0750001,566062177.4599999,532471219.9750001,524759453.9196667,16173247.862818452,4,4,2,15,2020,0
2020-04-19,California,499937571.8,Beverages,499937571.8,506048007.9222223,542710624.6555556,537062612.5571429,518268880.1666667,510893694.1726191,13200050.687436225,6,4,2,16,2020,0
2020-04-26,California,511961312.5,Beverages,511961312.5,510243635.2571429,499937571.8,479093277.6857144,506808280.7714286,512310196.83642864,3710606.938172028,6,4,2,17,2020,0
2020-05-01,California,450124199.0,Beverages,450124199.0,462491621.7,508525958.01428574,487550666.1250001,485214309.96530616,512207572.7666667,23831206.20880758,4,5,2,18,2020,0
2020-05-04,California,489779220.2,Beverages,489779220.2,476560879.8,499593889.8,510010943.0500001,472054853.0857143,509611242.3391667,14264245.62790662,0,5,2,19,2020,0
2020-05-07,California,585581852.4,Beverages,585581852.4,553647641.6666666,462491621.7,532471219.9750001,505821394.7714286,512477560.40583336,49869491.63970508,3,5,2,19,2020,0
2020-05-17,California,506672447.8,Beverages,506672447.8,514563388.26,561909031.02,512158444.0444445,530345269.18,514679371.0074074,17046379.66261273,6,5,2,20,2020,0
2020-05-24,California,528426454.4,Beverages,528426454.4,525318739.17142856,506672447.8,508525958.01428574,519103308.7142857,518088856.4619048,6713432.186957,6,5,2,21,2020,0
2020-05-31,California,525499508.9,Beverages,525499508.9,525917643.9714286,528426454.4,450124199.0,526753914.11428577,527781430.7633333,903274.991629799,6,5,2,22,2020,0
2020-06-09,California,590828387.0,Beverages,590828387.0,583569622.7666667,540017037.3666667,561909031.02,569052094.3,536318580.48866665,15680722.92903832,1,6,2,24,2020,0
2020-06-12,California,479476191.5,Beverages,479476191.5,516593590.0,561793330.0666666,538236209.64,552791676.0857143,533365224.47866666,40615952.06771711,4,6,2,24,2020,0
2020-06-14,California,572134465.0,Beverages,572134465.0,525805328.25,576310858.5333333,522454328.72,546016939.002381,534869897.657,40541146.27007444,6,6,2,24,2020,0
2020-06-21,California,539820647.4,Beverages,539820647.4,544436907.0571429,572134465.0,522211023.9428572,553669426.3714285,544018970.3607143,9972260.611490317,6,6,2,25,2020,0
2020-06-28,California,550818407.0,Beverages,550818407.0,549247298.4857143,539820647.4,526335779.0428571,546105081.4571428,548456641.3840476,3393982.2967216214,6,6,2,26,2020,0
2020-07-06,California,556528877.4,Beverages,556528877.4,555815068.6,551532215.8,569052094.3,554387451.0,550969845.3050001,1542003.2470288505,0,7,3,28,2020,0
2020-07-19,California,566344439.3000001,Beverages,566344439.3000001,565589396.0769231,561059136.7384616,549053166.7142857,564079309.6307693,554760727.8985715,1631079.781631993,6,7,3,29,2020,0
2020-07-26,California,563610656.6999999,Beverages,563610656.6999999,564001197.0714285,566344439.3000001,547676189.9714285,564782277.8142856,559645678.7495238,843663.6265247858,6,7,3,30,2020,0
2020-08-03,California,504525418.4,Beverages,504525418.4,511911073.1875,556225001.9124999,555101259.8,526682382.7625,553746863.7149999,15954837.855249165,0,8,3,32,2020,0
2020-08-11,California,513811148.9,Beverages,513811148.9,512650432.5875,505686134.7125,561059136.7384616,510328999.9625,540767397.5938462,2507433.8152544624,1,8,3,33,2020,0
2020-08-16,California,590385374.1999999,Beverages,590385374.1999999,575070529.14,511489716.275,564834352.8538462,546462857.4125,540172633.8725641,30106353.530749604,6,8,3,33,2020,0
2020-08-23,California,586280791.9,Beverages,586280791.9,586867160.8,590385374.1999999,564391737.4428571,588039898.6,545455346.0023808,1266701.5981816836,6,8,3,34,2020,0
2020-08-30,California,577902644.1,Beverages,577902644.1,579099522.3571429,586280791.9,526682382.7624999,581493278.8714286,553307767.22375,2585552.544041737,6,8,3,35,2020,0
2020-09-02,California,446322188.5,Beverages,446322188.5,490182340.3666667,582690157.1285714,504525418.4,541334123.8632653,551134893.9416667,54146774.98011286,2,9,3,36,2020,0
2020-09-08,California,572375904.9000001,Beverages,572375904.9000001,551366952.1666667,490182340.3666667,511489716.275,509349046.7,553388013.45625,45384525.00328114,1,9,3,37,2020,0
2020-09-13,California,555189446.6,Beverages,555189446.6,558626738.26,530357999.4333334,559755684.0799999,562009000.952381,558405881.8246666,7515437.22738347,6,9,3,37,2020,0
2020-09-20,California,546802449.0,Beverages,546802449.0,548000591.5142857,555189446.6,587453529.6999999,550396876.5428572,549878911.6566666,2588283.6516196155,6,9,3,38,2020,0
2020-09-27,California,536372040.3,Beverages,536372040.3,537862098.6857142,546802449.0,580296400.6142857,540842215.4571428,539855470.6519048,3218894.007777479,6,9,3,39,2020,0
2020-10-05,California,532766127.8,Beverages,532766127.8,533216866.8625,535921301.2375,509349046.7000001,534118344.9875001,545928145.5416666,973707.6622706637,0,10,4,41,2020,0
2020-10-18,California,535362222.1,Beverages,535362222.1,535162522.5384616,533964325.1692308,549198734.0285715,534763123.4153847,536652686.2121429,431400.3587181316,6,10,4,42,2020,0
2020-10-25,California,529163244.1,Beverages,529163244.1,530048812.3857143,535362222.1,539352157.0714285,531819948.9571429,533861860.6445238,1913046.1435010808,6,10,4,43,2020,0
2020-11-10,California,543419227.7,Beverages,543419227.7,542528228.725,537182234.875,533964325.1692308,540746230.7750001,535128975.76025647,1924777.7731898224,1,11,4,46,2020,0
2020-11-15,California,497866037.5,Beverages,497866037.5,506976675.54,541637229.75,534962822.9769231,523769146.3321429,532049624.0479487,17621572.46627143,6,11,4,46,2020,0
2020-11-22,California,521507021.7,Beverages,521507021.7,518129738.2428572,497866037.5,530934380.6714286,511375171.3285714,526902086.3295239,7295766.11692875,6,11,4,47,2020,0
2020-11-29,California,471884848.7,Beverages,471884848.7,478973730.55714285,521507021.7,533618238.975,493151494.2714286,518024326.2725,15313735.052601015,6,11,4,48,2020,0
2020-12-01,California,449525600.6,Beverages,449525600.6,460705224.65,507329257.9857143,535400236.925,477220555.3316327,512701704.6183334,17949925.683325715,1,12,4,49,2020,0
2020-12-04,California,484255476.8,Beverages,484255476.8,472678851.4,486062612.4142857,538073233.85,468446565.5295919,506251366.2708334,11988518.879393542,4,12,4,49,2020,0
2020-12-07,California,572401489.1999999,Beverages,572401489.1999999,543019485.0666666,460705224.65,540746230.7750001,499517230.0,506567791.5975,45335854.35473172,0,12,4,50,2020,0
2020-12-13,California,487555071.8,Beverages,487555071.8,501696141.3666667,543019485.0666666,516087313.58,529978280.5,504376722.7063333,30548201.68657228,6,12,4,50,2020,0
2020-12-20,California,505770196.2,Beverages,505770196.2,503168035.5714285,487555071.8,514752454.7857143,497963714.3142857,502407184.2997619,5621309.429802774,6,12,4,51,2020,0
2020-12-27,California,474551685.6,Beverages,474551685.6,479011472.8285714,505770196.2,486062612.4142857,487931047.2857143,498229807.3135714,9634241.532821007,6,12,4,52,2020,0
2021-01-08,California,602999391.6,Beverages,602999391.6,592295416.1,528071563.1,544119350.0666666,570887465.1,515528678.4,23123229.885870054,4,1,1,1,2021,0
2021-01-17,California,488099008.1,Beverages,488099008.1,500865717.3777778,577465973.0444444,500565874.9428572,526399135.9333333,526882616.1957143,27579244.133746445,6,1,1,2,2021,0
2021-01-24,California,475172742.7,Beverages,475172742.7,477019352.0428571,488099008.1,483471260.05714285,480712570.7285715,523352469.2209524,3989132.1074568136,6,1,1,3,2021,0
2021-01-31,California,476419789.8,Beverages,476419789.8,476241640.2142857,475172742.7,528071563.1,475885341.0428572,518163008.1666667,384847.0903860975,6,1,1,4,2021,0
2021-02-05,California,552679134.7,Beverages,552679134.7,537427265.72,476063490.62857145,581591440.6,509076916.244898,511828326.0233334,29801256.37697963,4,2,1,5,2021,0
2021-02-14,California,485051220.6,Beverages,485051220.6,492565433.2777778,537650709.3444445,513632426.6555556,507593858.6333333,497733324.445926,16232554.639125286,6,2,1,6,2021,0
2021-02-21,California,482836202.2,Beverages,482836202.2,483152633.4,485051220.6,478865961.3857143,483785495.8,497224585.9380952,683569.5188078169,6,2,1,7,2021,0
2021-02-28,California,514375628.9,Beverages,514375628.9,509869996.5142857,482836202.2,476063490.62857145,500858731.7428571,503067354.9438096,9733278.391393457,6,2,1,8,2021,0
2021-03-01,California,479823371.0,Beverages,479823371.0,514375628.9,487341834.5857143,476241640.2142857,499784665.5163265,503186745.97,11691341.628735052,0,3,1,9,2021,0
2021-03-10,California,847187814.9,Beverages,847187814.9,806369543.3555555,561459914.0888889,530136496.6666667,724733000.2666667,551686201.2022222,88177544.54557928,2,3,1,10,2021,0
2021-03-14,California,612121418.3,Beverages,612121418.3,670888017.4499999,724733000.2666667,500079645.9555556,745741985.4523809,576875581.4759259,81544729.58942322,6,3,1,10,2021,0
2021-03-21,California,535505288.4,Beverages,535505288.4,546450449.8142858,612121418.3,483469064.6,568340772.6428572,596217552.1299999,23644251.009401876,6,3,1,11,2021,0
2021-03-28,California,488584341.9,Beverages,488584341.9,495287334.2571429,535505288.4,505364364.1285714,508693318.9714285,599987515.4771428,14480118.456689702,6,3,1,12,2021,0
2021-04-04,California,536621575.4,Beverages,536621575.4,529759113.4714285,488584341.9,643096457.1777778,516034189.61428577,592677319.8585186,14824612.10392721,6,4,2,13,2021,0
2021-04-07,California,622923227.6,Beverages,622923227.6,594156010.2,509171727.68571424,765551271.8111111,555397080.089796,579619620.8518518,40367911.13154061,2,4,2,14,2021,0
2021-04-18,California,515453323.3,Beverages,515453323.3,525223314.6,583843262.4,557395611.2285714,544763297.2,541495080.2238095,21105593.413668063,6,4,2,15,2021,0
2021-04-25,California,532877585.7000001,Beverages,532877585.7000001,530388405.3571429,515453323.3,501990326.6142857,525410044.6714286,542126180.8185714,5377244.1178856455,6,4,2,16,2021,0
2021-05-09,California,625640391.9,Beverages,625640391.9,619014477.1714286,579258988.8000001,603383245.0,605762647.7142857,560822571.85,14313611.748541338,6,5,2,18,2021,0
2021-05-12,California,748674114.6999999,Beverages,748674114.6999999,707662873.7666667,599136732.9857143,574073271.1,655113528.6469387,573204532.9866668,54895179.321478345,2,5,2,19,2021,0
2021-05-16,California,551703982.5,Beverages,551703982.5,600946515.55,625640391.9,534993305.9,660751392.8,583327131.55,67133680.15352583,6,5,2,19,2021,0
2021-05-23,California,564105034.3,Beverages,564105034.3,562333455.4714285,551703982.5,527899225.0142858,558790297.8142856,591868835.7219048,3827047.671591874,6,5,2,20,2021,0
2021-05-30,California,580968751.4,Beverages,580968751.4,578559648.9571428,564105034.3,566007159.3428572,573741444.0714285,598173751.3223809,5204256.082686194,6,5,2,21,2021,0
2021-06-06,California,578471229.1999999,Beverages,578471229.1999999,578828018.0857142,580968751.4,612388562.4428571,579541595.8571428,595147599.4290475,770752.0841211458,6,6,2,22,2021,0
2021-06-13,California,589885974.1,Beverages,589885974.1,588255296.2571429,578471229.1999999,650189048.5999999,584993940.5714285,574404048.2083334,3522666.754061915,6,6,2,23,2021,0
2021-06-20,California,602011587.0,Beverages,602011587.0,600279356.5857143,589885974.1,560561876.6428571,596814895.7571429,582402720.7857143,3742045.3816208728,6,6,2,24,2021,0
2021-06-27,California,585311316.3,Beverages,585311316.3,587697069.2571428,602011587.0,576150546.5142857,592468575.1714286,587875381.7285713,5153815.42856346,6,6,2,25,2021,0
2021-07-02,California,494320646.6,Beverages,494320646.6,512518780.54,590082822.2142857,579898384.7428571,546656136.8510203,579651736.7671429,35964324.61236813,4,7,3,26,2021,0
2021-07-03,California,538794932.5,Beverages,538794932.5,494320646.6,587697069.2571428,579541595.8571428,539670117.3142856,578293514.655238,31081626.371148106,5,7,3,26,2021,0
2021-07-11,California,783320345.9000001,Beverages,783320345.9000001,752754669.2250001,569360609.175,586624618.4142857,691623315.875,603540963.0685713,66029408.26734837,6,7,3,27,2021,0
2021-07-18,California,608751470.5,Beverages,608751470.5,633689881.2714286,783320345.9000001,598547126.1714286,683566702.8142859,624588040.4895238,53873124.546668656,6,7,3,28,2021,0
2021-07-25,California,598589158.0,Beverages,598589158.0,600040916.9285715,608751470.5,590082822.2142857,602944434.7857143,626056322.4652381,3136157.724212284,6,7,3,29,2021,0
2021-08-08,California,611364709.1,Beverages,611364709.1,610452169.7357143,604976933.55,722188992.5500001,608627091.0071429,633923927.4525,1971310.3323229156,6,8,3,31,2021,0
2021-08-15,California,638156863.5,Beverages,638156863.5,634329412.8714286,611364709.1,658628292.0428572,626674511.6142857,610861294.0607142,8268238.353237226,6,8,3,32,2021,0
2021-08-22,California,617148867.9,Beverages,617148867.9,620150010.1285714,638156863.5,601492675.8571428,626152294.5857143,614816085.4526191,6483208.194130252,6,8,3,33,2021,0
2021-08-29,California,595262791.2,Beverages,595262791.2,598389373.5857143,617148867.9,603151854.8214285,604642538.3571428,615723879.2228571,6754189.904669643,6,8,3,34,2021,0
2021-09-05,California,576813822.5,Beverages,576813822.5,579449389.4571428,595262791.2,609539630.3714286,584720523.3714286,610571531.8111904,5693475.347508454,6,9,3,35,2021,0
2021-09-19,California,586302816.1,Beverages,586302816.1,585625030.8428571,581558319.3,623151152.3571428,584269460.3285714,590313375.9042857,1464183.5002376346,6,9,3,37,2021,0
2021-09-26,California,580649015.4,Beverages,580649015.4,581456701.2142857,586302816.1,601515955.9714286,583072072.8428571,583825376.8428571,1744800.776047288,6,9,3,38,2021,0
2021-10-01,California,478632113.0,Beverages,478632113.0,499035493.48,582264387.0285714,587356090.3285714,537042869.4877551,571610951.2814286,39972004.89670952,4,10,4,39,2021,0
2021-10-10,California,815989723.9,Beverages,815989723.9,778505544.9111111,553600470.9777777,580202748.7857143,703537186.9333334,597516700.8947619,80975081.4398973,6,10,4,40,2021,0
2021-10-17,California,818621940.4,Beverages,818621940.4,818245909.4714285,815989723.9,584947245.5857143,817493847.6142856,652252024.3814285,812319.6472413517,6,10,4,41,2021,0
2021-10-24,California,782324756.1999999,Beverages,782324756.1999999,787510068.2285714,818621940.4,582264387.0285714,797880692.2857143,702046631.2404761,11201554.232481886,6,10,4,42,2021,0
2021-10-31,California,801781952.4,Beverages,801781952.4,799002352.9428571,782324756.1999999,478632113.0,793443154.0285714,761873364.3,6004621.109022429,6,10,4,43,2021,0
2021-11-04,California,508801549.0,Beverages,508801549.0,582046649.85,793443154.0285714,628568828.9555556,695954837.132653,768050249.607037,117323148.14281891,3,11,4,44,2021,0
2021-11-07,California,612497091.4,Beverages,612497091.4,577931910.6,801781952.4,741021365.9222223,601210361.8428571,755489721.9737037,73096546.28697507,6,11,4,44,2021,0
2021-11-14,California,792175855.0000001,Beverages,792175855.0000001,766507460.2,612497091.4,817869878.5428572,715170670.6000001,733026733.3723809,55450070.28105108,6,11,4,45,2021,0
2021-11-21,California,804762761.8000002,Beverages,804762761.8000002,802964632.257143,792175855.0000001,792695380.2571428,799368373.1714287,731139424.7309525,3884403.769746037,6,11,4,46,2021,0
2021-11-28,California,738558959.5,Beverages,738558959.5,748016645.5428572,804762761.8000002,796222753.4857142,766932017.6285715,725985142.2680953,20430936.950226977,6,11,4,47,2021,0
2021-12-09,California,602636475.4,Beverages,602636475.4,614993064.8636364,689132601.6454545,663833881.0,639706243.790909,732563723.7500001,26693284.076831724,3,12,4,49,2021,0
2021-12-12,California,755743319.9,Beverages,755743319.9,704707705.0666666,652062833.2545455,740839065.4000001,656972650.5116882,731517427.1966667,54674080.54991444,6,12,4,49,2021,0
2021-12-19,California,774968961.5,Beverages,774968961.5,772222441.2714286,755743319.9,801166502.7142859,766729400.8142859,725536469.6085714,5933161.808073655,6,12,4,50,2021,0
2021-12-26,California,749275823.4000001,Beverages,749275823.4000001,752946271.7,774968961.5,757474331.5857143,760287168.3000001,719947611.7980952,7929074.559717134,6,12,4,51,2021,0
2022-01-05,California,822427062.2,Beverages,822427062.2,815111938.32,771221195.0400001,639706243.790909,800481690.5600002,751443611.3663636,15802473.680992872,2,1,1,1,2022,0
2022-01-16,California,755673420.5,Beverages,755673420.5,761741933.3818182,798153010.6727273,769475921.0428572,773878959.1454545,780348915.4090477,13109486.13732482,6,1,1,2,2022,0
2022-01-23,California,750604359.6,Beverages,750604359.6,751328511.1571429,755673420.5,756616720.0000001,752776814.2714285,777097522.5466667,1564346.1559662248,6,1,1,3,2022,0
2022-01-30,California,732224035.4000001,Beverages,732224035.4000001,734849796.0000001,750604359.6,785851442.8000001,740101317.1999999,771176894.2166667,5672291.194873085,6,1,1,4,2022,0
2022-02-01,California,729386633.3000001,Beverages,729386633.3000001,730805334.3500001,745352838.4000001,800481690.5600001,735367107.2357143,766728351.2303334,4962355.308533915,1,2,1,5,2022,0
2022-02-10,California,856445643.0,Beverages,856445643.0,842327975.2555556,757621968.7888889,786015984.9090909,814092639.7666667,764972195.5822729,30497647.97266712,3,2,1,6,2022,0
2022-02-13,California,762696332.9999999,Beverages,762696332.9999999,793946102.9999999,799974972.0222223,767810446.2636364,817559267.7904761,766978909.9677274,31296810.56109529,6,2,1,6,2022,0
2022-02-20,California,739917837.5999999,Beverages,739917837.5999999,743171908.3714285,762696332.9999999,752052662.7142857,749680049.9142857,765740248.8469048,7029596.294611253,6,2,1,7,2022,0
2022-02-27,California,757884374.0,Beverages,757884374.0,755317725.9428571,739917837.5999999,737475556.6,750184429.8285713,766931007.1483333,5544593.50744504,6,2,1,8,2022,0
2022-03-04,California,819513915.0,Beverages,819513915.0,807188006.8,752751077.8857143,743504301.0444446,783930370.4204082,777049020.2451851,24542041.778816845,4,3,1,9,2022,0
2022-03-07,California,935576184.6,Beverages,935576184.6,896888761.4,770210282.2,785857304.2777778,842109499.2857143,789563932.7318518,57019153.46451222,0,3,1,10,2022,0
2022-03-13,California,779023246.0,Beverages,779023246.0,805115402.4333334,896888761.4,825195873.0,857299715.3000001,792873079.7966666,56365500.03557152,6,3,1,10,2022,0
2022-03-20,California,773456532.8000001,Beverages,773456532.8000001,774251777.5428572,779023246.0,746425979.1428571,775842267.0285714,796525840.7890476,1717924.9899900735,6,3,1,11,2022,0
2022-03-27,California,798854527.9999999,Beverages,798854527.9999999,795226242.9714285,773456532.8000001,752751077.8857143,787969672.9142857,806346142.6414285,7837991.483341525,6,3,1,12,2022,0
2022-04-09,California,953230705.0,Beverages,953230705.0,941355614.4615384,870105071.2307692,857299715.3,917605433.3846152,827592396.3299999,25653127.51661796,5,4,2,14,2022,0
2022-04-12,California,764715118.1,Beverages,764715118.1,827553647.0666667,905730342.846154,779023246.0,889190459.7098901,829836220.7933333,68977904.49865395,1,4,2,15,2022,0
2022-04-17,California,822280164.6,Beverages,822280164.6,810767155.3000001,890392176.0333333,775047022.2857144,798362785.0238096,833605659.8314285,23500845.267020945,6,4,2,15,2022,0
2022-04-24,California,798871465.4,Beverages,798871465.4,802215565.2857143,822280164.6,791597957.942857,808903765.057143,840036030.0190476,7224081.409603165,6,4,2,16,2022,0
2022-05-06,California,867362897.3,Beverages,867362897.3,861655277.9749999,827409562.025,917605433.3846154,850240039.3249999,833232558.7378204,12329866.95016304,4,5,2,18,2022,0
2022-05-15,California,812869873.9,Beverages,812869873.9,818924654.2777778,855253336.5444444,799254146.0,831034215.0333332,828694217.5383334,13079820.538045088,6,5,2,19,2022,0
2022-05-22,California,823723310.0,Beverages,823723310.0,822172819.1285714,812869873.9,805559665.1714286,819071837.3857144,830001424.7745239,3349443.097596161,6,5,2,20,2022,0
2022-05-29,California,854870957.3,Beverages,854870957.3,850421293.4,823723310.0,827409562.025,841521965.5999998,836987928.4958332,9612372.64363188,6,5,2,21,2022,0
2022-06-02,California,745632437.3000001,Beverages,745632437.3000001,772942067.3000001,841521965.6,850240039.3249999,813950201.3428572,829643698.0908333,42331856.38399499,3,6,2,22,2022,0
2022-06-03,California,775923008.9999999,Beverages,775923008.9999999,745632437.3000001,845971629.5,855947658.65,803943255.557143,826976209.7691666,41776466.93622537,4,6,2,22,2022,0
2022-06-11,California,813144569.1,Beverages,813144569.1,808491874.0875,780575704.0124999,831034215.0333333,799186484.0625,812604073.8127778,10050969.974910429,5,6,2,23,2022,0
2022-06-19,California,886160929.0,Beverages,886160929.0,877033884.0125,822271614.0875,820622328.2571429,858779794.0375,822249056.377619,19716670.635551337,6,6,2,24,2022,0
2022-06-26,California,888243244.7,Beverages,888243244.7,887945771.0285715,886160929.0,845971629.5,887350823.6857144,834922327.3166667,642616.5759704094,6,6,2,25,2022,0
2022-07-08,California,925362007.9,Beverages,925362007.9,922268777.6333332,903709396.0333332,799186484.0625,916082317.1,879028415.25375,6682141.092868537,4,7,3,27,2022,0
2022-07-17,California,896695789.9,Beverages,896695789.9,899880925.2333333,918991737.2333332,867906839.025,906251195.9,901992281.90375,6880678.728182435,6,7,3,28,2022,0
2022-07-24,California,921542953.5,Beverages,921542953.5,917993358.7,896695789.9,887648297.3571429,910894169.1,907918869.257619,7668001.161035422,6,7,3,29,2022,0
2022-07-31,California,903223651.4,Beverages,903223651.4,905840694.5571429,921542953.5,903709396.0333332,911074780.8714284,911709528.3533332,5653459.365945374,6,7,3,30,2022,0
2022-08-05,California,837782910.0,Beverages,837782910.0,850871058.28,908457737.7142856,919175547.3666668,875551482.6795919,903537881.6411113,26038707.917277515,4,8,3,31,2022,0
2022-08-14,California,938316356.1,Beverages,938316356.1,927145973.2,860123675.8,903066060.5666666,904805207.4,897095627.2744445,24130785.02559841,6,8,3,32,2022,0
2022-08-21,California,900851966.6999998,Beverages,900851966.6999998,906204022.3285712,938316356.1,914443763.9,916908133.5857142,899930872.2233332,11561761.577384502,6,8,3,33,2022,0
2022-08-28,California,909390978.8,Beverages,909390978.8,908171119.9285712,900851966.6999998,908457737.7142856,905731402.185714,897668351.6552379,2635196.3446888435,6,8,3,34,2022,0
2022-09-01,California,736430206.7,Beverages,736430206.7,779670399.725,905731402.185714,877047354.84,847096477.8193877,885298844.3563333,69443784.33493401,3,9,3,35,2022,0
2022-09-10,California,866381839.0,Beverages,866381839.0,851942768.7444445,765308347.2111112,904805207.4,823064628.2333333,867423555.8916665,31191956.750774264,5,9,3,36,2022,0
2022-09-18,California,867638860.1,Beverages,867638860.1,867481732.4625,866538966.6375,911556077.9571428,867167477.1875,852222637.267619,339434.4909066256,6,9,3,37,2022,0
2022-09-25,California,855686656.1,Beverages,855686656.1,857394113.8142858,867638860.1,906951261.0571429,860809029.2428572,842090953.9042857,3688530.2331849616,6,9,3,38,2022,0
2022-10-04,California,831441980.3000001,Beverages,831441980.3000001,834135833.1666667,850298950.3666667,779747417.4666667,839523538.9,850801200.5905555,5819387.302795432,1,10,4,40,2022,0
2022-10-07,California,892737987.6,Beverages,892737987.6,872305985.1666667,842217391.7666668,823064628.2333333,851264141.9857142,857169243.3094445,23078501.094367355,4,10,4,40,2022,0
2022-10-16,California,826542797.3,Beverages,826542797.3,833897818.4444444,878027945.3111111,867324604.825,848607860.7333333,855377473.8520833,15888661.622799847,6,10,4,41,2022,0
2022-10-23,California,836400783.5,Beverages,836400783.5,834992499.7571429,826542797.3,859101571.5285715,832175932.2714285,847961757.1371429,3042240.5889909533,6,10,4,42,2022,0
2022-10-30,California,821263498.8000001,Beverages,821263498.8000001,823425968.0428572,836400783.5,842217391.7666668,827750906.5285715,842733426.7466667,4671467.47702181,6,10,4,43,2022,0
2022-11-09,California,941975596.5,Beverages,941975596.5,929904386.73,857477128.11,870672924.1666666,905761967.19,852187383.263889,26076793.47847528,2,11,4,45,2022,0
2022-11-12,California,779963945.8,Beverages,779963945.8,833967829.3666667,893690757.4200001,848607860.7333333,885339802.2114286,849987878.0127777,58333205.63141707,5,11,4,45,2022,0
2022-11-13,California,811480817.3,Beverages,811480817.3,779963945.8,905761967.19,841252839.5888889,871871066.5128572,848995477.2698148,63488600.30999264,6,11,4,45,2022,0
2022-11-20,California,832806518.2,Beverages,832806518.2,829759989.5,811480817.3,833584216.0142857,823666932.1,847375132.8135715,6581254.178278972,6,11,4,46,2022,0
2022-11-27,California,792984859.5999999,Beverages,792984859.5999999,798673667.9714285,832806518.2,825588437.2857144,810051284.7142857,842355093.8430952,12289230.646032069,6,11,4,47,2022,0
2022-12-06,California,894410019.9,Beverages,894410019.9,883140557.6444445,815523784.111111,905761967.19,860601633.1333333,839437150.7063333,24344820.8962392,1,12,4,49,2022,0
2022-12-18,California,802540094.2,Beverages,802540094.2,810195921.3416667,856130884.1916667,826713460.8000001,825507575.625,837089358.6783333,16538476.845642263,6,12,4,50,2022,0
2022-12-25,California,815368628.4000001,Beverages,815368628.4000001,813535980.657143,802540094.2,804362476.3428571,809870685.1714287,834683619.4473809,3958971.6042602737,6,12,4,51,2022,0
2023-01-01,California,756579579.1,Beverages,756579579.1,764978014.7142857,815368628.4000001,849332170.8777777,781774885.9428571,826243600.8538889,18142694.49613866,6,1,1,52,2023,0
2023-01-15,California,766999016.8,Beverages,766999016.8,766254771.25,761789297.95,817851748.4833333,764766280.15,780817163.4497223,1607754.141667883,6,1,1,2,2023,0
2023-01-22,California,764986978.7,Beverages,764986978.7,765274412.7142857,766999016.8,811703332.9142858,765849280.7428571,771084455.5335715,620928.43774014,6,1,1,3,2023,0
2023-01-29,California,778317434.5999999,Beverages,778317434.5999999,776413083.7571428,764986978.7,773376450.3285714,772604382.0714285,765366437.4554763,4113868.0037198914,6,1,1,4,2023,0
2023-02-04,California,813344182.4,Beverages,813344182.4,807506391.0999999,776413083.7571428,759556561.3,795830808.5,773272432.7616667,12611070.555552669,5,2,1,5,2023,0
2023-02-19,California,786199418.8999999,Beverages,786199418.8999999,788009069.7999998,798866975.1999999,765561846.7285714,791628371.5999998,790466497.2938095,3909292.745777743,6,2,1,7,2023,0
2023-02-26,California,786344636.4,Beverages,786344636.4,786323891.042857,786199418.8999999,774508732.9142857,786282400.3285714,794473672.4519047,44815.08740298001,6,2,1,8,2023,0
2023-03-19,California,841308841.1,Beverages,841308841.1,838691498.0190476,822987439.5333333,789818720.6999999,833456811.8571428,806534296.9033333,5654107.275425136,6,3,1,11,2023,0
2023-03-26,California,789656125.1,Beverages,789656125.1,797035084.5285715,841308841.1,786303145.6857142,811793003.3857144,812435438.9080951,15940374.22686404,6,3,1,12,2023,0
2023-04-16,California,835223086.1999999,Beverages,835223086.1999999,833053230.9095237,820034099.1666666,836074154.9380952,828713520.3285713,814885552.0673015,4687423.163487131,6,4,2,15,2023,0
2023-04-23,California,850571753.5000001,Beverages,850571753.5000001,848379086.7428572,835223086.1999999,804414043.9571428,843993753.2285715,819288756.047619,4736701.5636243615,6,4,2,16,2023,0
2023-04-30,California,874642690.5,Beverages,874642690.5,871203985.2142857,850571753.5000001,800505401.5523809,864326574.6428572,835380967.9814285,7428452.431610474,6,4,2,17,2023,0
2023-05-02,California,787384368.4000001,Beverages,787384368.4000001,831013529.45,857449164.0714287,804845112.1333333,851032042.4989796,835743552.2772223,31543674.478659637,1,5,2,18,2023,0
2023-05-03,California,839560395.8000001,Beverages,839560395.8000001,787384368.4000001,860887869.3571429,807014967.4238095,847985260.562245,836828399.8897618,31462945.378735885,2,5,2,18,2023,0
2023-07-05,California,883254115.9,Beverages,883254115.9,882560564.7873015,878399258.111111,862447582.5190476,881173462.5619047,873197624.7658731,1498241.6406096192,2,7,3,27,2023,0
2023-08-01,California,756624460.2,Beverages,756624460.2,761314447.4481483,789454370.9370371,881173462.5619048,770694421.9444445,824090921.4620634,10131530.411336808,1,8,3,31,2023,0
2023-09-04,California,860323109.8,Beverages,860323109.8,857273149.517647,838973387.8235294,768824301.3294117,851173228.9529411,816098685.7058824,6588667.2434119,0,9,3,36,2023,0
2023-12-02,California,845801292.3,Beverages,845801292.3,845964458.788764,846943457.7213483,850696286.9629213,846290791.766292,848167206.3870786,352479.90059909073,5,12,4,48,2023,0
2023-12-03,California,921784603.5,Beverages,921784603.5,845801292.3,846780291.2325842,850533120.4741572,857005693.51878,850542255.8212734,28566173.51542642,6,12,4,48,2023,0
2019-03-11,Colorado,92194329.0,Beverages,92194329.0,92153335.6775862,91907375.74310344,90964529.3275862,92071349.0327586,91599925.825,88555.69764276946,0,3,1,11,2019,0
2019-06-10,Colorado,100423015.9,Beverages,100423015.9,100332590.76923075,99790039.9846154,97710261.97692308,100151740.50769232,99111851.50384615,195340.60837887175,0,6,2,24,2019,0
2019-08-12,Colorado,92967544.9,Beverages,92967544.9,93085885.7095238,93795930.56666668,96517769.18571427,93322567.32857142,94683486.63809524,255645.36685429665,0,8,3,33,2019,0
2019-10-11,Colorado,95171404.7,Beverages,95171404.7,95134673.70333332,94914287.72333334,94069474.8,95061211.71,94638805.24833332,79348.0216622138,4,10,4,41,2019,0
2019-10-13,Colorado,96208959.3,Beverages,96208959.3,95690182.0,94987749.71666668,94142936.79333334,95341264.97619048,94760471.872,444251.5849655367,6,10,4,41,2019,0
2019-10-20,Colorado,96070971.2,Beverages,96070971.2,96090683.78571428,96208959.3,94400053.77,96130108.95714284,95189863.11333331,42584.05216670995,6,10,4,42,2019,0
2019-10-27,Colorado,97471702.1,Beverages,97471702.1,97271597.68571427,96070971.2,94657170.74666668,96871388.85714284,95732225.70344444,432274.9405304803,6,10,4,43,2019,0
2019-11-17,Colorado,94977960.7,Beverages,94977960.7,95096710.2904762,95809207.83333331,96110396.37142858,95334209.47142856,96324532.1895238,256528.43463897135,6,11,4,46,2019,0
2019-11-24,Colorado,95674566.2,Beverages,95674566.2,95575051.12857144,94977960.7,97071493.27142856,95376020.9857143,96061667.84619048,214977.12450347052,6,11,4,47,2019,0
2019-12-15,Colorado,97765963.3,Beverages,97765963.3,97666372.96190476,97068830.93333334,95215459.8809524,97467192.28571428,96329269.2063492,215139.71908637523,6,12,4,50,2019,0
2019-12-22,Colorado,102108204.1,Beverages,102108204.1,101487883.98571429,97765963.3,95475536.05714284,100247243.75714286,97505052.7309524,1340044.6035639558,6,12,4,51,2019,0
2019-12-29,Colorado,91828009.4,Beverages,91828009.4,93296608.64285716,102108204.1,96172517.8904762,96233807.12857142,97589064.28095238,3172536.9609450023,6,12,4,52,2019,0
2020-01-03,Colorado,98316102.4,Beverages,98316102.4,97018483.8,94765207.88571428,96670469.58095238,94818420.57755102,97463993.66349204,2315478.4375657304,4,1,1,1,2020,0
2020-01-11,Colorado,97188915.5,Beverages,97188915.5,97329813.8625,98175204.0375,97467192.28571428,97611610.5875,97614242.64119048,304375.2507300653,5,1,1,2,2020,0
2020-01-19,Colorado,93556020.8,Beverages,93556020.8,94010132.6375,96734803.6625,100867563.87142856,94918356.3125,96615227.9995238,980993.68897135,6,1,1,3,2020,0
2020-01-26,Colorado,91933086.7,Beverages,91933086.7,92164934.42857143,93556020.8,94765207.88571428,92628629.88571428,95158304.30809525,500848.336794651,6,1,1,4,2020,0
2020-02-02,Colorado,96637421.6,Beverages,96637421.6,95965373.75714286,91933086.7,98316102.4,94621278.07142857,95112304.39000002,1451789.268826963,6,2,1,5,2020,0
2020-02-08,Colorado,116777703.5,Beverages,116777703.5,113420989.85,95965373.75714286,97470712.225,106707562.55,97224896.63875,7251330.254818786,5,2,1,6,2020,0
2020-02-16,Colorado,93183876.7,Beverages,93183876.7,96133105.05,113828475.15,94464244.475,102031561.75,99222681.09291668,6371061.398914407,6,2,1,7,2020,0
2020-02-23,Colorado,92341806.1,Beverages,92341806.1,92462101.9,93183876.7,92396782.15714286,92702693.5,99124358.19261904,259868.628966287,6,2,1,8,2020,0
2020-03-05,Colorado,105416647.2,Beverages,105416647.2,104228025.28181818,97096293.77272728,103350848.9,101850781.44545452,100604923.59,2567716.8133934634,3,3,1,10,2020,0
2020-03-15,Colorado,117149278.4,Beverages,117149278.4,115976015.28,108936436.56,99082333.4,113629489.04,101704689.785,2534538.017241937,6,3,1,11,2020,0
2020-03-22,Colorado,104354542.8,Beverages,104354542.8,106182362.17142856,117149278.4,92582397.7,109838000.91428572,105552492.39,3948541.12991858,6,3,1,12,2020,0
2020-03-29,Colorado,94075698.0,Beverages,94075698.0,95544104.4,104354542.8,98284915.69090907,98480917.20000002,106386630.82757576,3172120.372760728,6,3,1,13,2020,0
2020-04-10,Colorado,106364272.0,Beverages,106364272.0,105340224.16666669,99195937.16666669,112456225.92,103292128.5,104285802.28933334,2212196.156866573,4,4,2,15,2020,0
2020-04-19,Colorado,99657929.5,Beverages,99657929.5,100403078.66666669,104873973.66666669,108010181.54285714,101893377.0,101081138.9290476,1609706.176933705,6,4,2,16,2020,0
2020-04-26,Colorado,100031056.1,Beverages,100031056.1,99977752.3,99657929.5,97012510.8,99871144.7,100708288.59333332,115149.36867725015,6,4,2,17,2020,0
2020-05-01,Colorado,93858490.4,Beverages,93858490.4,95093003.54,99924448.5,97147841.5,97378055.97142856,100829835.26,2399834.078482781,4,5,2,18,2020,0
2020-05-04,Colorado,96546500.8,Beverages,96546500.8,95650497.33333331,98796542.96,100219985.0,95684647.49142858,100475291.27666666,1240422.012430041,0,5,2,19,2020,0
2020-05-07,Colorado,124000018.1,Beverages,124000018.1,114848845.66666666,95093003.54,103292128.5,103622359.9142857,101733367.77666666,11784031.795893395,3,5,2,19,2020,0
2020-05-17,Colorado,106926595.6,Beverages,106926595.6,108633937.85,118877991.35,101148227.83333331,112048622.35,105279699.69055556,3688280.801895647,6,5,2,20,2020,0
2020-05-24,Colorado,110779344.0,Beverages,110779344.0,110228951.37142856,106926595.6,99924448.5,109128166.11428572,107437931.36166666,1188983.9693625965,6,5,2,21,2020,0
2020-05-31,Colorado,106394738.1,Beverages,106394738.1,107021110.37142856,110779344.0,93858490.4,108273854.91428567,109980284.44833332,1353118.7572674134,6,5,2,22,2020,0
2020-06-09,Colorado,115955629.4,Beverages,115955629.4,114893308.14444444,108519380.6111111,118877991.35,112768665.63333334,110383720.10166666,2294876.1985545675,1,6,2,24,2020,0
2020-06-12,Colorado,97886273.3,Beverages,97886273.3,103909392.0,111706344.3777778,113755964.6,109882395.15238096,109228328.61666666,6652087.077939831,4,6,2,24,2020,0
2020-06-14,Colorado,114522304.5,Beverages,114522304.5,106204288.9,113830986.8888889,110341280.1,109043386.7063492,109172884.98166664,6729404.618469426,6,6,2,24,2020,0
2020-06-21,Colorado,111039373.0,Beverages,111039373.0,111536934.64285716,114522304.5,109678558.74285714,112532057.92857143,110148718.4690476,1074855.9962777777,6,6,2,25,2020,0
2020-06-28,Colorado,116567564.6,Beverages,116567564.6,115777822.94285712,111039373.0,107647482.64285712,114198339.62857142,111278016.67238095,1706036.9662251868,6,6,2,26,2020,0
2020-07-06,Colorado,115018398.5,Beverages,115018398.5,115212044.2625,116373918.8375,112768665.63333334,115599335.7875,112993891.53611112,418322.6580388195,0,7,3,28,2020,0
2020-07-19,Colorado,119223162.4,Beverages,119223162.4,118899719.02307692,116959058.76153846,112034496.28571428,118252832.26923075,115740216.07309525,698717.552153905,6,7,3,29,2020,0
2020-07-26,Colorado,115636419.7,Beverages,115636419.7,116148811.51428571,119223162.4,114988081.28571428,117173595.14285716,116760078.35642858,1106892.8281253588,6,7,3,30,2020,0
2020-08-03,Colorado,103348721.3,Beverages,103348721.3,104884683.6,114100457.4,115405690.025,107956608.2,114830495.04541664,3318057.796276998,0,8,3,32,2020,0
2020-08-11,Colorado,104033043.4,Beverages,104033043.4,103947503.1375,103434261.5625,116959058.76153846,103776422.6125,111588364.2178205,184788.0868498512,1,8,3,33,2020,0
2020-08-16,Colorado,118885839.7,Beverages,118885839.7,115915280.44,103861962.875,118576275.64615384,110386307.49107143,110757586.26576924,5813659.093099693,6,8,3,33,2020,0
2020-08-23,Colorado,116517360.6,Beverages,116517360.6,116855714.75714286,118885839.7,116661203.32857144,117532423.07142857,110630057.7754762,730928.5188923768,6,8,3,34,2020,0
2020-08-30,Colorado,114589945.6,Beverages,114589945.6,114865290.6,116517360.6,107956608.2,115415980.6,111329523.40833332,594813.1825366125,6,8,3,35,2020,0
2020-09-02,Colorado,91717704.8,Beverages,91717704.8,99341785.06666666,115691325.6,103348721.3,108291029.65714286,110775233.555,9461319.609830394,2,9,3,36,2020,0
2020-09-08,Colorado,119457330.9,Beverages,119457330.9,114834059.88333334,99341785.06666666,103861962.875,105587517.85,111625441.78291668,9987406.879160468,1,9,3,37,2020,0
2020-09-13,Colorado,107410888.2,Beverages,107410888.2,109820176.74,110210788.86666667,112944721.18,113634102.45476192,112400251.58633332,4148526.40522708,6,9,3,37,2020,0
2020-09-20,Colorado,109526976.7,Beverages,109526976.7,109224678.34285717,107410888.2,117194068.9142857,108620081.62857142,110273103.75690477,653039.088733935,6,9,3,38,2020,0
2020-09-27,Colorado,107762178.2,Beverages,107762178.2,108014292.27142856,109526976.7,115140635.6,108518520.4142857,108533101.74166666,544628.6411178025,6,9,3,39,2020,0
2020-10-05,Colorado,105115083.4,Beverages,105115083.4,105445970.25,107431291.35,105587517.85,106107743.95,109193507.31166668,714797.2917886159,0,10,4,41,2020,0
2020-10-18,Colorado,103854517.7,Beverages,103854517.7,103951484.29230767,104533283.84615386,108922379.98571429,104145417.47692308,106207964.04142858,209471.78038743365,6,10,4,42,2020,0
2020-10-25,Colorado,101886131.2,Beverages,101886131.2,102167329.27142856,103854517.7,108266406.34285717,102729725.41428572,104758072.38904762,607457.2619410194,6,10,4,43,2020,0
2020-11-10,Colorado,107613659.9,Beverages,107613659.9,107255689.35625,105107866.09375,104533283.84615386,106539748.26875,104232936.44628206,773304.757238368,1,11,4,46,2020,0
2020-11-15,Colorado,100429080.4,Beverages,100429080.4,101865996.3,106897718.8125,104048450.8846154,104483415.75089286,104076357.80141024,2741628.031573819,6,11,4,46,2020,0
2020-11-22,Colorado,104943496.6,Beverages,104943496.6,104298580.0,100429080.4,102448527.34285717,103008746.8,104016378.07404764,1393179.085566582,6,11,4,47,2020,0
2020-11-29,Colorado,94796795.6,Beverages,94796795.6,96246324.31428573,104943496.6,103675983.91875,99145381.74285711,103188511.32645832,3131339.910727446,6,11,4,48,2020,0
2020-12-01,Colorado,94406018.4,Beverages,94406018.4,94601407.0,102044439.17142856,104391925.00625,96783812.93469386,102541229.52416666,2435406.301235825,1,12,4,49,2020,0
2020-12-04,Colorado,100414296.0,Beverages,100414296.0,98411536.8,97695853.02857144,105465836.6375,96469307.95918366,101871596.59479168,2233535.4833586863,4,12,4,49,2020,0
2020-12-07,Colorado,119333471.9,Beverages,119333471.9,113027079.93333334,94601407.0,106539748.26875,104103124.0857143,102556126.815625,9288797.62746717,0,12,4,50,2020,0
2020-12-13,Colorado,102075750.7,Beverages,102075750.7,104952037.56666666,113027079.93333334,103302912.2,110704611.3,103209868.64333336,6213489.785701018,6,12,4,50,2020,0
2020-12-20,Colorado,104443757.6,Beverages,104443757.6,104105470.9,102075750.7,103653663.4,103428897.5,103539470.47,730782.7948073616,6,12,4,51,2020,0
2020-12-27,Colorado,99610493.8,Beverages,99610493.8,100300960.05714284,104443757.6,97695853.02857144,101681892.57142857,103524691.10714288,1491577.5911813213,6,12,4,52,2020,0
2021-01-08,Colorado,123397870.3,Beverages,123397870.3,121415588.925,109521900.675,113580898.16666669,117451026.175,107042670.91166666,4282217.194219632,4,1,1,1,2021,0
2021-01-17,Colorado,100352533.3,Beverages,100352533.3,102913126.3,118276684.3,103767184.2,108034312.29999998,108854016.56833331,5531513.089052863,6,1,1,2,2021,0
2021-01-24,Colorado,98388621.1,Beverages,98388621.1,98669179.98571429,100352533.3,100991426.31428573,99230297.75714286,107994051.95690475,606076.4629836888,6,1,1,3,2021,0
2021-01-31,Colorado,99306859.8,Beverages,99306859.8,99175682.84285714,98388621.1,109521900.675,98913328.92857143,106817223.92416663,283374.6149514508,6,1,1,4,2021,0
2021-02-05,Colorado,113113760.4,Beverages,113113760.4,110352380.28,99044505.88571428,119433307.55,105205363.3489796,105504266.48416664,5413838.868508426,4,2,1,5,2021,0
2021-02-14,Colorado,98307861.0,Beverages,98307861.0,99952960.93333334,109823560.53333332,105473719.3,103243160.79999998,102407346.46,3553822.030300614,6,2,1,6,2021,0
2021-02-21,Colorado,97443598.9,Beverages,97443598.9,97567064.91428572,98307861.0,98949738.87142856,97813996.94285716,101869947.65285714,266717.07455171697,6,2,1,7,2021,0
2021-02-28,Colorado,101868949.8,Beverages,101868949.8,101236756.81428573,97443598.9,99044505.88571428,99972370.84285717,102164548.81809524,1365692.9372558135,6,2,1,8,2021,0
2021-03-01,Colorado,99516019.1,Beverages,99516019.1,101868949.8,98075791.88571428,99175682.84285714,100178117.5877551,102175893.36,1118453.2701087298,0,3,1,9,2021,0
2021-03-10,Colorado,164057354.2,Beverages,164057354.2,156886094.74444443,113858538.01111113,108178460.6,142543575.8333333,110563170.2,15491691.004153837,2,3,1,10,2021,0
2021-03-14,Colorado,128981247.9,Beverages,128981247.9,137750274.475,142543575.8333333,101598060.86666667,148456776.4690476,115639047.13277778,11974719.511744851,6,3,1,10,2021,0
2021-03-21,Colorado,105019246.8,Beverages,105019246.8,108442389.81428573,128981247.9,97690530.92857143,115288675.84285717,119608133.6054762,7394834.083050837,6,3,1,11,2021,0
2021-03-28,Colorado,99085283.4,Beverages,99085283.4,99932992.45714286,105019246.8,100604563.82857142,101628410.57142857,120264377.6354762,1831260.8623451744,6,3,1,12,2021,0
2021-04-04,Colorado,104844288.5,Beverages,104844288.5,104021573.48571429,99085283.4,128201056.9222222,102376143.45714284,118405531.2198148,1777267.558757854,6,4,2,13,2021,0
2021-04-07,Colorado,129578193.7,Beverages,129578193.7,121333558.63333334,101553428.44285716,149714835.28888887,111205934.25918368,116284529.4998148,10628721.982784862,2,4,2,14,2021,0
2021-04-18,Colorado,99335213.1,Beverages,99335213.1,102084574.97272728,118580746.2090909,111865532.82857142,107583298.71818182,108313214.59380952,5939300.461078281,6,4,2,15,2021,0
2021-04-25,Colorado,104244477.0,Beverages,104244477.0,103543153.58571428,99335213.1,100780701.51428571,102140506.75714286,107951258.3452381,1515031.7312362604,6,4,2,16,2021,0
2021-05-09,Colorado,125204216.4,Beverages,125204216.4,123707092.15714286,114724346.7,124079469.95454544,120712843.67142858,110819940.53727274,3234158.003752592,6,5,2,18,2021,0
2021-05-12,Colorado,151955869.5,Beverages,151955869.5,143038651.8,119215719.42857143,115831384.33636364,131564296.50612246,113265731.09636363,11982346.754109832,2,5,2,19,2021,0
2021-05-16,Colorado,109714051.2,Beverages,109714051.2,120274505.775,125204216.4,104833936.84545454,133047841.09285714,115478631.5507576,14379876.649609324,6,5,2,19,2021,0
2021-05-23,Colorado,117625052.5,Beverages,117625052.5,116494909.45714286,109714051.2,102841830.17142858,114234623.37142858,118512853.51119047,2441388.004289315,6,5,2,20,2021,0
2021-05-30,Colorado,116957171.1,Beverages,116957171.1,117052582.72857144,117625052.5,111730098.21428572,117243405.98571429,120820752.26690476,206112.674798882,6,5,2,21,2021,0
2021-06-06,Colorado,121425334.3,Beverages,121425334.3,120787025.27142856,116957171.1,122209967.91428572,119510407.21428572,121238841.7402381,1378905.0998752934,6,6,2,22,2021,0
2021-06-13,Colorado,125933476.3,Beverages,125933476.3,125289456.01428571,121425334.3,130834960.35,124001415.44285712,118497250.70250002,1391242.8254102126,6,6,2,23,2021,0
2021-06-20,Colorado,127783969.3,Beverages,127783969.3,127519613.15714283,125933476.3,115364766.41428572,126990900.87142858,121611428.95190476,571074.5379642255,6,6,2,24,2021,0
2021-06-27,Colorado,120337963.8,Beverages,120337963.8,121401678.87142856,127783969.3,117147994.35714284,123529109.01428571,123074419.38761903,2297887.1849726927,6,6,2,25,2021,0
2021-07-02,Colorado,101010048.8,Beverages,101010048.8,104875631.8,122465393.94285716,118872098.18571427,112206530.95306122,121574251.14428572,7747476.415874291,4,7,3,26,2021,0
2021-07-03,Colorado,110131175.6,Beverages,110131175.6,101010048.8,121401678.87142856,119510407.21428572,110596459.05714284,121261610.0904762,6604927.18755996,5,7,3,26,2021,0
2021-07-11,Colorado,156696702.40000004,Beverages,156696702.40000004,150876011.55,115951866.45,124645435.72857144,139234629.85,124976484.21714284,12574129.361481745,6,7,3,27,2021,0
2021-07-18,Colorado,124870675.9,Beverages,124870675.9,129417251.11428572,156696702.40000004,127255257.01428571,138510401.54285714,127800389.37857144,9821725.0098646,6,7,3,28,2021,0
2021-07-25,Colorado,124809030.4,Beverages,124809030.4,124817836.9,124870675.9,122465393.94285716,124835449.9,127653070.9257143,19024.214303259523,6,7,3,29,2021,0
2021-08-08,Colorado,126279290.5,Beverages,126279290.5,126174271.92142858,125544160.45,145055320.70000002,125964234.76428571,130311568.34666666,226866.058744242,6,8,3,31,2021,0
2021-08-15,Colorado,127856916.8,Beverages,127856916.8,127631541.61428572,126279290.5,133963826.32857144,127180791.24285711,125891833.04547618,486866.0461559405,6,8,3,32,2021,0
2021-08-22,Colorado,124153755.6,Beverages,124153755.6,124682778.62857142,127856916.8,124826643.4,125740824.68571427,125947718.505,1142820.3572189978,6,8,3,33,2021,0
2021-08-29,Colorado,120426229.1,Beverages,120426229.1,120958732.88571428,124153755.6,125334123.29285714,122023740.45714286,125245014.6790476,1150339.6520446816,6,8,3,34,2021,0
2021-09-05,Colorado,112816690.9,Beverages,112816690.9,113903767.7857143,120426229.1,126069253.34285714,116077921.55714284,122987216.93404762,2348354.4718488497,6,9,3,35,2021,0
2021-09-19,Colorado,118347312.2,Beverages,118347312.2,117952267.82142857,115582001.55,125211801.65714283,117162179.06428573,117882050.02261904,853393.3939613029,6,9,3,37,2021,0
2021-09-26,Colorado,116470674.8,Beverages,116470674.8,116738765.85714284,118347312.2,121491236.67142856,117274947.9714286,116525612.70119049,579142.8749677137,6,9,3,38,2021,0
2021-10-01,Colorado,99984580.5,Beverages,99984580.5,103281799.36,117006856.91428572,117164998.44285716,109443504.53673469,114417409.47214286,6485174.002332233,4,10,4,39,2021,0
2021-10-10,Colorado,163295548.0,Beverages,163295548.0,156260996.05555555,114053684.3888889,114791912.79285714,142191892.16666666,120704666.70238094,15196369.027141774,6,10,4,40,2021,0
2021-10-17,Colorado,158171904.69999996,Beverages,158171904.69999996,158903853.7428571,163295548.0,117557223.44285716,160367751.82857138,130970321.05738094,1581190.6504016102,6,10,4,41,2021,0
2021-10-24,Colorado,157175507.0,Beverages,157175507.0,157317849.52857143,158171904.69999996,117006856.91428572,157602534.58571428,140277086.62190476,307495.006009102,6,10,4,42,2021,0
2021-10-31,Colorado,155305035.70000005,Beverages,155305035.70000005,155572245.88571432,157175507.0,99984580.5,156106666.25714287,151165157.69,577239.975195992,6,10,4,43,2021,0
2021-11-04,Colorado,107102292.8,Beverages,107102292.8,119152978.525,156106666.25714287,128122788.27777778,138204289.02959186,152179472.4935185,19620903.151571,3,11,4,44,2021,0
2021-11-07,Colorado,127485651.3,Beverages,127485651.3,120691198.46666668,155305035.70000005,149226444.1111111,123255268.70714286,150029403.12351853,11922948.501820348,6,11,4,44,2021,0
2021-11-14,Colorado,156901319.00000003,Beverages,156901319.00000003,152699080.7571429,127485651.3,159635802.78571427,144294604.2714286,146196309.17309523,9077872.134963289,6,11,4,45,2021,0
2021-11-21,Colorado,160371574.7,Beverages,160371574.7,159875823.8857143,156901319.00000003,157460192.05714285,158884322.25714287,146409312.89928573,1070944.1594692073,6,11,4,46,2021,0
2021-11-28,Colorado,147374438.29999998,Beverages,147374438.29999998,149231172.07142857,160371574.7,155839456.0714286,152944639.6142857,145550970.85119048,4011003.37286817,6,11,4,47,2021,0
2021-12-09,Colorado,117995179.2,Beverages,117995179.2,120666020.93636364,136691071.35454544,135890127.7857143,126007704.4090909,145671007.07904762,5769677.579952307,3,12,4,49,2021,0
2021-12-12,Colorado,158281659.0,Beverages,158281659.0,144852832.4,128678546.14545454,148496842.51428574,131794894.91688313,145726829.89190477,14671456.613679113,6,12,4,49,2021,0
2021-12-19,Colorado,163200758.70000005,Beverages,163200758.70000005,162498030.17142862,158281659.0,159380073.07142857,161092573.11428574,146596988.38619047,1518067.1250141305,6,12,4,50,2021,0
2021-12-26,Colorado,156967757.4,Beverages,156967757.4,157858186.15714288,163200758.70000005,151087905.84285712,159639043.6714286,147370956.39238098,1923545.961815375,6,12,4,51,2021,0
2022-01-05,Colorado,166665062.60000002,Beverages,166665062.60000002,165695332.08,159876948.96,126007704.4090909,163755871.04000002,155489687.67030302,2094857.3491500632,2,1,1,1,2022,0
2022-01-16,Colorado,156254016.4,Beverages,156254016.4,157200475.14545456,162879227.61818182,161795301.64285716,159093392.63636366,161234475.2857143,2044584.5703429708,6,1,1,2,2022,0
2022-01-23,Colorado,150034320.4,Beverages,150034320.4,150922848.4,156254016.4,158748614.91428572,152699904.4,159252914.61190477,1919439.857090592,6,1,1,3,2022,0
2022-01-30,Colorado,152646637.4,Beverages,152646637.4,152273449.25714287,150034320.4,161816410.0,151527072.97142857,157468875.36,806178.5285232482,6,1,1,4,2022,0
2022-02-01,Colorado,151947526.0,Beverages,151947526.0,152297081.7,150780696.6857143,163755871.04000002,151963701.89591837,156725628.5646667,504020.7199636328,1,2,1,5,2022,0
2022-02-10,Colorado,171144802.70000002,Beverages,171144802.70000002,169011771.95555556,156213587.4888889,160986310.12727275,164745710.46666667,156269407.87515154,4607873.052158515,3,2,1,6,2022,0
2022-02-13,Colorado,155012982.89999998,Beverages,155012982.89999998,160390256.16666666,162612679.72222224,158146933.8909091,164707399.26190475,156399094.22818184,5453245.058411378,6,2,1,6,2022,0
2022-02-20,Colorado,151291673.4,Beverages,151291673.4,151823289.04285714,155012982.89999998,151811376.4,152886520.3285714,156026060.52,1148421.044190167,6,2,1,7,2022,0
2022-02-27,Colorado,155238168.39999998,Beverages,155238168.39999998,154674383.39999998,151291673.4,151900261.1142857,153546813.4,156629430.54857144,1217914.798216028,6,2,1,8,2022,0
2022-03-04,Colorado,166188104.2,Beverages,166188104.2,163998117.04,154110598.39999998,154080556.74444446,159850457.3142857,158155943.8251852,4381548.378852944,4,3,1,9,2022,0
2022-03-07,Colorado,192748763.7,Beverages,192748763.7,183895210.53333333,157428155.55999997,160479648.97777778,171899732.2057143,160710803.05518517,12491206.258629674,0,3,1,10,2022,0
2022-03-13,Colorado,165585876.8,Beverages,165585876.8,170113024.61666667,183895210.53333333,165767529.43333334,179167320.25,162752844.47388887,9779757.034393126,6,3,1,10,2022,0
2022-03-20,Colorado,154499195.1,Beverages,154499195.1,156083006.77142856,165585876.8,152354904.68571427,159250630.11428574,163828194.20309526,3421424.25254638,6,3,1,11,2022,0
2022-03-27,Colorado,156865111.2,Beverages,156865111.2,156527123.18571427,154499195.1,154110598.39999998,155851147.15714285,164592458.39166662,730137.5599164615,6,3,1,12,2022,0
2022-04-09,Colorado,190922801.0,Beverages,190922801.0,188302978.7076923,172584044.95384616,179167320.25,183063334.1230769,166456726.29833335,5659462.984118028,5,4,2,14,2022,0
2022-04-12,Colorado,158470699.00000003,Beverages,158470699.00000003,169288066.33333334,180443511.83076924,165585876.8,179405209.8923077,166374230.47,11588214.801236551,1,4,2,15,2022,0
2022-04-17,Colorado,166284415.89999998,Beverages,166284415.89999998,164721672.51999998,180105433.6666667,157666818.44285715,163364773.0047619,166761645.0290476,3734320.362551626,6,4,2,15,2022,0
2022-04-24,Colorado,160943181.9,Beverages,160943181.9,161706215.32857144,166284415.89999998,156189135.17142856,163232282.18571427,168577577.61952382,1648340.598262003,6,4,2,16,2022,0
2022-05-06,Colorado,176922383.39999998,Beverages,176922383.39999998,175590783.27499998,167601182.525,183063334.1230769,172927583.02499995,168879224.9557692,2876585.0413639573,4,5,2,18,2022,0
2022-05-15,Colorado,172753761.9,Beverages,172753761.9,173216942.06666666,175996023.06666666,163158929.14,174143302.4,169342446.64566666,1000583.5189368149,6,5,2,19,2022,0
2022-05-22,Colorado,170755924.79999998,Beverages,170755924.79999998,171041330.1,172753761.9,162469248.75714284,171612140.7,171019190.59261903,616545.9144161788,6,5,2,20,2022,0
2022-05-29,Colorado,175164905.2,Beverages,175164905.2,174535050.85714284,170755924.79999998,167601182.525,173275342.17142853,173205460.1458333,1360640.8912740296,6,5,2,21,2022,0
2022-06-02,Colorado,153916049.30000004,Beverages,153916049.30000004,159228263.27500004,173275342.17142856,172927583.02499998,167306090.51734692,171999351.80249998,8329118.845328574,3,6,2,22,2022,0
2022-06-03,Colorado,162120987.1,Beverages,162120987.1,153916049.30000004,173905196.5142857,174259183.14999998,165622632.02959183,171594745.2675,7955545.1789661795,4,6,2,22,2022,0
2022-06-11,Colorado,163509209.70000002,Beverages,163509209.70000002,163335681.875,162294514.925,174143302.4,162988626.225,168224552.43166667,374862.94592583546,5,6,2,23,2022,0
2022-06-19,Colorado,188954673.1,Beverages,188954673.1,185773990.175,166689892.625,171326735.39999998,179412624.32500002,169672542.655,6871060.426926101,6,6,2,24,2022,0
2022-06-26,Colorado,183110600.8,Beverages,183110600.8,183945468.27142856,188954673.1,173905196.5142857,185615203.2142857,172815266.93690476,1803519.8666211427,6,6,2,25,2022,0
2022-07-08,Colorado,191155092.2,Beverages,191155092.2,190484717.91666663,186462472.21666667,162988626.22500002,189143969.35,182050271.1575,1448173.9670544805,4,7,3,27,2022,0
2022-07-17,Colorado,191510122.1,Beverages,191510122.1,191470674.3333333,191233987.7333333,182593307.25,191391778.8,188194082.2925,85216.91562723184,6,7,3,28,2022,0
2022-07-24,Colorado,190447519.1,Beverages,190447519.1,190599319.52857143,191510122.1,184780335.7428572,190902920.3857143,189172129.82571423,327926.4051580639,6,7,3,29,2022,0
2022-07-31,Colorado,187086252.1,Beverages,187086252.1,187566433.1,190447519.1,186462472.21666667,188526795.1,190072892.43833333,1037309.5164334166,6,7,3,30,2022,0
2022-08-05,Colorado,168274038.0,Beverages,168274038.0,172036480.82,188046614.1,189814343.63333333,179092471.9142857,187960447.2005556,7433097.164567866,4,8,3,31,2022,0
2022-08-14,Colorado,194019812.6,Beverages,194019812.6,191159170.97777772,173995321.24444443,191431226.56666663,185437887.73333332,185372621.26777777,6179692.194898078,6,8,3,32,2022,0
2022-08-21,Colorado,185820295.7,Beverages,185820295.7,186991655.25714284,194019812.6,190751119.9571429,189334374.37142852,184942161.93761903,2530425.851480883,6,8,3,33,2022,0
2022-08-28,Colorado,184995506.50000003,Beverages,184995506.50000003,185113333.52857143,185820295.7,188046614.1,185348987.58571428,183987535.07,254535.4731391173,6,8,3,34,2022,0
2022-09-01,Colorado,153105242.59999996,Beverages,153105242.59999996,161077808.575,185348987.5857143,179561366.46,173656623.83367348,181411485.247,12954612.061412051,3,9,3,35,2022,0
2022-09-10,Colorado,171131406.6,Beverages,171131406.6,169128499.4888889,157111056.8222222,185437887.7333333,165122685.26666665,177486513.8761111,4326773.876702809,5,9,3,36,2022,0
2022-09-18,Colorado,178738199.3,Beverages,178738199.3,177787350.2125,172082255.6875,188163014.8142857,175885652.0375,173395701.78857142,2054068.7931343992,6,9,3,37,2022,0
2022-09-25,Colorado,173668948.4,Beverages,173668948.4,174393127.1,178738199.3,185231160.55714288,175841484.5,171087180.7042857,1564404.7913357762,6,9,3,38,2022,0
2022-10-04,Colorado,164003270.1,Beverages,164003270.1,165077234.35555556,171521019.8888889,159113963.9333333,167225162.86666664,171520306.2827778,2320027.953204498,1,10,4,40,2022,0
2022-10-07,Colorado,188835246.9,Beverages,188835246.9,180557921.3,168299127.1222222,165122685.26666665,172018661.40476188,173264120.59722224,9359663.2059206,4,10,4,40,2022,0
2022-10-16,Colorado,168565630.3,Beverages,168565630.3,170817809.92222223,184330887.6555556,176836501.125,175322169.1666667,174731699.60375002,4865264.045953051,6,10,4,41,2022,0
2022-10-23,Colorado,165083337.9,Beverages,165083337.9,165580808.24285716,168565630.3,175117305.8,166575748.92857146,172287578.83666667,1074658.7657347023,6,10,4,42,2022,0
2022-10-30,Colorado,159706081.7,Beverages,159706081.7,160474261.15714285,165083337.9,168299127.1222222,162010620.07142857,170080145.06444445,1659457.2905291817,6,10,4,43,2022,0
2022-11-09,Colorado,183501224.5,Beverages,183501224.5,181121710.22,166844624.54,182078708.03333333,176362681.66,169107172.0511111,5140338.345612416,2,11,4,45,2022,0
2022-11-12,Colorado,166933506.70000002,Beverages,166933506.70000002,172456079.3,173983167.38,175322169.1666667,176728007.1742857,168595345.10222223,5554536.254936153,5,11,4,45,2022,0
2022-11-13,Colorado,165084506.00000003,Beverages,165084506.00000003,166933506.70000002,176362681.66,173069989.54444444,175116839.22285715,168329162.31740743,7099106.278664407,6,11,4,45,2022,0
2022-11-20,Colorado,166380492.10000002,Beverages,166380492.10000002,166195351.22857144,165084506.00000003,166078278.58571428,165825069.48571435,167863360.64476192,399949.9934667345,6,11,4,46,2022,0
2022-11-27,Colorado,159140608.9,Beverages,159140608.9,160174877.92857143,166380492.10000002,161242440.6142857,162243415.9857143,167568219.5819048,2234276.4621885023,6,11,4,47,2022,0
2022-12-06,Colorado,189261834.7,Beverages,189261834.7,185915031.8333333,165834214.63333333,176362681.66,179221426.09999996,170172296.06533334,7229920.515850972,1,12,4,49,2022,0
2022-12-18,Colorado,172438878.20000002,Beverages,172438878.20000002,173840791.24166667,182252269.49166667,166010210.3571429,176644617.32500002,173764805.44928572,3028478.30158497,6,12,4,50,2022,0
2022-12-25,Colorado,174350868.5,Beverages,174350868.5,174077727.02857143,172438878.20000002,161209146.95714286,173531444.08571428,175956666.7892857,590053.0167668685,6,12,4,51,2022,0
2023-01-01,Colorado,157223681.6,Beverages,157223681.6,159670422.58571428,174350868.5,175874623.23333332,164563904.55714282,175514225.375,5285564.628193886,6,1,1,52,2023,0
2023-01-15,Colorado,164136084.70000002,Beverages,164136084.70000002,163642341.62142858,160679883.15,175242704.28333336,162654855.4642857,165530722.5197222,1066606.954619904,6,1,1,2,2023,0
2023-01-22,Colorado,157271987.79999998,Beverages,157271987.79999998,158252573.07142857,164136084.70000002,173804585.55714285,160213743.6142857,162494889.9459524,2118306.2922699424,6,1,1,3,2023,0
2023-01-29,Colorado,159977860.39999998,Beverages,159977860.39999998,159591307.17142856,157271987.79999998,162117163.57142857,158818200.71428567,160103076.0045238,835050.4135046109,6,1,1,4,2023,0
2023-02-04,Colorado,164277029.20000002,Beverages,164277029.20000002,163560501.06666666,159591307.17142856,159198653.91428572,162127444.79999998,160909342.39880952,1547877.6784168642,5,2,1,5,2023,0
2023-02-19,Colorado,161916342.4,Beverages,161916342.4,162073721.52,163017996.24,159233158.34285712,162388479.76000002,161581205.42238095,339977.75602559873,6,2,1,7,2023,0
2023-02-26,Colorado,162974536.39999998,Beverages,162974536.39999998,162823365.8285714,161916342.4,159204753.94285712,162521024.68571427,162580017.9057143,326565.7582239623,6,2,1,8,2023,0
2023-03-19,Colorado,175970340.2,Beverages,175970340.2,175351492.39999998,171638405.6,162231100.64000002,174113796.79999998,167568544.76399997,1336864.0411904624,6,3,1,11,2023,0
2023-03-26,Colorado,162208710.6,Beverages,162208710.6,164174657.68571427,175970340.2,162672195.25714284,168106551.85714287,168932095.7142857,4246931.09643473,6,3,1,12,2023,0
2023-04-16,Colorado,171275346.0,Beverages,171275346.0,170843601.45714286,168253134.2,174732644.6,169980112.37142855,167806120.2533333,932674.8100682448,6,4,2,15,2023,0
2023-04-23,Colorado,171663317.7,Beverages,171663317.7,171607893.17142856,171275346.0,166140604.77142856,171497044.1142857,167765952.96952382,119730.6659826046,6,4,2,16,2023,0
2023-04-30,Colorado,176581203.7,Beverages,176581203.7,175878648.55714285,171663317.7,164367433.3142857,174473538.27142856,170346342.25190476,1517692.569061169,6,4,2,17,2023,0
2023-05-02,Colorado,160037908.20000002,Beverages,160037908.20000002,168309555.95,173068427.9857143,165230922.4,172032561.60306123,170290254.38166666,5945268.144789828,1,5,2,18,2023,0
2023-05-03,Colorado,176596201.70000002,Beverages,176596201.70000002,160037908.20000002,173770983.12857142,165662666.94285715,172436164.25612244,170654705.54023808,6174432.709486195,2,5,2,18,2023,0
2023-07-05,Colorado,184271718.6,Beverages,184271718.6,184149884.9984127,183418883.3888889,180616710.5523809,183906217.79523808,182505131.3769841,263190.6600556525,2,7,3,27,2023,0
2023-08-01,Colorado,159222411.60000002,Beverages,159222411.60000002,160150163.71111113,165716676.3777778,183906217.79523808,162005667.93333334,172569858.63984126,2004173.621504556,1,8,3,31,2023,0
2023-09-04,Colorado,176090725.70000002,Beverages,176090725.70000002,175594598.8147059,172617837.5029412,161206919.1411765,174602345.04411766,168896885.8632353,1071756.5656959729,0,9,3,36,2023,0
2023-12-02,Colorado,167733876.8,Beverages,167733876.8,167827773.9786517,168391157.05056182,170550792.15955058,168015568.33595508,169095385.89044946,202841.0890409403,5,12,4,48,2023,0
2023-12-03,Colorado,187274807.4,Beverages,187274807.4,167733876.8,168297259.87191013,170456894.9808989,170726646.55425364,169655982.97108614,7298814.863945205,6,12,4,48,2023,0
2019-03-11,Connecticut,48505472.5,Beverages,48505472.5,48526333.31896552,48651498.23275862,49131297.06896552,48568054.95689655,48807954.375,45064.51949052831,0,3,1,11,2019,0
2019-06-10,Connecticut,53879305.8,Beverages,53879305.8,53820252.68681318,53465934.00769231,52107712.4043956,53702146.46043956,53023035.65879121,127569.30466521552,0,6,2,24,2019,0
2019-08-12,Connecticut,50434583.2,Beverages,50434583.2,50489261.33650794,50817330.15555556,52074927.29523809,50598617.60952382,51227416.17936508,118118.27486061538,0,8,3,33,2019,0
2019-10-11,Connecticut,51251704.5,Beverages,51251704.5,51238085.81166667,51156373.681666665,50843143.85,51210848.435,51054233.51916667,29419.72924866296,4,10,4,41,2019,0
2019-10-13,Connecticut,50404578.0,Beverages,50404578.0,50828141.25,51183611.05833334,50870381.22666667,51050722.12380952,51037752.702,321412.4518270546,6,10,4,41,2019,0
2019-10-20,Connecticut,47666438.8,Beverages,47666438.8,48057601.54285714,50404578.0,50965712.045,48839927.02857143,50551269.28,845008.1024451114,6,10,4,42,2019,0
2019-10-27,Connecticut,48601957.3,Beverages,48601957.3,48468311.8,47666438.8,51061042.86333334,48201020.8,49893463.880388886,288707.27700321376,6,10,4,43,2019,0
2019-11-17,Connecticut,49800476.2,Beverages,49800476.2,49743403.87142857,49400969.9,48448764.28571428,49629259.21428573,48898533.238095246,123290.32084247268,6,11,4,46,2019,0
2019-11-24,Connecticut,51528057.900000006,Beverages,51528057.900000006,51281260.51428572,49800476.2,48334666.3,50787665.74285715,49546958.01666667,533143.2872865634,6,11,4,47,2019,0
2019-12-15,Connecticut,49935384.2,Beverages,49935384.2,50011225.80476191,50466275.43333334,49686331.54285715,50162909.01428572,50654244.84904762,163836.59153802347,6,12,4,50,2019,0
2019-12-22,Connecticut,52849555.1,Beverages,52849555.1,52433244.97142857,49935384.2,51034463.12857144,51600624.71428572,50952783.2204762,899332.6644642091,6,12,4,51,2019,0
2019-12-29,Connecticut,51807783.8,Beverages,51807783.8,51956608.27142857,52849555.1,51148849.87619048,52254257.21428572,51168377.10904762,321497.6029691384,6,12,4,52,2019,0
2020-01-03,Connecticut,49149288.9,Beverages,49149288.9,49680987.88,52105432.74285714,50769641.85238096,50689689.48163266,51050270.74206349,1066138.959302598,4,1,1,1,2020,0
2020-01-11,Connecticut,49676493.3,Beverages,49676493.3,49610592.75,49215189.45,50162909.01428572,49478791.64999999,50788267.20714285,142361.45881129766,5,1,1,2,2020,0
2020-01-19,Connecticut,49862781.1,Beverages,49862781.1,49839495.125,49699779.275,52016934.842857145,49792923.175,50531433.57904761,50303.45529637753,6,1,1,3,2020,0
2020-01-26,Connecticut,45722598.3,Beverages,45722598.3,46314052.98571429,49862781.1,52105432.74285714,47496962.35714286,49370784.51238095,1277688.150990889,6,1,1,4,2020,0
2020-02-02,Connecticut,47694238.8,Beverages,47694238.8,47412575.87142857,45722598.3,49149288.9,46849250.01428572,48474681.97,608461.4681418957,6,2,1,5,2020,0
2020-02-08,Connecticut,61118340.7,Beverages,61118340.7,58880990.38333334,47412575.87142857,49544692.2,54406289.75,49703686.78666666,4833229.084605809,5,2,1,6,2020,0
2020-02-16,Connecticut,45861184.4,Beverages,45861184.4,47768328.9375,59211196.1625,49816209.15,51582618.0125,50452169.15083333,4119903.0739741456,6,2,1,7,2020,0
2020-02-23,Connecticut,47425737.0,Beverages,47425737.0,47202229.48571429,45861184.4,46905507.67142857,46755214.45714285,50023573.809523806,482831.4147433412,6,2,1,8,2020,0
2020-03-05,Connecticut,52974800.3,Beverages,52974800.3,52470340.0,49443578.2,52168939.43333333,51461419.4,51120092.37166666,1089758.7989802326,3,3,1,10,2020,0
2020-03-15,Connecticut,59045572.400000006,Beverages,59045572.400000006,58438495.190000005,54796031.93,49675473.475,57224340.77,51301025.02958333,1311436.6606408905,6,3,1,11,2020,0
2020-03-22,Connecticut,57791337.2,Beverages,57791337.2,57970513.65714286,59045572.400000006,46978721.97142857,58328866.57142858,54034825.62785714,387065.3860004998,6,3,1,12,2020,0
2020-03-29,Connecticut,49852833.0,Beverages,49852833.0,50986905.02857143,57791337.2,49948038.5,53255049.08571429,55150218.54833333,2449875.5834962195,6,3,1,13,2020,0
2020-04-10,Connecticut,55141356.1,Beverages,55141356.1,54700645.84166667,52056384.29166666,56617263.56,53819225.325,54874554.403000005,952042.9691287198,4,4,2,15,2020,0
2020-04-19,Connecticut,50759622.7,Beverages,50759622.7,51246481.96666667,54167637.56666667,58149690.11428572,52220200.5,53184004.28357143,1051736.2212943786,6,4,2,16,2020,0
2020-04-26,Connecticut,48865178.3,Beverages,48865178.3,49135813.21428571,50759622.7,52120977.05714286,49677083.04285715,51851741.779285714,584638.2344734947,6,4,2,17,2020,0
2020-05-01,Connecticut,51480724.7,Beverages,51480724.7,50957615.42,49406448.12857143,51174963.775,50024788.887755096,51822742.85,975598.003398289,4,5,2,18,2020,0
2020-05-04,Connecticut,53631291.6,Beverages,53631291.6,52914435.96666667,49388287.58,52497094.55,51646793.00285715,51908548.017500006,1343645.7669089856,0,5,2,19,2020,0
2020-05-07,Connecticut,64622006.9,Beverages,64622006.9,60958435.13333333,50957615.42,53819225.325,56157048.28571428,52666540.02416667,5007375.11729464,3,5,2,19,2020,0
2020-05-17,Connecticut,53808717.8,Beverages,53808717.8,54890046.70999999,61378020.17,51733341.23333333,57052704.53,54342793.63055555,2335937.425133955,6,5,2,20,2020,0
2020-05-24,Connecticut,58935642.5,Beverages,58935642.5,58203224.68571429,53808717.8,49406448.12857143,56738389.05714286,55856927.92880952,1582203.3124267147,6,5,2,21,2020,0
2020-05-31,Connecticut,56522796.2,Beverages,56522796.2,56867488.52857144,58935642.5,51480724.7,57556873.18571429,57614414.265,744620.5340671324,6,5,2,22,2020,0
2020-06-09,Connecticut,57635875.2,Beverages,57635875.2,57512199.75555556,56770147.08888889,61378020.17,57264848.86666667,57123544.273666665,267169.4954012219,1,6,2,24,2020,0
2020-06-12,Connecticut,50343532.3,Beverages,50343532.3,52774313.266666666,57141173.42222223,58134033.44,55446341.13333333,56479439.36533333,2868724.1102647795,4,6,2,24,2020,0
2020-06-14,Connecticut,58424323.0,Beverages,58424323.0,54383927.65,57388524.31111112,55971375.62,55182752.20079365,56472245.04866667,2938513.421865798,6,6,2,24,2020,0
2020-06-21,Connecticut,57546803.2,Beverages,57546803.2,57672163.171428576,58424323.0,57470806.87142857,57922883.11428572,57029963.75119048,270808.48959571455,6,6,2,25,2020,0
2020-06-28,Connecticut,61324731.7,Beverages,61324731.7,60785027.62857144,57546803.2,57212180.85714286,59705619.4857143,57406385.13928571,1165894.046934378,6,6,2,26,2020,0
2020-07-06,Connecticut,59096839.2,Beverages,59096839.2,59375325.7625,61046245.1375,57264848.86666667,59932298.8875,58254654.84222223,601599.7331841803,0,7,3,28,2020,0
2020-07-19,Connecticut,60398186.5,Beverages,60398186.5,60298082.86153846,59697461.03076923,57797523.14285714,60097875.58461539,59703299.36071429,216248.574611278,6,7,3,29,2020,0
2020-07-26,Connecticut,58895237.3,Beverages,58895237.3,59109944.328571424,60398186.5,60245323.55714286,59539358.385714285,59894198.202619046,463820.1927653175,6,7,3,30,2020,0
2020-08-03,Connecticut,54082293.8,Beverages,54082293.8,54683911.7375,58293619.3625,59653812.325,55887147.6125,58737322.23375,1299643.284149418,0,8,3,32,2020,0
2020-08-11,Connecticut,53427772.5,Beverages,53427772.5,53509587.6625,54000478.6375,59697461.03076923,53673217.9875,57222576.49974359,176740.95112010467,1,8,3,33,2020,0
2020-08-16,Connecticut,59759999.3,Beverages,59759999.3,58493553.94,53591402.825,60197979.223076925,56153271.86607143,56760799.27205128,2457026.5872332985,6,8,3,33,2020,0
2020-08-23,Connecticut,56648743.7,Beverages,56648743.7,57093208.78571429,59759999.3,59324651.35714286,57982138.95714285,56307745.147619046,960154.3233365228,6,8,3,34,2020,0
2020-08-30,Connecticut,56701167.7,Beverages,56701167.7,56693678.55714286,56648743.7,55887147.6125,56678700.27142858,56084205.24208333,16178.397630928635,6,8,3,35,2020,0
2020-09-02,Connecticut,49722500.2,Beverages,49722500.2,52048722.7,56671211.12857143,54082293.8,54700843.43469388,55820686.33833334,2821053.607257681,2,9,3,36,2020,0
2020-09-08,Connecticut,61462742.5,Beverages,61462742.5,59506035.45,52048722.7,53591402.825,55592621.35000001,56375693.16708334,4226970.337932171,1,9,3,37,2020,0
2020-09-13,Connecticut,53851189.7,Beverages,53851189.7,55373500.260000005,57549328.4,57227108.58,57921118.86428572,56697683.30966666,2692137.8091268227,6,9,3,37,2020,0
2020-09-20,Connecticut,52199488.2,Beverages,52199488.2,52435445.55714286,53851189.7,57537673.87142857,52907360.27142858,55363181.59119048,509726.1491747353,6,9,3,38,2020,0
2020-09-27,Connecticut,52925030.1,Beverages,52925030.1,52821381.25714286,52199488.2,56686189.41428572,52614083.571428575,54403200.8202381,223907.0914155428,6,9,3,39,2020,0
2020-10-05,Connecticut,54553226.2,Beverages,54553226.2,54349701.6875,53128554.6125,55592621.35,53942652.66250001,54412479.68666668,439663.1970939701,0,10,4,41,2020,0
2020-10-18,Connecticut,50287285.400000006,Beverages,50287285.400000006,50615434.692307696,52584330.44615385,52671402.91428572,51271733.27692308,52766366.56690477,708883.4912707029,6,10,4,42,2020,0
2020-10-25,Connecticut,51161592.7,Beverages,51161592.7,51036691.65714286,50287285.400000006,52717732.41428572,50786889.571428575,52377070.55357143,269817.0905725769,6,10,4,43,2020,0
2020-11-10,Connecticut,52812895.9,Beverages,52812895.9,52709689.45,52090450.75,52584330.44615385,52503276.55,51567730.67794872,222951.41361786955,1,11,4,46,2020,0
2020-11-15,Connecticut,51093362.6,Beverages,51093362.6,51437269.26,52606483.0,50943583.98461539,52061209.27857143,51597946.23641025,653244.5467381034,6,11,4,46,2020,0
2020-11-22,Connecticut,53017863.7,Beverages,53017863.7,52742934.97142857,51093362.6,50911790.61428572,52193077.51428572,51969242.23190476,593913.9334714857,6,11,4,47,2020,0
2020-11-29,Connecticut,53722581.4,Beverages,53722581.4,53621907.44285714,53017863.7,51677624.95,53420559.52857144,52448894.635000005,217480.6037753441,6,11,4,48,2020,0
2020-12-01,Connecticut,48415563.8,Beverages,48415563.8,51069072.6,53219211.61428572,51884037.85,52441543.40408164,52309553.54,2000924.523767532,1,12,4,49,2020,0
2020-12-04,Connecticut,53431059.2,Beverages,53431059.2,51759227.4,53521233.48571429,52193657.2,51729543.92040817,52276431.205000006,2023388.7071593767,4,12,4,49,2020,0
2020-12-07,Connecticut,58824663.8,Beverages,58824663.8,57026795.6,51069072.6,52503276.55,53539090.4,52739103.755,3748360.256335674,0,12,4,50,2020,0
2020-12-13,Connecticut,51911248.3,Beverages,51911248.3,53063484.21666666,57026795.6,51781175.92,55367956.05,53213994.17033333,2489114.0664363266,6,12,4,50,2020,0
2020-12-20,Connecticut,53144299.9,Beverages,53144299.9,52968149.67142857,51911248.3,52468006.24285714,52615849.21428572,53420313.12738095,380527.9851122588,6,12,4,51,2020,0
2020-12-27,Connecticut,54173404.1,Beverages,54173404.1,54026389.21428572,53144299.9,53521233.48571429,53732359.442857146,53545856.11309524,317588.45104019606,6,12,4,52,2020,0
2021-01-08,Connecticut,62411952.9,Beverages,62411952.9,61725407.16666666,57606132.766666666,56520191.96666666,60352315.7,55420909.523333326,1483108.2917773568,4,1,1,1,2021,0
2021-01-17,Connecticut,50424393.1,Beverages,50424393.1,51756344.18888889,59748050.722222224,52791999.44285714,54420246.36666668,56254671.97238096,2877343.2100169654,6,1,1,2,2021,0
2021-01-24,Connecticut,48601548.0,Beverages,48601548.0,48861954.442857146,50424393.1,53879374.32857143,49382767.328571424,55309345.27047619,562542.2107836105,6,1,1,3,2021,0
2021-01-31,Connecticut,49340662.6,Beverages,49340662.6,49235074.8,48601548.0,57606132.766666666,49023899.2,53769421.75666666,228095.71757082,6,1,1,4,2021,0
2021-02-05,Connecticut,56650298.9,Beverages,56650298.9,55188371.64,49129487.0,61038861.43333333,52458279.9,52779534.15888889,2872922.65886457,4,2,1,5,2021,0
2021-02-14,Connecticut,48445497.3,Beverages,48445497.3,49357141.92222222,54827009.655555554,53088295.277777776,51180431.16666666,50949610.23296296,1969377.4685733824,6,2,1,6,2021,0
2021-02-21,Connecticut,48419982.3,Beverages,48419982.3,48423627.3,48445497.3,49122360.885714285,48430917.3,50570270.73142858,7874.099925784199,6,2,1,7,2021,0
2021-02-28,Connecticut,50433783.7,Beverages,50433783.7,50146097.78571429,48419982.3,49129487.0,49570725.95714287,50734938.13999999,621472.6043565138,6,2,1,8,2021,0
2021-03-01,Connecticut,51177327.8,Beverages,51177327.8,50433783.7,48707668.21428571,49235074.8,49923534.46938776,50799679.906666666,739634.2652028862,0,3,1,9,2021,0
2021-03-10,Connecticut,85104099.60000001,Beverages,85104099.60000001,81334458.2888889,58716610.42222222,53915365.03333333,73795175.66666667,55725543.09777778,8143355.954439255,2,3,1,10,2021,0
2021-03-14,Connecticut,61969852.6,Beverages,61969852.6,67753414.35,73795175.66666667,50268786.54444444,75226307.96666667,58260068.66407407,8078192.874371043,6,3,1,10,2021,0
2021-03-21,Connecticut,59840727.7,Beverages,59840727.7,60144888.400000006,61969852.6,48427272.3,60753209.8,61103302.59333334,657062.2091161864,6,3,1,11,2021,0
2021-03-28,Connecticut,53057117.3,Beverages,53057117.3,54026204.5,59840727.7,49858411.87142857,55964378.89999999,62719697.342857145,2093467.6191154623,6,3,1,12,2021,0
2021-04-04,Connecticut,55135293.2,Beverages,55135293.2,54838410.92857143,53057117.3,66255893.04444445,54244646.38571429,62238017.04629631,641339.0063610696,6,4,2,13,2021,0
2021-04-07,Connecticut,65723602.4,Beverages,65723602.4,62194166.0,53947764.11428572,77564816.97777778,57906053.88163266,61077916.07962964,4507235.703142662,2,4,2,14,2021,0
2021-04-18,Connecticut,53130379.3,Beverages,53130379.3,54275217.76363636,61144248.54545455,60449049.1,56564894.69090909,57514385.96333334,2473133.7414637604,6,4,2,15,2021,0
2021-04-25,Connecticut,54592899.6,Beverages,54592899.6,54383968.12857143,53130379.3,54995291.7,53966105.18571429,56618045.62,451343.5633554773,6,4,2,16,2021,0
2021-05-09,Connecticut,61558289.8,Beverages,61558289.8,61060761.92857143,58075594.7,63433925.47272727,60065706.18571428,57123045.18636363,1074783.0416535805,6,5,2,18,2021,0
2021-05-12,Connecticut,79199934.39999999,Beverages,79199934.39999999,73319386.19999999,59568178.31428571,59999410.08181818,66172307.22448979,58340558.95181818,7511915.40222092,2,5,2,19,2021,0
2021-05-16,Connecticut,57398523.400000006,Beverages,57398523.400000006,62848876.150000006,61558289.8,55420056.22727272,68893481.24285714,59465457.4321212,7309055.47800063,6,5,2,19,2021,0
2021-05-23,Connecticut,62710961.8,Beverages,62710961.8,61952042.02857143,57398523.400000006,54175036.657142855,60434202.48571428,61027055.82428572,1639454.0831748943,6,5,2,20,2021,0
2021-05-30,Connecticut,61165551.0,Beverages,61165551.0,61386323.97142857,62710961.8,57080538.95714286,61827869.91428571,62473416.010952376,476924.127016692,6,5,2,21,2021,0
2021-06-06,Connecticut,60103151.5,Beverages,60103151.5,60254922.85714286,61165551.0,60563234.05714285,60558465.571428575,62820572.87428571,327863.60369798413,6,6,2,22,2021,0
2021-06-13,Connecticut,64410423.9,Beverages,64410423.9,63795099.27142857,60103151.5,68299228.9,62564450.014285706,61264743.84833334,1329253.121039102,6,6,2,23,2021,0
2021-06-20,Connecticut,62381124.0,Beverages,62381124.0,62671023.98571429,64410423.9,61193122.25714286,63250823.95714287,62069142.33428572,626255.5452968014,6,6,2,24,2021,0
2021-06-27,Connecticut,62839851.2,Beverages,62839851.2,62774318.74285714,62381124.0,61607096.94285714,62643253.82857143,62189027.61904762,141566.28736301328,6,6,2,25,2021,0
2021-07-02,Connecticut,53205534.9,Beverages,53205534.9,55132398.16,62708786.28571429,60710236.92857143,58701496.72040816,61527641.1947619,3748923.42684804,4,7,3,26,2021,0
2021-07-03,Connecticut,55369442.5,Beverages,55369442.5,53205534.9,62774318.74285714,60558465.571428575,57643657.25714286,61354673.75904762,3440157.3838300784,5,7,3,26,2021,0
2021-07-11,Connecticut,81651391.19999999,Beverages,81651391.19999999,78366147.61249998,58654686.0875,63179774.64285714,71795660.43749999,63711804.214047626,7096937.27389844,6,7,3,27,2021,0
2021-07-18,Connecticut,60635362.5,Beverages,60635362.5,63637652.31428571,81651391.19999999,62960923.97142857,69642231.94285713,65098020.23785714,6485687.262619141,6,7,3,28,2021,0
2021-07-25,Connecticut,62040830.6,Beverages,62040830.6,61840049.442857146,60635362.5,62708786.28571429,61438487.12857143,64835642.07309524,433736.8721914154,6,7,3,29,2021,0
2021-08-08,Connecticut,64615187.5,Beverages,64615187.5,64431304.86428572,63328009.05,75080904.02499999,64063539.592857145,65515395.915416665,397231.89367045823,6,8,3,31,2021,0
2021-08-15,Connecticut,64943054.9,Beverages,64943054.9,64896216.7,64615187.5,66639942.12857142,64802540.3,63194650.39880953,101182.07633693924,6,8,3,32,2021,0
2021-08-22,Connecticut,63753983.7,Beverages,63753983.7,63923851.01428571,64943054.9,61639268.28571428,64263585.64285714,63840768.89309524,366955.3390095736,6,8,3,33,2021,0
2021-08-29,Connecticut,61636785.5,Beverages,61636785.5,61939242.385714285,63753983.7,62960243.77857143,62544156.15714286,63872962.91047619,653381.5495887168,6,8,3,34,2021,0
2021-09-05,Connecticut,58135893.2,Beverages,58135893.2,58636020.671428576,61636785.5,64247422.22857143,59636275.61428572,62925746.54547619,1080398.8194935697,6,9,3,35,2021,0
2021-09-19,Connecticut,56803055.8,Beverages,56803055.8,56898258.471428566,57469474.5,64093718.32857143,57088663.81428571,59561569.3804762,205661.2757769721,6,9,3,37,2021,0
2021-09-26,Connecticut,57388238.5,Beverages,57388238.5,57304640.97142857,56803055.8,62241699.27142857,57137445.91428571,58163276.76285715,180591.30190225007,6,9,3,38,2021,0
2021-10-01,Connecticut,50935533.5,Beverages,50935533.5,52226074.5,57221043.44285714,60136403.08571429,54610850.99591837,56899858.69428571,2503733.9817906828,4,10,4,39,2021,0
2021-10-10,Connecticut,83490393.99999999,Beverages,83490393.99999999,79873187.27777776,58169946.94444444,57659879.842857145,72638773.83333333,60113136.70904762,7814059.606420172,6,10,4,40,2021,0
2021-10-17,Connecticut,79115418.4,Beverages,79115418.4,79740414.91428572,83490393.99999999,56993461.14285714,80990407.94285715,65645782.42571428,1350146.7821660216,6,10,4,41,2021,0
2021-10-24,Connecticut,79963453.49999999,Beverages,79963453.49999999,79842305.62857142,79115418.4,57221043.44285714,79600009.88571429,70920099.5257143,261709.31363672027,6,10,4,42,2021,0
2021-10-31,Connecticut,77952094.9,Beverages,77952094.9,78239431.84285715,79963453.49999999,50935533.5,78814105.72857143,76567525.63000001,620718.7399124636,6,10,4,43,2021,0
2021-11-04,Connecticut,54576849.400000006,Beverages,54576849.400000006,60420660.775000006,78814105.72857143,65404360.38888888,69726937.33979592,77016061.11759259,9585964.00959726,3,11,4,44,2021,0
2021-11-07,Connecticut,60408635.6,Beverages,60408635.6,58464706.86666667,77952094.9,76255980.55555555,61252055.20714287,75598654.42092592,6042864.336306334,6,11,4,44,2021,0
2021-11-14,Connecticut,81330192.8,Beverages,81330192.8,78341398.91428572,60408635.6,80365411.42857143,72363811.14285715,73435523.56880952,6456532.724767146,6,11,4,45,2021,0
2021-11-21,Connecticut,84134165.89999999,Beverages,84134165.89999999,83733598.31428571,81330192.8,79721157.75714284,82932463.14285715,74244760.18928571,865324.8850689471,6,11,4,46,2021,0
2021-11-28,Connecticut,79050121.80000001,Beverages,79050121.80000001,79776413.81428573,84134165.89999999,78526768.78571428,81228997.84285714,74687760.60309523,1568970.0719708768,6,11,4,47,2021,0
2021-12-09,Connecticut,58979019.1,Beverages,58979019.1,60803664.8,71751539.00000001,66386223.37142857,64452956.2,75833932.52142859,3941685.216054872,3,12,4,49,2021,0
2021-12-12,Connecticut,80338614.1,Beverages,80338614.1,73218749.1,66277601.900000006,75352605.02857143,66645742.55714285,75919426.31714286,7581279.506174127,6,12,4,49,2021,0
2021-12-19,Connecticut,84685485.7,Beverages,84685485.7,84064504.04285714,80338614.1,83333030.72857141,82822540.72857143,76166983.50380951,1341473.6994713242,6,12,4,50,2021,0
2021-12-26,Connecticut,84664547.69999999,Beverages,84664547.69999999,84667538.84285714,84685485.7,80502705.82857144,84673521.12857142,76669331.31714286,6461.6073583904135,6,12,4,51,2021,0
2022-01-05,Connecticut,84565666.9,Beverages,84565666.9,84575554.98,84634883.46,64452956.2,84595331.14,80688043.57666665,21360.694244684943,2,1,1,1,2022,0
2022-01-16,Connecticut,79998410.3,Beverages,79998410.3,80413615.44545454,82904846.31818183,83443522.38571429,81244025.73636363,83679502.21809524,896945.6281136263,6,1,1,2,2022,0
2022-01-23,Connecticut,75730959.9,Beverages,75730959.9,76340595.67142858,79998410.3,84670529.98571427,77559867.21428572,82039052.8647619,1316963.78503523,6,1,1,3,2022,0
2022-01-30,Connecticut,79225631.39999999,Beverages,79225631.39999999,78726392.61428571,75730959.9,84615107.3,77727915.04285714,80425349.57999998,1078479.0389354357,6,1,1,4,2022,0
2022-02-01,Connecticut,78707959.6,Beverages,78707959.6,78966795.5,76729437.47142857,84595331.14,78401503.4632653,80041156.40466668,713892.2745251167,1,2,1,5,2022,0
2022-02-10,Connecticut,88582157.1,Beverages,88582157.1,87485024.04444444,80902225.7111111,82074436.02727273,85290757.93333332,80219198.59181817,2370078.281569873,3,2,1,6,2022,0
2022-02-13,Connecticut,77308767.5,Beverages,77308767.5,81066564.03333333,84193624.87777777,80828820.5909091,84420788.88095237,80201452.42151515,3943927.864533628,6,2,1,6,2022,0
2022-02-20,Connecticut,75044847.5,Beverages,75044847.5,75368264.64285715,77308767.5,76950231.44285715,76015098.92857143,79562990.81571428,698660.8800942699,6,2,1,7,2022,0
2022-02-27,Connecticut,78074991.60000001,Beverages,78074991.60000001,77642113.87142858,75044847.5,78227153.82857142,76776358.4142857,79536976.55047618,935122.7709972096,6,2,1,8,2022,0
2022-03-04,Connecticut,83539947.4,Beverages,83539947.4,82446956.24000001,77209236.14285715,79805092.65555555,80355275.83877552,79914908.33814815,2217135.608232468,4,3,1,9,2022,0
2022-03-07,Connecticut,101589519.0,Beverages,101589519.0,95572995.13333334,79167982.76,83096491.82222222,87760118.29142858,81272271.97481482,8153074.5849455,0,3,1,10,2022,0
2022-03-13,Connecticut,79458362.89999999,Beverages,79458362.89999999,83146888.91666666,95572995.13333334,84824360.56666666,90523940.95,81782747.04611112,7968126.891116246,6,3,1,10,2022,0
2022-03-20,Connecticut,79850855.30000001,Beverages,79850855.30000001,79794784.95714286,79458362.89999999,75691681.78571428,79682644.27142859,82373100.31309526,121125.78432435793,6,3,1,11,2022,0
2022-03-27,Connecticut,80412221.39999999,Beverages,80412221.39999999,80332026.24285714,79850855.30000001,77209236.14285715,80171635.92857143,83342131.51071429,173241.3395810334,6,3,1,12,2022,0
2022-04-09,Connecticut,93921008.8,Beverages,93921008.8,92881871.3076923,86647046.35384615,90523940.95,90803596.32307692,83611367.27166666,2244793.545881372,5,4,2,14,2022,0
2022-04-12,Connecticut,81630154.10000001,Beverages,81630154.10000001,85727105.66666667,89764458.83076923,79458362.89999999,89518646.74945055,83869388.94666666,4367339.441365822,1,4,2,15,2022,0
2022-04-17,Connecticut,83716932.0,Beverages,83716932.0,83299576.42,89824057.23333333,79738714.61428572,83109766.28095238,84411996.76523809,1356494.2011255308,6,4,2,15,2022,0
2022-04-24,Connecticut,78705229.1,Beverages,78705229.1,79421186.65714285,83716932.0,80251831.08571428,80853101.77142857,84607625.70809524,1546645.0929707482,6,4,2,16,2022,0
2022-05-06,Connecticut,92901719.9,Beverages,92901719.9,91718679.0,84620433.6,90803596.32307692,89352597.2,85098322.89743589,2555660.436171676,4,5,2,18,2022,0
2022-05-15,Connecticut,86752612.39999999,Beverages,86752612.39999999,87435846.56666666,91535251.56666666,82882220.84,88802314.89999999,85836603.394,1475954.4901553611,6,5,2,19,2022,0
2022-05-22,Connecticut,95588771.2,Beverages,95588771.2,94326462.8,86752612.39999999,80137144.21428572,91801846.0,88094973.95857142,2726897.8072754275,6,5,2,20,2022,0
2022-05-29,Connecticut,92648750.6,Beverages,92648750.6,93068753.54285714,95588771.2,84620433.6,93908759.42857143,91027078.66666666,907310.055079686,6,5,2,21,2022,0
2022-06-02,Connecticut,78867982.99999999,Beverages,78867982.99999999,82313174.89999999,93908759.42857143,89352597.2,87907049.14693877,90554776.66666669,5767383.874067269,3,6,2,22,2022,0
2022-06-03,Connecticut,81244603.7,Beverages,81244603.7,78867982.99999999,93488756.48571429,90535638.1,86157884.4632653,90245075.52,5647890.2165399175,4,6,2,22,2022,0
2022-06-11,Connecticut,88105835.19999999,Beverages,88105835.19999999,87248181.26249999,82102257.6375,88802314.89999999,85532873.3875,88683394.53833334,1852744.2593033488,5,6,2,23,2022,0
2022-06-19,Connecticut,91475328.9,Beverages,91475328.9,91054142.1875,88527021.9125,93064154.4,90211768.76250002,88850200.39000002,909867.2897796242,6,6,2,24,2022,0
2022-06-26,Connecticut,93202712.3,Beverages,93202712.3,92955943.24285714,91475328.9,93488756.48571429,92462405.12857142,88372793.39142856,533082.0905852327,6,6,2,25,2022,0
2022-07-08,Connecticut,95748091.2,Beverages,95748091.2,95535976.29166669,94263286.84166668,85532873.38749999,95111746.475,92132276.44625,458220.5730681994,4,7,3,27,2022,0
2022-07-17,Connecticut,93692698.70000002,Beverages,93692698.70000002,93921075.64444448,95291337.31111112,90632955.475,94377829.53333336,93873322.52458334,493350.5861552492,6,7,3,28,2022,0
2022-07-24,Connecticut,93947415.8,Beverages,93947415.8,93911027.64285716,93692698.70000002,92709174.18571427,93838251.32857144,94315326.11976191,78607.40369936624,6,7,3,29,2022,0
2022-07-31,Connecticut,94252643.6,Beverages,94252643.6,94209039.62857142,93947415.8,94263286.84166668,94121831.68571427,94431955.49083334,94195.34412896536,6,7,3,30,2022,0
2022-08-05,Connecticut,87613823.0,Beverages,87613823.0,88941587.12,94165435.65714283,95323861.38333334,91401205.63265304,93660242.10305557,2583591.7390569635,4,8,3,31,2022,0
2022-08-14,Connecticut,93238518.4,Beverages,93238518.4,92613552.24444444,88863755.31111111,94149452.5888889,91363619.93333337,92377633.18814816,1350081.199814858,6,8,3,32,2022,0
2022-08-21,Connecticut,94701139.4,Beverages,94701139.4,94492193.54285716,93238518.4,93874639.48571429,94074301.82857144,92440867.2747619,451374.6400594833,6,8,3,33,2022,0
2022-08-28,Connecticut,93541953.7,Beverages,93541953.7,93707551.65714286,94701139.4,94165435.65714283,94038747.57142857,92441588.9742857,357732.4734884824,6,8,3,34,2022,0
2022-09-01,Connecticut,79982309.39999999,Beverages,79982309.39999999,83372220.475,94038747.57142858,91597115.36,88770194.14591835,91351089.84033331,5560188.86992653,3,9,3,35,2022,0
2022-09-10,Connecticut,88062177.4,Beverages,88062177.4,87164414.28888889,81777835.62222221,91363619.93333334,85368888.06666668,89838027.70611112,1939389.9772367417,5,9,3,36,2022,0
2022-09-18,Connecticut,86482696.30000001,Beverages,86482696.30000001,86680131.43750001,87864742.2625,94283247.68571427,87075001.7125,88178771.62809524,426508.6436368664,6,9,3,37,2022,0
2022-09-25,Connecticut,87625521.70000002,Beverages,87625521.70000002,87462260.92857145,86482696.30000001,93873149.61428572,87135739.38571429,86503275.46523811,352683.5752910897,6,9,3,38,2022,0
2022-10-04,Connecticut,84788564.3,Beverages,84788564.3,85103781.78888889,86995086.72222224,82675598.73333333,85734216.76666667,86556381.86611111,680947.6030340056,1,10,4,40,2022,0
2022-10-07,Connecticut,94364112.5,Beverages,94364112.5,91172263.1,86049434.25555556,85368888.06666666,87794621.63333334,87226495.68055557,3668947.177941952,4,10,4,40,2022,0
2022-10-16,Connecticut,83598256.39999999,Beverages,83598256.39999999,84794462.63333333,91971700.03333332,86877566.57500002,87186875.1,87550747.76791668,2584100.806685204,6,10,4,41,2022,0
2022-10-23,Connecticut,84847909.19999999,Beverages,84847909.19999999,84669387.37142856,83598256.39999999,87299000.15714288,84312343.71428572,86956120.60761905,385651.2266636404,6,10,4,42,2022,0
2022-10-30,Connecticut,82234259.10000001,Beverages,82234259.10000001,82607637.68571429,84847909.19999999,86049434.25555556,83354394.85714285,86122575.11444445,806589.9321194036,6,10,4,43,2022,0
2022-11-09,Connecticut,87799469.39999999,Beverages,87799469.39999999,87242948.36999999,83903822.19,90775493.8,86129906.30999999,84871701.65166667,1202222.8295488486,2,11,4,45,2022,0
2022-11-12,Connecticut,85484044.10000001,Beverages,85484044.10000001,86255852.53333333,85573385.28,87186875.1,86660901.28857143,84658978.77166668,774735.8037689296,5,11,4,45,2022,0
2022-11-13,Connecticut,84784922.2,Beverages,84784922.2,85484044.10000001,86129906.31,85990668.86666666,86468760.70142856,84618787.21611111,1047235.1877478992,6,11,4,45,2022,0
2022-11-20,Connecticut,87584795.80000001,Beverages,87584795.80000001,87184813.85714287,84784922.2,84490865.54285713,86384849.97142859,85139857.92738096,864059.7519035543,6,11,4,46,2022,0
2022-11-27,Connecticut,89099386.0,Beverages,89099386.0,88883015.97142857,87584795.80000001,82981016.27142857,88450275.91428573,86173050.18119049,467412.6833656909,6,11,4,47,2022,0
2022-12-06,Connecticut,94343154.0,Beverages,94343154.0,93760513.1111111,90264667.77777778,86129906.31,92595231.33333334,88574684.00366667,1258648.1737294693,1,12,4,49,2022,0
2022-12-18,Connecticut,87927075.00000001,Beverages,87927075.00000001,88461748.25000001,91669787.75,86784831.91428572,89531094.75000001,90414939.65190478,1155026.2305443685,6,12,4,50,2022,0
2022-12-25,Connecticut,94160701.8,Beverages,94160701.8,93270183.68571427,87927075.00000001,88666645.94285715,91489147.45714286,91231102.75571428,1923738.9953089016,6,12,4,51,2022,0
2023-01-01,Connecticut,81444065.5,Beverages,81444065.5,83260727.82857142,94160701.8,92012590.44444443,86894052.48571429,90432416.82555556,3924439.162679629,6,1,1,52,2023,0
2023-01-15,Connecticut,81338878.49999999,Beverages,81338878.49999999,81346391.85714284,81391472.0,88996421.50000001,81361418.57142855,85483307.91166666,16230.706488167569,6,1,1,2,2023,0
2023-01-22,Connecticut,80180535.60000001,Beverages,80180535.60000001,80346013.15714286,81338878.49999999,92379665.57142857,80676968.27142857,83328534.84285714,357472.37974965904,6,1,1,3,2023,0
2023-01-29,Connecticut,81503817.9,Beverages,81503817.9,81314777.57142858,80180535.60000001,85077390.15714286,80936696.91428573,81180948.80428572,408373.7836713592,6,1,1,4,2023,0
2023-02-04,Connecticut,86141282.2,Beverages,86141282.2,85368371.48333333,81314777.57142858,81414012.07142857,83822550.05,81675885.82738094,1669677.979246424,5,2,1,5,2023,0
2023-02-19,Connecticut,81341663.5,Beverages,81341663.5,81661638.08,83581485.56,80511490.71428572,82301587.24,82868658.1002381,691224.0943548213,6,2,1,7,2023,0
2023-02-26,Connecticut,82172856.8,Beverages,82172856.8,82054114.89999999,81341663.5,81125737.24285714,81816631.1,83150377.63404761,256511.8213136578,6,2,1,8,2023,0
2023-03-19,Connecticut,91217475.1,Beverages,91217475.1,90786778.9904762,88202602.33333333,81981612.66,89925386.77142856,85361350.446,930409.9352158027,6,3,1,11,2023,0
2023-03-26,Connecticut,83520434.0,Beverages,83520434.0,84620011.3,91217475.1,81935373.0,86819165.89999999,86569397.57,2375358.4530527173,6,3,1,12,2023,0
2023-04-16,Connecticut,89649419.7,Beverages,89649419.7,89357563.23809524,87606424.46666667,90356082.88095236,88773850.31428573,87036212.40301587,630482.0169242433,6,4,2,15,2023,0
2023-04-23,Connecticut,87752373.19999999,Beverages,87752373.19999999,88023379.84285714,89649419.7,85719588.6,88565393.12857142,86981538.46333334,585441.2599723827,6,4,2,16,2023,0
2023-04-30,Connecticut,88123968.3,Beverages,88123968.3,88070883.28571428,87752373.19999999,84979716.3095238,87964713.25714286,87835956.14904761,114676.73754118467,6,4,2,17,2023,0
2023-05-02,Connecticut,82428772.89999999,Beverages,82428772.89999999,85276370.6,87858543.22857141,85563429.23333333,86827733.5510204,87731627.53222221,2193438.40412979,1,5,2,18,2023,0
2023-05-03,Connecticut,88221789.39999999,Beverages,88221789.39999999,82428772.89999999,87911628.24285713,85855285.6952381,86872042.2877551,87810510.9890476,2221930.592761395,2,5,2,18,2023,0
2023-07-05,Connecticut,93007531.1,Beverages,93007531.1,92931566.94603172,92475782.02222222,90728606.48095237,92779638.63809524,91906050.8674603,164101.32810617422,2,7,3,27,2023,0
2023-08-01,Connecticut,84761850.2,Beverages,84761850.2,85067245.78888889,86899619.32222222,92779638.63809524,85678036.96666667,89151950.26460318,659729.8740119134,1,8,3,31,2023,0
2023-09-04,Connecticut,91590688.6,Beverages,91590688.6,91389840.4117647,90184751.28235294,85565242.95294118,90988144.03529412,88678389.87058824,433881.6759069056,0,9,3,36,2023,0
2023-12-02,Connecticut,82315194.3,Beverages,82315194.3,82419413.33707865,83044727.55955055,85441765.41235955,82627851.41123594,83826370.33764045,225138.8517228068,5,12,4,48,2023,0
2023-12-03,Connecticut,95286711.4,Beverages,95286711.4,82315194.3,82940508.5224719,85337546.37528089,84391594.67945425,84158009.17179775,4807590.778272098,6,12,4,48,2023,0
2019-03-11,Florida,389736360.6,Beverages,389736360.6,389191129.9982759,385919746.3879311,373379442.5482759,388100668.7948276,381830516.875,1177832.7168649023,0,3,1,11,2019,0
2019-06-10,Florida,397812263.7,Beverages,397812263.7,397723517.5120879,397191040.38461536,395149878.0626374,397546025.1362637,396525443.97527474,191713.67721702252,0,6,2,24,2019,0
2019-08-12,Florida,369604454.5,Beverages,369604454.5,370052197.5031746,372738655.5222222,383036744.5952381,370947683.5095238,376096728.0460318,967235.4343683472,0,8,3,33,2019,0
2019-10-11,Florida,386937677.8,Beverages,386937677.8,386648790.745,384915468.415,378271066.15,386071016.6350001,382748815.5025,624067.3648532752,4,10,4,41,2019,0
2019-10-13,Florida,391310683.6,Beverages,391310683.6,389124180.7000001,385493242.525,378848840.26,387462054.6785714,383516351.1970001,2020018.514742574,6,10,4,41,2019,0
2019-10-20,Florida,386318006.0,Beverages,386318006.0,387031245.6571429,391310683.6,380871049.645,388457724.9714286,385488796.3783333,1540773.7579179085,6,10,4,42,2019,0
2019-10-27,Florida,383741451.2,Beverages,383741451.2,384109530.4571428,386318006.0,382893259.03,384845688.9714286,386146584.3031666,795142.0739973298,6,10,4,43,2019,0
2019-11-17,Florida,388918010.9,Beverages,388918010.9,388671508.05714285,387192491.0,387744485.3142857,388178502.37142855,386092723.5452381,532507.0019837872,6,11,4,46,2019,0
2019-11-24,Florida,382545143.8,Beverages,382545143.8,383455553.3857143,388918010.9,384477609.7142857,385276372.55714285,386009940.71523815,1966709.484784426,6,11,4,47,2019,0
2019-12-15,Florida,370622457.9,Beverages,370622457.9,371190204.847619,374596686.5333333,388425005.2142857,372325698.7428571,379227420.05857146,1226473.5832772388,6,12,4,50,2019,0
2019-12-22,Florida,392523627.2,Beverages,392523627.2,389394888.7285714,370622457.9,384365962.9714286,383137411.7857143,378342035.1528571,6758847.582153275,6,12,4,51,2019,0
2019-12-29,Florida,383971631.4,Beverages,383971631.4,385193345.0857143,392523627.2,379706409.0619048,387636772.4571428,379783608.3271428,2639203.2016013567,6,12,4,52,2019,0
2020-01-03,Florida,418283543.5,Beverages,418283543.5,411421161.08,386415058.7714285,376867674.3238095,398851267.1122449,384209543.4006349,13176644.47759635,4,1,1,1,2020,0
2020-01-11,Florida,418301136.4,Beverages,418301136.4,418298937.2875,418285742.6125,372325698.7428571,418294539.0625,395937710.45309526,4750.62220395814,5,1,1,2,2020,0
2020-01-19,Florida,379065263.2000001,Beverages,379065263.2000001,383969747.3500001,413396652.25,386266150.2571429,393778715.65,401145499.80928576,10594896.678532902,6,1,1,3,2020,0
2020-01-26,Florida,368781893.7,Beverages,368781893.7,370250946.4857143,379065263.2000001,386415058.7714285,373189052.0571429,397349247.0678572,3173516.7254957827,6,1,1,4,2020,0
2020-02-02,Florida,384924916.4,Beverages,384924916.4,382618770.3,368781893.7,418283543.5,378006478.1,392485462.965,4981844.962247502,6,2,1,5,2020,0
2020-02-08,Florida,430782299.6,Beverages,430782299.6,423139402.4,382618770.3,418296738.175,407853608.0,391162226.2062501,16510544.979261337,5,2,1,6,2020,0
2020-02-16,Florida,394220223.2,Beverages,394220223.2,398790482.75,426212040.05,388874231.50000006,407931001.85,392439437.1416667,9872889.022655422,6,2,1,7,2020,0
2020-02-23,Florida,399232704.2,Beverages,399232704.2,398516635.4857143,394220223.2,371719999.2714286,397084498.05714285,397214968.8628572,1546885.2198335552,6,2,1,8,2020,0
2020-03-05,Florida,415458416.5,Beverages,415458416.5,413983351.74545455,405132963.2181818,400210710.8,411033222.2363637,407583545.82,3186504.062515962,3,3,1,10,2020,0
2020-03-15,Florida,501395271.9,Beverages,501395271.9,492801586.36,441239473.12,403360742.3,475614215.28,422958436.0683333,18564482.54279519,6,3,1,11,2020,0
2020-03-22,Florida,456728427.6,Beverages,456728427.6,463109405.35714287,501395271.9,397800566.7714286,475871360.8714286,441499991.8495238,13784487.4154452,6,3,1,12,2020,0
2020-03-29,Florida,415475921.7,Beverages,415475921.7,421369136.8285714,456728427.6,406608027.9727272,433155567.0857142,448701663.1027272,12730799.70939896,6,3,1,13,2020,0
2020-04-10,Florida,405135428.7,Beverages,405135428.7,405997136.45,411167382.95,467020529.74,407720551.95,441190177.532,1861501.495177617,4,4,2,15,2020,0
2020-04-19,Florida,406314240.9,Beverages,406314240.9,406183261.76666665,405397386.9666666,469490383.1142857,405921303.5,417417919.2585714,282947.2666276041,6,4,2,16,2020,0
2020-04-26,Florida,403638588.4,Beverages,403638588.4,404020824.4714286,406314240.9,427262351.9571428,404785296.61428577,408031763.6676191,825724.2881525811,6,4,2,17,2020,0
2020-05-01,Florida,384552790.5,Beverages,384552790.5,388369950.08,404403060.5428571,412890798.45,395513565.8816327,404126196.04,7521337.062003635,4,5,2,18,2020,0
2020-05-04,Florida,414217511.0,Beverages,414217511.0,404329270.8333333,399821428.82,410305675.2,396300275.99714285,403442384.8283333,10056905.61588548,0,5,2,19,2020,0
2020-05-07,Florida,448570750.6,Beverages,448570750.6,437119670.73333335,388369950.08,407720551.95,415557087.8857144,406296125.9316667,23065493.9547548,3,5,2,19,2020,0
2020-05-17,Florida,418764433.3,Beverages,418764433.3,421745065.03,439628855.41,406052282.6333333,427706328.49,415101657.09388894,6438900.453187277,6,5,2,20,2020,0
2020-05-24,Florida,433358492.9,Beverages,433358492.9,431273627.2428571,418764433.3,404403060.5428571,427103895.9285714,420148060.607381,4503824.571645726,6,5,2,21,2020,0
2020-05-31,Florida,425634982.7,Beverages,425634982.7,426738341.3,433358492.9,384552790.5,428945058.5,427948742.21833336,2383526.994638764,6,5,2,22,2020,0
2020-06-09,Florida,390860704.8,Beverages,390860704.8,394724513.4555556,417907365.3888889,439628855.41,402452130.7666667,421437681.1743333,8346780.668305688,1,6,2,24,2020,0
2020-06-12,Florida,386563175.0,Beverages,386563175.0,387995684.9333333,406315939.4222222,430686960.22,392944675.1333333,416870490.4726666,5878419.60125294,4,6,2,24,2020,0
2020-06-14,Florida,418428105.3,Beverages,418428105.3,402495640.15,398588322.1111111,424725696.76,395785145.5007936,415820214.4793333,11322843.28743432,6,6,2,24,2020,0
2020-06-21,Florida,430682945.8,Beverages,430682945.8,428932254.3,418428105.3,429188761.5857143,425430871.3,416233929.4597619,3781925.884794611,6,6,2,25,2020,0
2020-06-28,Florida,455034694.7000001,Beverages,455034694.7000001,451555873.4285715,430682945.8,427841699.9,444598230.8857144,419477709.81166667,7515112.865404988,6,6,2,26,2020,0
2020-07-06,Florida,418545830.6,Beverages,418545830.6,423106938.6125,450473586.6875001,402452130.76666665,432229154.6375001,424512190.8355556,9853119.442144258,0,7,3,28,2020,0
2020-07-19,Florida,428211673.7,Beverages,428211673.7,427468147.3076923,423006988.95384616,427181562.8,425981094.52307695,431887906.165,1606200.5836396804,6,7,3,29,2020,0
2020-07-26,Florida,417570225.3,Beverages,417570225.3,419090432.2142857,428211673.7,448077052.1571429,422130846.0428572,428211361.9692858,3284022.273130778,6,7,3,30,2020,0
2020-08-03,Florida,431690355.7,Beverages,431690355.7,429925339.4,419335241.6,427668046.62500006,426395306.8,423647592.67375,3812870.9895806103,0,8,3,32,2020,0
2020-08-11,Florida,402426821.4,Beverages,402426821.4,406084763.1875,428032413.9125,423006988.95384616,413400646.7625,422090763.8137179,7902057.40488457,1,8,3,33,2020,0
2020-08-16,Florida,420287991.7,Beverages,420287991.7,416715757.64,409742704.975,426724620.9153846,410604171.7839286,420075089.7219231,6417998.297473131,6,8,3,33,2020,0
2020-08-23,Florida,432183858.9,Beverages,432183858.9,430484449.3,420287991.7,420610639.12857145,427085630.1,420597233.8854762,3671144.3193204654,6,8,3,34,2020,0
2020-08-30,Florida,498199308.5,Beverages,498199308.5,488768529.9857143,432183858.9,426395306.8,469906972.9571428,431875959.9583333,20372810.045063168,6,8,3,35,2020,0
2020-09-02,Florida,385408868.9,Beverages,385408868.9,423005682.1,460476194.4428572,431690355.7,457889944.17346936,431183994.22833335,40125896.20945808,2,9,3,36,2020,0
2020-09-08,Florida,416202636.5,Beverages,416202636.5,411070341.9,423005682.1,409742704.975,400805752.7,428080862.33958334,11087023.496812604,1,9,3,37,2020,0
2020-09-13,Florida,389580757.3,Beverages,389580757.3,394905133.14,405938047.3,413143523.58,404060074.7571429,426878265.398,9604179.670106072,6,9,3,37,2020,0
2020-09-20,Florida,401149841.8,Beverages,401149841.8,399497115.4428572,389580757.3,428785039.7,396191662.7285715,420525158.3066667,3570296.98868945,6,9,3,38,2020,0
2020-09-27,Florida,402325924.5,Beverages,402325924.5,402157912.6857143,401149841.8,479337751.4714286,401821889.0571428,408781956.4061905,362947.00087125873,6,9,3,39,2020,0
2020-10-05,Florida,414827331.7000001,Beverages,414827331.7000001,413264655.8000001,403888600.4,400805752.7,410139304.00000006,403177238.7166668,3375765.767846093,0,10,4,41,2020,0
2020-10-18,Florida,408146193.2000001,Beverages,408146193.2000001,408660126.9307693,411743729.3153848,397844389.0857143,409687994.3923078,407808375.054762,1110223.748414375,6,10,4,42,2020,0
2020-10-25,Florida,404464567.2,Beverages,404464567.2,404990513.7714286,408146193.2000001,401989900.87142855,406042406.9142857,408921058.5528572,1136174.4502066209,6,10,4,43,2020,0
2020-11-10,Florida,408643646.6,Beverages,408643646.6,408382454.1375001,406815299.3625,411743729.3153848,407860069.2125,407235601.9748718,564240.2072597396,1,11,4,46,2020,0
2020-11-15,Florida,393181793.4,Beverages,393181793.4,396274164.04,408121261.675,409174060.66153854,401979824.8767857,405429703.06769234,5988519.174544178,6,11,4,46,2020,0
2020-11-22,Florida,428095160.3,Beverages,428095160.3,423107536.4571428,393181793.4,405516460.3428572,413132288.7714286,406838967.52904767,10774498.942249663,6,11,4,47,2020,0
2020-11-29,Florida,373685633.3,Beverages,373685633.3,381458422.8714286,428095160.3,405770529.5125,397004002.0142857,404950041.20208335,16791144.571905788,6,11,4,48,2020,0
2020-12-01,Florida,380194398.7000001,Beverages,380194398.7000001,376940016.00000006,412549581.1571429,406292914.4375,386184353.8448981,403110367.1449999,11342520.726786714,1,12,4,49,2020,0
2020-12-04,Florida,405555022.4,Beverages,405555022.4,397101481.1666667,389231212.4428572,407076491.825,386226130.6244898,402138985.3254167,11549554.769235032,4,12,4,49,2020,0
2020-12-07,Florida,411049343.9,Beverages,411049343.9,409217903.4,376940016.00000006,407860069.2125,399878936.05714285,402300887.9904167,11704029.067240564,0,12,4,50,2020,0
2020-12-13,Florida,392477293.1,Beverages,392477293.1,395572634.9,409217903.4,399366534.68,401763318.5,401259881.5646667,6686702.526246945,6,12,4,50,2020,0
2020-12-20,Florida,418158146.9,Beverages,418158146.9,414489453.5,392477293.1,418119912.6142857,407152066.6999999,401922721.05857146,7925283.542452021,6,12,4,51,2020,0
2020-12-27,Florida,396895270.6,Beverages,396895270.6,399932824.35714287,418158146.9,389231212.4428572,406007931.8714286,400821683.3390476,6561866.085837633,6,12,4,52,2020,0
2021-01-08,Florida,474960315.0,Beverages,474960315.0,468454894.6333333,429422372.4333333,404858660.3,455444053.9,418358908.3,14053314.176831158,4,1,1,1,2021,0
2021-01-17,Florida,404563342.0,Beverages,404563342.0,412385227.8888889,459316543.2222222,410820760.1,428028999.6666667,428917570.9766666,16897204.739472806,6,1,1,2,2021,0
2021-01-24,Florida,396317574.3,Beverages,396317574.3,397495541.1142857,404563342.0,402970378.1142857,399851474.7428571,426287080.79857147,2544699.1582400813,6,1,1,3,2021,0
2021-01-31,Florida,407009773.4,Beverages,407009773.4,405482316.3857143,396317574.3,429422372.4333333,402427402.35714287,424223949.56666666,3299684.279183502,6,1,1,4,2021,0
2021-02-05,Florida,456177067.5,Beverages,456177067.5,446343608.68,403954859.37142855,461949474.26666665,427863262.7265306,422152535.6211111,19478993.751145355,4,2,1,5,2021,0
2021-02-14,Florida,417646269.8,Beverages,417646269.8,421927469.5444445,447614668.0111112,420207113.7777778,430489869.0333333,417613035.9296296,9248448.473940542,6,2,1,6,2021,0
2021-02-21,Florida,416763943.5,Beverages,416763943.5,416889990.1142857,417646269.8,398673507.92857146,417142083.3428572,420876329.4538096,272291.8076126665,6,2,1,7,2021,0
2021-02-28,Florida,437229448.3,Beverages,437229448.3,434305804.7571429,416763943.5,403954859.37142855,428458517.6714286,427572888.8395239,6315791.898604838,6,2,1,8,2021,0
2021-03-01,Florida,407668716.9,Beverages,407668716.9,437229448.3,419687587.0428572,405482316.3857143,426741536.22244895,427645768.8566667,9780812.668948812,0,3,1,9,2021,0
2021-03-10,Florida,650291093.9000001,Beverages,650291093.9000001,623333052.0111113,461584800.67777777,443333468.26666665,569416968.2333335,459303295.8688889,58236026.406232655,2,3,1,10,2021,0
2021-03-14,Florida,528051576.6,Beverages,528051576.6,558611455.9250001,569416968.2333333,426208669.2888889,595080676.9119048,478138086.0931482,41459891.93420288,6,3,1,10,2021,0
2021-03-21,Florida,500049042.4,Beverages,500049042.4,504049404.4285714,528051576.6,417016036.7285714,512050128.4857143,500085969.7688096,8641769.668959152,6,3,1,11,2021,0
2021-03-28,Florida,458062674.6,Beverages,458062674.6,464060727.1428572,500049042.4,431382161.2142857,476056832.2285715,512454953.8135715,12957274.408550672,6,3,1,12,2021,0
2021-04-04,Florida,452821844.2,Beverages,452821844.2,453570534.2571429,458062674.6,515500884.4555556,455067914.3714286,512655491.952037,1617355.3745275836,6,4,2,13,2021,0
2021-04-07,Florida,495492035.2,Beverages,495492035.2,481268638.2,455816604.42857146,596375010.1222223,465655061.677551,503840658.9487037,16769404.335045382,2,4,2,14,2021,0
2021-04-18,Florida,439545090.6,Beverages,439545090.6,444631176.4727273,475147691.7090909,508049766.4571428,454803348.2181819,469350276.9076191,10987201.23698224,6,4,2,15,2021,0
2021-04-25,Florida,437757559.8,Beverages,437757559.8,438012921.3428572,439545090.6,470058779.6857143,438523644.4285714,457860031.5847619,551643.980980715,6,4,2,16,2021,0
2021-05-09,Florida,463238157.8,Beverages,463238157.8,461418115.0857143,450497858.8,485319863.45454544,457778029.6571429,450946024.6672728,3931741.630404862,6,5,2,18,2021,0
2021-05-12,Florida,614205921.5,Beverages,614205921.5,563883333.6,455957986.9428572,470061605.8363637,504811767.9591837,459819588.8563636,62451181.31577452,2,5,2,19,2021,0
2021-05-16,Florida,454518215.6,Beverages,454518215.6,494440142.0750001,463238157.8,449717262.3454546,535607774.5785714,467426884.0774242,53589395.36364456,6,5,2,19,2021,0
2021-05-23,Florida,461793037.3,Beverages,461793037.3,460753777.05714285,454518215.6,438268282.8857143,458675256.5714286,471848734.04642856,2245058.717317035,6,5,2,20,2021,0
2021-05-30,Florida,468613673.1,Beverages,468613673.1,467639296.55714285,461793037.3,446857773.3714286,465690543.4714286,477447896.82785714,2104893.9055604446,6,5,2,21,2021,0
2021-06-06,Florida,453226022.3,Beverages,453226022.3,455424258.12857145,468613673.1,459598072.3714286,459820729.7857143,478773880.1245238,4748732.132946903,6,6,2,22,2021,0
2021-06-13,Florida,468182254.6,Beverages,468182254.6,466045649.9857143,453226022.3,534362068.55,461772440.7571429,462355705.0591667,4615593.493374622,6,6,2,23,2021,0
2021-06-20,Florida,463942370.3,Beverages,463942370.3,464548068.05714285,468182254.6,459714516.81428576,465759463.5714286,463128301.9152381,1308456.7017830517,6,6,2,24,2021,0
2021-06-27,Florida,471658231.2000001,Beverages,471658231.2000001,470555965.3571429,463942370.3,466664920.01428574,468351433.6714287,464206048.1385714,2381166.3693671376,6,6,2,25,2021,0
2021-07-02,Florida,408426576.3,Beverages,408426576.3,421072907.28,469453699.5142858,462018965.6142857,444401483.9795919,458862435.382381,24484130.59442884,4,7,3,26,2021,0
2021-07-03,Florida,451704203.6,Beverages,451704203.6,408426576.3,470555965.3571429,459820729.7857143,441708375.1571429,458591884.5095238,22042908.44999461,5,7,3,26,2021,0
2021-07-11,Florida,626921178.5,Beverages,626921178.5,605019056.6375,473606325.4625,463909045.3714286,561214812.9125,483180486.5345239,47313990.8452598,6,7,3,27,2021,0
2021-07-18,Florida,461906089.2,Beverages,461906089.2,485479673.3857143,626921178.5,465153765.81428576,532626841.7571429,498591625.9035714,50924762.146563925,6,7,3,28,2021,0
2021-07-25,Florida,464260466.3,Beverages,464260466.3,463924126.7142857,461906089.2,469453699.5142858,463251447.5428571,497859087.74690473,726576.5470261547,6,7,3,29,2021,0
2021-08-08,Florida,460012876.7,Beverages,460012876.7,460316275.9571428,462136671.5,583116934.775,460923074.4714285,489029262.21458334,655417.3043449803,6,8,3,31,2021,0
2021-08-15,Florida,465739560.8,Beverages,465739560.8,464921463.0714286,460012876.7,509053257.5714285,463285267.61428577,463364412.4961904,1767293.0815344478,6,8,3,32,2021,0
2021-08-22,Florida,462049706.2000001,Beverages,462049706.2000001,462576828.2857144,465739560.8,463587787.12857145,463631072.4571429,462812952.6571428,1138713.8511896182,6,8,3,33,2021,0
2021-08-29,Florida,451769857.0,Beverages,451769857.0,453238406.8857143,462049706.2000001,462743470.01428574,456175506.6571429,461089373.0219048,3172430.3372901324,6,8,3,34,2021,0
2021-09-05,Florida,463060774.3,Beverages,463060774.3,461447786.1142857,451769857.0,460619675.2142857,458221809.7428572,460317491.5985715,3484452.727032987,6,9,3,35,2021,0
2021-09-19,Florida,441054934.1,Beverages,441054934.1,442626779.8285714,452057854.2000001,463103950.3714287,445770471.2857143,454773826.2661905,3395574.8615552955,6,9,3,37,2021,0
2021-09-26,Florida,443549009.1,Beverages,443549009.1,443192712.6714286,441054934.1,454706956.7714286,442480119.81428576,450924293.6495238,769688.25496156,6,9,3,38,2021,0
2021-10-01,Florida,402837256.1,Beverages,402837256.1,410979606.7000001,442836416.2428572,456608821.55714285,426050215.46734697,445111427.7328571,15827484.1551501,4,10,4,39,2021,0
2021-10-10,Florida,658073955.6,Beverages,658073955.6,629714322.3222222,459556522.6555556,455201545.6571429,572995055.7666667,470692342.6909524,61263809.85840143,6,10,4,40,2021,0
2021-10-17,Florida,649087749.0,Beverages,649087749.0,650371492.8,658073955.6,444198625.55714285,652938980.4,518298133.4776191,2773203.5635462445,6,10,4,41,2021,0
2021-10-24,Florida,636492809.7,Beverages,636492809.7,638292086.7428572,649087749.0,442836416.2428572,641890640.8285714,564929255.3090476,3886882.653037809,6,10,4,42,2021,0
2021-10-31,Florida,639670899.0999999,Beverages,639670899.0999999,639216886.3285713,636492809.7,402837256.1,638308860.7857143,614456272.55,980779.6814819046,6,10,4,43,2021,0
2021-11-04,Florida,431834953.3,Beverages,431834953.3,483793939.75,638308860.7857143,516275789.2111111,565249198.6979592,619261218.3740741,83887814.36160305,3,11,4,44,2021,0
2021-11-07,Florida,445551996.1,Beverages,445551996.1,440979648.5,639670899.0999999,601354689.0444444,480290382.4857143,606059677.6474074,60074254.84876532,6,11,4,44,2021,0
2021-11-14,Florida,641627351.9999999,Beverages,641627351.9999999,613616586.8714285,445551996.1,651655236.6,557595056.6142857,584201794.2266667,60510168.520754606,6,11,4,45,2021,0
2021-11-21,Florida,647095618.3,Beverages,647095618.3,646314437.4,641627351.9999999,640091363.7857143,644752075.6,584046984.1614286,1687543.616951995,6,11,4,46,2021,0
2021-11-28,Florida,580412387.6,Beverages,580412387.6,589938563.4142857,647095618.3,638762873.5571429,608990915.0428572,577342893.1209524,20578891.76659556,6,11,4,47,2021,0
2021-12-09,Florida,434420849.0,Beverages,434420849.0,447692807.0545455,527324555.3818182,501573526.35714287,474236723.1636363,573760569.1738094,28670706.23721278,3,12,4,49,2021,0
2021-12-12,Florida,621894064.2,Beverages,621894064.2,559402992.4666667,487508681.21818185,585605821.7428571,499360588.8181819,573941362.7590476,67845063.91302778,6,12,4,49,2021,0
2021-12-19,Florida,657419273.2,Beverages,657419273.2,652344243.3428572,621894064.2,645533256.4999999,642194183.6285715,574616725.1933333,10963317.513576642,6,12,4,50,2021,0
2021-12-26,Florida,637666451.5,Beverages,637666451.5,640488283.1714286,657419273.2,599464739.2285714,646131946.5142858,579180995.7138096,6095853.118972617,6,12,4,51,2021,0
2022-01-05,Florida,702046035.3,Beverages,702046035.3,695608076.92,656980326.64,474236723.1636364,682732160.16,625677417.8487879,13907579.629281342,2,1,1,1,2022,0
2022-01-16,Florida,632875897.6999999,Beverages,632875897.6999999,639164092.0272727,676893257.990909,647269213.4857143,651740480.6818181,662364164.3580952,13584052.298725575,6,1,1,2,2022,0
2022-01-23,Florida,621955678.9,Beverages,621955678.9,623515710.1571429,632875897.6999999,643310114.8428571,626635772.6714286,656761431.0657142,3370052.686215982,6,1,1,3,2022,0
2022-01-30,Florida,628041475.9000001,Beverages,628041475.9000001,627172076.3285716,621955678.9,669856243.4,625433277.1857144,650593983.4799999,1878117.728395656,6,1,1,4,2022,0
2022-02-01,Florida,646500603.6999999,Beverages,646500603.6999999,637271039.8,623694478.0428572,682732160.16,630755003.8979594,648085492.8653333,8134876.335782385,1,2,1,5,2022,0
2022-02-10,Florida,693030079.2,Beverages,693030079.2,687860137.4777778,656840487.1444443,664316869.3363636,677520254.0333334,644222307.8357575,11168350.575836409,3,2,1,6,2022,0
2022-02-13,Florida,645108903.8000001,Beverages,645108903.8000001,661082628.9333334,672350312.3111111,645452286.3545454,674906936.1809524,645156522.6609092,16569532.775671355,6,2,1,6,2022,0
2022-02-20,Florida,659433678.3,Beverages,659433678.3,657387281.9428571,645108903.8000001,625075741.4142857,653294489.2285713,650491269.8352381,4420721.385524953,6,2,1,7,2022,0
2022-02-27,Florida,689853278.4,Beverages,689853278.4,685507621.2428571,659433678.3,626302676.7571429,676816306.9285715,662805382.2142856,9387692.399837432,6,2,1,8,2022,0
2022-03-04,Florida,700061265.4,Beverages,700061265.4,698019668.0,681161964.0857142,651670545.4222221,693607321.8061224,672446535.9425926,4991349.846829437,4,3,1,9,2022,0
2022-03-07,Florida,735338902.0000001,Beverages,735338902.0000001,723579689.8000001,691894875.8,667180370.5888889,708390649.5142858,678603462.035926,15856703.120179314,0,3,1,10,2022,0
2022-03-13,Florida,690230809.8000001,Beverages,690230809.8000001,697748825.1666667,723579689.8000001,677056354.0666667,712784855.9,684058387.2511111,16240769.385982538,6,3,1,10,2022,0
2022-03-20,Florida,689715125.8000001,Beverages,689715125.8000001,689788794.9428573,690230809.8000001,655340885.5857142,689936133.2285715,692962418.4347619,159143.53523456724,6,3,1,11,2022,0
2022-03-27,Florida,705833671.7,Beverages,705833671.7,703531022.2857144,689715125.8000001,681161964.0857142,698925723.457143,700072613.6047618,4974291.257704769,6,3,1,12,2022,0
2022-04-09,Florida,681125303.6,Beverages,681125303.6,683025947.3000001,694429809.5,712784855.9000001,686827234.7,693938620.9233334,4105859.659834679,5,4,2,14,2022,0
2022-04-12,Florida,672178981.0,Beverages,672178981.0,675161088.5333333,688727878.4,690230809.8000001,680198334.6,691679847.2600001,5308183.379038371,1,4,2,15,2022,0
2022-04-17,Florida,700335011.4,Beverages,700335011.4,694703805.3199999,678143196.0666667,689862464.0857143,684671866.5333334,691523646.7380952,10491775.731828468,6,4,2,15,2022,0
2022-04-24,Florida,691133574.2,Beverages,691133574.2,692448065.2285714,700335011.4,701228372.8714286,695077047.2857143,691620981.4061905,2839625.1687267195,6,4,2,16,2022,0
2022-05-06,Florida,697035015.9,Beverages,697035015.9,696543229.0916667,693592508.2416667,686827234.7,695559655.475,690580856.5383333,1062380.9275681388,4,5,2,18,2022,0
2022-05-15,Florida,699768169.7,Beverages,699768169.7,699464485.9444445,697642383.4111111,689072599.24,698857118.4333334,695984044.0423334,656031.890816221,6,5,2,19,2022,0
2022-05-22,Florida,717341218.4000001,Beverages,717341218.4000001,714830782.8714286,699768169.7,693762556.2571429,709809911.8142859,699039806.5226191,5423160.566848105,6,5,2,20,2022,0
2022-05-29,Florida,729620556.1999999,Beverages,729620556.1999999,727866365.0857142,717341218.4000001,693592508.2416667,724357982.8571428,706502458.7708335,3789485.915617725,6,5,2,21,2022,0
2022-06-02,Florida,637532932.2,Beverages,637532932.2,660554838.2,724357982.8571428,695559655.475,695980322.8653061,703468300.8958334,36501081.072619066,3,6,2,22,2022,0
2022-06-03,Florida,690201657.4,Beverages,690201657.4,637532932.2,726112173.9714285,696051442.2833333,690850249.0693877,703273308.0663888,33998074.55390399,4,6,2,22,2022,0
2022-06-11,Florida,699055504.2,Beverages,699055504.2,697948773.35,691308388.25,698857118.4333334,695735311.65,702582970.4177779,2390811.887112003,5,6,2,23,2022,0
2022-06-19,Florida,707407753.4,Beverages,707407753.4,706363722.25,700099535.35,712320347.3428572,704275659.9499999,702420914.2757144,2255365.054580721,6,6,2,24,2022,0
2022-06-26,Florida,711378457.5,Beverages,711378457.5,710811214.0571429,707407753.4,726112173.9714285,709676727.1714286,699839118.6161904,1225385.8883885818,6,6,2,25,2022,0
2022-07-08,Florida,716789624.2999998,Beverages,716789624.2999998,716338693.7333332,713633110.3333333,695735311.65,715436832.5999998,708777554.6483333,974121.3581563956,4,7,3,27,2022,0
2022-07-17,Florida,705424400.4,Beverages,705424400.4,706687203.0555555,714264018.9888887,705319691.1,709212808.3666666,711583437.9749999,2727965.5211763214,6,7,3,28,2022,0
2022-07-24,Florida,707109542.3000001,Beverages,707109542.3000001,706868807.7428572,705424400.4,710243970.6142857,706387338.6285714,711096520.5119046,520046.0799864163,6,7,3,29,2022,0
2022-07-31,Florida,711378169.6999999,Beverages,711378169.6999999,710768365.7857143,707109542.3000001,713633110.3333333,709548757.9571428,710463033.45,1317327.0148526626,6,7,3,30,2022,0
2022-08-05,Florida,715244615.1,Beverages,715244615.1,714471326.02,710158561.8714285,715887763.1666665,712948102.8836734,710248389.2677778,1633386.5367112986,4,8,3,31,2022,0
2022-08-14,Florida,706877465.6999999,Beverages,706877465.6999999,707807148.9666666,713385248.5666667,707950005.7111111,709666515.5,709584008.4385185,2008345.3941303072,6,8,3,32,2022,0
2022-08-21,Florida,725848243.8,Beverages,725848243.8,723138132.6428571,706877465.6999999,706628073.1857144,717717910.3285714,712290033.3880953,5854509.224374537,6,8,3,33,2022,0
2022-08-28,Florida,782741439.9999999,Beverages,782741439.9999999,774613840.542857,725848243.8,710158561.8714285,758358641.6285714,723951279.0928571,17557621.52740013,6,8,3,34,2022,0
2022-09-01,Florida,629065724.6999999,Beverages,629065724.6999999,667484653.5249999,758358641.6285714,712924747.86,724373999.0540816,720603070.0803334,58826588.35999826,3,9,3,35,2022,0
2022-09-10,Florida,688756402.9,Beverages,688756402.9,682124105.3222222,642330319.8555555,709666515.5,668859510.1666666,705425956.5216666,14327400.278729586,5,9,3,36,2022,0
2022-09-18,Florida,670728453.3999999,Beverages,670728453.3999999,672981947.0874999,686502909.2125,720428021.4857142,677488934.4624999,696441456.7780951,4868102.751328772,6,9,3,37,2022,0
2022-09-25,Florida,755860884.3000001,Beverages,755860884.3000001,743699108.4571428,670728453.3999999,766486241.0857142,719375556.7714285,690957700.4480952,26272438.556559544,6,9,3,38,2022,0
2022-10-04,Florida,708494981.6,Beverages,708494981.6,713757859.6777778,745335128.1444445,648962617.4333333,724283615.8333334,702117558.226111,11369116.049773617,1,10,4,40,2022,0
2022-10-07,Florida,681830724.3000001,Beverages,681830724.3000001,690718810.0666667,729546493.9111111,668859510.1666666,705387660.7238096,704966717.9738889,15417280.66382612,4,10,4,40,2022,0
2022-10-16,Florida,700430109.6999999,Beverages,700430109.6999999,698363511.3222221,685963921.0555556,675235440.7749999,694230314.5666666,708229587.2995833,4464362.737967337,6,10,4,41,2022,0
2022-10-23,Florida,687631033.3,Beverages,687631033.3,689459472.7857143,700430109.6999999,731537332.6142857,693116351.7571428,707297425.8719047,3949880.7297966015,6,10,4,42,2022,0
2022-10-30,Florida,693609730.9000001,Beverages,693609730.9000001,692755631.2428572,687631033.3,729546493.9111111,691047431.9285715,695211118.5522224,1845066.135999376,6,10,4,43,2022,0
2022-11-09,Florida,667077992.1,Beverages,667077992.1,669731165.98,685650209.2600001,688030519.4333334,675037513.74,688363363.7977778,5731510.647965866,2,11,4,45,2022,0
2022-11-12,Florida,686888529.1,Beverages,686888529.1,680285016.7666667,677690687.62,694230314.5666666,675012294.5685714,687175493.8555554,6687897.093414605,5,11,4,45,2022,0
2022-11-13,Florida,673068717.7,Beverages,673068717.7,686888529.1,675037513.74,696296912.9444444,674731037.9914286,686401220.6807407,6727938.309699817,6,11,4,45,2022,0
2022-11-20,Florida,714995052.5,Beverages,714995052.5,709005576.1,673068717.7,691287912.2714285,697026623.3000001,686590180.2095239,12938747.822518203,6,11,4,46,2022,0
2022-11-27,Florida,627978196.3000001,Beverages,627978196.3000001,640409175.7571429,714995052.5,691901531.5857143,665271134.6714286,680884872.7180953,26853984.82964746,6,11,4,47,2022,0
2022-12-06,Florida,697115836.3000001,Beverages,697115836.3000001,689433876.3000001,643342116.3000001,675037513.74,674069956.3000001,675223117.948,16594930.271827873,1,12,4,49,2022,0
2022-12-18,Florida,710659033.4000001,Beverages,710659033.4000001,709530433.6416668,702758835.0916667,703016099.7,707273234.1250001,684393711.8250002,2438054.128541036,6,12,4,50,2022,0
2022-12-25,Florida,705162943.0999999,Beverages,705162943.0999999,705948098.8571428,710659033.4000001,652840155.2142857,707518410.3714285,689064300.9369048,1696130.2897663808,6,12,4,51,2022,0
2023-01-01,Florida,684937805.6,Beverages,684937805.6,687827110.9571428,705162943.0999999,666387996.3000001,693605721.6714286,700122044.2083334,6241612.939334184,6,1,1,52,2023,0
2023-01-15,Florida,682750236.9999999,Beverages,682750236.9999999,682906491.8999999,683844021.3,708401833.8833334,683219001.6999999,693359363.5080554,337549.1622791354,6,1,1,2,2023,0
2023-01-22,Florida,669250018.4000001,Beverages,669250018.4000001,671178621.057143,682750236.9999999,706733254.6142857,675035826.3714286,685477479.7385714,4166257.9103235714,6,1,1,3,2023,0
2023-01-29,Florida,674965744.6999999,Beverages,674965744.6999999,674149212.3714285,669250018.4000001,690716416.3142858,672516147.7142857,679278374.9685714,1763911.4309307183,6,1,1,4,2023,0
2023-02-04,Florida,758696511.7,Beverages,758696511.7,744741383.8666667,674149212.3714285,684312786.0,716831128.1999999,687008327.06,30146521.633644424,5,2,1,5,2023,0
2023-02-19,Florida,713110008.2,Beverages,713110008.2,716149108.4333334,734383709.8333334,673107223.7142857,722227308.9,713554982.4552382,6565206.856181134,6,2,1,7,2023,0
2023-02-26,Florida,742464645.7,Beverages,742464645.7,738271126.0571429,713110008.2,673332680.0428572,729884086.7714287,727230378.8223809,9059037.806306332,6,2,1,8,2023,0
2023-03-19,Florida,789712001.3,Beverages,789712001.3,787462127.2238095,773962882.7666667,719188208.6666667,782962379.0714285,754997539.8444445,4860283.497208207,6,3,1,11,2023,0
2023-03-26,Florida,744549563.8,Beverages,744549563.8,751001340.5857142,789712001.3,734077606.4142858,763904894.1571428,764651616.7385714,13937430.797380297,6,3,1,12,2023,0
2023-04-16,Florida,733380085.9,Beverages,733380085.9,733911965.8,737103245.1999999,785212253.147619,734975725.6,747906165.684127,1148991.9045424073,6,4,2,15,2023,0
2023-04-23,Florida,732692297.5999999,Beverages,732692297.5999999,732790553.0714285,733380085.9,757453117.3714285,732987064.0142858,737971231.1795237,212256.0757619864,6,4,2,16,2023,0
2023-04-30,Florida,740510455.3,Beverages,740510455.3,739393575.6285714,732692297.5999999,741890164.3,737159816.2857141,736297837.4833332,2412735.84713046,6,4,2,17,2023,0
2023-05-02,Florida,697150558.4,Beverages,697150558.4,718830506.8499999,734926056.942857,740826404.5,729623506.4336735,734091050.0283333,16113368.366340367,1,5,2,18,2023,0
2023-05-03,Florida,771680292.9,Beverages,771680292.9,697150558.4,736042936.6142856,740294524.5999999,734714557.3316326,735137242.305,22744876.5291858,2,5,2,18,2023,0
2023-07-05,Florida,756307224.6999999,Beverages,756307224.6999999,756551241.6555555,758015343.3888888,763627733.3666667,757039275.5666666,759845470.5555555,527136.8709694166,2,7,3,27,2023,0
2023-08-01,Florida,681025298.5000001,Beverages,681025298.5000001,683813517.988889,700542834.9222223,757039275.5666666,689389956.9666668,721200060.8355556,6023242.505841895,1,8,3,31,2023,0
2023-09-04,Florida,743252354.1,Beverages,743252354.1,741422146.582353,730440901.4764706,688346128.5705884,737761731.5470589,716714345.0941178,3953700.115289557,0,9,3,36,2023,0
2023-12-02,Florida,705981954.3,Beverages,705981954.3,706400722.8370786,708913334.0595505,718545010.4123595,707238259.9112359,712054098.0876404,904643.4333956816,5,12,4,48,2023,0
2023-12-03,Florida,831072061.1999999,Beverages,831072061.1999999,705981954.3,708494565.5224719,718126241.8752809,724749330.7223113,715818958.7317978,46889371.76950375,6,12,4,48,2023,0
2019-03-11,Georgia,204848830.2,Beverages,204848830.2,204747435.3086207,204139065.9603448,201806983.4586207,204544645.52586204,203378604.275,219037.99972550635,0,3,1,11,2019,0
2019-06-10,Georgia,234203405.8,Beverages,234203405.8,233880828.04615384,231945361.5230769,224526073.18461537,233235672.53846157,229526028.3692308,696847.5925904198,0,6,2,24,2019,0
2019-08-12,Georgia,200151766.4,Beverages,200151766.4,200692268.6126984,203935281.8888889,216366832.7809524,201773273.03809527,207989048.48412696,1167618.2291379336,0,8,3,33,2019,0
2019-10-11,Georgia,202242822.9,Beverages,202242822.9,202207971.9583333,201998866.3083333,201197294.65,202138270.075,201737484.2458333,75286.63868035466,4,10,4,41,2019,0
2019-10-13,Georgia,222103635.0,Beverages,222103635.0,212173228.95,202068568.19166663,201266996.53333333,206448924.14761904,202796741.64,7844979.767308641,6,10,4,41,2019,0
2019-10-20,Georgia,212086739.8,Beverages,212086739.8,213517724.82857144,222103635.0,201510953.125,216379694.8857143,206290510.3766667,3091280.971159511,6,10,4,42,2019,0
2019-10-27,Georgia,203641241.0,Beverages,203641241.0,204847740.82857144,212086739.8,201754909.71666667,207260740.4857143,207599599.88194448,2606337.513882413,6,10,4,43,2019,0
2019-11-17,Georgia,201290192.6,Beverages,201290192.6,201402147.28571427,202073875.4,214948709.85714287,201626056.65714288,204234472.5542857,241849.7626988382,6,11,4,46,2019,0
2019-11-24,Georgia,208396413.5,Beverages,208396413.5,207381239.08571428,201290192.6,206054240.65714285,205350890.25714284,203218324.7409524,2193027.3808821407,6,11,4,47,2019,0
2019-12-15,Georgia,200972764.7,Beverages,200972764.7,201326271.78571427,203447314.3,201514101.97142857,202033285.95714283,204493770.6128572,763662.5858557057,6,12,4,50,2019,0
2019-12-22,Georgia,216037052.2,Beverages,216037052.2,213885011.12857145,200972764.7,206366064.67142856,209580928.98571423,205916956.7395238,4648940.05208484,6,12,4,51,2019,0
2019-12-29,Georgia,198566369.5,Beverages,198566369.5,201062181.3142857,216037052.2,206628878.07142857,206053804.94285712,205580940.76619047,5391569.733469863,6,12,4,52,2019,0
2020-01-03,Georgia,210589114.6,Beverages,210589114.6,208184565.58,203557993.12857145,204861342.6428572,204075519.0877551,205616217.3904762,4316172.1424114,4,1,1,1,2020,0
2020-01-11,Georgia,222344498.5,Beverages,222344498.5,220875075.5125,212058537.5875,202033285.9571429,217936229.5375,209331139.3335714,3174316.452757769,5,1,1,2,2020,0
2020-01-19,Georgia,199106822.2,Beverages,199106822.2,202011531.7375,219439788.9625,211732970.05714285,207820950.8125,210433245.65761903,6274889.772243676,6,1,1,3,2020,0
2020-01-26,Georgia,193934424.7,Beverages,193934424.7,194673338.62857145,199106822.2,203557993.12857145,196151166.4857143,207112846.26714283,1596236.5231703694,6,1,1,4,2020,0
2020-02-02,Georgia,200642375.6,Beverages,200642375.6,199684096.9,193934424.7,210589114.6,197767539.5,205640984.3633333,2070118.5905022356,6,2,1,5,2020,0
2020-02-08,Georgia,248666926.3,Beverages,248666926.3,240662834.51666668,199684096.9,219405652.525,224654650.95,208225904.7204167,17290814.45801407,5,2,1,6,2020,0
2020-02-16,Georgia,196362471.1,Beverages,196362471.1,202900528.0,242128869.4,204916241.275,215976641.8,209481827.96291667,14123817.146779362,6,2,1,7,2020,0
2020-02-23,Georgia,194551781.8,Beverages,194551781.8,194810451.7,196362471.1,195412252.55714285,195327791.5,208872687.4459524,558790.8494621059,6,2,1,8,2020,0
2020-03-05,Georgia,232382555.5,Beverages,232382555.5,228943394.25454545,208308426.78181812,216650559.16666663,222065071.7636364,214498576.63333333,7429437.417269453,3,3,1,10,2020,0
2020-03-15,Georgia,248795257.3,Beverages,248795257.3,247153987.12,237306366.04,209438584.9,243871446.76,218256906.55,3545548.817541355,6,3,1,11,2020,0
2020-03-22,Georgia,232566669.9,Beverages,232566669.9,234885039.52857143,248795257.3,195069121.6,239521778.7857143,228238811.39666665,5008250.801948428,6,3,1,12,2020,0
2020-03-29,Georgia,214214934.0,Beverages,214214934.0,216836610.55714285,232566669.9,211747588.0272728,222079963.6714286,232933850.88060609,5663468.653981179,6,3,1,13,2020,0
2020-04-10,Georgia,237617892.0,Beverages,237617892.0,235667645.5,223966166.5,242230176.58,231767152.5,231308134.67733333,4213013.954829177,4,4,2,15,2020,0
2020-04-19,Georgia,218540152.1,Beverages,218540152.1,220659900.97777772,233378394.24444443,237203409.15714288,224899398.7333333,226262740.6209524,4579180.940875634,6,4,2,16,2020,0
2020-04-26,Georgia,218926836.5,Beverages,218926836.5,218871595.87142852,218540152.1,219458287.1142857,218761114.6142857,224275003.6785714,119333.39668398972,6,4,2,17,2020,0
2020-05-01,Georgia,193036456.1,Beverages,193036456.1,198214532.18,218816355.2428572,220065673.5,207823067.6673469,221993844.2033333,10096478.176975824,4,5,2,18,2020,0
2020-05-04,Georgia,222801139.4,Beverages,222801139.4,212879578.3,213748760.42,225916413.0,205979002.2542857,220885185.3833333,9839811.52451259,0,5,2,19,2020,0
2020-05-07,Georgia,255137713.7,Beverages,255137713.7,244358855.6,198214532.18,231767152.5,223535965.4,222339380.3433333,22364094.76393571,3,5,2,19,2020,0
2020-05-17,Georgia,239786256.3,Beverages,239786256.3,241321402.04,250532276.48,222779649.8555556,244391693.52,227538343.98925924,3316293.825074423,6,5,2,20,2020,0
2020-05-24,Georgia,248894329.9,Beverages,248894329.9,247593176.52857143,239786256.3,218816355.2428572,244990869.7857143,233611899.5057143,2810812.536369625,6,5,2,21,2020,0
2020-05-31,Georgia,235973653.8,Beverages,235973653.8,237819464.6714286,248894329.9,193036456.1,241511086.4142857,241472437.2133333,3987407.212015043,6,5,2,22,2020,0
2020-06-09,Georgia,249712778.3,Beverages,249712778.3,248186208.91111112,239026792.5777778,250532276.48,245133070.13333336,243623801.82466668,3297766.7891779225,1,6,2,24,2020,0
2020-06-12,Georgia,208040534.0,Beverages,208040534.0,221931282.1,243606500.7444445,245926839.26,236497934.73809525,241070731.5346667,15872100.90964309,4,6,2,24,2020,0
2020-06-14,Georgia,234400321.4,Beverages,234400321.4,221220427.7,246659639.52222225,242856547.78,231330511.8015873,240016481.79466668,15191017.634792551,6,6,2,24,2020,0
2020-06-21,Georgia,239868510.7,Beverages,239868510.7,239087340.8,234400321.4,246292023.15714288,237525001.0,238787107.34761903,1687519.8544446963,6,6,2,25,2020,0
2020-06-28,Georgia,244150499.9,Beverages,244150499.9,243538787.15714285,239868510.7,239665275.5428572,242315361.6714286,238218291.9757143,1321450.5561377483,6,6,2,26,2020,0
2020-07-06,Georgia,235192872.7,Beverages,235192872.7,236312576.1,243030796.5,245133070.13333336,238551982.9,237925014.58777776,2418835.798182974,0,7,3,28,2020,0
2020-07-19,Georgia,251597266.5,Beverages,251597266.5,250335390.0538461,242764131.37692308,238306170.9,247811637.16153845,242013205.39,2725964.6803248315,6,7,3,29,2020,0
2020-07-26,Georgia,248674782.1,Beverages,248674782.1,249092279.87142852,251597266.5,242927074.4142857,249927275.4142857,244080433.1152381,901898.266287686,6,7,3,30,2020,0
2020-08-03,Georgia,216011116.7,Beverages,216011116.7,220094074.875,244591823.925,237432279.5,228259991.225,241191541.3633333,8820197.738208307,0,8,3,32,2020,0
2020-08-11,Georgia,220289341.3,Beverages,220289341.3,219754563.225,216545894.775,242764131.37692308,218685007.075,235797503.16102564,1155252.6784341838,1,8,3,33,2020,0
2020-08-16,Georgia,255956751.5,Beverages,255956751.5,248823269.46,219219785.15,249073513.6076923,235498977.375,234987507.6117949,14022101.076974044,6,8,3,33,2020,0
2020-08-23,Georgia,245783094.5,Beverages,245783094.5,247236474.07142857,255956751.5,249509777.6428572,250143233.2142857,234899044.61238092,3139658.7129371674,6,8,3,34,2020,0
2020-08-30,Georgia,243810935.5,Beverages,243810935.5,244092672.5,245783094.5,228259991.225,244656146.5,235988925.4675,608621.4807476323,6,8,3,35,2020,0
2020-09-02,Georgia,201281094.7,Beverages,201281094.7,215457708.3,244937883.5,216011116.7,231901041.27142856,235525288.81,17425371.44923132,2,9,3,36,2020,0
2020-09-08,Georgia,252157408.7,Beverages,252157408.7,243678023.0333333,215457708.3,219219785.15,226719251.7,238140509.7241667,18317566.595821783,1,9,3,37,2020,0
2020-09-13,Georgia,244525535.9,Beverages,244525535.9,246051910.46,235198637.36666664,241689787.42,247675265.26190475,241279796.53866667,3146764.8478114046,6,9,3,37,2020,0
2020-09-20,Georgia,235833613.3,Beverages,235833613.3,237075316.52857143,244525535.9,248689853.6428572,239558722.9857143,238418062.4057143,2682385.549589284,6,9,3,38,2020,0
2020-09-27,Georgia,235304027.2,Beverages,235304027.2,235379682.35714284,235833613.3,244374409.5,235530992.6714286,236118327.82666668,163433.81875444797,6,9,3,39,2020,0
2020-10-05,Georgia,233306057.6,Beverages,233306057.6,233555803.8,235054281.0,226719251.7,234055296.2,238933161.94,539513.4542364422,0,10,4,41,2020,0
2020-10-18,Georgia,223960845.9,Beverages,223960845.9,224679708.33846155,228992882.9692308,238317019.75714287,226117433.21538463,232087649.9942857,1552920.3538416673,6,10,4,42,2020,0
2020-10-25,Georgia,224262382.7,Beverages,224262382.7,224219306.0142857,223960845.9,235455337.5142857,224133152.64285716,229353979.97857144,93056.27691926944,6,10,4,43,2020,0
2020-11-10,Georgia,228323938.3,Beverages,228323938.3,228070091.075,226547007.725,228992882.9692308,227562396.625,225815848.22692308,548372.6807744276,1,11,4,46,2020,0
2020-11-15,Georgia,219240355.2,Beverages,219240355.2,221057071.82,227816243.85,225398570.7769231,224394710.225,225155430.35794872,3500425.35063909,6,11,4,46,2020,0
2020-11-22,Georgia,229627656.3,Beverages,229627656.3,228143756.1428572,219240355.2,224176229.3285714,225175955.82857147,225393455.58380952,3205590.713594713,6,11,4,47,2020,0
2020-11-29,Georgia,216485518.0,Beverages,216485518.0,218362966.32857144,229627656.3,225531618.825,222117862.9857143,224767579.9275,4055751.930713967,6,11,4,48,2020,0
2020-12-01,Georgia,200613877.5,Beverages,200613877.5,208549697.75,225872759.6428572,226039313.275,215766521.2193877,223345539.79166663,8336784.825915345,1,12,4,49,2020,0
2020-12-04,Georgia,214020656.3,Beverages,214020656.3,209551730.03333333,220240414.65714285,226800854.95,210381035.66836736,221646012.0225,6347347.82306147,4,12,4,49,2020,0
2020-12-07,Georgia,238917136.3,Beverages,238917136.3,230618309.63333336,208549697.75,227562396.625,217303428.07142857,221976988.0458333,13954386.59084836,0,12,4,50,2020,0
2020-12-13,Georgia,215266326.6,Beverages,215266326.6,219208128.21666667,230618309.63333336,222873788.44,227091731.45,221725094.56066668,8515264.720729094,6,12,4,50,2020,0
2020-12-20,Georgia,226573996.9,Beverages,226573996.9,224958615.42857143,215266326.6,226659855.9857143,221727852.4857143,221503003.29476196,3489622.815118135,6,12,4,51,2020,0
2020-12-27,Georgia,214648293.7,Beverages,214648293.7,216351965.58571428,226573996.9,220240414.65714285,219759309.35714287,220188576.5109524,3680351.9088313873,6,12,4,52,2020,0
2021-01-08,Georgia,272363199.8,Beverages,272363199.8,267553624.2916667,238696171.24166667,231033533.06666663,257934473.275,230868422.10166663,10389870.579642804,4,1,1,1,2021,0
2021-01-17,Georgia,214238532.3,Beverages,214238532.3,220696828.6888889,259446607.02222225,223343233.9571429,233613421.4666667,236713988.4192857,13951514.74995211,6,1,1,2,2021,0
2021-01-24,Georgia,208876209.8,Beverages,208876209.8,209642255.87142852,214238532.3,218055637.47142857,211174348.0142857,234026419.0045238,1654848.650660456,6,1,1,3,2021,0
2021-01-31,Georgia,212596582.6,Beverages,212596582.6,212065100.77142856,208876209.8,238696171.24166667,211002137.1142857,230714072.31750005,1148131.972304606,6,1,1,4,2021,0
2021-02-05,Georgia,247764853.1,Beverages,247764853.1,240731199.0,211533618.94285715,262744048.78333336,227592772.55306125,227476180.1730556,13826655.603644555,4,2,1,5,2021,0
2021-02-14,Georgia,210672516.6,Beverages,210672516.6,214793887.32222223,239522111.65555555,227155125.0777778,223036628.76666665,220102682.5596296,8903178.324245444,6,2,1,6,2021,0
2021-02-21,Georgia,206944928.1,Beverages,206944928.1,207477440.7428572,210672516.6,210408301.94285715,208542466.02857143,218941346.9190476,1150358.7856692418,6,2,1,7,2021,0
2021-02-28,Georgia,225430197.6,Beverages,225430197.6,222789444.8142857,206944928.1,211533618.94285715,217507939.2428572,220664141.3390476,5704678.017606208,6,2,1,8,2021,0
2021-03-01,Georgia,208934978.8,Beverages,208934978.8,225430197.6,209585680.8857143,212065100.77142856,217414981.8020408,220559803.94,5858513.6537095625,0,3,1,9,2021,0
2021-03-10,Georgia,369777976.5,Beverages,369777976.5,351906532.3111111,244677867.1777778,235400740.9333333,316163643.93333334,240059109.12777776,38606731.89808647,2,3,1,10,2021,0
2021-03-14,Georgia,267795168.8,Beverages,267795168.8,293290870.725,316163643.93333334,218915258.04444444,325696354.8119048,250851296.8024074,35344828.69263503,6,3,1,10,2021,0
2021-03-21,Georgia,252912762.6,Beverages,252912762.6,255038820.62857145,267795168.8,208009953.3857143,259290936.68571427,262324472.1197619,4592810.264315609,6,3,1,11,2021,0
2021-03-28,Georgia,232747665.8,Beverages,232747665.8,235628393.9142857,252912762.6,220148692.02857143,241389850.14285716,269023493.7821429,6223083.9771004375,6,3,1,12,2021,0
2021-04-04,Georgia,242501063.5,Beverages,242501063.5,241107720.97142857,232747665.8,280420755.5555556,238321035.9142857,268911436.2187037,3009963.8772462592,6,4,2,13,2021,0
2021-04-07,Georgia,274063879.0,Beverages,274063879.0,263542940.5,236927693.3857143,334035088.12222224,250324717.1897959,263649365.8753704,13834587.12257679,2,4,2,14,2021,0
2021-04-18,Georgia,237770628.8,Beverages,237770628.8,241070015.1818182,260866333.47272727,257164878.65714285,247668787.9454545,248449992.49761903,7127489.201474805,6,4,2,15,2021,0
2021-04-25,Georgia,234825958.4,Beverages,234825958.4,235246625.6,237770628.8,238509122.02857143,236087960.0,245893700.6804762,908745.014510427,6,4,2,16,2021,0
2021-05-09,Georgia,271945813.8,Beverages,271945813.8,269294395.55714285,253385886.1,267465106.23636365,263991559.07142857,249243054.06818184,5727718.038330537,6,5,2,18,2021,0
2021-05-12,Georgia,329236652.40000004,Beverages,329236652.40000004,310139706.20000005,261340140.82857144,257566947.0909091,286041980.6204082,254170391.3409091,25209832.03334997,2,5,2,19,2021,0
2021-05-16,Georgia,249325086.8,Beverages,249325086.8,269302978.20000005,271945813.8,244369401.5636364,292512402.0285715,258166850.3760606,26945182.49190058,6,5,2,19,2021,0
2021-05-23,Georgia,258169301.1,Beverages,258169301.1,256905841.9142857,249325086.8,235667292.8,254378923.54285717,262142473.20333332,2729383.7885476737,6,5,2,20,2021,0
2021-05-30,Georgia,259966082.5,Beverages,259966082.5,259709399.44285715,258169301.1,248083049.6142857,259196033.3285714,266489092.65857145,554498.7783542429,6,5,2,21,2021,0
2021-06-06,Georgia,255134239.0,Beverages,255134239.0,255824502.35714287,259966082.5,266642977.31428573,257205029.07142857,266142897.5052381,1491139.2770902496,6,6,2,22,2021,0
2021-06-13,Georgia,253894710.2,Beverages,253894710.2,254071785.7428572,255134239.0,289280869.6,254425936.8285714,256502317.48,382526.89244636695,6,6,2,23,2021,0
2021-06-20,Georgia,258893196.0,Beverages,258893196.0,258179126.6,253894710.2,255642382.7285714,256750987.8,256937368.40714285,1542566.207360756,6,6,2,24,2021,0
2021-06-27,Georgia,253975877.1,Beverages,253975877.1,254678351.2285714,258893196.0,259452716.3857143,256083299.4857143,256364408.4747619,1517517.5582085878,6,6,2,25,2021,0
2021-07-02,Georgia,213638443.5,Beverages,213638443.5,221705930.22,255380825.35714287,257895292.42857143,236788759.00408164,251478906.32142857,15876361.251641208,4,7,3,26,2021,0
2021-07-03,Georgia,229526110.2,Beverages,229526110.2,213638443.5,254678351.2285714,257205029.07142857,233195581.7142857,250556275.69238096,13872545.88505199,5,7,3,26,2021,0
2021-07-11,Georgia,336660308.7,Beverages,336660308.7,323268533.8875,242917885.0125,254248861.28571427,296484984.2625,259817082.55642852,28929540.01709482,6,7,3,27,2021,0
2021-07-18,Georgia,266538613.8,Beverages,266538613.8,276555998.78571427,336660308.7,257465057.2,296590768.7571429,269416559.00166667,21640024.85618057,6,7,3,28,2021,0
2021-07-25,Georgia,265685591.4,Beverages,265685591.4,265807451.7428572,266538613.8,255380825.35714287,266051172.42857143,271461792.8792857,263248.4278592447,6,7,3,29,2021,0
2021-08-08,Georgia,270212454.3,Beverages,270212454.3,269889106.95,267949022.85,309876759.075,269242412.25000006,278399072.74125,698510.110304577,6,8,3,31,2021,0
2021-08-15,Georgia,272436319.3,Beverages,272436319.3,272118624.3,270212454.3,286573383.7714286,271483234.3,268646173.7011905,686299.638744792,6,8,3,32,2021,0
2021-08-22,Georgia,260774672.8,Beverages,260774672.8,262440622.3,272436319.3,265929312.08571428,265772521.3,268194436.12309524,3598862.2420496684,6,8,3,33,2021,0
2021-08-29,Georgia,261886848.4,Beverages,261886848.4,261727966.1714286,260774672.8,267302328.15,261410201.7142857,267031109.51,343224.8416669253,6,8,3,34,2021,0
2021-09-05,Georgia,249585216.6,Beverages,249585216.6,251342592.57142857,261886848.4,269565759.6,254857344.5142857,263825489.135,3796365.993480581,6,9,3,35,2021,0
2021-09-19,Georgia,247987379.1,Beverages,247987379.1,248101510.35,248786297.85,264106571.8,248329772.85,253976578.995,246551.67892970477,6,9,3,37,2021,0
2021-09-26,Georgia,244814211.5,Beverages,244814211.5,245267521.15714285,247987379.1,261569083.94285715,246174140.4714286,250434815.35404763,979260.7813369284,6,9,3,38,2021,0
2021-10-01,Georgia,214363911.5,Beverages,214363911.5,220453971.5,245720830.81428573,256614720.4857143,231828841.4510204,244901117.1392857,11970465.99399624,4,10,4,39,2021,0
2021-10-10,Georgia,356385300.9,Beverages,356385300.9,340605146.5222222,245924220.2555556,249014560.35,309044837.7666667,257710547.60666665,34089029.56774221,6,10,4,40,2021,0
2021-10-17,Georgia,358048744.40000004,Beverages,358048744.40000004,357811109.61428577,356385300.9,248215641.6,357335840.0428572,283092035.36833334,513349.8091836251,6,10,4,41,2021,0
2021-10-24,Georgia,348127397.20000005,Beverages,348127397.20000005,349544732.51428574,358048744.40000004,245720830.81428573,352379403.1428572,307673024.7652381,3061794.218216354,6,10,4,42,2021,0
2021-10-31,Georgia,346260582.1,Beverages,346260582.1,346527269.9714286,348127397.20000005,214363911.5,347060645.71428573,334560445.76000005,576111.6474940069,6,10,4,43,2021,0
2021-11-04,Georgia,230404564.7,Beverages,230404564.7,259368569.05,347060645.71428573,277484529.0111111,304997727.83061224,337231948.9307407,46991843.36050932,3,11,4,44,2021,0
2021-11-07,Georgia,252953399.6,Beverages,252953399.6,245437121.3,346260582.1,324824992.14444447,261673378.4,330871177.28407407,30799190.60933628,6,11,4,44,2021,0
2021-11-14,Georgia,344501414.29999995,Beverages,344501414.29999995,331423126.48571426,252953399.6,357573474.82857144,305266550.8571428,319350656.6938095,28252330.70117925,6,11,4,45,2021,0
2021-11-21,Georgia,354222036.4,Beverages,354222036.4,352833376.1,344501414.29999995,350962067.8285715,350056055.5,318202284.7671429,2999849.107511239,6,11,4,46,2021,0
2021-11-28,Georgia,328540754.40000004,Beverages,328540754.40000004,332209508.9714286,354222036.4,346793957.8428572,339547018.11428577,316286295.7390476,7925415.6878494015,6,11,4,47,2021,0
2021-12-09,Georgia,256028111.5,Beverages,256028111.5,262620169.9454545,302172520.6181818,279109975.2285714,275804286.8363637,319927271.6552381,14240473.817915622,3,12,4,49,2021,0
2021-12-12,Georgia,333122176.2,Beverages,333122176.2,307424154.6333333,282396345.2818182,318344838.67142856,283705322.938961,320143032.0328572,27360596.443882152,6,12,4,49,2021,0
2021-12-19,Georgia,352359919.0,Beverages,352359919.0,349611670.0285714,333122176.2,351444715.79999995,344115172.0857143,319794521.62666667,5936896.31950834,6,12,4,50,2021,0
2021-12-26,Georgia,337901544.6,Beverages,337901544.6,339967026.6571429,352359919.0,335878263.5428572,344097990.7714286,319312910.2757143,4461951.209865677,6,12,4,51,2021,0
2022-01-05,Georgia,386374892.5,Beverages,386374892.5,381527557.71,352443548.97,275804286.8363637,371832888.13,339108132.43954545,10471439.950794095,2,1,1,1,2022,0
2022-01-16,Georgia,347151522.7,Beverages,347151522.7,350717283.59090906,372111848.9363637,346863421.05714285,357848805.3727273,359035332.752619,7702923.908844071,6,1,1,2,2022,0
2022-01-23,Georgia,327200418.40000004,Beverages,327200418.40000004,330050576.1571429,347151522.7,342032508.71428573,335750891.6714286,356284242.3702381,6157044.457876081,6,1,1,3,2022,0
2022-01-30,Georgia,336182789.3,Beverages,336182789.3,334899593.4571429,327200418.40000004,362138218.55,332333201.7714286,352492445.58,2772019.84096564,6,1,1,4,2022,0
2022-02-01,Georgia,328585373.9,Beverages,328585373.9,332384081.6,329766810.08571434,371832888.13,332721634.7959184,349897479.381,2506375.6893444792,1,2,1,5,2022,0
2022-02-10,Georgia,400501219.2,Beverages,400501219.2,392510569.7222222,344566672.85555553,364980327.1545454,376529270.7666667,347527364.1203031,17261775.759119656,3,2,1,6,2022,0
2022-02-13,Georgia,333802364.70000005,Beverages,333802364.70000005,356035316.20000005,368538621.2888889,354283044.4818182,374595275.5047619,347346015.2030303,22790126.259368803,6,2,1,6,2022,0
2022-02-20,Georgia,328715272.2,Beverages,328715272.2,329441999.7,333802364.70000005,332900733.9142857,330895454.7,344859152.8519048,1569910.8286699546,6,2,1,7,2022,0
2022-02-27,Georgia,352766122.8,Beverages,352766122.8,349330287.0,328715272.2,333616397.6142857,342458615.40000004,347682795.63857144,7422253.6340439,6,2,1,8,2022,0
2022-03-04,Georgia,363376986.6,Beverages,363376986.6,361254813.84,345894451.2,336576023.37777776,356822802.1714286,351917307.0974074,4904205.376818456,4,3,1,9,2022,0
2022-03-07,Georgia,402606622.6,Beverages,402606622.6,389530077.2666667,354888295.56,360547971.8111111,372766448.8057143,355614582.5907408,17511240.04511221,0,3,1,10,2022,0
2022-03-13,Georgia,360956609.9,Beverages,360956609.9,367898278.6833333,389530077.2666667,378268267.7,381781616.25,354581143.3316667,14995718.466343803,6,3,1,10,2022,0
2022-03-20,Georgia,359985779.1,Beverages,359985779.1,360124469.21428573,360956609.9,330168727.2,360401849.4428572,360409955.1383333,299604.88958958164,6,3,1,11,2022,0
2022-03-27,Georgia,364039432.9,Beverages,364039432.9,363460339.5,359985779.1,345894451.2,362302152.7,366504751.77166665,1250984.7219059458,6,3,1,12,2022,0
2022-04-09,Georgia,407907754.7,Beverages,407907754.7,404533268.4076923,384286350.6538461,381781616.25,397784295.8230769,373407124.3783333,7289723.550271529,5,4,2,14,2022,0
2022-04-12,Georgia,350833583.2,Beverages,350833583.2,369858307.0333333,394409809.5307692,360956609.9,388708431.7351648,373603127.2133333,21001126.27633215,1,4,2,15,2022,0
2022-04-17,Georgia,374126939.9,Beverages,374126939.9,369468268.56,388883030.8666667,360263159.32857144,363534268.047619,374314636.8238096,8430750.991886219,6,4,2,15,2022,0
2022-04-24,Georgia,367838163.1999999,Beverages,367838163.1999999,368736559.8714285,374126939.9,362881246.1,370533353.2142857,376481567.7466666,1940758.6239825212,6,4,2,16,2022,0
2022-05-06,Georgia,381414562.5,Beverages,381414562.5,380283195.89166665,373494996.2416666,397784295.8230769,378020462.675,374775357.9591025,2444031.2078455137,4,5,2,18,2022,0
2022-05-15,Georgia,383504530.6,Beverages,383504530.6,383272311.9222223,381878999.85555553,364809597.22,382807874.5666667,376093804.5936667,501649.6788224805,6,5,2,19,2022,0
2022-05-22,Georgia,410982914.6,Beverages,410982914.6,407057431.1714286,383504530.6,369634956.5428571,399206464.31428576,382550181.0040476,8480013.405499607,6,5,2,20,2022,0
2022-05-29,Georgia,401053272.1,Beverages,401053272.1,402471792.4571429,410982914.6,373494996.2416666,405308833.17142856,390697707.4708334,3064354.203380828,6,5,2,21,2022,0
2022-06-02,Georgia,337213215.40000004,Beverages,337213215.40000004,353173229.57500005,405308833.1714286,378020462.675,378861189.1459184,388675017.32416666,26471062.03989301,3,6,2,22,2022,0
2022-06-03,Georgia,358685338.7,Beverages,358685338.7,337213215.40000004,403890312.81428576,379151829.2833333,372403335.7010204,387992800.97138894,24809217.25528076,4,6,2,22,2022,0
2022-06-11,Georgia,361574736.0,Beverages,361574736.0,361213561.3375,359046513.3625,382807874.56666666,360491212.0125,382240243.3655556,780226.4449174023,5,6,2,23,2022,0
2022-06-19,Georgia,402468012.9,Beverages,402468012.9,397356353.2875,366686395.6125,403131947.7428572,387133034.0625,380586769.827381,11042446.829052636,6,6,2,24,2022,0
2022-06-26,Georgia,395036684.9,Beverages,395036684.9,396098303.18571424,402468012.9,403890312.81428576,398221539.7571429,378449225.3235714,2293357.6101709646,6,6,2,25,2022,0
2022-07-08,Georgia,406489668.3,Beverages,406489668.3,405535253.01666665,399808761.31666666,360491212.0125,403626422.45,392089790.2420833,2061772.6566691736,4,7,3,27,2022,0
2022-07-17,Georgia,390307593.0,Beverages,390307593.0,392105601.3666667,402893651.56666666,392244693.675,395701618.1,399325213.1195833,3884141.999332895,6,7,3,28,2022,0
2022-07-24,Georgia,388923197.6,Beverages,388923197.6,389120968.3714286,390307593.0,397159921.4714286,389516509.9142857,397004393.5528572,427233.6959715557,6,7,3,29,2022,0
2022-07-31,Georgia,403928381.5,Beverages,403928381.5,401784783.8,388923197.6,399808761.31666666,397497588.4,397066009.45166665,4630700.285152629,6,7,3,30,2022,0
2022-08-05,Georgia,385078069.3,Beverages,385078069.3,388848131.74,399641186.1,404580837.73333335,395543448.0285714,395390373.9538889,7002150.145263638,4,8,3,31,2022,0
2022-08-14,Georgia,411516993.00000006,Beverages,411516993.00000006,408579334.8111112,390953385.6777778,393903609.73333335,402704018.4333334,395083336.5222222,6346066.994261175,6,8,3,32,2022,0
2022-08-21,Georgia,397965156.5,Beverages,397965156.5,399901133.14285713,411516993.00000006,389318739.14285713,403773086.4285714,398264236.7623809,4182187.5401973967,6,8,3,33,2022,0
2022-08-28,Georgia,402234121.8,Beverages,402234121.8,401624269.6142857,397965156.5,399641186.1,400404565.2428571,399864831.3366667,1317431.2933873,6,8,3,34,2022,0
2022-09-01,Georgia,329252569.3,Beverages,329252569.3,347497957.425,400404565.2428572,396388256.62,375907916.3989796,394005593.5023334,29260899.95677593,3,9,3,35,2022,0
2022-09-10,Georgia,376048075.8000001,Beverages,376048075.8000001,370848575.07777786,339651570.7444445,402704018.4333334,360449573.6333334,382623827.6094445,11232205.313974896,5,9,3,36,2022,0
2022-09-18,Georgia,391431161.0,Beverages,391431161.0,389508275.35,377970961.4500001,401837109.7857143,385662504.0500001,376734666.609762,4153907.763465268,6,9,3,37,2022,0
2022-09-25,Georgia,395074476.5,Beverages,395074476.5,394554002.85714287,391431161.0,401014417.42857146,393513055.5714286,375326384.4121429,1124351.5733100383,6,9,3,38,2022,0
2022-10-04,Georgia,364285112.6,Beverages,364285112.6,367706153.03333336,388232395.6333333,344851071.4666667,374548233.9,380407309.72555554,7390291.989077649,1,10,4,40,2022,0
2022-10-07,Georgia,383730360.1999999,Beverages,383730360.1999999,377248611.0,377969274.3333334,360449573.6333334,372773218.0,382607163.53444445,6425168.373476901,4,10,4,40,2022,0
2022-10-16,Georgia,376757118.2000001,Beverages,376757118.2000001,377531922.86666673,382180750.8666666,387585389.7000001,379081532.2,382923571.9716667,1673769.3789068656,6,10,4,41,2022,0
2022-10-23,Georgia,368951982.1,Beverages,368951982.1,370067001.5428572,376757118.2000001,394033529.2142857,372297040.4285715,378262803.20523816,2408717.2943112785,6,10,4,42,2022,0
2022-10-30,Georgia,363390718.4,Beverages,363390718.4,364185184.64285713,368951982.1,377969274.3333334,365774117.12857145,373153922.0233334,1716243.237908041,6,10,4,43,2022,0
2022-11-09,Georgia,394161386.6,Beverages,394161386.6,391084319.78,372621918.86,381405946.2,384930186.14,374726958.04,6647224.0573766185,2,11,4,45,2022,0
2022-11-12,Georgia,353241000.2,Beverages,353241000.2,366881129.0,381853119.32,379081532.2000001,379832361.7828571,373429437.2533333,14719905.39520965,5,11,4,45,2022,0
2022-11-13,Georgia,360856331.2000001,Beverages,360856331.2000001,353241000.2,384930186.14,378306727.5333334,376393239.6485714,372847757.3755556,16079814.909729892,6,11,4,45,2022,0
2022-11-20,Georgia,373185740.4,Beverages,373185740.4,371424396.2285714,360856331.2000001,371182020.9857143,367901707.8857144,371313177.8680952,3804938.285246249,6,11,4,46,2022,0
2022-11-27,Georgia,358143173.6,Beverages,358143173.6,360292111.7142857,373185740.4,364979650.8857143,364589987.9428572,370655445.0380952,4642236.898552984,6,11,4,47,2022,0
2022-12-06,Georgia,381382226.9,Beverages,381382226.9,378800109.8666667,363307407.6666667,384930186.14,373635875.8,370055945.908,5578010.315338543,1,12,4,49,2022,0
2022-12-18,Georgia,373390982.00000006,Beverages,373390982.00000006,374056919.0750001,378052541.525,369663052.05714285,375388793.225,372028917.0692857,1438588.5015624445,6,12,4,50,2022,0
2022-12-25,Georgia,379725854.4,Beverages,379725854.4,378820872.6285714,373390982.00000006,362441049.8285714,377010909.0857143,374054636.9588096,1954984.0658430844,6,12,4,51,2022,0
2023-01-01,Georgia,346758543.5,Beverages,346758543.5,351468159.3428571,379725854.4,371053758.76666665,360887391.0285715,373332264.5716667,10173933.022230826,6,1,1,52,2023,0
2023-01-15,Georgia,359865758.8,Beverages,359865758.8,358929529.1357143,353312151.15,374722856.15,357057069.80714285,362188657.5208334,2022487.2295007245,6,1,1,2,2023,0
2023-01-22,Georgia,342184672.00000006,Beverages,342184672.00000006,344710541.5428572,359865758.8,377915890.85714287,349762280.62857145,356200605.07928574,5456501.848434392,6,1,1,3,2023,0
2023-01-29,Georgia,347824435.0,Beverages,347824435.0,347018754.5714286,342184672.00000006,356177775.1857143,345407393.71428573,350577938.2330952,1740468.6478261256,6,1,1,4,2023,0
2023-02-04,Georgia,387840198.2,Beverages,387840198.2,381170904.3333333,347018754.5714286,350503462.1571429,367832316.6,354990558.49023813,14407321.397121266,5,2,1,5,2023,0
2023-02-19,Georgia,352448461.6,Beverages,352448461.6,354807910.7066667,368964605.3466667,347236411.08571434,359526808.9200001,362207261.0314286,5096992.617146281,6,2,1,7,2023,0
2023-02-26,Georgia,369505222.2000001,Beverages,369505222.2000001,367068542.1142858,352448461.6,346213074.14285713,362195181.9428572,366389344.15238094,5263830.600176476,6,2,1,8,2023,0
2023-03-19,Georgia,386918415.1,Beverages,386918415.1,386089215.4380953,381114017.4666667,357167359.81333333,384430816.11428577,373125914.46688896,1791275.9987122703,6,3,1,11,2023,0
2023-03-26,Georgia,374538068.0,Beverages,374538068.0,376306689.01428574,386918415.1,364631862.0285715,379843931.0428572,378221202.3238096,3820658.0624662014,6,3,1,12,2023,0
2023-04-16,Georgia,382272127.1,Beverages,382272127.1,381903838.5714286,379694107.4,385260015.7761905,381167261.51428574,379409640.8646032,795594.152049977,6,4,2,15,2023,0
2023-04-23,Georgia,387642647.7,Beverages,387642647.7,386875430.4714286,382272127.1,378075310.0285714,385340996.01428574,379953526.9071428,1657378.6392867102,6,4,2,16,2023,0
2023-04-30,Georgia,395601558.6,Beverages,395601558.6,394464571.3285714,387642647.7,376379510.64285713,392190596.7857143,383829351.992381,2456173.2278717817,6,4,2,17,2023,0
2023-05-02,Georgia,350918543.6,Beverages,350918543.6,373260051.1,389916622.2428572,377116087.7,384402359.2836735,382839842.2533333,16615968.881559616,1,5,2,18,2023,0
2023-05-03,Georgia,379897875.7,Beverages,379897875.7,350918543.6,391053609.51428574,377484376.2285714,382808683.0244898,382920292.2357143,16405360.637250563,2,5,2,18,2023,0
2023-07-05,Georgia,404105159.3,Beverages,404105159.3,403720916.7031746,401415461.12222224,392577881.3952381,402952431.5095238,398533641.6460317,830058.8785394499,2,7,3,27,2023,0
2023-08-01,Georgia,346855321.50000006,Beverages,346855321.50000006,348975685.862963,361697872.0407408,402952431.5095238,353216414.58888894,377350144.0669842,4580510.540849438,1,8,3,31,2023,0
2023-09-04,Georgia,367936366.6,Beverages,367936366.6,367316335.8617647,363596151.43235296,349335444.45294124,366076274.3852941,358945920.8955883,1339419.479898479,0,9,3,36,2023,0
2023-12-02,Georgia,357158483.2,Beverages,357158483.2,357279583.0134831,358006181.894382,360791477.6044944,357521782.64044946,358914430.4955056,261605.49684973215,5,12,4,48,2023,0
2023-12-03,Georgia,405494385.6,Beverages,405494385.6,357158483.2,357885082.0808989,360670377.7910112,364323111.7146067,360408564.0891386,18156003.28918935,6,12,4,48,2023,0
2019-03-11,Illinois,169707087.1,Beverages,169707087.1,169676166.5775862,169490643.44310343,168779471.4275862,169614325.53275862,169258739.525,66795.96267646755,0,3,1,11,2019,0
2019-06-10,Illinois,181091999.3,Beverages,181091999.3,180966890.37472528,180216236.82307693,177338731.54175824,180716672.52417585,179277919.8835165,270266.1679199364,0,6,2,24,2019,0
2019-08-12,Illinois,173166397.0,Beverages,173166397.0,173292200.2111111,174047019.47777778,176940493.33333334,173543806.63333336,174990543.5611111,271765.99674998125,0,8,3,33,2019,0
2019-10-11,Illinois,172375680.9,Beverages,172375680.9,172388859.5016667,172467931.11166668,172771038.95,172415216.70499998,172566770.62416667,28469.03343422022,4,10,4,41,2019,0
2019-10-13,Illinois,179473338.89999998,Beverages,179473338.89999998,175924509.89999998,172441573.90833333,172744681.74666667,173915434.18809524,172896614.18100002,2780295.706847042,6,10,4,41,2019,0
2019-10-20,Illinois,171747244.7,Beverages,171747244.7,172850972.44285712,179473338.89999998,172652431.535,175058427.9285714,173448788.3183333,2384324.4343657074,6,10,4,42,2019,0
2019-10-27,Illinois,169394536.70000002,Beverages,169394536.70000002,169730637.84285715,171747244.7,172560181.32333332,170402840.12857145,172936183.68505558,726061.4517673091,6,10,4,43,2019,0
2019-11-17,Illinois,175223242.79999998,Beverages,175223242.79999998,174945685.36666664,173280340.76666665,173954700.18571427,174390570.5,171960637.8614286,599592.5847838646,6,11,4,46,2019,0
2019-11-24,Illinois,177531815.9,Beverages,177531815.9,177202019.74285716,175223242.79999998,170066738.9857143,176542427.42857143,173210773.47809523,712441.1259246304,6,11,4,47,2019,0
2019-12-15,Illinois,177846809.0,Beverages,177846809.0,177831809.32857144,177741811.3,174668127.9333333,177801809.9857143,177253299.27222222,32402.993685335885,6,12,4,50,2019,0
2019-12-22,Illinois,191928058.0,Beverages,191928058.0,189916451.0,177846809.0,176872223.58571428,185893237.0,179587318.4214286,4345567.784700397,6,12,4,51,2019,0
2019-12-29,Illinois,171748546.2,Beverages,171748546.2,174631333.6,191928058.0,177606814.25714287,180396908.4,180259333.37428573,6227532.542679007,6,12,4,52,2019,0
2020-01-03,Illinois,177994077.1,Beverages,177994077.1,176744970.92,177514121.0,177681812.6142857,174837029.07142857,179900008.61904764,2135182.3401497398,4,1,1,1,2020,0
2020-01-11,Illinois,179673231.6,Beverages,179673231.6,179463337.2875,178203971.4125,177801809.9857143,179043548.6625,180217152.71785715,453423.5377931613,5,1,1,2,2020,0
2020-01-19,Illinois,169757178.3,Beverages,169757178.3,170996684.9625,178433724.9375,187904844.0,173475698.2875,178212487.21666667,2677640.424537067,6,1,1,3,2020,0
2020-01-26,Illinois,165295901.2,Beverages,165295901.2,165933226.5,169757178.3,177514121.0,167207877.1,173952892.27333334,1376780.0032786217,6,1,1,4,2020,0
2020-02-02,Illinois,171263874.5,Beverages,171263874.5,170411306.8857143,165295901.2,177994077.1,168706171.65714285,172522358.87666664,1841756.5453486936,6,2,1,5,2020,0
2020-02-08,Illinois,201691235.7,Beverages,201691235.7,196620008.8333333,170411306.8857143,179253442.975,186477555.1,174579251.14458334,10955102.115221765,5,2,1,6,2020,0
2020-02-16,Illinois,166798754.79999998,Beverages,166798754.79999998,171160314.9125,197329675.5875,172236191.625,179883435.1375,176091497.91041666,9422046.709876852,6,2,1,7,2020,0
2020-02-23,Illinois,169047636.1,Beverages,169047636.1,168726367.34285712,166798754.79999998,166570551.79999998,168083829.8285714,175978395.695,694019.8365137016,6,2,1,8,2020,0
2020-03-05,Illinois,189455075.7,Beverages,189455075.7,187599853.9181818,176468523.22727272,181406328.2333333,183889410.35454544,179713558.22166666,4007737.102000224,3,3,1,10,2020,0
2020-03-15,Illinois,219442898.5,Beverages,219442898.5,216444116.22,198451422.54,175521875.02499998,210446551.66,185199943.1870833,6478110.122552938,6,3,1,11,2020,0
2020-03-22,Illinois,199431897.8,Beverages,199431897.8,202290612.1857143,219442898.5,168405098.58571428,208008040.9571429,194509423.5747619,6175528.888207031,6,3,1,12,2020,0
2020-03-29,Illinois,165303611.3,Beverages,165303611.3,170179080.8,199431897.8,178323745.0090909,179930019.79999998,196131744.50575757,10532217.870832,6,3,1,13,2020,0
2020-04-10,Illinois,186846617.7,Beverages,186846617.7,185051367.16666663,174279863.96666667,207447769.38,181460866.1,189967273.42733333,3878184.398403664,4,4,2,15,2020,0
2020-04-19,Illinois,187133888.7,Beverages,187133888.7,187101969.7,186910455.7,205149326.57142857,187038131.7,182265381.3361905,68952.92076439116,6,4,2,16,2020,0
2020-04-26,Illinois,182357647.7,Beverages,182357647.7,183039967.84285712,187133888.7,175054550.3,184404608.12857145,181101458.01666668,1473979.973051773,6,4,2,17,2020,0
2020-05-01,Illinois,167140896.9,Beverages,167140896.9,170184247.06,183722287.9857143,170689362.9,175933657.37755102,181900556.58,6069059.646235339,4,5,2,18,2020,0
2020-05-04,Illinois,181787540.5,Beverages,181787540.5,176905325.96666667,179314297.54,176075114.5,173934238.0657143,182163102.78,4836072.715981414,0,5,2,19,2020,0
2020-05-07,Illinois,225472692.6,Beverages,225472692.6,210910975.2333333,170184247.06,181460866.1,190084257.2142857,185287638.74666664,21681275.647305463,3,5,2,19,2020,0
2020-05-17,Illinois,192199667.6,Beverages,192199667.6,195526970.1,215490785.1,187070050.7,202181575.1,192212676.45,7187794.909221127,6,5,2,20,2020,0
2020-05-24,Illinois,200253494.5,Beverages,200253494.5,199102947.8,192199667.6,183722287.9857143,196801854.4,194810759.15142855,2485464.941368841,6,5,2,21,2020,0
2020-05-31,Illinois,194605742.4,Beverages,194605742.4,195412564.12857145,200253494.5,167140896.9,197026207.5857143,199732354.2,1742934.1375697963,6,5,2,22,2020,0
2020-06-09,Illinois,197631547.8,Beverages,197631547.8,197295347.2,195278143.6,215490785.1,196622946.0,197954938.94,726276.3037471562,1,6,2,24,2020,0
2020-06-12,Illinois,177749652.9,Beverages,177749652.9,184376951.2,196286745.4,205508877.6,191662834.4571429,195509016.05,7821964.987822211,4,6,2,24,2020,0
2020-06-14,Illinois,203480045.3,Beverages,203480045.3,190614849.1,196959146.6,198854272.6,191736091.85714287,195277650.94,8709691.610297134,6,6,2,24,2020,0
2020-06-21,Illinois,202414362.8,Beverages,202414362.8,202566603.15714288,203480045.3,197952401.1,202871083.87142855,197081464.63666663,328876.75948397355,6,6,2,25,2020,0
2020-06-28,Illinois,206700072.2,Beverages,206700072.2,206087828.0,202414362.8,196219385.85714287,204863339.6,198598857.5809524,1322598.6347659198,6,6,2,26,2020,0
2020-07-06,Illinois,204592724.8,Beverages,204592724.8,204856143.225,206436653.775,196622946.0,205382980.075,201245675.60666665,569048.8358642627,0,7,3,28,2020,0
2020-07-19,Illinois,206801534.7,Beverages,206801534.7,206631626.24615383,205612175.5230769,202718843.5142857,206291809.33846155,205276964.9719048,367044.210606462,6,7,3,29,2020,0
2020-07-26,Illinois,198012496.3,Beverages,198012496.3,199268073.21428573,206801534.7,205475583.8,201779227.04285717,204817569.85,2712356.1361300754,6,7,3,30,2020,0
2020-08-03,Illinois,185463112.4,Beverages,185463112.4,187031785.3875,196443823.3125,205119561.65,190169131.3625,200823276.3958333,3388720.95752801,0,8,3,32,2020,0
2020-08-11,Illinois,183691947.9,Beverages,183691947.9,183913343.4625,185241716.8375,205612175.5230769,184356134.58750004,195328655.21564105,478269.0774482149,1,8,3,33,2020,0
2020-08-16,Illinois,201018393.3,Beverages,201018393.3,197553104.22,184134739.025,206461717.79230767,191149195.29464287,193322974.25820512,6723439.193088266,6,8,3,33,2020,0
2020-08-23,Illinois,198010028.4,Beverages,198010028.4,198439794.81428573,201018393.3,200523650.12857145,199299327.6428572,192205911.3504762,928401.5639545466,6,8,3,34,2020,0
2020-08-30,Illinois,202292392.0,Beverages,202292392.0,201680625.77142856,198010028.4,190169131.3625,200457093.31428573,193518801.25041667,1321566.0984697847,6,8,3,35,2020,0
2020-09-02,Illinois,169341635.7,Beverages,169341635.7,180325221.13333333,199845327.08571428,185463112.4,192353519.1469388,192848144.825,12927485.843035549,2,9,3,36,2020,0
2020-09-08,Illinois,205098054.2,Beverages,205098054.2,199138651.11666664,180325221.13333333,184134739.025,187219844.95,193950408.5370833,12873782.033458542,1,9,3,37,2020,0
2020-09-13,Illinois,188541211.2,Beverages,188541211.2,191852579.8,193179248.03333333,194087815.14,197150921.0452381,195161970.95233333,5722760.373159688,6,9,3,37,2020,0
2020-09-20,Illinois,187393954.2,Beverages,187393954.2,187557848.05714285,188541211.2,198869561.22857144,187885635.77142856,192428053.7054762,354051.1967345807,6,9,3,38,2020,0
2020-09-27,Illinois,184003042.2,Beverages,184003042.2,184487458.2,187393954.2,201068859.5428572,185456290.2,189178639.4640476,1046458.1620535412,6,9,3,39,2020,0
2020-10-05,Illinois,191978796.9,Beverages,191978796.9,190981827.5625,185000011.5375,187219844.95,188987888.8875,189818147.03,2153699.920200128,0,10,4,41,2020,0
2020-10-18,Illinois,182486649.0,Beverages,182486649.0,183216814.2230769,187597805.5615385,187721741.9142857,184677144.6692308,187011346.39357144,1577337.1592523716,6,10,4,42,2020,0
2020-10-25,Illinois,176608689.79999998,Beverages,176608689.79999998,177448398.25714284,182486649.0,184971874.2,179127815.1714286,185319325.49166667,1813977.591001628,6,10,4,43,2020,0
2020-11-10,Illinois,189641772.5,Beverages,189641772.5,188827204.83125,183939798.81875,187597805.5615385,187198069.49375,182771831.9544872,1759667.2808250708,1,11,4,46,2020,0
2020-11-15,Illinois,184675765.8,Beverages,184675765.8,185668967.14,188012637.1625,183946979.44615385,187397117.1044643,182980975.0524359,1809643.849481481,6,11,4,46,2020,0
2020-11-22,Illinois,190376092.8,Beverages,190376092.8,189561760.37142852,184675765.8,178288106.7142857,187933095.5142857,184647327.9602381,1759159.1039586205,6,11,4,47,2020,0
2020-11-29,Illinois,176420194.2,Beverages,176420194.2,178413894.0,190376092.8,180681528.14375,182401293.6,185563661.3972917,4306883.811422667,6,11,4,48,2020,0
2020-12-01,Illinois,172692448.70000002,Beverages,172692448.70000002,174556321.45,186388693.2,182310663.48125,178469534.16428572,185011728.4258333,4227227.517180477,1,12,4,49,2020,0
2020-12-04,Illinois,190544085.9,Beverages,190544085.9,184593540.1666667,180407593.8,184754366.4875,179409068.40714288,185077102.560625,6191931.655685611,4,12,4,49,2020,0
2020-12-07,Illinois,209603297.7,Beverages,209603297.7,203250227.1,174556321.45,187198069.49375,190889107.2142857,186763775.08812505,13291311.260066789,0,12,4,50,2020,0
2020-12-13,Illinois,185424145.8,Beverages,185424145.8,189454004.45,203250227.1,186662168.48,197513721.75,188215276.108,8705489.653961746,6,12,4,50,2020,0
2020-12-20,Illinois,191245120.4,Beverages,191245120.4,190413552.6,185424145.8,188747427.94285715,188750417.0,188725755.1290476,1796391.7616483804,6,12,4,51,2020,0
2020-12-27,Illinois,182005350.5,Beverages,182005350.5,183325317.62857145,191245120.4,180407593.8,185965251.8857143,188720553.23,2851454.896897909,6,12,4,52,2020,0
2021-01-08,Illinois,215890758.1,Beverages,215890758.1,213066974.13333333,196124270.3333333,201543580.4,207419406.2,193106825.75666663,6100070.558762237,4,1,1,1,2021,0
2021-01-17,Illinois,176009847.8,Beverages,176009847.8,180441060.0555556,207028333.58888888,189581984.8,189303484.56666663,194378235.4333333,9572512.535954176,6,1,1,2,2021,0
2021-01-24,Illinois,173498389.0,Beverages,173498389.0,173857168.82857144,176009847.8,184645284.75714287,174574728.4857143,191176179.8109524,775053.0122670452,6,1,1,3,2021,0
2021-01-31,Illinois,178906159.9,Beverages,178906159.9,178133621.20000002,173498389.0,196124270.3333333,176588543.8,188456367.36,1668874.3313964491,6,1,1,4,2021,0
2021-02-05,Illinois,205547366.1,Beverages,205547366.1,200219124.86,177361082.5,210243190.16666663,190213457.0285714,186838910.92444447,10544118.002520224,4,2,1,5,2021,0
2021-02-14,Illinois,173567181.4,Beverages,173567181.4,177120535.25555557,198440658.3888889,184872272.31111112,184227242.96666667,182635786.77851853,7676121.649181282,6,2,1,6,2021,0
2021-02-21,Illinois,174743017.1,Beverages,174743017.1,174575040.57142857,173567181.4,174215948.65714285,174239087.5142857,182254292.21761903,362870.7750358136,6,2,1,7,2021,0
2021-02-28,Illinois,182399000.6,Beverages,182399000.6,181305288.67142856,174743017.1,177361082.5,179117864.81428573,183167274.56333336,2362687.8026096984,6,2,1,8,2021,0
2021-03-01,Illinois,175411413.60000002,Beverages,175411413.60000002,182399000.6,175836729.02857143,178133621.20000002,179057105.46734694,183076534.31,2464408.2652672757,0,3,1,9,2021,0
2021-03-10,Illinois,296380377.70000005,Beverages,296380377.70000005,282939381.6888889,202293405.62222224,194887304.53333333,256057389.6666667,197572033.9677778,29035869.958781656,2,3,1,10,2021,0
2021-03-14,Illinois,227953426.3,Beverages,227953426.3,245060164.15000004,256057389.66666672,180673889.1111111,266181753.90952387,206586649.05851853,23447878.770587943,6,3,1,10,2021,0
2021-03-21,Illinois,207344505.5,Beverages,207344505.5,210288637.0428572,227953426.3,174407064.04285714,216176900.12857145,216326483.3690476,6360051.037086664,6,3,1,11,2021,0
2021-03-28,Illinois,174024961.0,Beverages,174024961.0,178784895.92857143,207344505.5,180211576.7428572,188304765.7857143,218949634.64904767,10282634.671122024,6,3,1,12,2021,0
2021-04-04,Illinois,196802111.3,Beverages,196802111.3,193548232.6857143,174024961.0,229175397.64444447,187040475.4571429,216753368.342963,7029181.187760182,6,4,2,13,2021,0
2021-04-07,Illinois,235170641.8,Beverages,235170641.8,222381131.63333336,183786596.84285715,269498385.6777778,204975509.77346945,213385742.53962964,18122725.37687633,2,4,2,14,2021,0
2021-04-18,Illinois,191078035.7,Beverages,191078035.7,195086454.43636364,219136966.85454544,213232768.58571428,203103291.9090909,201150488.31142855,8659174.147004122,6,4,2,15,2021,0
2021-04-25,Illinois,196608505.8,Beverages,196608505.8,195818438.6428572,191078035.7,183544830.85714287,194238304.3285714,200374204.4509524,1706740.126591044,6,4,2,16,2021,0
2021-05-09,Illinois,221934069.8,Beverages,221934069.8,220125100.94285715,209271287.8,227153804.3272728,216507163.2285714,205537811.2436364,3907819.3648792175,6,5,2,18,2021,0
2021-05-12,Illinois,276496520.1,Beverages,276496520.1,258309036.6666667,214698194.37142852,215128548.11818185,235972796.5795918,209455018.22484848,23442112.96061781,2,5,2,19,2021,0
2021-05-16,Illinois,199445721.9,Beverages,199445721.9,218708421.45,221934069.8,199094873.1727273,241183742.12857145,212552654.2178788,26001681.260962315,6,5,2,19,2021,0
2021-05-23,Illinois,211622438.8,Beverages,211622438.8,209882907.81428573,199445721.9,195028371.4857143,206403845.84285715,215600029.04809523,3757816.418420509,6,5,2,20,2021,0
2021-05-30,Illinois,215845234.4,Beverages,215845234.4,215241977.8857143,211622438.8,205653350.0857143,214035464.85714287,218788170.63809523,1303183.014570919,6,5,2,21,2021,0
2021-06-06,Illinois,215831841.1,Beverages,215831841.1,215833754.42857143,215845234.4,218316132.08571428,215837581.08571428,219476120.27142856,4133.262245350759,6,6,2,22,2021,0
2021-06-13,Illinois,223371606.6,Beverages,223371606.6,222294497.2428572,215831841.1,237971121.0,220140278.52857143,213769144.51833332,2326822.149157335,6,6,2,23,2021,0
2021-06-20,Illinois,224377051.4,Beverages,224377051.4,224233416.42857143,223371606.6,208143376.82857144,223946146.4857143,217974054.77714288,310287.001684008,6,6,2,24,2021,0
2021-06-27,Illinois,206643417.0,Beverages,206643417.0,209176793.34285715,224377051.4,214638721.37142852,214243546.02857143,218342002.5728572,5472718.389846238,6,6,2,25,2021,0
2021-07-02,Illinois,180591262.2,Beverages,180591262.2,185801693.16,211710169.68571427,215839494.4142857,195840118.70612243,214223642.0757143,10666237.316099102,4,7,3,26,2021,0
2021-07-03,Illinois,194041116.7,Beverages,194041116.7,180591262.2,209176793.34285715,215837581.08571428,193677879.18571427,213497093.26285717,8899946.353271632,5,7,3,26,2021,0
2021-07-11,Illinois,281852379.50000006,Beverages,281852379.50000006,270875971.65000004,205017524.55,221217387.8857143,248923155.95000005,220319176.83142856,23711751.02527265,6,7,3,27,2021,0
2021-07-18,Illinois,211555287.4,Beverages,211555287.4,221597729.12857145,281852379.50000006,224089781.4571429,241682612.5857143,224555831.0542857,21694153.6072473,6,7,3,28,2021,0
2021-07-25,Illinois,216729519.5,Beverages,216729519.5,215990343.4857143,211555287.4,211710169.68571427,214511991.4571429,223525459.73809525,1596802.693025027,6,7,3,29,2021,0
2021-08-08,Illinois,215452540.0,Beverages,215452540.0,215543752.82142857,216091029.75,259899563.80000004,215726178.4642857,225690883.54,197042.21469977192,6,8,3,31,2021,0
2021-08-15,Illinois,218662233.9,Beverages,218662233.9,218203706.2,215452540.0,231640170.85714287,217286650.8,216012647.9692857,990533.0422488672,6,8,3,32,2021,0
2021-08-22,Illinois,220926047.5,Beverages,220926047.5,220602645.55714285,218662233.9,215251167.47142857,219955841.67142853,217268441.2345238,698628.0443432513,6,8,3,33,2021,0
2021-08-29,Illinois,227183378.4,Beverages,227183378.4,226289473.9857143,220926047.5,216273455.3928572,224501665.15714285,219152187.49904764,1931054.2393835548,6,8,3,34,2021,0
2021-09-05,Illinois,203636305.1,Beverages,203636305.1,207000172.7142857,227183378.4,215634965.6428572,213727907.94285712,218643358.3940476,7266784.583986418,6,9,3,35,2021,0
2021-09-19,Illinois,205718169.8,Beverages,205718169.8,205569465.17857143,204677237.45,220279243.6142857,205272055.93571427,212521932.0469048,321238.6973960983,6,9,3,37,2021,0
2021-09-26,Illinois,202708357.3,Beverages,202708357.3,203138330.5142857,205718169.8,225395569.57142857,203998276.9428572,208135946.7745238,928848.3030221792,6,9,3,38,2021,0
2021-10-01,Illinois,179843016.10000002,Beverages,179843016.10000002,184416084.34000003,203568303.72857144,217091775.55714285,192970350.10204083,202472812.8078572,9005515.066482786,4,10,4,39,2021,0
2021-10-10,Illinois,295098247.49999994,Beverages,295098247.49999994,282292110.6777777,205455289.7444445,204379828.2071429,256679837.0333333,213796905.50761905,27664417.36438472,6,10,4,40,2021,0
2021-10-17,Illinois,282872885.1,Beverages,282872885.1,284619365.44285715,295098247.49999994,205420760.55714285,288112326.1285714,233195697.3759524,3772828.7456368166,6,10,4,41,2021,0
2021-10-24,Illinois,278433538.7,Beverages,278433538.7,279067731.0428571,282872885.1,203568303.72857144,280336115.7285714,250826494.8538095,1370012.0423143874,6,10,4,42,2021,0
2021-10-31,Illinois,280869615.50000006,Beverages,280869615.50000006,280521604.5285715,278433538.7,179843016.10000002,279825582.58571434,271092715.76666665,751789.6219921295,6,10,4,43,2021,0
2021-11-04,Illinois,197492724.6,Beverages,197492724.6,218336947.325,279825582.58571434,231067563.38888887,250943006.90510207,273346142.5042593,33580353.56801617,3,11,4,44,2021,0
2021-11-07,Illinois,215153859.6,Beverages,215153859.6,209266814.6,280869615.50000006,269485973.85555553,220405239.79285717,268604840.26092595,21958526.857616123,6,11,4,44,2021,0
2021-11-14,Illinois,290798410.5,Beverages,290798410.5,279992046.0857143,215153859.6,286365845.78571427,258379317.25714284,261337201.26976192,23344415.220495906,6,11,4,45,2021,0
2021-11-21,Illinois,288337806.9,Beverages,288337806.9,288689321.7,290798410.5,279701923.3857143,289392351.3,263117290.20976192,759358.756794577,6,11,4,46,2021,0
2021-11-28,Illinois,269485167.99999994,Beverages,269485167.99999994,272178402.1285714,288337806.9,280173593.5571429,277564870.38571423,262719455.7059524,5818050.6757895,6,11,4,47,2021,0
2021-12-09,Illinois,203910157.5,Beverages,203910157.5,209871522.0909091,245639709.6363636,236766588.42857143,221794251.27272725,262850524.83857143,12878019.37411887,3,12,4,49,2021,0
2021-12-12,Illinois,287001795.40000004,Beverages,287001795.40000004,259304582.76666668,227755615.8636364,269185681.67142856,232760366.54935068,262943051.38952377,30030779.8790038,6,12,4,49,2021,0
2021-12-19,Illinois,296964593.50000006,Beverages,296964593.50000006,295541336.6285715,287001795.40000004,289040836.5,292694822.88571435,263921517.16,3074586.2436471027,6,12,4,50,2021,0
2021-12-26,Illinois,285742747.7,Beverages,285742747.7,287345868.5285714,296964593.50000006,274871636.2571428,290552110.1857143,265773087.8309524,3463136.799392089,6,12,4,51,2021,0
2022-01-05,Illinois,304066448.5,Beverages,304066448.5,302234078.42,291239857.94,221794251.27272725,298569338.26000005,281615489.2490909,3958371.783995893,2,1,1,1,2022,0
2022-01-16,Illinois,282114330.90000004,Beverages,282114330.90000004,284109977.9545455,296083860.2818182,294118079.7571429,288101272.0636364,293253225.3576191,4311090.36201389,6,1,1,2,2022,0
2022-01-23,Illinois,270482373.0,Beverages,270482373.0,272144081.2714286,282114330.90000004,288948989.35714287,275467497.81428576,289086238.6742857,3589700.1411739592,6,1,1,3,2022,0
2022-01-30,Illinois,278716822.1,Beverages,278716822.1,277540472.2285715,270482373.0,294904598.1,275187772.4857143,285653788.72333336,2541206.162441875,6,1,1,4,2022,0
2022-02-01,Illinois,274788692.70000005,Beverages,274788692.70000005,276752757.40000004,272835072.7428572,298569338.26,276194580.2693878,284194960.1786667,1646703.4930688958,1,2,1,5,2022,0
2022-02-10,Illinois,312342154.2,Beverages,312342154.2,308169547.3666667,283133906.3666667,292092566.1727273,299824333.7,283250733.63484854,9013860.974411448,3,2,1,6,2022,0
2022-02-13,Illinois,276682042.9000001,Beverages,276682042.9000001,288568746.66666675,295651726.8666667,286105625.00909096,298577030.82857144,283297481.09515154,12216865.999471558,6,2,1,6,2022,0
2022-02-20,Illinois,268026848.2,Beverages,268026848.2,269263304.5857143,276682042.9000001,273805789.5428572,271736217.35714287,281640253.8357143,2671051.073565508,6,2,1,7,2022,0
2022-02-27,Illinois,283594385.6,Beverages,283594385.6,281370451.6857143,268026848.2,276364122.35714287,276922583.85714287,282499404.4909524,4804246.342958513,6,2,1,8,2022,0
2022-03-04,Illinois,298511322.7,Beverages,298511322.7,295527935.28,279146517.7714286,278961299.53333336,289669653.7979592,285031494.3355556,6273179.997614392,4,3,1,9,2022,0
2022-03-07,Illinois,351403843.2,Beverages,351403843.2,333773003.0333333,286577773.02000004,291479120.03333336,311066282.1971428,289678143.3188889,23710302.61616448,0,3,1,10,2022,0
2022-03-13,Illinois,292041460.3,Beverages,292041460.3,301935190.78333336,333773003.0333333,300455450.43333334,321722651.75,292351962.183889,21372900.600804742,6,3,1,10,2022,0
2022-03-20,Illinois,285403066.00000006,Beverages,285403066.00000006,286351408.0428572,292041460.3,270499760.9714286,288248092.12857145,295272711.7378572,2048652.9577146168,6,3,1,11,2022,0
2022-03-27,Illinois,284209192.79999995,Beverages,284209192.79999995,284379746.1142857,285403066.00000006,279146517.7714286,284720852.7428572,298014797.29452384,368437.2683614425,6,3,1,12,2022,0
2022-04-09,Illinois,329332329.8,Beverages,329332329.8,325861319.26153845,305035256.0307692,321722651.75,318919298.1846153,297572321.7283333,7498239.753734895,5,4,2,14,2022,0
2022-04-12,Illinois,292748360.0,Beverages,292748360.0,304943016.6,315448287.64615387,292041460.3,315904615.1098901,297873104.31000006,12835375.854173305,1,4,2,15,2022,0
2022-04-17,Illinois,306965125.3000001,Beverages,306965125.3000001,304121772.24000007,317137673.2,287299750.08571434,300583353.2142858,299886768.47809523,5222641.943596682,6,4,2,15,2022,0
2022-04-24,Illinois,289583066.3,Beverages,289583066.3,292066217.5857143,306965125.3000001,284550299.4285714,297032520.1571429,302653973.0371429,5364219.865875473,6,4,2,16,2022,0
2022-05-06,Illinois,326723707.29999995,Beverages,326723707.29999995,323628653.8833333,305058333.3833333,318919298.1846154,317438547.05,306481456.8894872,6686079.547043323,4,5,2,18,2022,0
2022-05-15,Illinois,323031481.1,Beverages,323031481.1,323441728.4555556,325903212.5888889,301278419.18000007,324262223.1666666,310959257.848,886235.5778315454,6,5,2,19,2022,0
2022-05-22,Illinois,320361779.6,Beverages,320361779.6,320743165.5285714,323031481.1,294549368.8714286,321505937.38571435,315688468.0795238,823887.7696745754,6,5,2,20,2022,0
2022-05-29,Illinois,323720623.79999995,Beverages,323720623.79999995,323240788.91428566,320361779.6,305058333.3833333,322281119.14285713,321687715.325,1036561.8241027904,6,5,2,21,2022,0
2022-06-02,Illinois,275702914.3,Beverages,275702914.3,287707341.675,322281119.14285713,317438547.04999995,306365798.31326526,319142860.45,19218089.273355417,3,6,2,22,2022,0
2022-06-03,Illinois,291370428.90000004,Beverages,291370428.90000004,275702914.3,322760954.0285714,320533600.46666664,301881437.58061224,318170754.7311112,18399743.05327479,4,6,2,22,2022,0
2022-06-11,Illinois,297530774.9,Beverages,297530774.9,296760731.65,292140472.15000004,324262223.1666667,295220645.15000004,310057607.3205556,1663483.5432648107,5,6,2,23,2022,0
2022-06-19,Illinois,332607271.20000005,Beverages,332607271.20000005,328222709.1625,301915336.9375,321124551.4571429,319453585.08750004,308668561.67428577,9471736.547038209,6,6,2,24,2022,0
2022-06-26,Illinois,329321501.4,Beverages,329321501.4,329790897.0857143,332607271.20000005,322760954.0285714,330729688.4571429,310835110.1004762,1014010.5746657376,6,6,2,25,2022,0
2022-07-08,Illinois,331640631.3,Beverages,331640631.3,331447370.475,330287805.525,295220645.15,331060848.825,323680426.9283333,417491.0979392882,4,7,3,27,2022,0
2022-07-17,Illinois,322944141.7,Beverages,322944141.7,323910418.32222223,329708078.0555556,323838147.125,325842971.56666666,329471779.81375,2087396.077175293,6,7,3,28,2022,0
2022-07-24,Illinois,326426322.29999995,Beverages,326426322.29999995,325928867.9285714,322944141.7,330260292.7714286,324933959.18571424,328062190.2545238,1074624.2634871514,6,7,3,29,2022,0
2022-07-31,Illinois,330043854.70000005,Beverages,330043854.70000005,329527064.35714287,326426322.29999995,330287805.525,328493483.67142856,327756709.1825,1116394.7358131732,6,7,3,30,2022,0
2022-08-05,Illinois,307796461.90000004,Beverages,307796461.90000004,312245940.46000004,329010274.01428574,331254109.65,320435430.5938776,325394681.0191667,8591630.090878487,4,8,3,31,2022,0
2022-08-14,Illinois,326737720.1999999,Beverages,326737720.1999999,324633135.9444444,312005630.4111111,324876694.9444444,320423967.43333334,322306606.7907408,4546421.612731916,6,8,3,32,2022,0
2022-08-21,Illinois,329101262.20000005,Beverages,329101262.20000005,328763613.3428572,326737720.1999999,325431413.5571428,328088315.62857145,323225977.63428575,729404.8967244837,6,8,3,33,2022,0
2022-08-28,Illinois,331581766.5,Beverages,331581766.5,331227408.7428572,329101262.20000005,329010274.01428574,330518693.2285715,323939050.8252381,765500.2461426741,6,8,3,34,2022,0
2022-09-01,Illinois,272958611.1,Beverages,272958611.1,287614399.95000005,330518693.2285715,321144897.58000004,310493057.6755102,319721016.98266673,23562883.14413452,3,9,3,35,2022,0
2022-09-10,Illinois,311670696.0,Beverages,311670696.0,307369353.23333335,281561296.6333333,320423967.4333333,298766667.7,313803519.05777776,9291962.375245756,5,9,3,36,2022,0
2022-09-18,Illinois,315605854.2,Beverages,315605854.2,315113959.425,312162590.775,328425964.4857143,314130169.875,310417553.6647619,1062614.1625471497,6,9,3,37,2022,0
2022-09-25,Illinois,307020258.3000001,Beverages,307020258.3000001,308246772.00000006,315605854.2,330873050.9857143,310699799.40000004,305957955.0947619,2649572.4175773184,6,9,3,38,2022,0
2022-10-04,Illinois,300737050.6999999,Beverages,300737050.6999999,301435184.8777777,305623989.9444445,285862639.40000004,302831453.2333333,307441423.23,1508142.1929526397,1,10,4,40,2022,0
2022-10-07,Illinois,325136996.8,Beverages,325136996.8,317003681.43333334,303529587.4111111,298766667.7,308306864.59523803,309695258.88000005,9414708.047463257,4,10,4,40,2022,0
2022-10-16,Illinois,300046468.1,Beverages,300046468.1,302834304.62222224,319561323.7555556,314622064.65,308409977.6666667,309639202.2708333,6022415.203355784,6,10,4,41,2022,0
2022-10-23,Illinois,296777577.2,Beverages,296777577.2,297244561.6142857,300046468.1,309473285.70000005,298178530.44285715,306202480.07,1008801.633053144,6,10,4,42,2022,0
2022-10-30,Illinois,299171321.8,Beverages,299171321.8,298829358.28571427,296777577.2,303529587.4111111,298145431.2571429,304439870.3922223,738725.6214563849,6,10,4,43,2022,0
2022-11-09,Illinois,320151748.6999999,Beverages,320151748.6999999,318053706.00999993,305465449.87,316773487.23333335,313857620.63,304115655.14277774,4532290.216023705,2,11,4,45,2022,0
2022-11-12,Illinois,303436767.4,Beverages,303436767.4,309008427.8333333,311759577.93999994,308409977.6666667,313577717.4514285,303896716.50722224,5681950.304657248,5,11,4,45,2022,0
2022-11-13,Illinois,301720764.4,Beverages,301720764.4,303436767.4,313857620.62999994,305622141.14444447,311843880.8471428,303766670.6157407,7224645.549200024,6,11,4,45,2022,0
2022-11-20,Illinois,304754900.2,Beverages,304754900.2,304321452.2285714,301720764.4,297711546.0285714,303454556.28571427,304702455.51547617,936354.636349836,6,11,4,46,2022,0
2022-11-27,Illinois,297964400.2,Beverages,297964400.2,298934471.6285714,304754900.2,298487394.7714286,300874614.48571426,305471882.97785705,2095593.7958313597,6,11,4,47,2022,0
2022-12-06,Illinois,329303479.50000006,Beverages,329303479.50000006,325821359.5777778,304928640.04444444,313857620.62999994,318857119.7333334,308386211.9876667,7522238.765558556,1,12,4,49,2022,0
2022-12-18,Illinois,314639055.5,Beverages,314639055.5,315861090.8333333,323193302.8333334,303888004.25714284,318305161.5,313663221.67095244,2639898.039868553,6,12,4,50,2022,0
2022-12-25,Illinois,315346156.70000005,Beverages,315346156.70000005,315245142.2428572,314639055.5,299904543.05714285,315043113.32857144,316563288.71428573,218216.1677682752,6,12,4,51,2022,0
2023-01-01,Illinois,288821985.2,Beverages,288821985.2,292611152.55714285,315346156.70000005,315374999.81111115,300189487.2714286,315309080.0222223,8185537.034836764,6,1,1,52,2023,0
2023-01-15,Illinois,288290274.4,Beverages,288290274.4,288328253.7428571,288556129.79999995,317083126.1666667,288404212.4285714,299221610.4111111,82044.75758196667,6,1,1,2,2023,0
2023-01-22,Illinois,280675073.0,Beverages,280675073.0,281762958.9142857,288290274.4,315144127.7857143,283938730.7428571,291966959.5614286,2350102.173310591,6,1,1,3,2023,0
2023-01-29,Illinois,289687953.90000004,Beverages,289687953.90000004,288400399.4857143,280675073.0,296400319.9142857,285825290.65714294,286976708.3119047,2781435.4313571937,6,1,1,4,2023,0
2023-02-04,Illinois,300303597.2,Beverages,300303597.2,298534323.31666666,288400399.4857143,288670067.82857144,294995775.55,288274747.97261906,3822068.4207805614,5,2,1,5,2023,0
2023-02-19,Illinois,287407472.1,Beverages,287407472.1,288267213.7733334,293425663.81333333,282850844.82857144,289986697.12,291329416.62214285,1857254.2841594971,6,2,1,7,2023,0
2023-02-26,Illinois,296223460.9,Beverages,296223460.9,294964033.9285714,287407472.1,287112845.0714286,292445179.98571426,293395734.8478572,2720673.2101337626,6,2,1,8,2023,0
2023-03-19,Illinois,324581347.9,Beverages,324581347.9,323230972.3285714,315128718.9,289126955.44666666,320530221.18571424,305180679.3891111,2917144.6412914093,6,3,1,11,2023,0
2023-03-26,Illinois,286576558.29999995,Beverages,286576558.29999995,292005813.95714283,324581347.9,293704606.95714283,302864325.2714285,308128906.9209524,11728532.699767822,6,3,1,12,2023,0
2023-04-16,Illinois,320376885.0,Beverages,320376885.0,318767345.6333333,309110109.43333334,321880596.75714284,315548266.9,305259130.5042857,3477002.426411286,6,4,2,15,2023,0
2023-04-23,Illinois,309761429.4,Beverages,309761429.4,311277923.05714285,320376885.0,297435069.61428565,314310910.37142855,305622335.4285714,3276000.7209033496,6,4,2,16,2023,0
2023-04-30,Illinois,317674935.5,Beverages,317674935.5,316544434.62857145,309761429.4,294624255.1333333,314283432.88571423,311101527.96,2442161.002345046,6,4,2,17,2023,0
2023-05-02,Illinois,291522543.1,Beverages,291522543.1,304598739.3,312022431.14285713,297843333.8666666,310455850.16938776,311169666.4277778,9384998.231563542,1,5,2,18,2023,0
2023-05-03,Illinois,315399968.6,Beverages,315399968.6,291522543.1,313152932.0142857,299452873.2333333,310776855.3959184,311701236.2733334,9529934.390543008,2,5,2,18,2023,0
2023-07-05,Illinois,327722103.1,Beverages,327722103.1,327526513.6634921,326352977.04444444,321854420.00476193,327135334.7904762,324886056.27063495,422521.4737446788,2,7,3,27,2023,0
2023-08-01,Illinois,282394916.0,Beverages,282394916.0,284073700.7074074,294146408.95185184,327135334.7904762,287431270.12222224,306549856.84301585,3626589.459053586,1,8,3,31,2023,0
2023-09-04,Illinois,324769882.5,Beverages,324769882.5,323523559.9558824,316045624.6911765,287380206.1764706,321030914.86764705,306698205.6102941,2692364.4116631667,0,9,3,36,2023,0
2023-12-02,Illinois,304521955.99999994,Beverages,304521955.99999994,304749460.7921348,306114489.5449437,311347099.7640449,305204470.37640446,307820775.485955,491466.5218039762,5,12,4,48,2023,0
2023-12-03,Illinois,345355526.4,Beverages,345355526.4,304521955.99999994,305886984.7528089,311119594.97191006,310842833.46886027,308961973.20022464,15223626.0543255,6,12,4,48,2023,0
2019-03-11,Indiana,117416241.5,Beverages,117416241.5,117417499.72413792,117425049.06896552,117453988.22413792,117420016.1724138,117434485.75,2718.0747924772145,0,3,1,11,2019,0
2019-06-10,Indiana,127850724.6,Beverages,127850724.6,127736059.95054944,127048072.05384617,124410785.11648352,127506730.65164836,126188087.18296702,247703.95345529445,0,6,2,24,2019,0
2019-08-12,Indiana,116356930.6,Beverages,116356930.6,116539371.77460316,117634018.82222222,121830165.83809523,116904254.1238095,119002327.63174604,394117.9817705056,0,8,3,33,2019,0
2019-10-11,Indiana,116620225.6,Beverages,116620225.6,116615837.35,116589507.85,116488578.1,116607060.85,116556595.975,9479.703389319344,4,10,4,41,2019,0
2019-10-13,Indiana,124695383.0,Beverages,124695383.0,120657804.3,116598284.35,116497354.6,118344347.54285714,116968691.51999998,3180739.2007391835,6,10,4,41,2019,0
2019-10-20,Indiana,119459990.6,Beverages,119459990.6,120207903.8,124695383.0,116528072.35,121703730.2,118179416.79333332,1615677.1713719522,6,10,4,42,2019,0
2019-10-27,Indiana,117871950.8,Beverages,117871950.8,118098813.62857142,119459990.6,116558790.1,118552539.28571428,118647696.71166666,490079.7220252848,6,10,4,43,2019,0
2019-11-17,Indiana,118206969.8,Beverages,118206969.8,118191016.51428571,118095296.8,120955817.0,118159109.94285712,118284394.84,34463.035986421266,6,11,4,46,2019,0
2019-11-24,Indiana,122410436.5,Beverages,122410436.5,121809941.25714286,118206969.8,118325676.45714286,120608950.7714286,118640986.52095236,1297217.9865279396,6,11,4,47,2019,0
2019-12-15,Indiana,120252020.6,Beverages,120252020.6,120354802.3095238,120971492.56666666,118175063.22857144,120560365.72857144,120917907.77714284,222033.8693193802,6,12,4,50,2019,0
2019-12-22,Indiana,128150634.2,Beverages,128150634.2,127022260.82857144,120252020.6,121209446.01428571,124765514.0857143,122148518.93190476,2437565.077072269,6,12,4,51,2019,0
2019-12-29,Indiana,119937600.9,Beverages,119937600.9,121110891.37142858,128150634.2,121896527.95238096,123457472.31428573,122464234.65142857,2534597.103080399,6,12,4,52,2019,0
2020-01-03,Indiana,122128860.2,Beverages,122128860.2,121690608.34,122284181.84285717,121382619.4047619,121044324.95306122,122408263.59412698,749032.9016597549,4,1,1,1,2020,0
2020-01-11,Indiana,126201511.1,Beverages,126201511.1,125692429.7375,122637941.5625,120560365.72857144,124674267.01250002,123341496.82595238,1099741.4349181503,5,1,1,2,2020,0
2020-01-19,Indiana,118935093.8,Beverages,118935093.8,119843395.9625,125293208.9375,125893887.45714286,121660000.2875,123263600.17428572,1962156.930321785,6,1,1,3,2020,0
2020-01-26,Indiana,111034723.3,Beverages,111034723.3,112163347.65714283,118935093.8,122284181.84285717,114420596.37142858,120684182.36238097,2438107.2681833,6,1,1,4,2020,0
2020-02-02,Indiana,116658531.6,Beverages,116658531.6,115855130.4142857,111034723.3,122128860.2,114248328.04285714,119098449.75,1735544.920469084,6,2,1,5,2020,0
2020-02-08,Indiana,140146751.8,Beverages,140146751.8,136232048.43333334,115855130.4142857,125183348.375,128402641.70000002,120388319.43291669,8456725.810183546,5,2,1,6,2020,0
2020-02-16,Indiana,115526770.7,Beverages,115526770.7,118604268.3375,137069254.16250002,120751698.125,124759263.6125,121066834.01375,6648154.729533267,6,2,1,7,2020,0
2020-02-23,Indiana,117564244.7,Beverages,117564244.7,117273176.98571429,115526770.7,113291972.01428571,116691041.55714288,121077257.26357144,628778.1273194632,6,2,1,8,2020,0
2020-03-05,Indiana,131456100.7,Beverages,131456100.7,130193204.7,122615828.7,124487938.33333331,127667412.70000002,124695933.50166664,2728167.168351792,3,3,1,10,2020,0
2020-03-15,Indiana,139416011.3,Beverages,139416011.3,138620020.24,133844073.88,121681765.975,137028038.12,126195555.76458332,1719537.2193698322,6,3,1,11,2020,0
2020-03-22,Indiana,138751371.1,Beverages,138751371.1,138846319.7,139416011.3,116982109.27142856,139036216.9,131432976.0995238,205112.41875557727,6,3,1,12,2020,0
2020-03-29,Indiana,117694236.2,Beverages,117694236.2,120702398.32857144,138751371.1,123878724.7,126718722.5857143,132947275.19666667,6498372.9113472365,6,3,1,13,2020,0
2020-04-10,Indiana,132507588.1,Beverages,132507588.1,131273142.10833332,123866466.15833332,136232047.06,128804250.125,130726343.233,2666708.126059857,4,4,2,15,2020,0
2020-04-19,Indiana,127241009.2,Beverages,127241009.2,127826184.63333334,131337237.23333332,138941268.3,128996535.5,127982725.635,1264123.415503254,6,4,2,16,2020,0
2020-04-26,Indiana,126769642.9,Beverages,126769642.9,126836980.94285716,127241009.2,123710560.45714286,126971657.02857144,126735041.79595238,145466.79829354535,6,4,2,17,2020,0
2020-05-01,Indiana,115775164.1,Beverages,115775164.1,117974059.86,126904318.98571429,121397574.175,122067343.13469388,126801000.43,4304184.27843679,4,5,2,18,2020,0
2020-05-04,Indiana,121100726.5,Beverages,121100726.5,119325539.03333332,124570747.14,125100912.15,119181521.15142857,126346907.7175,2257845.0249248804,0,5,2,19,2020,0
2020-05-07,Indiana,157947107.9,Beverages,157947107.9,145664980.76666668,117974059.86,128804250.125,130106674.78571428,128156425.38083334,16269999.963028552,3,5,2,19,2020,0
2020-05-17,Indiana,134296407.5,Beverages,134296407.5,136661477.54,150851897.78,128411360.06666666,141391617.62,132969911.91111112,5109135.220937396,6,5,2,20,2020,0
2020-05-24,Indiana,143051261.0,Beverages,143051261.0,141800567.64285713,134296407.5,126904318.98571429,139299180.92857143,135797648.48809525,2701806.4469542005,6,5,2,21,2020,0
2020-05-31,Indiana,138437085.70000002,Beverages,138437085.70000002,139096253.60000002,143051261.0,115775164.1,140414589.4,140078672.61666667,1423965.4122036688,6,5,2,22,2020,0
2020-06-09,Indiana,138670536.29999998,Beverages,138670536.29999998,138644597.34444442,138488963.61111113,150851897.78,138592719.43333334,139827957.998,56034.548289949154,1,6,2,24,2020,0
2020-06-12,Indiana,122077376.6,Beverages,122077376.6,127608429.83333331,138566780.47777778,143756687.66,133907400.1380952,137976625.21133333,6701900.913340755,4,6,2,24,2020,0
2020-06-14,Indiana,143814236.2,Beverages,143814236.2,132945806.4,138618658.38888887,139026547.58,133842923.67777777,137854687.79133332,7352841.2500030575,6,6,2,24,2020,0
2020-06-21,Indiana,143264040.20000002,Beverages,143264040.20000002,143342639.62857145,143814236.2,140549874.2857143,143499838.4857143,139297972.6747619,169794.17186057658,6,6,2,25,2020,0
2020-06-28,Indiana,146009547.1,Beverages,146009547.1,145617331.82857144,143264040.20000002,139755421.5,144832901.2857143,140084962.47,847281.8240258868,6,6,2,26,2020,0
2020-07-06,Indiana,144255565.0,Beverages,144255565.0,144474812.7625,145790299.3375,138592719.43333334,144913308.2875,141801058.66277778,473629.2991523461,0,7,3,28,2020,0
2020-07-19,Indiana,146675199.0,Beverages,146675199.0,146489073.30769232,145372319.15384614,143421239.05714285,146116821.92307693,145096007.6392857,402077.4497145943,6,7,3,29,2020,0
2020-07-26,Indiana,140947398.0,Beverages,140947398.0,141765655.2857143,146675199.0,145225116.55714285,143402169.85714287,144929510.27595237,1767637.7644314412,6,7,3,30,2020,0
2020-08-03,Indiana,124331397.2,Beverages,124331397.2,126408397.3,138870397.9,144694060.525,130562397.5,141253751.00541666,4486833.026222087,0,8,3,32,2020,0
2020-08-11,Indiana,128086367.7,Beverages,128086367.7,127616996.3875,124800768.5125,145372319.15384614,126678253.7625,136366288.92371795,1013957.9225267152,1,8,3,33,2020,0
2020-08-16,Indiana,142549612.9,Beverages,142549612.9,139656963.86,127147625.075,146302947.6153846,134217848.3125,134838558.68858972,5733860.591440517,6,8,3,33,2020,0
2020-08-23,Indiana,140948982.5,Beverages,140948982.5,141177643.9857143,142549612.9,142583912.57142857,141634966.95714286,134077837.37785716,493965.26553882,6,8,3,34,2020,0
2020-08-30,Indiana,141686410.79999998,Beverages,141686410.79999998,141581063.89999998,140948982.5,130562397.5,141370370.09999996,135187755.675,227575.3140861203,6,8,3,35,2020,0
2020-09-02,Indiana,115649156.4,Beverages,115649156.4,124328241.2,141265023.2,124331397.2,134156897.9142857,134979740.065,10471163.601498254,2,9,3,36,2020,0
2020-09-08,Indiana,141463338.8,Beverages,141463338.8,137160975.06666666,124328241.2,127147625.075,128556247.6,135926386.59958333,9294167.915322348,1,9,3,37,2020,0
2020-09-13,Indiana,136944933.1,Beverages,136944933.1,137848614.24,132858611.33333334,136764314.82,138912255.82380953,137141157.11533335,1725753.0427597607,6,9,3,37,2020,0
2020-09-20,Indiana,136103330.4,Beverages,136103330.4,136223559.35714287,136944933.1,141406305.47142857,136464017.2714286,135931937.17952383,259724.23189000716,6,9,3,38,2020,0
2020-09-27,Indiana,134674308.6,Beverages,134674308.6,134878454.57142857,136103330.4,141475717.0,135286746.5142857,134550453.28333333,441005.7018155091,6,9,3,39,2020,0
2020-10-05,Indiana,134548293.5,Beverages,134548293.5,134564045.3875,134658556.7125,128556247.6,134595549.1625,136144238.315,34027.966106158536,0,10,4,41,2020,0
2020-10-18,Indiana,129107106.0,Beverages,129107106.0,129525658.8846154,132036976.1923077,136343788.31428573,130362764.65384616,133573367.30690476,904177.5712536846,6,10,4,42,2020,0
2020-10-25,Indiana,127075612.7,Beverages,127075612.7,127365826.02857144,129107106.0,135082600.54285714,127946252.68571427,131768114.52738096,626932.4432305035,6,10,4,43,2020,0
2020-11-10,Indiana,131283883.7,Beverages,131283883.7,131020866.7625,129442765.1375,132036976.1923077,130494832.88750002,129238107.6025641,568181.5237411634,1,11,4,46,2020,0
2020-11-15,Indiana,130455323.3,Beverages,130455323.3,130621035.38,130757849.825,129944211.76923075,130891212.5375,129239012.58948718,288724.365839343,6,11,4,46,2020,0
2020-11-22,Indiana,133432689.9,Beverages,133432689.9,133007351.81428573,130455323.3,127656039.35714288,132156675.64285716,130081733.7409524,918835.2808896244,6,11,4,47,2020,0
2020-11-29,Indiana,128159889.4,Beverages,128159889.4,128913146.61428572,133432689.9,128390697.3875,130419661.04285716,130720829.44125,1627221.5616631752,6,11,4,48,2020,0
2020-12-01,Indiana,116809952.5,Beverages,116809952.5,122484920.95,131926175.47142856,128916731.2625,126803841.7989796,130111643.70333336,5246843.047570673,1,12,4,49,2020,0
2020-12-04,Indiana,127886318.4,Beverages,127886318.4,124194196.43333334,129666403.82857144,129705782.075,124135785.53775512,129586786.83291666,4521864.273827432,4,12,4,49,2020,0
2020-12-07,Indiana,143800890.7,Beverages,143800890.7,138496033.26666665,122484920.95,130494832.8875,129268663.0857143,130413208.56458332,9759181.491083289,0,12,4,50,2020,0
2020-12-13,Indiana,128019493.2,Beverages,128019493.2,130649726.11666667,138496033.26666665,130786747.46,135910191.95000002,131134891.03266668,5681952.50311102,6,12,4,50,2020,0
2020-12-20,Indiana,133118910.8,Beverages,133118910.8,132390422.57142857,128019493.2,132582013.72857144,130933446.11428572,131028260.24380952,1573714.4370709755,6,12,4,51,2020,0
2020-12-27,Indiana,130197785.9,Beverages,130197785.9,130615089.45714286,133118910.8,129666403.82857144,131449696.57142857,130956368.34380952,901478.715454739,6,12,4,52,2020,0
2021-01-08,Indiana,151862964.20000002,Beverages,151862964.20000002,150057532.675,139224943.525,138540424.86666667,146446669.62500003,135591281.96166667,3900177.854084826,4,1,1,1,2021,0
2021-01-17,Indiana,128577177.4,Beverages,128577177.4,131164487.04444446,146688344.91111112,131661934.34285714,136339106.33333334,137973068.09738097,5589227.637377926,6,1,1,2,2021,0
2021-01-24,Indiana,124676972.2,Beverages,124676972.2,125234144.37142858,128577177.4,131032393.01428571,126348488.71428572,136626237.66357145,1203629.4557995002,6,1,1,3,2021,0
2021-01-31,Indiana,127354830.9,Beverages,127354830.9,126972279.65714286,124676972.2,139224943.525,126207177.17142858,134778469.74583334,826405.1362707954,6,1,1,4,2021,0
2021-02-05,Indiana,143657223.9,Beverages,143657223.9,140396745.3,126589728.41428572,148252101.15,134286920.57959184,133527641.17916667,6435046.137237673,4,2,1,5,2021,0
2021-02-14,Indiana,125762666.6,Beverages,125762666.6,127750950.74444444,139680655.6111111,133751796.6888889,131727519.03333332,130558496.25814816,4295184.658300003,6,2,1,6,2021,0
2021-02-21,Indiana,124536406.8,Beverages,124536406.8,124711586.77142856,125762666.6,125791316.54285714,125061946.71428572,129930618.19571428,378431.9901297399,6,2,1,7,2021,0
2021-02-28,Indiana,129668749.5,Beverages,129668749.5,128935557.68571427,124536406.8,126589728.41428572,127469174.05714284,130372283.93523812,1583875.343527238,6,2,1,8,2021,0
2021-03-01,Indiana,124091850.0,Beverages,124091850.0,129668749.5,125269598.61428572,126972279.65714286,127300924.25510204,130276269.61333331,1889532.4073224107,0,3,1,9,2021,0
2021-03-10,Indiana,205571441.7,Beverages,205571441.7,196518153.7333333,142198425.93333334,137692371.46666667,178411577.79999998,140014485.52222222,19557337.25999403,2,3,1,10,2021,0
2021-03-14,Indiana,150372214.5,Beverages,150372214.5,164172021.3,178411577.79999998,129739234.88888888,181977451.42857143,145127854.00148147,19261860.017743275,6,3,1,10,2021,0
2021-03-21,Indiana,150386321.4,Beverages,150386321.4,150384306.12857142,150372214.5,124886766.74285714,150380275.58571428,150893276.61238095,4353.483399736057,6,3,1,11,2021,0
2021-03-28,Indiana,130329187.6,Beverages,130329187.6,133194492.42857143,150386321.4,128202365.87142856,138925102.08571428,153878203.60619047,6189765.8719556015,6,3,1,12,2021,0
2021-04-04,Indiana,135173535.4,Beverages,135173535.4,134481485.71428573,130329187.6,160305001.86666667,133097386.34285714,152614379.19111112,1494998.1878423034,6,4,2,13,2021,0
2021-04-07,Indiana,166676546.0,Beverages,166676546.0,156175542.46666667,132405336.65714286,187464865.76666665,143581210.12653062,150390775.6577778,13264471.037914649,2,4,2,14,2021,0
2021-04-18,Indiana,135305520.5,Beverages,135305520.5,138157431.9090909,155268900.36363637,150382290.85714287,143861254.72727272,143955684.23095238,6160832.779049477,6,4,2,15,2021,0
2021-04-25,Indiana,138778033.3,Beverages,138778033.3,138281960.04285714,135305520.5,136059797.25714284,137289813.52857146,142332551.9842857,1071640.7156517096,6,4,2,16,2021,0
2021-05-09,Indiana,153501542.9,Beverages,153501542.9,152449863.64285713,146139788.10000002,160972723.1818182,150346505.12857142,144492199.2709091,2271886.854477736,6,5,2,18,2021,0
2021-05-12,Indiana,189111353.8,Beverages,189111353.8,177241416.83333334,149294825.87142858,152416988.95454544,162774335.222449,146689450.91787878,15199382.211944684,2,5,2,19,2021,0
2021-05-16,Indiana,143572669.0,Beverages,143572669.0,154957340.2,153501542.9,141009343.3181818,167760421.95714286,148737779.63363636,15284867.974667512,6,5,2,19,2021,0
2021-05-23,Indiana,152381776.8,Beverages,152381776.8,151123332.82857144,143572669.0,137785886.7857143,148606444.8857143,151498228.31476194,2718549.687433848,6,5,2,20,2021,0
2021-05-30,Indiana,156489210.4,Beverages,156489210.4,155902434.1714286,152381776.8,144036429.58571428,154728881.7142857,154710789.0914286,1267581.5284516378,6,5,2,21,2021,0
2021-06-06,Indiana,152115832.79999998,Beverages,152115832.79999998,152740601.02857143,156489210.4,151398184.3857143,153990137.48571426,156051753.62809524,1349653.6286565196,6,6,2,22,2021,0
2021-06-13,Indiana,157382641.4,Beverages,157382641.4,156630240.17142856,152115832.79999998,166342011.4,155125437.7142857,152856210.72666666,1625372.4211766503,6,6,2,23,2021,0
2021-06-20,Indiana,160605817.0,Beverages,160605817.0,160145363.34285715,157382641.4,149864888.85714287,159224456.02857143,155499583.34095237,994693.5851886508,6,6,2,24,2021,0
2021-06-27,Indiana,151626563.79999998,Beverages,151626563.79999998,152909314.25714284,160605817.0,155315657.94285715,155474815.17142853,155969852.31238094,2771057.6978346934,6,6,2,25,2021,0
2021-07-02,Indiana,125502845.3,Beverages,125502845.3,130727589.0,154192064.7142857,154614905.7142857,140613934.50816327,152691552.21571428,10440996.85125334,4,7,3,26,2021,0
2021-07-03,Indiana,134629998.3,Beverages,134629998.3,125502845.3,152909314.25714284,153990137.4857143,138002603.65714285,152046214.24285713,9046033.008678555,5,7,3,26,2021,0
2021-07-11,Indiana,195899421.7,Beverages,195899421.7,188240743.775,142288676.22500002,155877838.94285715,172923387.92499998,156135061.11571425,16544635.2415147,6,7,3,27,2021,0
2021-07-18,Indiana,152121651.5,Beverages,152121651.5,158375618.67142856,195899421.7,159684909.68571427,170883553.0142857,159080127.03809527,13510113.191460812,6,7,3,28,2021,0
2021-07-25,Indiana,154413738.20000002,Beverages,154413738.20000002,154086297.24285716,152121651.5,154192064.7142857,153431415.32857147,158062823.66523808,707353.3124251312,6,7,3,29,2021,0
2021-08-08,Indiana,150564393.29999998,Beverages,150564393.29999998,150839346.50714284,152489065.75,180582065.85,151389252.92142853,159575573.0641667,593966.8132278452,6,8,3,31,2021,0
2021-08-15,Indiana,155768674.70000002,Beverages,155768674.70000002,155025205.92857143,150564393.29999998,164629585.84285715,153538268.3857143,153073576.80738097,1606076.1083299415,6,8,3,32,2021,0
2021-08-22,Indiana,155327367.5,Beverages,155327367.5,155390411.3857143,155768674.70000002,153758856.2857143,155516499.15714288,153493521.87642857,136190.35863114125,6,8,3,33,2021,0
2021-08-29,Indiana,157342316.7,Beverages,157342316.7,157054466.8142857,155327367.5,153038972.16428572,156478767.04285714,154123753.24190477,621826.8231234921,6,8,3,34,2021,0
2021-09-05,Indiana,143864879.8,Beverages,143864879.8,145790227.92857143,157342316.7,151114299.7142857,149640924.18571427,153587498.37357143,4159227.325145441,6,9,3,35,2021,0
2021-09-19,Indiana,148392708.3,Beverages,148392708.3,148069291.97857144,146128794.05,155453455.2714286,147422459.33571428,150054088.28119043,698659.105605014,6,9,3,37,2021,0
2021-09-26,Indiana,144973768.7,Beverages,144973768.7,145462188.64285713,148392708.3,156766616.92857143,146439028.52857143,147834116.1154762,1055107.667197196,6,9,3,38,2021,0
2021-10-01,Indiana,123636112.9,Beverages,123636112.9,127903644.06,145950608.58571428,151566272.31428573,135898833.34897956,144033590.49071428,8420289.125584617,4,10,4,39,2021,0
2021-10-10,Indiana,204222462.90000004,Beverages,204222462.90000004,195268424.0111112,141544190.6777778,145481961.40714288,177360346.23333338,150849240.96761906,19342934.74744923,6,10,4,40,2021,0
2021-10-17,Indiana,201261578.00000003,Beverages,201261578.00000003,201684561.55714288,204222462.90000004,147745875.65714288,202530528.67142865,163858718.0959524,913748.9178272584,6,10,4,41,2021,0
2021-10-24,Indiana,198294086.7,Beverages,198294086.7,198718014.02857143,201261578.00000003,145950608.58571428,199565868.6857143,176054112.70142856,915787.6971305578,6,10,4,42,2021,0
2021-10-31,Indiana,194870632.5,Beverages,194870632.5,195359697.3857143,198294086.7,123636112.9,196337827.15714285,190156544.59000003,1056500.9029903582,6,10,4,43,2021,0
2021-11-04,Indiana,136162877.4,Beverages,136162877.4,150839816.175,196337827.15714285,159452268.45555556,174113176.34387755,191777487.98203707,23970356.602658316,3,11,4,44,2021,0
2021-11-07,Indiana,153095084.4,Beverages,153095084.4,147451015.4,194870632.5,186314385.12222224,153580884.06428573,188786554.8987037,14933429.838488184,6,11,4,44,2021,0
2021-11-14,Indiana,201623508.4,Beverages,201623508.4,194690876.4,153095084.4,202107545.1142857,180825612.4,183837249.52357143,14976196.78316082,6,11,4,45,2021,0
2021-11-21,Indiana,205513525.3,Beverages,205513525.3,204957808.6,201623508.4,199141941.35714287,203846375.2,184638233.08261904,1200485.278142479,6,11,4,46,2021,0
2021-11-28,Indiana,192477586.2,Beverages,192477586.2,194339863.2142857,205513525.3,195848762.27142856,198064417.2428572,184815045.07452384,4022978.1460594814,6,11,4,47,2021,0
2021-12-09,Indiana,146855493.4,Beverages,146855493.4,151002956.38181818,175887734.27272728,166960348.4,159297882.34545454,186522922.01666668,8959544.047136148,3,12,4,49,2021,0
2021-12-12,Indiana,198276752.0,Beverages,198276752.0,181136332.46666667,163445345.3272727,187758244.4,165102249.84155846,186553994.0233333,18363583.478523687,6,12,4,49,2021,0
2021-12-19,Indiana,208021927.00000003,Beverages,208021927.00000003,206629759.1428572,198276752.0,204402091.9,203845423.42857143,187025670.24666664,3007426.296927605,6,12,4,50,2021,0
2021-12-26,Indiana,202810431.9,Beverages,202810431.9,203554931.2,208021927.00000003,196202140.2285714,205043929.8,187865760.36047617,1608302.3044704096,6,12,4,51,2021,0
2022-01-05,Indiana,212444441.30000004,Beverages,212444441.30000004,211481040.36000004,205700634.72000003,159297882.34545454,209554238.48,197991156.9948485,2081183.8935710175,2,1,1,1,2022,0
2022-01-16,Indiana,200986654.0,Beverages,200986654.0,202028271.0272728,208277973.19090912,205237591.2857143,204111505.08181816,206639756.5314286,2250149.953592104,6,1,1,2,2022,0
2022-01-23,Indiana,190665257.3,Beverages,190665257.3,192139742.5428572,200986654.0,204299430.5,195088713.02857143,204040661.85,3185252.174190585,6,1,1,3,2022,0
2022-01-30,Indiana,194169760.1,Beverages,194169760.1,193669116.84285715,190665257.3,207627436.6,192667830.3285714,201167537.70333332,1081513.043969819,6,1,1,4,2022,0
2022-02-01,Indiana,190740274.4,Beverages,190740274.4,192455017.25,191666543.81428573,209554238.48,192719665.6540816,200002544.891,1118153.8371391238,1,2,1,5,2022,0
2022-02-10,Indiana,219252981.9,Beverages,219252981.9,216084903.2888889,197076431.6222222,206194739.1363637,209748746.06666663,199068884.7507576,6843831.996924664,3,2,1,6,2022,0
2022-02-13,Indiana,195285775.8,Beverages,195285775.8,203274844.5,206580667.4555556,203069888.05454543,209689712.7761905,198985218.69257575,8102205.014396588,6,2,1,6,2022,0
2022-02-20,Indiana,191968142.2,Beverages,191968142.2,192442089.85714284,195285775.8,193614227.7857143,193389985.1714286,197915184.68642855,1023843.9568397024,6,2,1,7,2022,0
2022-02-27,Indiana,200298365.3,Beverages,200298365.3,199108333.42857143,191968142.2,193168473.58571428,196728269.68571427,199030416.43976197,2570762.6605171515,6,2,1,8,2022,0
2022-03-04,Indiana,206089831.7,Beverages,206089831.7,204931538.42,197918301.55714285,193908353.0111111,202610417.77551025,200827873.24296296,2509563.442956238,4,3,1,9,2022,0
2022-03-07,Indiana,245802193.0,Beverages,245802193.0,232564739.2333333,201456658.58,203412588.84444445,216443397.83142856,204059896.14296296,16939260.29570796,0,3,1,10,2022,0
2022-03-13,Indiana,205372538.4,Beverages,205372538.4,212110814.1666667,232564739.2333333,211263913.2,225587365.7,205975273.82,14556339.332708756,6,3,1,10,2022,0
2022-03-20,Indiana,205327213.8,Beverages,205327213.8,205333688.7428572,205372538.4,192916037.5142857,205346638.62857145,208293480.01857144,13987.473862598095,6,3,1,11,2022,0
2022-03-27,Indiana,201956399.0,Beverages,201956399.0,202437943.97142857,205327213.8,197918301.55714285,203401033.9142857,210350340.5609524,1040256.0314659992,6,3,1,12,2022,0
2022-04-09,Indiana,231355926.8,Beverages,231355926.8,229094424.66153848,215525411.83076924,225587365.7,224571420.3846154,210959867.73,4885402.982749249,5,4,2,14,2022,0
2022-04-12,Indiana,200675534.5,Beverages,200675534.5,210902331.9333333,222309918.24615383,205372538.4,220651670.02417585,210839019.5066667,11058609.733642273,1,4,2,15,2022,0
2022-04-17,Indiana,215450720.7,Beverages,215450720.7,212495683.46,221129129.36666667,205340163.6857143,208468728.2190476,211536941.6147619,5159518.50599513,6,4,2,15,2022,0
2022-04-24,Indiana,205818235.5,Beverages,205818235.5,207194304.81428573,215450720.7,202919488.94285715,209946443.4428572,212855318.5190476,2972649.4696333813,6,4,2,16,2022,0
2022-05-06,Indiana,223844828.0,Beverages,223844828.0,222342611.9583333,213329315.7083333,224571420.3846154,219338179.875,214143676.0744872,3245157.5463357395,4,5,2,18,2022,0
2022-05-15,Indiana,222954020.6,Beverages,222954020.6,223052999.2,223646870.8,209540646.22,223250956.4,216490420.017,213818.2136378552,6,5,2,19,2022,0
2022-05-22,Indiana,231422187.5,Beverages,231422187.5,230212449.37142852,222954020.6,208570374.12857145,227792973.1142857,220156814.81214285,2613333.041404892,6,5,2,20,2022,0
2022-05-29,Indiana,231492773.2,Beverages,231492773.2,231482689.52857143,231422187.5,213329315.7083333,231462522.18571427,225343504.7075,21783.21847647267,6,5,2,21,2022,0
2022-06-02,Indiana,194929081.1,Beverages,194929081.1,204070004.125,231462522.18571427,219338179.875,218429990.1622449,224217586.0175,14788737.922435412,3,6,2,22,2022,0
2022-06-03,Indiana,202181302.7,Beverages,202181302.7,194929081.1,231472605.85714284,220840395.91666663,214245518.28265303,223595616.24361116,14626357.496737164,4,6,2,22,2022,0
2022-06-11,Indiana,207047246.9,Beverages,207047246.9,206439003.875,202789545.725,223250956.4,205222517.825,218667926.68166667,1313955.1088673065,5,6,2,23,2022,0
2022-06-19,Indiana,232822647.4,Beverages,232822647.4,229600722.3375,210269171.9625,229002711.2428572,223156872.21250004,217677663.512381,6960153.626584075,6,6,2,24,2022,0
2022-06-26,Indiana,231333341.3,Beverages,231333341.3,231546099.31428573,232822647.4,231472605.85714284,231971615.34285712,217841146.1109524,459609.8406269789,6,6,2,25,2022,0
2022-07-08,Indiana,233222693.00000003,Beverages,233222693.00000003,233065247.02500004,232120571.175,205222517.825,232750355.075,226792215.9375,340122.17923061905,4,7,3,27,2022,0
2022-07-17,Indiana,226763654.6,Beverages,226763654.6,227481325.53333333,231787351.13333336,226378797.275,228916667.4,231373820.12625,1550346.4085524126,6,7,3,28,2022,0
2022-07-24,Indiana,230490076.9,Beverages,230490076.9,229957730.85714287,226763654.6,231758857.32857144,228893038.77142856,230670687.9554762,1149998.8884997126,6,7,3,29,2022,0
2022-07-31,Indiana,228600502.0,Beverages,228600502.0,228870441.27142856,230490076.9,232120571.175,229410319.81428573,230136168.0208333,583135.4740945979,6,7,3,30,2022,0
2022-08-05,Indiana,213902089.4,Beverages,213902089.4,216841771.92,229140380.5428572,232907801.05,222339745.06734696,228000925.5775,5787755.151081623,4,8,3,31,2022,0
2022-08-14,Indiana,231687004.7,Beverages,231687004.7,229710903.0,217854292.8,228198996.46666667,225758699.6,225843971.45111117,4268867.570454096,6,8,3,32,2022,0
2022-08-21,Indiana,232468230.3,Beverages,232468230.3,232356626.6428572,231687004.7,229425384.81428573,232133419.32857147,226806821.16857144,241091.45417616403,6,8,3,33,2022,0
2022-08-28,Indiana,233265351.7,Beverages,233265351.7,233151477.2142857,232468230.3,229140380.5428572,232923728.24285716,227527387.6523809,245997.00455792755,6,8,3,34,2022,0
2022-09-01,Indiana,190489566.9,Beverages,190489566.9,201183513.1,232923728.2428572,222721136.96,217939482.3489796,224869689.1553333,17256416.667890925,3,9,3,35,2022,0
2022-09-10,Indiana,216869531.3,Beverages,216869531.3,213938424.14444447,196351781.2111112,225758699.6,208076209.8333333,220565353.69666663,6331915.1447979165,5,9,3,36,2022,0
2022-09-18,Indiana,226801840.5,Beverages,226801840.5,225560301.85,218111069.95,232245022.9857143,223077224.55,218245682.17809525,2682030.019223161,6,9,3,37,2022,0
2022-09-25,Indiana,220893360.7,Beverages,220893360.7,221737429.2428572,226801840.5,233037602.7285714,223425566.32857135,216082510.13047615,1823396.452630981,6,9,3,38,2022,0
2022-10-04,Indiana,208023751.7,Beverages,208023751.7,209453708.2555556,218033447.58888888,199282888.36666667,212313621.36666664,217485779.5955556,3089059.215507437,1,10,4,40,2022,0
2022-10-07,Indiana,225822174.7,Beverages,225822174.7,219889367.03333333,213743577.9222222,208076209.8333333,214334692.46190476,218960206.03111112,6358798.926735445,4,10,4,40,2022,0
2022-10-16,Indiana,213503256.8,Beverages,213503256.8,214872025.4555556,223084637.3888889,224318763.2,217609562.76666668,219016879.7283333,2956878.2442459776,6,10,4,41,2022,0
2022-10-23,Indiana,209982291.50000003,Beverages,209982291.50000003,210485286.5428572,213503256.8,222581497.78571427,211491276.62857145,215907833.71809524,1086593.4817606355,6,10,4,42,2022,0
2022-10-30,Indiana,208293556.40000004,Beverages,208293556.40000004,208534804.2714286,209982291.50000003,213743577.9222222,209017300.01428577,213823595.5511111,521154.96621873433,6,10,4,43,2022,0
2022-11-09,Indiana,225562301.5,Beverages,225562301.5,223835426.99,213474179.93000004,221715868.7333333,220381677.97,214100825.63944444,3730475.305992517,2,11,4,45,2022,0
2022-11-12,Indiana,209083530.8,Beverages,209083530.8,214576454.36666667,218654803.46,217609562.76666668,219373903.14857143,213660637.9338889,5716734.925685916,5,11,4,45,2022,0
2022-11-13,Indiana,212211042.1,Beverages,212211042.1,209083530.8,220381677.97,216240794.1111111,218206669.4528572,213526312.86685187,6282784.362458456,6,11,4,45,2022,0
2022-11-20,Indiana,214986854.0,Beverages,214986854.0,214590309.44285715,212211042.1,210988281.5857143,213797220.3285714,213800776.25642857,856634.1500428629,6,11,4,46,2022,0
2022-11-27,Indiana,213289681.6,Beverages,213289681.6,213532134.8,214986854.0,208776052.1428572,214017041.2,214846075.28738096,523758.7735228724,6,11,4,47,2022,0
2022-12-06,Indiana,224741381.2,Beverages,224741381.2,223468970.13333333,215834503.7333333,220381677.97,220924148.0,216633738.309,2748722.061606521,1,12,4,49,2022,0
2022-12-18,Indiana,218718280.3,Beverages,218718280.3,219220205.375,222231755.825,214193764.8857143,220224055.52500004,218743616.7597619,1084282.0870084583,6,12,4,50,2022,0
2022-12-25,Indiana,229211987.2,Beverages,229211987.2,227712886.2142857,218718280.3,213774588.0,224714684.24285716,221147888.56833333,3238428.256370538,6,12,4,51,2022,0
2023-01-01,Indiana,198002149.4,Beverages,198002149.4,202460697.65714285,229211987.2,219651736.9333333,211377794.1714286,220057494.195,9631565.04862498,6,1,1,52,2023,0
2023-01-15,Indiana,204160487.7,Beverages,204160487.7,203720606.3928572,201081318.55,219722130.45,202840843.7785714,210293448.78083333,950252.2298772014,6,1,1,2,2023,0
2023-01-22,Indiana,202091664.3,Beverages,202091664.3,202387210.5,204160487.7,226213785.2285714,202978302.90000004,205854506.05880955,638452.7621808983,6,1,1,3,2023,0
2023-01-29,Indiana,201375176.8,Beverages,201375176.8,201477532.15714288,202091664.3,206919245.9142857,201682242.87142852,201710143.2102381,221112.84286304677,6,1,1,4,2023,0
2023-02-04,Indiana,209455407.79999995,Beverages,209455407.79999995,208108702.6333333,201477532.15714288,199761674.62857145,205415292.3,203032196.9292857,2909215.6607859274,5,2,1,5,2023,0
2023-02-19,Indiana,207748355.4,Beverages,207748355.4,207862158.8933333,208544979.8533333,202682756.7,208089765.88,206032038.06666663,245843.6435523857,6,2,1,7,2023,0
2023-02-26,Indiana,210958999.4,Beverages,210958999.4,210500335.97142857,207748355.4,201579887.5142857,209583009.1142857,207821344.66190475,990826.2494525583,6,2,1,8,2023,0
2023-03-19,Indiana,231016338.8,Beverages,231016338.8,230061227.4,224330559.0,207975962.38666663,228151004.6,217782043.29644445,2063276.4404795915,6,3,1,11,2023,0
2023-03-26,Indiana,207930971.0,Beverages,207930971.0,211228880.6857143,231016338.8,210041672.5428572,217824700.05714288,219900065.21904764,7124299.173290238,6,3,1,12,2023,0
2023-04-16,Indiana,225317024.1,Beverages,225317024.1,224489116.8095238,219521673.06666663,229106116.0,222833302.2285714,218121581.39,1788484.1572809324,6,4,2,15,2023,0
2023-04-23,Indiana,224558086.4,Beverages,224558086.4,224666506.07142857,225317024.1,214526790.37142852,224883345.4142857,218371341.4895238,234213.2588957153,6,4,2,16,2023,0
2023-04-30,Indiana,227926724.5,Beverages,227926724.5,227445490.4857143,224558086.4,212070507.45238096,226483022.4571429,222176269.52809525,1039584.2872445252,6,4,2,17,2023,0
2023-05-02,Indiana,206145477.0,Beverages,206145477.0,217036100.75,225520554.42857143,213726322.03333333,222571837.15816328,222061497.56055555,8157330.900369664,1,5,2,18,2023,0
2023-05-03,Indiana,218242634.5,Beverages,218242634.5,206145477.0,226001788.44285715,214554229.3238096,221463386.594898,222184444.3997619,8140731.701250012,2,5,2,18,2023,0
2023-07-05,Indiana,232091906.1,Beverages,232091906.1,231872076.3920635,230553098.14444444,225497014.8619048,231432416.97619048,228904375.3349206,474886.4448923027,2,7,3,27,2023,0
2023-08-01,Indiana,196394617.6,Beverages,196394617.6,197716739.3962963,205649470.17407405,231432416.97619048,200360982.9888889,215411188.495873,2856109.511166848,1,8,3,31,2023,0
2023-09-04,Indiana,223116174.9,Beverages,223116174.9,222330246.74411765,217614677.8088236,199538330.2235294,220758390.43235293,211720216.63970587,1697798.8619323368,0,9,3,36,2023,0
2023-12-02,Indiana,210189134.4,Beverages,210189134.4,210334382.04606745,211205867.9224719,214546563.78202248,210624877.33820227,212295225.26797757,313770.7770065663,5,12,4,48,2023,0
2023-12-03,Indiana,233961027.2,Beverages,233961027.2,210189134.4,211060620.2764045,214401316.13595507,213896364.04157305,212947215.636779,8851161.45217438,6,12,4,48,2023,0
2019-03-11,Iowa,62361904.3,Beverages,62361904.3,62333298.320689656,62161662.44482759,61503724.92068966,62276086.36206896,61947117.6,61795.97811114939,0,3,1,11,2019,0
2019-06-10,Iowa,63444415.2,Beverages,63444415.2,63432519.47582418,63361145.13076923,63087543.47472528,63408728.02747253,63271927.19945055,25697.7012662032,0,6,2,24,2019,0
2019-08-12,Iowa,63074139.7,Beverages,63074139.7,63080017.08888889,63115281.42222223,63250461.36666667,63091771.86666668,63159361.8388889,12696.6111220675,0,8,3,33,2019,0
2019-10-11,Iowa,62117990.1,Beverages,62117990.1,62133925.92666667,62229540.88666667,62596064.900000006,62165797.580000006,62349059.58666667,34425.32014730966,4,10,4,41,2019,0
2019-10-13,Iowa,63034589.6,Beverages,63034589.6,62576289.85,62197669.23333333,62564193.24666667,62337169.7452381,62364611.491,346778.9409191219,6,10,4,41,2019,0
2019-10-20,Iowa,62527283.8,Beverages,62527283.8,62599756.05714285,63034589.6,62452642.46,62744700.571428575,62421603.305,156557.96879031166,6,10,4,42,2019,0
2019-10-27,Iowa,63267656.8,Beverages,63267656.8,63161889.22857142,62527283.8,62341091.67333333,62950354.08571428,62552609.45588889,228484.0682428706,6,10,4,43,2019,0
2019-11-17,Iowa,64211460.5,Beverages,64211460.5,64166517.46666667,63896859.266666666,62672228.31428571,64076631.4,63492738.398571424,97088.04841042082,6,11,4,46,2019,0
2019-11-24,Iowa,62835743.5,Beverages,62835743.5,63032274.5,64211460.5,63056121.657142855,63425336.5,63646984.50095238,424555.4833995073,6,11,4,47,2019,0
2019-12-15,Iowa,63146271.7,Beverages,63146271.7,63131484.64285715,63042762.3,64121574.43333333,63101910.52857144,63177391.90555556,31943.69434426489,6,12,4,50,2019,0
2019-12-22,Iowa,67258272.9,Beverages,67258272.9,66670844.15714286,63146271.7,63228805.5,65495986.671428576,63576878.28,1268991.120416212,6,12,4,51,2019,0
2019-12-29,Iowa,59575156.3,Beverages,59575156.3,60672744.385714285,67258272.9,62909678.78571428,62867920.55714286,63570441.69809524,2371061.259058713,6,12,4,52,2019,0
2020-01-03,Iowa,64202566.4,Beverages,64202566.4,63277084.38,61770332.47142857,62983614.071428575,61715130.35510205,63470035.43190476,1646041.2218518674,4,1,1,1,2020,0
2020-01-11,Iowa,65694280.5,Beverages,65694280.5,65507816.2375,64389030.6625,63101910.52857144,65134887.71249999,64001102.03261904,402808.8449272262,5,1,1,2,2020,0
2020-01-19,Iowa,59727419.5,Beverages,59727419.5,60473277.125,64948422.875,66083415.41428572,61964992.375,63493306.230238095,1611236.6218517905,6,1,1,3,2020,0
2020-01-26,Iowa,58551028.8,Beverages,58551028.8,58719084.61428572,59727419.5,61770332.47142857,59055196.24285715,62147630.01119048,363042.0517488328,6,1,1,4,2020,0
2020-02-02,Iowa,60863494.8,Beverages,60863494.8,60533142.51428571,58551028.8,64202566.4,59872437.94285714,61717668.44833334,713642.5009470305,6,2,1,5,2020,0
2020-02-08,Iowa,75647605.69999999,Beverages,75647605.69999999,73183587.21666665,60533142.51428571,65321351.975,68255550.24999999,62644142.08291666,5322888.288855848,5,2,1,6,2020,0
2020-02-16,Iowa,60434569.3,Beverages,60434569.3,62336198.85,73745976.14999999,61219134.75,66139457.95,63544722.48916666,4107989.33932665,6,2,1,7,2020,0
2020-02-23,Iowa,60677983.7,Beverages,60677983.7,60643210.21428572,60434569.3,58887140.42857143,60573663.24285714,63801345.34880952,75119.314695936,6,2,1,8,2020,0
2020-03-05,Iowa,71602720.3,Beverages,71602720.3,70609562.42727272,64650615.190909095,65791531.76666666,68623246.68181817,66051679.22333334,2145466.215242521,3,3,1,10,2020,0
2020-03-15,Iowa,72534465.1,Beverages,72534465.1,72441290.61999999,71882243.74,64237828.39999999,72254941.66,66698148.35166667,201279.8815288446,6,3,1,11,2020,0
2020-03-22,Iowa,69277941.60000001,Beverages,69277941.60000001,69743159.24285714,72534465.1,60608436.72857143,70673594.52857144,69006479.84380953,1004984.9705603326,6,3,1,12,2020,0
2020-03-29,Iowa,62548450.9,Beverages,62548450.9,63509806.71428572,69277941.60000001,65643773.06363636,65432518.34285714,69620451.44030303,2076765.9170972428,6,3,1,13,2020,0
2020-04-10,Iowa,67069561.7,Beverages,67069561.7,66692802.46666667,64432247.06666667,72161767.17999999,65939284.0,67409674.48733334,813892.9656541459,4,4,2,15,2020,0
2020-04-19,Iowa,67003318.2,Beverages,67003318.2,67010678.58888889,67054840.92222223,70208376.88571429,67025399.36666667,66010406.601428576,15900.25724815547,6,4,2,16,2020,0
2020-04-26,Iowa,67021798.9,Beverages,67021798.9,67019158.8,67003318.2,64471162.52857143,67013878.6,65947295.88714286,5703.267761239212,6,4,2,17,2020,0
2020-05-01,Iowa,59067695.9,Beverages,59067695.9,60658516.5,67016518.7,63678728.6,63612520.45714285,65790046.54666667,3104480.9131250675,4,5,2,18,2020,0
2020-05-04,Iowa,66389956.6,Beverages,66389956.6,63949203.03333333,65430978.3,64809006.3,62523330.9,65741742.14333333,2423562.8522054893,0,5,2,19,2020,0
2020-05-07,Iowa,80322689.4,Beverages,80322689.4,75678445.13333334,60658516.5,65939284.0,68278662.9142857,66753334.18,7750241.696789291,3,5,2,19,2020,0
2020-05-17,Iowa,70218530.0,Beverages,70218530.0,71228945.94,77291441.58,67018038.97777778,73249777.82000001,69363159.80962963,2182747.901559242,6,5,2,20,2020,0
2020-05-24,Iowa,72411481.9,Beverages,72411481.9,72098203.05714287,70218530.0,67016518.7,71471645.37142858,70404204.08666667,676759.648950955,6,5,2,21,2020,0
2020-05-31,Iowa,69696598.8,Beverages,69696598.8,70084439.24285714,72411481.9,59067695.9,70860120.12857142,72095310.67666668,837831.1141704613,6,5,2,22,2020,0
2020-06-09,Iowa,72476737.9,Beverages,72476737.9,72167833.55555557,70314407.48888889,77291441.58,71550024.86666667,71674696.26466666,667309.6523182227,1,6,2,24,2020,0
2020-06-12,Iowa,65202298.4,Beverages,65202298.4,67627111.56666666,71241120.52222222,74260193.76,70133551.46190476,70910346.45133333,2745247.779827117,4,6,2,24,2020,0
2020-06-14,Iowa,75197005.7,Beverages,75197005.7,70199652.05,71858929.21111111,72239361.88,70417509.12936509,70907263.71966666,3299330.774634074,6,6,2,24,2020,0
2020-06-21,Iowa,72152020.7,Beverages,72152020.7,72587018.55714285,75197005.7,71784924.21428572,73457014.27142857,71472590.09690477,939702.772168326,6,6,2,25,2020,0
2020-06-28,Iowa,77381430.9,Beverages,77381430.9,76634372.30000001,72152020.7,70472279.68571429,75140255.10000001,72313666.69309524,1613831.0243717162,6,6,2,26,2020,0
2020-07-06,Iowa,79630033.7,Beverages,79630033.7,79348958.35000001,77662506.25,71550024.86666667,78786807.65,74471084.61722223,607192.1533545506,0,7,3,28,2020,0
2020-07-19,Iowa,76522154.0,Beverages,76522154.0,76761221.66923077,78195627.68461539,73022016.41428572,77239357.0076923,77110875.49857143,516445.1912189402,6,7,3,29,2020,0
2020-07-26,Iowa,72772272.9,Beverages,72772272.9,73307970.2,76522154.0,75887313.7,74379364.8,77242559.89333335,1157238.4313790698,6,7,3,30,2020,0
2020-08-03,Iowa,65961485.2,Beverages,65961485.2,66812833.6625,71920924.4375,79067883.0,68515530.5875,74819982.14666668,1839122.87648363,0,8,3,32,2020,0
2020-08-11,Iowa,67146619.39999999,Beverages,67146619.39999999,66998477.62499999,66109626.975,78195627.68461539,66702194.075,71529522.55679487,320022.81012592354,1,8,3,33,2020,0
2020-08-16,Iowa,73974141.6,Beverages,73974141.6,72608637.16,66850335.85,77000289.33846153,70051537.23214285,70490307.23064102,2692744.676789672,6,8,3,33,2020,0
2020-08-23,Iowa,73771597.10000001,Beverages,73771597.10000001,73800532.02857144,73974141.6,73843667.5,73858401.88571429,70128644.79833333,62506.58973360721,6,8,3,34,2020,0
2020-08-30,Iowa,73745120.30000001,Beverages,73745120.30000001,73748902.70000002,73771597.10000001,68515530.5875,73756467.50000001,70766107.85958333,8170.917878936553,6,8,3,35,2020,0
2020-09-02,Iowa,59036831.3,Beverages,59036831.3,63939594.3,73760249.9,65961485.2,69545994.07142858,70478783.92333333,5959456.954926472,2,9,3,36,2020,0
2020-09-08,Iowa,74943873.3,Beverages,74943873.3,72292699.63333333,63939594.3,66850335.85,66990352.3,70845975.4675,5727189.693371316,1,9,3,37,2020,0
2020-09-13,Iowa,67693987.9,Beverages,67693987.9,69143964.98,69641525.96666667,71243132.72,71458040.46190476,71152366.41533333,2503509.2727915198,6,9,3,37,2020,0
2020-09-20,Iowa,68574621.80000001,Beverages,68574621.80000001,68448816.95714287,67693987.9,73829466.95714286,68197207.27142859,69864399.35095239,271769.52172070235,6,9,3,38,2020,0
2020-09-27,Iowa,67464350.7,Beverages,67464350.7,67622960.85714287,68574621.80000001,73752685.10000001,67940181.17142858,68504662.33666667,342637.1001924956,6,9,3,39,2020,0
2020-10-05,Iowa,70346549.8,Beverages,70346549.8,69986274.9125,67824625.5875,66990352.3,69265725.1375,69183140.995,778282.7086785984,0,10,4,41,2020,0
2020-10-18,Iowa,66751333.1,Beverages,66751333.1,67027888.23076923,68687219.01538461,68323012.11428572,67580998.4923077,68487601.30023809,597427.3637767235,6,10,4,42,2020,0
2020-10-25,Iowa,64181268.5,Beverages,64181268.5,64548420.58571429,66751333.1,67781571.01428571,65282724.75714286,67802990.56357142,793139.1547982198,6,10,4,43,2020,0
2020-11-10,Iowa,68954556.8,Beverages,68954556.8,68656226.28125,66866243.16875,68687219.01538461,68059565.24375,66583976.976538464,644467.578146915,1,11,4,46,2020,0
2020-11-15,Iowa,65557143.7,Beverages,65557143.7,66236626.32,68357895.7625,67304443.36153847,67455903.96875,66427069.52935897,1275447.21807929,6,11,4,46,2020,0
2020-11-22,Iowa,67064477.1,Beverages,67064477.1,66849143.75714286,65557143.7,64915572.67142857,66418477.071428575,66523760.66119048,465173.1862598391,6,11,4,47,2020,0
2020-11-29,Iowa,61554063.3,Beverages,61554063.3,62341265.27142857,67064477.1,65672921.09375,63915669.21428572,66300383.83229167,1700550.618034837,6,11,4,48,2020,0
2020-12-01,Iowa,60918898.8,Beverages,60918898.8,61236481.05,65490073.157142855,66269582.13125,62542530.86632653,65964202.03583334,1429185.30606622,1,12,4,49,2020,0
2020-12-04,Iowa,66163153.6,Beverages,66163153.6,64415068.66666666,63128467.24285714,67164573.6875,62756559.203061216,65719084.585625,1900423.7065203509,4,12,4,49,2020,0
2020-12-07,Iowa,76363181.89999999,Beverages,76363181.89999999,72963172.46666667,61236481.05,68059565.24374999,67579088.88571428,66239278.35979166,5636015.1703031445,0,12,4,50,2020,0
2020-12-13,Iowa,64664950.7,Beverages,64664950.7,66614655.9,72963172.46666667,66916108.94,70514066.3,66521939.31566667,4211844.61317914,6,12,4,50,2020,0
2020-12-20,Iowa,67615054.8,Beverages,67615054.8,67193611.35714285,64664950.7,66633810.41428572,66350724.47142857,66576792.07023809,910421.8907339728,6,12,4,51,2020,0
2020-12-27,Iowa,62352024.2,Beverages,62352024.2,63103885.71428572,67615054.8,63128467.24285714,64607608.74285714,66404301.55071429,1624206.505066146,6,12,4,52,2020,0
2021-01-08,Iowa,79648389.30000001,Beverages,79648389.30000001,78207025.54166667,69558842.99166667,72463771.5,75324298.025,68257234.33500001,3113701.589946816,4,1,1,1,2021,0
2021-01-17,Iowa,61756295.4,Beverages,61756295.4,63744305.833333336,75672368.43333334,66772167.91428571,67720326.7,69169587.50357144,4294593.37472091,6,1,1,2,2021,0
2021-01-24,Iowa,63355695.8,Beverages,63355695.8,63127210.02857143,61756295.4,63855747.22857143,62670238.48571428,68405775.90214285,493585.67930174345,6,1,1,3,2021,0
2021-01-31,Iowa,64409989.7,Beverages,64409989.7,64259376.28571429,63355695.8,69558842.99166667,63958149.45714285,68034794.5325,325362.1612294906,6,1,1,4,2021,0
2021-02-05,Iowa,79067028.2,Beverages,79067028.2,76135620.5,64108762.87142857,76765661.78333335,70670061.42653061,67921674.28805555,5749297.188214457,4,2,1,5,2021,0
2021-02-14,Iowa,63001779.5,Beverages,63001779.5,64786807.13333333,75496972.93333334,65732316.266666666,68356862.4,66973246.37111111,3856100.410375256,6,2,1,6,2021,0
2021-02-21,Iowa,64439883.3,Beverages,64439883.3,64234439.9,63001779.5,62898724.25714286,63823553.1,67275096.60095237,443808.4678661363,6,2,1,7,2021,0
2021-02-28,Iowa,67613100.3,Beverages,67613100.3,67159783.58571428,64439883.3,64108762.87142857,66253150.157142855,67883478.76952381,979276.0265130867,6,2,1,8,2021,0
2021-03-01,Iowa,61085596.2,Beverages,61085596.2,67613100.3,64893200.01428571,64259376.28571429,65709206.75510204,67777686.1,2180860.600511462,0,3,1,9,2021,0
2021-03-10,Iowa,107123241.4,Beverages,107123241.4,102007947.48888887,71316184.02222222,73711945.3,91777359.66666669,71878906.74333334,11050297.811351778,2,3,1,10,2021,0
2021-03-14,Iowa,76630966.5,Beverages,76630966.5,84254035.225,91777359.66666669,66571834.766666666,94040874.40238096,74387732.52611111,10615461.826542497,6,3,1,10,2021,0
2021-03-21,Iowa,73557243.60000001,Beverages,73557243.60000001,73996346.87142858,76630966.5,64028996.5,74874553.41428572,76995823.81833333,948571.480650254,6,3,1,11,2021,0
2021-03-28,Iowa,65324666.5,Beverages,65324666.5,66500748.942857146,73557243.60000001,66706466.87142857,68852913.82857142,77805720.69785714,2540628.4507025173,6,3,1,12,2021,0
2021-04-04,Iowa,73011509.6,Beverages,73011509.6,71913389.15714285,65324666.5,81546771.84444445,69717148.27142857,77694595.16129631,2372211.2819260685,6,4,2,13,2021,0
2021-04-07,Iowa,86352759.3,Beverages,86352759.3,81905676.06666666,68619027.82857142,96892653.5777778,75882049.13469388,76707426.8012963,6272610.681039239,2,4,2,14,2021,0
2021-04-18,Iowa,70207099.0,Beverages,70207099.0,71674886.3,80481610.1,74435450.14285715,74610460.89999999,73875581.46238095,3170782.9639053475,6,4,2,15,2021,0
2021-04-25,Iowa,73279235.4,Beverages,73279235.4,72840358.77142857,70207099.0,67676831.38571429,71962605.51428571,74076903.68809524,948081.8761210764,6,4,2,16,2021,0
2021-05-09,Iowa,79767882.6,Beverages,79767882.6,79304407.8,76523559.0,83417184.7,78377458.2,75433887.4,1001219.9996817998,6,5,2,18,2021,0
2021-05-12,Iowa,102169961.2,Beverages,102169961.2,94702601.66666669,77913983.39999999,79013822.8,85771212.37142858,76855986.55666666,9410879.906191347,2,5,2,19,2021,0
2021-05-16,Iowa,75215700.80000001,Beverages,75215700.80000001,81954265.9,79767882.6,73142673.6,89343142.68571429,78186545.74333334,9031095.98202686,6,5,2,19,2021,0
2021-05-23,Iowa,76143299.60000001,Beverages,76143299.60000001,76010785.4857143,75215700.80000001,72401482.14285715,75745757.25714287,79210534.77904762,286263.20452122844,6,5,2,20,2021,0
2021-05-30,Iowa,77550280.3,Beverages,77550280.3,77349283.05714285,76143299.60000001,75596609.4,76947288.57142857,79849305.67333333,434203.6706835751,6,5,2,21,2021,0
2021-06-06,Iowa,84625327.1,Beverages,84625327.1,83614606.12857142,77550280.3,78840933.0,81593164.18571427,80815925.31,2183406.844756956,6,6,2,22,2021,0
2021-06-13,Iowa,84954703.60000001,Beverages,84954703.60000001,84907649.81428573,84625327.1,88692831.0,84813542.24285714,79695607.75,101647.79469248932,6,6,2,23,2021,0
2021-06-20,Iowa,81627168.60000001,Beverages,81627168.60000001,82102530.74285716,84954703.60000001,75878271.37142858,83053255.02857144,81233494.50952382,1026899.5952317496,6,6,2,24,2021,0
2021-06-27,Iowa,78577608.1,Beverages,78577608.1,79013259.6,81627168.60000001,77148285.81428571,79884562.6,82010374.39190476,941114.8021237076,6,6,2,25,2021,0
2021-07-02,Iowa,64829760.400000006,Beverages,64829760.400000006,67579329.94,79448911.1,80582443.21428572,72747909.3,80611366.63571429,5448231.694468541,4,7,3,26,2021,0
2021-07-03,Iowa,70225990.19999999,Beverages,70225990.19999999,64829760.400000006,79013259.6,81593164.18571427,71492585.1,80232460.83619048,4728882.20081598,5,7,3,26,2021,0
2021-07-11,Iowa,103094969.8,Beverages,103094969.8,98986347.35,74334612.64999999,84860596.02857143,90769102.45,81400529.80714287,8875638.908702375,6,7,3,27,2021,0
2021-07-18,Iowa,79597242.7,Beverages,79597242.7,82954060.85714287,103094969.8,82577892.88571429,89667697.17142858,82739477.83809523,7251556.016050009,6,7,3,28,2021,0
2021-07-25,Iowa,81060402.3,Beverages,81060402.3,80851379.5,79597242.7,79448911.1,80433333.89999999,82662896.75333333,451540.8556172567,6,7,3,29,2021,0
2021-08-08,Iowa,80043512.4,Beverages,80043512.4,80116147.39285715,80551957.35,94877724.9,80261417.37857144,84000249.75333335,156909.518109249,6,8,3,31,2021,0
2021-08-15,Iowa,82384684.8,Beverages,82384684.8,82050231.6,80043512.4,86310879.01428571,81381325.2,80749095.8402381,722501.4883169499,6,8,3,32,2021,0
2021-08-22,Iowa,81136829.9,Beverages,81136829.9,81315094.88571429,82384684.8,80642356.7,81671624.85714285,81016713.00500001,385096.38267208345,6,8,3,33,2021,0
2021-08-29,Iowa,79453066.39999999,Beverages,79453066.39999999,79693604.04285714,81136829.9,80697227.33571428,80174679.32857142,80853329.23476191,519620.6971867111,6,8,3,34,2021,0
2021-09-05,Iowa,76275585.3,Beverages,76275585.3,76729511.17142856,79453066.39999999,80188782.38571429,77637362.9142857,80207153.5297619,980591.956341684,6,9,3,35,2021,0
2021-09-19,Iowa,75359497.3,Beverages,75359497.3,75424932.15714285,75817541.3,81493359.87142858,75555801.87142858,77604125.15619047,141355.44725313416,6,9,3,37,2021,0
2021-09-26,Iowa,74902560.4,Beverages,74902560.4,74967837.10000001,75359497.3,79934141.68571427,75098390.50000001,76309482.61809523,141013.78877522715,6,9,3,38,2021,0
2021-10-01,Iowa,63759010.3,Beverages,63759010.3,65987720.32,75033113.8,78091288.78571428,70136078.45714286,74519477.1942857,4361994.377482316,4,10,4,39,2021,0
2021-10-10,Iowa,106932039.4,Beverages,106932039.4,102135036.16666669,73353016.76666667,75948411.01428571,92541029.70000002,77901941.79857142,10362711.361552544,6,10,4,40,2021,0
2021-10-17,Iowa,103822588.8,Beverages,103822588.8,104266796.02857144,106932039.4,75490367.01428571,105155210.48571429,84777934.20857143,959597.2882451408,6,10,4,41,2021,0
2021-10-24,Iowa,101866410.5,Beverages,101866410.5,102145864.54285714,103822588.8,75033113.8,102704772.62857144,91188955.64,603689.729628841,6,10,4,42,2021,0
2021-10-31,Iowa,100572083.9,Beverages,100572083.9,100756987.7,101866410.5,63759010.3,101126795.3,98420122.90333337,399437.8606534332,6,10,4,43,2021,0
2021-11-04,Iowa,70719000.3,Beverages,70719000.3,78182271.2,101126795.3,82947023.23333333,89989512.81428573,99241774.67222224,12160370.38491909,3,11,4,44,2021,0
2021-11-07,Iowa,79246251.2,Beverages,79246251.2,76403834.23333333,100572083.9,97338032.93333334,79552447.04285714,97628055.12555556,7601622.467564278,6,11,4,44,2021,0
2021-11-14,Iowa,103832896.6,Beverages,103832896.6,100320518.68571427,79246251.2,104711003.25714286,93295762.85714284,94828260.98761906,7587603.49910013,6,11,4,45,2021,0
2021-11-21,Iowa,102844372.6,Beverages,102844372.6,102985590.31428573,103832896.6,102425318.58571428,103268025.74285714,94823783.0547619,305065.1294399267,6,11,4,46,2021,0
2021-11-28,Iowa,96761842.8,Beverages,96761842.8,97630775.62857142,102844372.6,100941891.5,99368641.28571428,94324107.00333336,1877109.4487689452,6,11,4,47,2021,0
2021-12-09,Iowa,73285694.39999999,Beverages,73285694.39999999,75419889.7090909,88225061.56363636,86271007.02857143,79688280.32727273,94200691.78190476,4610388.799325156,3,12,4,49,2021,0
2021-12-12,Iowa,102182784.2,Beverages,102182784.2,92550420.93333334,81822475.63636363,96808140.77142856,83371316.03636363,94126157.5895238,10413793.877305487,6,12,4,49,2021,0
2021-12-19,Iowa,105762342.4,Beverages,105762342.4,105250976.94285716,102182784.2,103126808.02857144,104228246.02857144,94406093.9104762,1104675.6432898475,6,12,4,50,2021,0
2021-12-26,Iowa,100465036.8,Beverages,100465036.8,101221794.74285714,105762342.4,98499708.45714286,102735310.62857142,94810405.27428572,1634783.9997066772,6,12,4,51,2021,0
2022-01-05,Iowa,114451834.0,Beverages,114451834.0,113053154.28,104661075.96,79688280.32727271,110255794.84000002,101141119.37090908,3021493.528481313,2,1,1,1,2022,0
2022-01-16,Iowa,99577445.1,Beverages,99577445.1,100929662.27272728,109042965.30909093,104739611.48571429,103634096.6181818,106048736.23142856,2921122.954793701,6,1,1,2,2022,0
2022-01-23,Iowa,97405832.9,Beverages,97405832.9,97716063.21428572,99577445.1,101978552.68571427,98336523.84285714,104711469.72142856,670174.0745582712,6,1,1,3,2022,0
2022-01-30,Iowa,98044269.5,Beverages,98044269.5,97953064.27142856,97405832.9,107458435.4,97770653.81428573,103358215.23333332,197025.81224050227,6,1,1,4,2022,0
2022-02-01,Iowa,95784306.2,Beverages,95784306.2,96914287.85,97588243.35714288,110255794.84,97429698.46632656,102477738.03633332,815471.3943727539,1,2,1,5,2022,0
2022-02-10,Iowa,112398449.3,Beverages,112398449.3,110552433.4,99476338.0,106338530.96363635,106860401.6,100732923.53924245,3987850.1243464737,3,2,1,6,2022,0
2022-02-13,Iowa,99808343.5,Beverages,99808343.5,104005045.43333334,105014385.7,102281879.44545454,107218976.87142856,100770018.42075756,4212928.573962406,6,2,1,6,2022,0
2022-02-20,Iowa,99853708.6,Beverages,99853708.6,99847227.87142856,99808343.5,98026293.52857144,99834266.4142857,100939984.64547618,13999.973884245812,6,2,1,7,2022,0
2022-02-27,Iowa,102026029.70000002,Beverages,102026029.70000002,101715698.11428572,99853708.6,97861859.04285714,101095034.94285716,101744854.83071429,670392.845848579,6,2,1,8,2022,0
2022-03-04,Iowa,111445943.5,Beverages,111445943.5,109561960.74,101405366.52857144,97630322.1,106018802.53061226,103480309.49666668,3735352.922945244,4,3,1,9,2022,0
2022-03-07,Iowa,127666470.6,Beverages,127666470.6,122259628.23333332,103910012.46,103168369.8,114465537.44857144,105574036.93,8115222.964196283,0,3,1,10,2022,0
2022-03-13,Iowa,106060560.4,Beverages,106060560.4,109661545.43333334,122259628.23333332,108201747.36666666,116863515.5,106862180.36444443,7779016.753294033,6,3,1,10,2022,0
2022-03-20,Iowa,107590345.3,Beverages,107590345.3,107371804.6,106060560.4,99840747.14285712,106934723.2,108381871.86571428,472101.869587129,6,3,1,11,2022,0
2022-03-27,Iowa,105383640.6,Beverages,105383640.6,105698884.12857142,107590345.3,101405366.52857144,106329371.18571427,109737910.03380951,681003.8551770434,6,3,1,12,2022,0
2022-04-09,Iowa,118474984.0,Beverages,118474984.0,117467957.58461538,111425799.09230769,116863515.5,115453904.75384614,109448667.62,2175425.691519738,5,4,2,14,2022,0
2022-04-12,Iowa,107410635.9,Beverages,107410635.9,111098751.93333334,114446878.33846152,106060560.4,114450576.1868132,109592388.27,3899940.626572453,1,4,2,15,2022,0
2022-04-17,Iowa,114022027.4,Beverages,114022027.4,112699749.1,114786867.96666668,107153263.9,110770963.11904764,110369269.65333334,2262841.1856062477,6,4,2,15,2022,0
2022-04-24,Iowa,107798902.3,Beverages,107798902.3,108687920.17142858,114022027.4,106014127.65714283,110465955.9142857,111205151.91761903,1920498.1003277367,6,4,2,16,2022,0
2022-05-06,Iowa,122942226.7,Beverages,122942226.7,121680283.0,114108620.8,115453904.75384615,119156395.6,113595587.0051282,2726109.9652311457,4,5,2,18,2022,0
2022-05-15,Iowa,120045447.4,Beverages,120045447.4,120367311.76666668,122298497.96666668,111377470.8,121011040.5,116133268.26333334,695306.5001469092,6,5,2,19,2022,0
2022-05-22,Iowa,116091521.0,Beverages,116091521.0,116656367.62857144,120045447.4,109576938.04285714,117786060.88571428,117500127.62238096,1220208.1780500116,6,5,2,20,2022,0
2022-05-29,Iowa,116918119.4,Beverages,116918119.4,116800033.91428572,116091521.0,114108620.8,116563862.94285716,118884679.32666668,255093.8044000329,6,5,2,21,2022,0
2022-06-02,Iowa,98650650.6,Beverages,98650650.6,103217517.8,116563862.94285716,119156395.6,110343415.33469388,117316342.17333332,7339060.643323993,3,6,2,22,2022,0
2022-06-03,Iowa,106337263.7,Beverages,106337263.7,98650650.6,116681948.42857143,120418339.3,108865603.23061223,116846972.98666668,6876961.727288077,4,6,2,22,2022,0
2022-06-11,Iowa,108982305.7,Beverages,108982305.7,108651675.45,106667893.95,121011040.5,107990414.95000002,113083109.0,714242.9724371476,5,6,2,23,2022,0
2022-06-19,Iowa,121225511.29999998,Beverages,121225511.29999998,119695110.59999998,110512706.4,117221214.25714286,116634309.2,112219655.59761904,3306043.3671215368,6,6,2,24,2022,0
2022-06-26,Iowa,123142814.0,Beverages,123142814.0,122868913.61428572,121225511.29999998,116681948.42857143,122321112.84285714,113595356.06380951,591692.4590080612,6,6,2,25,2022,0
2022-07-08,Iowa,121017678.8,Beverages,121017678.8,121194773.4,122257341.0,107990414.95,121548962.6,119101869.20833331,382568.0605710147,4,7,3,27,2022,0
2022-07-17,Iowa,120250570.9,Beverages,120250570.9,120335805.11111112,120847210.37777776,118164709.9,120506273.53333332,121546412.35666664,184126.94029881217,6,7,3,28,2022,0
2022-07-24,Iowa,121581654.0,Beverages,121581654.0,121391499.27142856,120250570.9,122595013.22857144,121011189.81428573,121410467.17380951,410781.16282358026,6,7,3,29,2022,0
2022-07-31,Iowa,118833542.0,Beverages,118833542.0,119226129.42857143,121581654.0,122257341.0,120011304.28571428,120777458.88666669,848085.7753458377,6,7,3,30,2022,0
2022-08-05,Iowa,113497322.7,Beverages,113497322.7,114564566.56,119618716.85714284,121371868.0,116602674.78979592,119761751.09,2158790.766497502,4,8,3,31,2022,0
2022-08-14,Iowa,118799397.3,Beverages,118799397.3,118210277.9,114675561.5,120421039.32222223,117032039.1,118462972.13703704,1272643.3572697944,6,8,3,32,2022,0
2022-08-21,Iowa,117909148.2,Beverages,117909148.2,118036326.64285716,118799397.3,121201344.54285714,118290683.52857144,117907746.57904764,274736.836873302,6,8,3,33,2022,0
2022-08-28,Iowa,116479096.9,Beverages,116479096.9,116683389.94285716,117909148.2,119618716.85714284,117091976.02857144,117062787.25761904,441323.41242271726,6,8,3,34,2022,0
2022-09-01,Iowa,97403751.6,Beverages,97403751.6,102172587.925,117091976.02857144,116699054.28,109754027.73979592,115252887.27433331,7808934.931744652,3,9,3,35,2022,0
2022-09-10,Iowa,113810898.0,Beverages,113810898.0,111987881.73333332,101049784.13333333,117032039.1,108341849.2,112640232.37833332,3938165.237749674,5,9,3,36,2022,0
2022-09-18,Iowa,114396176.4,Beverages,114396176.4,114323016.6,113884057.8,118163505.08571428,114176697.0,111520258.81976192,158043.23113837588,6,9,3,37,2022,0
2022-09-25,Iowa,111609040.4,Beverages,111609040.4,112007202.68571427,114396176.4,116887682.98571429,112803527.25714289,110426854.50642855,860128.8432040596,6,9,3,38,2022,0
2022-10-04,Iowa,111233416.4,Beverages,111233416.4,111275152.4,111525568.4,102872800.4,111358624.4,112028967.17333336,90160.06463586766,1,10,4,40,2022,0
2022-10-07,Iowa,118292839.2,Beverages,118292839.2,115939698.26666668,111400360.4,108341849.2,113286168.05714288,112971053.70666666,2829890.2358063264,4,10,4,40,2022,0
2022-10-16,Iowa,110027794.4,Beverages,110027794.4,110946132.71111111,116456162.5777778,114249856.8,112782809.33333331,113069218.36666666,1983837.4892434413,6,10,4,41,2022,0
2022-10-23,Iowa,109087987.3,Beverages,109087987.3,109222245.45714286,110027794.4,112405364.97142856,109490761.77142856,112126141.42285717,290030.7677085649,6,10,4,42,2022,0
2022-10-30,Iowa,107437127.5,Beverages,107437127.5,107672964.61428572,109087987.3,111400360.4,108144638.84285714,111325376.98333336,509466.39492244046,6,10,4,43,2022,0
2022-11-09,Iowa,114040880.7,Beverages,114040880.7,113380505.38,109418253.46,115537824.26666668,112059754.74,110269385.43222222,1426573.7375185546,2,11,4,45,2022,0
2022-11-12,Iowa,109326075.3,Beverages,109326075.3,110897677.1,111399379.42,112782809.33333334,112127757.45428573,109989038.37777776,1584513.8613779575,5,11,4,45,2022,0
2022-11-13,Iowa,108897484.3,Beverages,108897484.3,109326075.3,112059754.74,111864471.02222222,111676004.53428572,109890138.82037038,2002730.6541504024,6,11,4,45,2022,0
2022-11-20,Iowa,111104859.8,Beverages,111104859.8,110789520.44285716,108897484.3,109356503.61428572,110158841.72857144,109957234.33190475,681210.8685536516,6,11,4,46,2022,0
2022-11-27,Iowa,106727485.2,Beverages,106727485.2,107352824.42857143,111104859.8,107908801.72857144,108603502.88571428,109957631.25380953,1350887.1296404533,6,11,4,47,2022,0
2022-12-06,Iowa,123855970.9,Beverages,123855970.9,121952805.82222223,110533815.35555556,112059754.74,118146475.66666669,111975274.64466669,4111306.458448679,1,12,4,49,2022,0
2022-12-18,Iowa,113552627.2,Beverages,113552627.2,114411239.175,119562911.025,110474181.08571428,116128463.125,114920287.08309524,1854813.8568430964,6,12,4,50,2022,0
2022-12-25,Iowa,109408805.2,Beverages,109408805.2,110000779.77142856,113552627.2,107978163.65714286,111184728.9142857,115262104.13595238,1278811.2324961151,6,12,4,51,2022,0
2023-01-01,Iowa,103388682.0,Beverages,103388682.0,104248699.6,109408805.2,116243310.5888889,105968734.8,114112635.19611111,1857850.3538907764,6,1,1,52,2023,0
2023-01-15,Iowa,104857393.3,Beverages,104857393.3,104752485.35,104123037.65,115269851.15,104542669.45,106883166.50416666,226627.07373105164,6,1,1,2,2023,0
2023-01-22,Iowa,102454896.5,Beverages,102454896.5,102798110.32857142,104857393.3,110592754.34285717,103484537.98571429,104801312.5740476,741426.6090305967,6,1,1,3,2023,0
2023-01-29,Iowa,103796978.5,Beverages,103796978.5,103605252.5,102454896.5,105108717.2,103221800.5,103767954.45833331,414175.4970551418,6,1,1,4,2023,0
2023-02-04,Iowa,114064233.0,Beverages,114064233.0,112353023.91666669,103605252.5,103808313.8,108930605.75,104983823.54666668,3696634.1166154486,5,2,1,5,2023,0
2023-02-19,Iowa,105959998.7,Beverages,105959998.7,106500280.98666666,109741974.70666666,103141324.15714286,107580845.56000002,107755083.0892857,1167143.1346127277,6,2,1,7,2023,0
2023-02-26,Iowa,106334891.4,Beverages,106334891.4,106281335.3,105959998.7,103413526.5,106174223.1,108515622.50166668,115694.39900091232,6,2,1,8,2023,0
2023-03-19,Iowa,115425745.8,Beverages,115425745.8,114992847.97142856,112395461.0,107040563.27333334,114127052.31428573,109623731.97288889,935166.1919624225,6,3,1,11,2023,0
2023-03-26,Iowa,107398798.3,Beverages,107398798.3,108545505.08571428,115425745.8,106227779.2,110838918.65714286,110717359.17000002,2477169.7784410906,6,3,1,12,2023,0
2023-04-16,Iowa,117667201.6,Beverages,117667201.6,117178230.01428571,114244400.5,114559950.14285712,116200286.84285714,112487274.1657143,1056299.3519712898,6,4,2,15,2023,0
2023-04-23,Iowa,116093178.5,Beverages,116093178.5,116318038.94285716,117667201.6,109692211.87142856,116767759.82857142,113388194.09285714,485754.0745028976,6,4,2,16,2023,0
2023-04-30,Iowa,120826305.9,Beverages,120826305.9,120150144.84285717,116093178.5,109843656.22857144,118797822.72857144,115765257.10714284,1460674.8272372563,6,4,2,17,2023,0
2023-05-02,Iowa,107185444.6,Beverages,107185444.6,114005875.25,117445500.61428572,110821599.4,116937319.82551022,115766493.52833334,4838003.990976178,1,5,2,18,2023,0
2023-05-03,Iowa,114188856.8,Beverages,114188856.8,107185444.6,118121661.67142858,111310570.98571429,116375490.55816329,115862436.38880952,4905430.90555897,2,5,2,18,2023,0
2023-07-05,Iowa,123791460.5,Beverages,123791460.5,123639038.21904762,122724504.53333332,119218792.07142857,123334193.65714286,121581337.42619048,329269.7598505747,2,7,3,27,2023,0
2023-08-01,Iowa,102855771.0,Beverages,102855771.0,103631166.9074074,108283542.35185184,123334193.65714286,105181958.72222222,114006229.8385714,1675046.6048396502,1,8,3,31,2023,0
2023-09-04,Iowa,118362929.3,Beverages,118362929.3,117906836.40882352,115170279.0617647,104680142.56470588,116994650.62647058,111749582.37794116,985273.2540370248,0,9,3,36,2023,0
2023-12-02,Iowa,111245454.8,Beverages,111245454.8,111325426.4235955,111805256.16516854,113644603.50786516,111485369.67078651,112405043.34213482,172758.4519329986,5,12,4,48,2023,0
2023-12-03,Iowa,118082890.4,Beverages,118082890.4,111245454.8,111725284.54157303,113564631.88426964,112393599.07913324,112555651.95932584,2512456.5971761304,6,12,4,48,2023,0
2019-03-11,Kansas,47489199.3,Beverages,47489199.3,47502419.01724137,47581737.320689656,47885790.81724138,47528858.45172413,47680885.2,28557.853182921197,0,3,1,11,2019,0
2019-06-10,Kansas,50331958.5,Beverages,50331958.5,50300719.38791209,50113284.71538462,49394785.13736264,50238241.16373626,49878991.37472528,67484.1950287619,0,6,2,24,2019,0
2019-08-12,Kansas,48371113.7,Beverages,48371113.7,48402238.22063492,48588985.344444446,49304849.31904762,48464487.26190477,48822419.24920635,67236.64919949185,0,8,3,33,2019,0
2019-10-11,Kansas,48524049.9,Beverages,48524049.9,48521500.96333333,48506207.34333333,48447581.8,48516403.09,48487090.318333335,5506.332535059927,4,10,4,41,2019,0
2019-10-13,Kansas,48317065.4,Beverages,48317065.4,48420557.65,48511305.21666667,48452679.67333333,48476054.74047619,48481584.07299999,79186.90341058292,6,10,4,41,2019,0
2019-10-20,Kansas,48601947.9,Beverages,48601947.9,48561250.4,48317065.4,48470522.23,48479855.39999999,48485546.068333335,87916.64819144746,6,10,4,42,2019,0
2019-10-27,Kansas,48102109.5,Beverages,48102109.5,48173514.98571429,48601947.9,48488364.78666667,48316325.95714287,48447187.93044444,154253.47911968417,6,10,4,43,2019,0
2019-11-17,Kansas,48710294.0,Beverages,48710294.0,48681332.833333336,48507565.833333336,48520552.9,48623410.5,48407060.3,62563.27049686387,6,11,4,46,2019,0
2019-11-24,Kansas,50469567.400000006,Beverages,50469567.400000006,50218242.62857144,48710294.0,48244920.47142857,49715593.08571429,48703970.16952381,542923.5582381926,6,11,4,47,2019,0
2019-12-15,Kansas,49474511.6,Beverages,49474511.6,49521895.20952381,49806196.86666667,48652371.66666666,49616662.42857143,49810536.00111112,102360.2955584718,6,12,4,50,2019,0
2019-12-22,Kansas,52416567.0,Beverages,52416567.0,51996273.37142857,49474511.6,49966917.85714286,51155686.11428572,50256430.48095239,907938.007987838,6,12,4,51,2019,0
2019-12-29,Kansas,48921431.3,Beverages,48921431.3,49420736.4,52416567.0,50232649.35238096,50419346.60000001,50276781.59142857,1078622.2941640348,6,12,4,52,2019,0
2020-01-03,Kansas,49739278.5,Beverages,49739278.5,49575709.06,49920041.5,49995731.30476191,49343266.54285715,50163721.77412698,281428.99390909064,4,1,1,1,2020,0
2020-01-11,Kansas,49731547.3,Beverages,49731547.3,49732513.7,49738312.1,49616662.42857143,49734446.5,50151035.010952376,2087.6625521880733,5,1,1,2,2020,0
2020-01-19,Kansas,45970257.6,Beverages,45970257.6,46440418.8125,49261386.0875,51575979.74285714,47380741.2375,49440499.23404762,1015664.3015540444,6,1,1,3,2020,0
2020-01-26,Kansas,45578142.0,Beverages,45578142.0,45634158.51428571,45970257.6,49920041.5,45746191.54285715,48147740.63166667,121009.50130826895,6,1,1,4,2020,0
2020-02-02,Kansas,48454429.7,Beverages,48454429.7,48043531.45714286,45578142.0,49739278.5,47221734.97142857,47652716.59833334,887641.6551297838,6,2,1,5,2020,0
2020-02-08,Kansas,55336553.1,Beverages,55336553.1,54189532.53333333,48043531.45714286,49733480.1,51895491.4,48199337.715,2477847.6227690284,5,2,1,6,2020,0
2020-02-16,Kansas,46986707.2,Beverages,46986707.2,48030437.9375,54292822.3625,46910580.025,50117899.41250001,48770609.67875,2254716.0895651155,6,2,1,7,2020,0
2020-02-23,Kansas,47027994.0,Beverages,47027994.0,47022095.885714285,46986707.2,45690175.02857143,47010299.65714286,49025622.3754762,12741.383119686094,6,2,1,8,2020,0
2020-03-05,Kansas,55107459.6,Beverages,55107459.6,54372962.72727273,49965981.49090909,50748470.833333336,52903968.98181818,50481301.08166667,1586694.5919786545,3,3,1,10,2020,0
2020-03-15,Kansas,56199275.7,Beverages,56199275.7,56090094.09,55435004.43,49074168.675,55871730.870000005,51565118.49625,235859.23447784703,6,3,1,11,2020,0
2020-03-22,Kansas,56741186.1,Beverages,56741186.1,56663770.32857143,56199275.7,47016197.77142857,56508938.78571428,53749232.45119048,167237.18019283234,6,3,1,12,2020,0
2020-03-29,Kansas,49573935.0,Beverages,49573935.0,50597828.01428571,56741186.1,50700478.36363637,52645614.04285715,54692958.62863637,2211861.7094987878,6,3,1,13,2020,0
2020-04-10,Kansas,52679711.4,Beverages,52679711.4,52420896.7,50868008.5,55762549.260000005,51903267.3,53443288.318,559103.6532115649,4,4,2,15,2020,0
2020-04-19,Kansas,53915809.4,Beverages,53915809.4,53778465.177777775,52954399.844444446,56586354.55714286,53503776.73333333,52576563.79761905,296697.4302140347,6,4,2,16,2020,0
2020-04-26,Kansas,53151527.1,Beverages,53151527.1,53260710.28571428,53915809.4,51621721.02857143,53479076.65714286,52329931.96047619,235862.638411527,6,4,2,17,2020,0
2020-05-01,Kansas,47926649.0,Beverages,47926649.0,48971624.62,53369893.47142857,50350379.1,50927891.22653061,52317816.79333333,2059878.557717716,4,5,2,18,2020,0
2020-05-04,Kansas,51139582.6,Beverages,51139582.6,50068604.73333333,52106551.48,51126823.2,49740323.41714286,52237876.41666666,1177542.8288169126,0,5,2,19,2020,0
2020-05-07,Kansas,62341966.5,Beverages,62341966.5,58607838.53333333,48971624.62,51903267.3,53422282.68571429,52934215.01,5397450.569534399,3,5,2,19,2020,0
2020-05-17,Kansas,55211389.8,Beverages,55211389.8,55924447.47,60202793.49,53641120.95555555,57350562.81,54745387.844259255,1540380.6207598154,6,5,2,20,2020,0
2020-05-24,Kansas,55036532.1,Beverages,55036532.1,55061511.77142857,55211389.8,53369893.47142857,55111471.11428572,55083545.31119048,53962.2577422655,6,5,2,21,2020,0
2020-05-31,Kansas,54431344.4,Beverages,54431344.4,54517799.78571428,55036532.1,47926649.0,54690710.55714285,55961536.48833333,186764.97892868856,6,5,2,22,2020,0
2020-06-09,Kansas,56449770.7,Beverages,56449770.7,56225501.11111111,54879883.57777778,60202793.49,55776961.93333334,55668114.749,484477.684041121,1,6,2,24,2020,0
2020-06-12,Kansas,50030283.3,Beverages,50030283.3,52170112.43333333,55552692.344444446,58063620.48,54423400.36666668,55007458.17733333,2451702.8389255693,4,6,2,24,2020,0
2020-06-14,Kansas,58714695.6,Beverages,58714695.6,54372489.45,56001231.52222222,56637505.14,54610399.16587301,54977428.74733333,2884337.8106857263,6,6,2,24,2020,0
2020-06-21,Kansas,57777801.3,Beverages,57777801.3,57911643.34285714,58714695.6,55086491.442857146,58179327.42857143,55658668.77404762,289131.85809771455,6,6,2,25,2020,0
2020-06-28,Kansas,59540738.0,Beverages,59540738.0,59288889.9,57777801.3,54604255.17142857,58785193.7,56575751.51785715,544054.0771604913,6,6,2,26,2020,0
2020-07-06,Kansas,60420221.5,Beverages,60420221.5,60310286.0625,59650673.4375,55776961.93333334,60090415.1875,57910308.44444445,237487.68799665428,0,7,3,28,2020,0
2020-07-19,Kansas,57934641.6,Beverages,57934641.6,58125840.05384616,59273030.77692308,58045485.385714285,58508236.96153846,59184440.016428575,413035.86710223806,6,7,3,29,2020,0
2020-07-26,Kansas,55812175.1,Beverages,55812175.1,56115384.6,57934641.6,59037041.8,56721803.60000001,58807655.10166667,655007.3822634777,6,7,3,30,2020,0
2020-08-03,Kansas,50679733.5,Beverages,50679733.5,51321288.7,55170619.9,60200350.625,52604399.1,56974945.552083336,1385917.6316381197,0,8,3,32,2020,0
2020-08-11,Kansas,52059074.2,Beverages,52059074.2,51886656.6125,50852151.0875,59273030.77692308,51541821.4375,54721886.62269231,372464.5588100757,1,8,3,33,2020,0
2020-08-16,Kansas,56533007.8,Beverages,56533007.8,55638221.08,51714239.025000006,58317038.50769231,53951843.23035713,54062553.11346154,1778908.1714344977,6,8,3,33,2020,0
2020-08-23,Kansas,54631652.5,Beverages,54631652.5,54903274.68571428,56533007.8,56418594.1,55446519.05714285,53627222.655,586770.9845151342,6,8,3,34,2020,0
2020-08-30,Kansas,54662599.1,Beverages,54662599.1,54658178.157142855,54631652.5,52604399.1,54649336.27142857,53666564.21166667,9550.328033756414,6,8,3,35,2020,0
2020-09-02,Kansas,46767766.4,Beverages,46767766.4,49399377.3,54644915.32857143,50679733.5,52403143.23469388,53474373.071666665,3194253.981276796,2,9,3,36,2020,0
2020-09-08,Kansas,56686281.4,Beverages,56686281.4,55033195.56666666,49399377.3,51714239.025000006,51727023.9,53728447.423750006,3571073.546014859,1,9,3,37,2020,0
2020-09-13,Kansas,53396659.1,Beverages,53396659.1,54054583.56,53380109.73333333,54743434.36,55040288.15238095,53997476.30266666,1123624.277546554,6,9,3,37,2020,0
2020-09-20,Kansas,53610089.3,Beverages,53610089.3,53579599.27142857,53396659.1,55174896.87142857,53518619.21428572,53459756.28285714,65865.9896780302,6,9,3,38,2020,0
2020-09-27,Kansas,52805520.8,Beverages,52805520.8,52920459.157142855,53610089.3,54653757.21428572,53150335.87142857,53102851.19190476,248295.2296459818,6,9,3,39,2020,0
2020-10-05,Kansas,54867045.4,Beverages,54867045.4,54609354.825,53063211.375,51727023.9,54093973.675,53902194.65,556675.2656651,0,10,4,41,2020,0
2020-10-18,Kansas,52216444.1,Beverages,52216444.1,52420336.50769231,53643690.95384616,53549109.24285714,52828121.323076926,53522681.595714286,440457.9415416256,6,10,4,42,2020,0
2020-10-25,Kansas,50123547.8,Beverages,50123547.8,50422532.98571429,52216444.1,53035397.51428571,51020503.35714286,52976930.38857142,645881.8204262402,6,10,4,43,2020,0
2020-11-10,Kansas,53467895.7,Beverages,53467895.7,53258873.95625,52004743.49375,53643690.95384616,52840830.46875,51911469.82371794,451538.5738565117,1,11,4,46,2020,0
2020-11-15,Kansas,50940708.900000006,Beverages,50940708.900000006,51446146.260000005,53049852.212500006,52624228.91538461,52354955.39375,51731398.13858975,950781.9659830624,6,11,4,46,2020,0
2020-11-22,Kansas,52763617.5,Beverages,52763617.5,52503201.98571429,50940708.900000006,50721518.17142857,51982370.95714285,51819477.25119048,562561.8073087854,6,11,4,47,2020,0
2020-11-29,Kansas,51187350.4,Beverages,51187350.4,51412531.41428571,52763617.5,51168656.51875,51862893.442857146,52110847.52312501,486446.5879293585,6,11,4,48,2020,0
2020-12-01,Kansas,47874479.7,Beverages,47874479.7,49530915.05,52313255.47142857,51586700.00625,50799136.6989796,51925548.0725,1537590.9661907442,1,12,4,49,2020,0
2020-12-04,Kansas,53992654.9,Beverages,53992654.9,51953263.16666666,51637712.42857143,52213765.2375,50837866.58061224,51920400.03979167,1957580.5064393936,4,12,4,49,2020,0
2020-12-07,Kansas,57070126.2,Beverages,57070126.2,56044302.43333334,49530915.05,52840830.46875,53123882.35714286,52261649.410625,3358489.3050518995,0,12,4,50,2020,0
2020-12-13,Kansas,51776970.1,Beverages,51776970.1,52659162.78333333,56044302.43333334,51951583.620000005,54423548.15,52486550.27866667,1905754.0089049635,6,12,4,50,2020,0
2020-12-20,Kansas,52936445.7,Beverages,52936445.7,52770806.32857143,51776970.1,52242786.47142857,52439527.58571429,52689218.96952381,357821.9385574022,6,12,4,51,2020,0
2020-12-27,Kansas,52101710.5,Beverages,52101710.5,52220958.385714285,52936445.7,51637712.42857143,52459454.15714286,52739518.547142856,257604.87538086,6,12,4,52,2020,0
2021-01-08,Kansas,60808014.2,Beverages,60808014.2,60082488.891666666,55729337.04166667,55305740.833333336,58631438.275,54283513.625,1567313.7978128386,4,1,1,1,2021,0
2021-01-17,Kansas,49405362.9,Beverages,49405362.9,50672324.155555554,58274091.68888889,52605166.95714286,53206246.66666667,54833126.74928571,2736949.1240614145,6,1,1,2,2021,0
2021-01-24,Kansas,49264080.8,Beverages,49264080.8,49284263.95714285,49405362.9,52340206.27142857,49324630.27142857,54055515.07119048,43600.60263761412,6,1,1,3,2021,0
2021-01-31,Kansas,50249196.7,Beverages,50249196.7,50108465.85714286,49264080.8,55729337.04166667,49827004.17142857,53158012.6775,304013.3669414247,6,1,1,4,2021,0
2021-02-05,Kansas,59355868.2,Beverages,59355868.2,57534533.900000006,49967735.01428571,59356963.583333336,54131951.50816327,52792560.449722216,3580934.134354874,4,2,1,5,2021,0
2021-02-14,Kansas,49473048.8,Beverages,49473048.8,50571139.84444444,57159686.11111111,51939285.41111111,52767321.93333333,51916461.43185186,2372147.774095961,6,2,1,6,2021,0
2021-02-21,Kansas,48029085.1,Beverages,48029085.1,48235365.62857143,49473048.8,49304447.11428572,48647926.68571429,51707585.851904765,445616.8722675424,6,2,1,7,2021,0
2021-02-28,Kansas,52003515.8,Beverages,52003515.8,51435739.98571429,48029085.1,49967735.01428571,50300188.35714286,51878306.08857143,1226535.942404308,6,2,1,8,2021,0
2021-03-01,Kansas,50868820.0,Beverages,50868820.0,52003515.8,48596860.91428571,50108465.85714286,50624753.94081633,51903651.22666667,975616.0745044145,0,3,1,9,2021,0
2021-03-10,Kansas,82900044.3,Beverages,82900044.3,79341019.37777777,57986869.844444446,56061595.06666667,72222969.53333333,55826359.508888885,7688372.553364186,2,3,1,10,2021,0
2021-03-14,Kansas,59343851.1,Beverages,59343851.1,65232899.4,72222969.53333333,51669230.88888889,72961821.76190476,57807833.65481481,8290377.131148545,6,3,1,10,2021,0
2021-03-21,Kansas,59205729.400000006,Beverages,59205729.400000006,59225461.071428575,59343851.1,48441646.157142855,59264924.41428572,60159141.86095238,42625.282013158605,6,3,1,11,2021,0
2021-03-28,Kansas,52129781.9,Beverages,52129781.9,53140631.54285714,59205729.400000006,50867964.17142857,55162330.82857143,61532801.93952381,2183684.8068118026,6,3,1,12,2021,0
2021-04-04,Kansas,55653198.7,Beverages,55653198.7,55149853.442857146,52129781.9,65104919.688888885,54143162.92857143,61053753.12259259,1087350.0311056054,6,4,2,13,2021,0
2021-04-07,Kansas,65793575.8,Beverages,65793575.8,62413450.1,53639817.67142857,75781994.45555556,58119010.50816327,60072801.17925926,4489597.079670131,2,4,2,14,2021,0
2021-04-18,Kansas,54961228.8,Beverages,54961228.8,55945987.61818182,61854540.52727272,59245192.74285715,57915505.25454545,57651508.29571429,2127322.1837021825,6,4,2,15,2021,0
2021-04-25,Kansas,56106391.2,Beverages,56106391.2,55942796.571428575,54961228.8,54151481.18571429,55615607.31428571,57318580.24142858,353404.7891415464,6,4,2,16,2021,0
2021-05-09,Kansas,61220163.6,Beverages,61220163.6,60854894.14285714,58663277.400000006,63824058.16363637,60124355.22857143,58108479.92181818,789072.2122628468,6,5,2,18,2021,0
2021-05-12,Kansas,78480380.6,Beverages,78480380.6,72726974.93333334,59759085.77142857,60869781.7090909,65838566.06530613,59195723.36242424,7256995.363795655,2,5,2,19,2021,0
2021-05-16,Kansas,56506821.4,Beverages,56506821.4,62000211.2,61220163.6,56930746.43636364,68166935.6,60040926.22060607,7374034.335561973,6,5,2,19,2021,0
2021-05-23,Kansas,58120184.6,Beverages,58120184.6,57889704.14285714,56506821.4,55779201.942857146,57428743.22857143,60502056.97904762,497894.69293081854,6,5,2,20,2021,0
2021-05-30,Kansas,58608591.1,Beverages,58608591.1,58538818.74285714,58120184.6,57932738.48571429,58399274.02857143,60859881.39809524,150725.51818438942,6,5,2,21,2021,0
2021-06-06,Kansas,62516133.4,Beverages,62516133.4,61957913.07142857,58608591.1,60489624.68571429,60841472.41428571,61197667.821428575,1205893.7340165293,6,6,2,22,2021,0
2021-06-13,Kansas,63747306.1,Beverages,63747306.1,63571424.28571428,62516133.4,67493601.0,63219660.65714286,59924369.49666667,379948.1439806231,6,6,2,23,2021,0
2021-06-20,Kansas,64694666.0,Beverages,64694666.0,64559328.87142857,63747306.1,57659223.68571429,64288654.61428572,61441777.35809524,292361.6123747196,6,6,2,24,2021,0
2021-06-27,Kansas,61546477.2,Beverages,61546477.2,61996218.45714286,64694666.0,58469046.385714285,62895700.97142857,62528861.01476191,971552.1563051138,6,6,2,25,2021,0
2021-07-02,Kansas,51903921.8,Beverages,51903921.8,53832432.88,62445959.71428572,60283252.08571429,57478202.20816327,61944934.83761905,3849237.1873419913,4,7,3,26,2021,0
2021-07-03,Kansas,54781178.7,Beverages,54781178.7,51903921.8,61996218.45714286,60841472.41428571,56447482.24285714,61742925.04714286,3374525.670270279,5,7,3,26,2021,0
2021-07-11,Kansas,79954985.1,Beverages,79954985.1,76808259.3,57927904.5,63395542.47142857,70514807.7,63424222.54619048,6797704.652929634,6,7,3,27,2021,0
2021-07-18,Kansas,60484849.3,Beverages,60484849.3,63266297.27142857,79954985.1,64423991.74285714,68829193.2142857,64548190.36904762,6008614.356313309,6,7,3,28,2021,0
2021-07-25,Kansas,61028083.7,Beverages,61028083.7,60950478.78571429,60484849.3,62445959.71428572,60795268.95714285,63867712.925238095,167645.77546309592,6,7,3,29,2021,0
2021-08-08,Kansas,61015142.1,Beverages,61015142.1,61016066.5,61021612.900000006,73661533.5,61017915.3,63947686.313333325,1996.931694203683,6,8,3,31,2021,0
2021-08-15,Kansas,61587649.4,Beverages,61587649.4,61505862.64285714,61015142.1,66047745.24285714,61342289.12857144,61100338.76571429,176679.58852913437,6,8,3,32,2021,0
2021-08-22,Kansas,60003063.0,Beverages,60003063.0,60229432.48571429,61587649.4,60872873.87142857,60682171.45714285,61014863.21285715,489013.9796466264,6,8,3,33,2021,0
2021-08-29,Kansas,60315652.3,Beverages,60315652.3,60270996.68571428,60003063.0,61023461.7,60181685.45714285,60820419.32,96467.15229459494,6,8,3,34,2021,0
2021-09-05,Kansas,58628491.8,Beverages,58628491.8,58869514.72857142,60315652.3,61016990.9,59351560.58571428,60431171.833333336,520669.03414580674,6,9,3,35,2021,0
2021-09-19,Kansas,58620693.0,Beverages,58620693.0,58621250.05714285,58624592.4,60455801.97142857,58622364.17142857,59256853.73285714,1203.3803470965297,6,9,3,37,2021,0
2021-09-26,Kansas,57965249.5,Beverages,57965249.5,58058884.28571428,58620693.0,60226341.07142857,58246153.85714286,58817034.809523806,202274.25551839612,6,9,3,38,2021,0
2021-10-01,Kansas,50589575.9,Beverages,50589575.9,52064710.62,58152519.071428575,59592583.51428571,54817622.92653061,57737426.75571428,2896467.114412594,4,10,4,39,2021,0
2021-10-10,Kansas,84206740.7,Beverages,84206740.7,80471500.16666667,58060056.96666667,58625706.51428571,73001019.1,60880686.72857143,8069041.780904935,6,10,4,40,2021,0
2021-10-17,Kansas,81123034.4,Beverages,81123034.4,81563563.87142858,84206740.7,58621807.11428572,82444622.81428573,66438953.785238095,951652.4247732538,6,10,4,41,2021,0
2021-10-24,Kansas,79347468.2,Beverages,79347468.2,79601120.51428571,81123034.4,58152519.071428575,80108425.14285715,71499556.77619047,547951.6254707115,6,10,4,42,2021,0
2021-10-31,Kansas,78863272.3,Beverages,78863272.3,78932443.14285713,79347468.2,50589575.9,79070784.82857142,77158627.88666667,149426.09878714185,6,10,4,43,2021,0
2021-11-04,Kansas,56348859.5,Beverages,56348859.5,61977462.7,79070784.82857142,65530538.03333333,70852055.23265305,77807172.8288889,9139674.959737595,3,11,4,44,2021,0
2021-11-07,Kansas,61453800.1,Beverages,61453800.1,59752153.23333333,78863272.3,76736259.63333333,62631930.98571428,76482286.24222223,5884102.218750536,6,11,4,44,2021,0
2021-11-14,Kansas,80314797.0,Beverages,80314797.0,77620368.87142858,61453800.1,82004093.34285715,72231512.61428572,74032839.10904762,5820630.010588756,6,11,4,45,2021,0
2021-11-21,Kansas,82999328.80000001,Beverages,82999328.80000001,82615824.25714287,80314797.0,79854772.82857144,81848815.17142858,74314329.79714285,828464.4996337545,6,11,4,46,2021,0
2021-11-28,Kansas,78440980.19999999,Beverages,78440980.19999999,79092172.85714285,82999328.80000001,79001613.98571429,80394558.17142858,74584781.1347619,1406736.9185468117,6,11,4,47,2021,0
2021-12-09,Kansas,58019745.6,Beverages,58019745.6,59876221.47272727,71015076.7090909,66842656.35714286,63589173.21818181,75021889.72380953,4010446.247998216,3,12,4,49,2021,0
2021-12-12,Kansas,80608215.70000002,Beverages,80608215.70000002,73078725.66666669,65445649.090909086,74925940.74285714,66064859.23376624,75106611.02904762,8050767.519639356,6,12,4,49,2021,0
2021-12-19,Kansas,84460875.80000001,Beverages,84460875.80000001,83910495.7857143,80608215.70000002,82232319.71428572,82809735.75714287,75586825.4052381,1188956.7193866626,6,12,4,50,2021,0
2021-12-26,Kansas,83443647.2,Beverages,83443647.2,83588965.57142858,84460875.80000001,79743365.51428571,83879602.31428573,76130602.37190478,313923.5612991403,6,12,4,51,2021,0
2022-01-05,Kansas,86997852.79999998,Beverages,86997852.79999998,86642432.23999998,84509908.88,63589173.21818182,85931591.11999999,80655827.0239394,767796.1627408679,2,1,1,1,2022,0
2022-01-16,Kansas,78883181.00000001,Beverages,78883181.00000001,79620878.43636365,84047063.05454545,83360115.77142859,81096273.30909093,83926718.01952381,1593608.5996482458,6,1,1,2,2022,0
2022-01-23,Kansas,75806888.1,Beverages,75806888.1,76246358.51428571,78883181.00000001,83734283.94285715,77125299.34285715,82306088.69904761,949364.599865317,6,1,1,3,2022,0
2022-01-30,Kansas,78220589.9,Beverages,78220589.9,77875775.35714287,75806888.1,85220750.0,77186146.27142857,80663450.92333333,744884.5470941112,6,1,1,4,2022,0
2022-02-01,Kansas,79504172.6,Beverages,79504172.6,78862381.25,76496517.18571429,85931591.11999999,78003051.13163266,80225410.66233332,939426.3270210924,1,2,1,5,2022,0
2022-02-10,Kansas,87253391.50000001,Beverages,87253391.50000001,86392367.1777778,81226221.24444444,82571668.18181819,84670318.53333333,79820773.34712121,1860025.1224455936,3,2,1,6,2022,0
2022-02-13,Kansas,79062421.10000001,Beverages,79062421.10000001,81792744.56666668,83809294.21111111,80358575.87272727,84175093.39523812,79890420.47287878,2840568.401826241,6,2,1,6,2022,0
2022-02-20,Kansas,75767594.6,Beverages,75767594.6,76238284.1,79062421.10000001,76685828.92857143,77179663.10000001,79688078.25547619,1016805.5329839328,6,2,1,7,2022,0
2022-02-27,Kansas,80457891.5,Beverages,80457891.5,79787849.08571428,75767594.6,77530960.81428571,78447764.25714286,80117226.40690476,1447457.0479708083,6,2,1,8,2022,0
2022-03-04,Kansas,86725018.7,Beverages,86725018.7,85471593.26,79117806.67142858,80365196.92222221,83048082.81224489,80992650.50925925,2578580.454075387,4,3,1,9,2022,0
2022-03-07,Kansas,97005013.6,Beverages,97005013.6,93578348.63333333,81711316.94,82948269.8888889,88587795.43714286,82141760.81592593,5197658.985490917,0,3,1,10,2022,0
2022-03-13,Kansas,81663312.10000001,Beverages,81663312.10000001,84220262.35000001,93578348.63333333,84523068.03333335,89334162.85000001,82680238.95055556,5523643.849658677,6,3,1,10,2022,0
2022-03-20,Kansas,83082912.7,Beverages,83082912.7,82880112.61428572,81663312.10000001,76708973.6,82474512.44285715,83620727.565,438098.2563654201,6,3,1,11,2022,0
2022-03-27,Kansas,82019286.2,Beverages,82019286.2,82171232.84285715,83082912.7,79117806.67142858,82475126.12857144,84835107.39785714,328242.26410228235,6,3,1,12,2022,0
2022-04-09,Kansas,93015446.1,Beverages,93015446.1,92169587.64615384,87094436.92307693,89334162.85,90477870.73846152,85017736.56500001,1827263.1023074803,5,4,2,14,2022,0
2022-04-12,Kansas,82078818.7,Beverages,82078818.7,85724361.16666667,89632012.28461538,81663312.10000001,89165673.88241757,85168146.44666667,3922821.4062505006,1,4,2,15,2022,0
2022-04-17,Kansas,87097621.3,Beverages,87097621.3,86093860.78,89369903.63333333,82677312.52857143,84750525.88095237,85637877.76380952,1767214.3821104858,6,4,2,15,2022,0
2022-04-24,Kansas,83057568.3,Beverages,83057568.3,83634718.72857143,87097621.3,82323179.48571429,84789019.58571427,86118702.69476192,1246787.423844762,6,4,2,16,2022,0
2022-05-06,Kansas,90128641.6,Beverages,90128641.6,89539385.49166666,86003848.84166667,90477870.73846154,88360873.27499999,86510276.02961539,1272938.6810156167,4,5,2,18,2022,0
2022-05-15,Kansas,90747538.8,Beverages,90747538.8,90678772.44444443,90266174.31111112,85090100.26,90541239.73333332,87453989.18766667,148552.30633072366,6,5,2,19,2022,0
2022-05-22,Kansas,87205384.39999999,Beverages,87205384.39999999,87711406.45714284,90747538.8,84211869.15714285,88723450.57142857,88155383.24928571,1093132.5800002548,6,5,2,20,2022,0
2022-05-29,Kansas,88373729.5,Beverages,88373729.5,88206823.05714285,87205384.39999999,86003848.84166667,87873010.17142858,88965119.95083332,360559.12566721847,6,5,2,21,2022,0
2022-06-02,Kansas,78785427.80000001,Beverages,78785427.80000001,81182503.22500001,87873010.17142856,88360873.27499999,84877804.70306122,88285660.19416666,3807185.6468281215,3,6,2,22,2022,0
2022-06-03,Kansas,83339036.60000001,Beverages,83339036.60000001,78785427.80000001,88039916.61428571,88950129.38333333,84206250.41530612,88098623.76805554,3563236.700495818,4,6,2,22,2022,0
2022-06-11,Kansas,84389780.39999999,Beverages,84389780.39999999,84258437.425,83470379.575,90541239.73333332,83995751.475,86417179.42611112,283733.2544942833,5,6,2,23,2022,0
2022-06-19,Kansas,95907245.0,Beverages,95907245.0,94467561.925,85829463.475,88217428.51428571,91588195.775,86709284.5402381,3110070.898984852,6,6,2,24,2022,0
2022-06-26,Kansas,92862803.4,Beverages,92862803.4,93297723.62857144,95907245.0,88039916.61428571,94167564.08571433,88233472.5102381,939535.0752793164,6,6,2,25,2022,0
2022-07-08,Kansas,93112553.8,Beverages,93112553.8,93091741.26666668,92966866.06666666,83995751.475,93050116.20000002,91829070.43916668,44960.21043316014,4,7,3,27,2022,0
2022-07-17,Kansas,92242837.3,Beverages,92242837.3,92339472.46666668,92919283.46666668,93027878.85,92532742.8,93306305.85416669,208755.81913561132,6,7,3,28,2022,0
2022-07-24,Kansas,91465018.6,Beverages,91465018.6,91576135.55714284,92242837.3,93732643.85714288,91798369.47142856,92613017.7809524,240040.06211627717,6,7,3,29,2022,0
2022-07-31,Kansas,90742378.0,Beverages,90742378.0,90845612.37142856,91465018.6,92966866.06666666,91052081.11428572,92165612.30666666,223011.73076604173,6,7,3,30,2022,0
2022-08-05,Kansas,86153843.00000001,Beverages,86153843.00000001,87071550.00000001,90948846.74285714,93070928.73333332,88790610.76734695,91325604.5288889,1810392.5727061275,4,8,3,31,2022,0
2022-08-14,Kansas,92208148.5,Beverages,92208148.5,91535447.8888889,87499244.22222224,92436107.63333333,90190046.66666669,90337928.7788889,1453199.4094193033,6,8,3,32,2022,0
2022-08-21,Kansas,88534642.8,Beverages,88534642.8,89059429.32857142,92208148.5,91687252.51428571,90109002.38571428,89892371.27190477,1133668.4712238582,6,8,3,33,2022,0
2022-08-28,Kansas,89760227.89999999,Beverages,89760227.89999999,89585144.31428571,88534642.8,90948846.74285714,89234977.14285715,89419941.55238096,378223.77317050257,6,8,3,34,2022,0
2022-09-01,Kansas,76822109.1,Beverages,76822109.1,80056638.8,89234977.14285713,88906964.0,85064435.36326529,88299141.19333334,5158576.513583341,3,9,3,35,2022,0
2022-09-10,Kansas,88764636.5,Beverages,88764636.5,87437689.01111111,79476004.07777777,90190046.66666669,84783794.03333333,86927381.12888889,2866534.1986290137,5,9,3,36,2022,0
2022-09-18,Kansas,89581306.4,Beverages,89581306.4,89479222.66250001,88866720.2375,89584215.85714285,89275055.1875,86461275.07261905,220526.07739104764,6,9,3,37,2022,0
2022-09-25,Kansas,87433217.2,Beverages,87433217.2,87740087.0857143,89581306.4,89410060.72857141,88353826.85714285,86314050.00880954,662914.7191454018,6,9,3,38,2022,0
2022-10-04,Kansas,86064766.3,Beverages,86064766.3,86216816.39999999,87129117.0,80802951.56666666,86520916.6,87500306.71722221,328465.7570718632,1,10,4,40,2022,0
2022-10-07,Kansas,92985888.9,Beverages,92985888.9,90678848.03333332,86672966.7,84783794.03333333,88172558.55714285,88222506.8661111,2699946.8424504087,4,10,4,40,2022,0
2022-10-16,Kansas,85774103.39999999,Beverages,85774103.39999999,86575412.89999999,91383269.9,89377138.92500001,88178031.89999999,88348154.46875,1731026.362886734,6,10,4,41,2022,0
2022-10-23,Kansas,84007160.0,Beverages,84007160.0,84259580.48571429,85774103.39999999,88046956.97142857,84764421.45714286,87381052.38285714,545290.5716175844,6,10,4,42,2022,0
2022-10-30,Kansas,83002733.3,Beverages,83002733.3,83146222.82857142,84007160.0,86672966.7,83433201.88571429,86513511.52999999,309972.8091878493,6,10,4,43,2022,0
2022-11-09,Kansas,90032273.6,Beverages,90032273.6,89329319.57,85111595.39,90581960.4,87923411.50999999,85757914.365,1518554.2637729612,2,11,4,45,2022,0
2022-11-12,Kansas,84610185.30000001,Beverages,84610185.30000001,86417548.06666668,87220457.47999999,88178031.89999999,87880573.48857142,85501735.03166667,1836716.724395403,5,11,4,45,2022,0
2022-11-13,Kansas,83975554.39999999,Beverages,83975554.39999999,84610185.30000001,87923411.50999999,87376722.39999999,87316593.90142857,85388362.765,2354499.172402897,6,11,4,45,2022,0
2022-11-20,Kansas,85163591.0,Beverages,85163591.0,84993871.48571429,83975554.39999999,84512000.97142857,84654432.45714286,85226606.13785715,366636.054501754,6,11,4,46,2022,0
2022-11-27,Kansas,86453162.6,Beverages,86453162.6,86268938.08571428,85163591.0,83289712.35714285,85900489.05714285,85731713.66595238,397970.4357785308,6,11,4,47,2022,0
2022-12-06,Kansas,92872869.0,Beverages,92872869.0,92159568.28888889,87879764.02222222,87923411.50999999,90732966.86666666,87175920.11033334,1540905.6495624762,1,12,4,49,2022,0
2022-12-18,Kansas,87682836.8,Beverages,87682836.8,88115339.48333333,90710355.58333331,84824151.97142857,88980344.85,88745903.33285713,934312.5806761286,6,12,4,50,2022,0
2022-12-25,Kansas,91741789.6,Beverages,91741789.6,91161939.2,87682836.8,86084713.57142857,90002238.4,89788466.11952381,1252620.0287506282,6,12,4,51,2022,0
2023-01-01,Kansas,82286820.5,Beverages,82286820.5,83637530.37142858,91741789.6,90019666.15555555,86338950.11428572,89411307.0011111,2917866.8118342594,6,1,1,52,2023,0
2023-01-15,Kansas,81402484.0,Beverages,81402484.0,81465650.89285715,81844652.25,88547842.16666666,81591984.67857143,85185648.63777779,136456.08441643385,6,1,1,2,2023,0
2023-01-22,Kansas,79711319.1,Beverages,79711319.1,79952914.08571428,81402484.0,90582088.8,80436104.05714285,83190402.375,521904.8188102561,6,1,1,3,2023,0
2023-01-29,Kansas,82211004.9,Beverages,82211004.9,81853906.92857143,79711319.1,84988240.24285714,81139710.98571429,81411267.31404762,771419.7855806855,6,1,1,4,2023,0
2023-02-04,Kansas,88919304.3,Beverages,88919304.3,87801254.4,81853906.92857143,82034152.92857143,85565154.60000001,82154771.09261905,2415263.8299247324,5,2,1,5,2023,0
2023-02-19,Kansas,82138037.9,Beverages,82138037.9,82590122.32666667,85302628.88666667,80194509.07142857,83494291.17999999,84130890.6895238,976613.9810004132,6,2,1,7,2023,0
2023-02-26,Kansas,84463677.10000001,Beverages,84463677.10000001,84131442.92857143,82138037.9,81496808.95714286,83466974.5857143,84820608.15095238,717707.8387200806,6,2,1,8,2023,0
2023-03-19,Kansas,92039958.7,Beverages,92039958.7,91679183.38571428,89514531.5,83042206.75333335,90957632.75714289,86869109.96755555,779363.7540815002,6,3,1,11,2023,0
2023-03-26,Kansas,84923537.19999999,Beverages,84923537.19999999,85940168.84285714,92039958.7,83799208.75714287,87973432.1285714,88049515.38761905,2196175.354381683,6,3,1,12,2023,0
2023-04-16,Kansas,92228322.4,Beverages,92228322.4,91880475.48571429,89793394.0,91318408.07142857,91184781.65714286,88776002.84619048,751435.2180659384,6,4,2,15,2023,0
2023-04-23,Kansas,91618566.5,Beverages,91618566.5,91705674.48571429,92228322.4,86956800.48571427,91879890.45714286,89258995.2547619,188174.75601814143,6,4,2,16,2023,0
2023-04-30,Kansas,93432681.0,Beverages,93432681.0,93173521.78571428,91618566.5,86662771.77142857,92655203.35714284,90855239.51285714,559847.8891156369,6,4,2,17,2023,0
2023-05-02,Kansas,82693189.3,Beverages,82693189.3,88062935.15,92136884.92857143,87358465.6,90761133.9010204,90734807.51833336,4004697.452240448,1,5,2,18,2023,0
2023-05-03,Kansas,90385105.0,Beverages,90385105.0,82693189.3,92396044.14285716,87706312.51428571,90473856.88061224,90824100.60119048,3939466.540329325,2,5,2,18,2023,0
2023-07-05,Kansas,94692553.4,Beverages,94692553.4,94624181.2031746,94213948.02222222,92641387.4952381,94487436.80952382,93701156.54603176,147700.82614319178,2,7,3,27,2023,0
2023-08-01,Kansas,80180821.39999999,Beverages,80180821.39999999,80718292.95555554,83943122.28888889,94487436.80952382,81793236.06666668,87913574.58031745,1161071.2614391786,1,8,3,31,2023,0
2023-09-04,Kansas,94272251.20000002,Beverages,94272251.20000002,93857797.38235296,91371074.4764706,81838636.67058823,93028889.74705884,88262670.84411766,895322.5745363437,0,9,3,36,2023,0
2023-12-02,Kansas,85796600.9,Beverages,85796600.9,85891832.9258427,86463225.08089888,88653561.67528091,86082296.9775281,87177465.2747191,205724.68853204107,5,12,4,48,2023,0
2023-12-03,Kansas,93010720.5,Beverages,93010720.5,85796600.9,86367993.05505618,88558329.64943822,87031258.04109149,87325878.30307117,2641706.406906214,6,12,4,48,2023,0
2019-03-11,Kentucky,92866944.9,Beverages,92866944.9,92840625.90172414,92682711.91206898,92077374.95172414,92787987.90517244,92485319.425,56855.5344222308,0,3,1,11,2019,0
2019-06-10,Kentucky,106008269.1,Beverages,106008269.1,105863858.94395605,104997398.0076923,101675964.41868132,105575038.63186812,103914321.83736265,311961.59184645925,0,6,2,24,2019,0
2019-08-12,Kentucky,92458439.1,Beverages,92458439.1,92673515.76666668,93963975.76666668,98910739.1,93103669.1,95577050.76666668,464618.70231561695,0,8,3,33,2019,0
2019-10-11,Kentucky,92808300.6,Beverages,92808300.6,92802469.575,92767483.425,92633369.85,92790807.525,92723750.7375,12596.453705649332,4,10,4,41,2019,0
2019-10-13,Kentucky,98289686.6,Beverages,98289686.6,95548993.6,92779145.475,92645031.9,93974553.27857144,93008898.985,2161673.4819309283,6,10,4,41,2019,0
2019-10-20,Kentucky,94431652.6,Beverages,94431652.6,94982800.31428573,98289686.6,92685849.075,96085095.74285711,93806138.25833334,1190615.1409355483,6,10,4,42,2019,0
2019-10-27,Kentucky,91910509.2,Beverages,91910509.2,92270672.54285714,94431652.6,92726666.25,92990999.22857144,93871897.67083332,778041.7447100411,6,10,4,43,2019,0
2019-11-17,Kentucky,92285214.3,Beverages,92285214.3,92267371.2,92160312.6,95533948.02857144,92231685.0,92486463.22714286,38545.501459804414,6,11,4,46,2019,0
2019-11-24,Kentucky,95351246.9,Beverages,95351246.9,94913242.24285714,92285214.3,92630835.88571428,94037232.92857143,92556142.05142856,946198.2025463158,6,11,4,47,2019,0
2019-12-15,Kentucky,92535178.4,Beverages,92535178.4,92669276.9,93473867.9,92249528.1,92937473.9,93807088.24666668,289685.8688497725,6,12,4,50,2019,0
2019-12-22,Kentucky,97877582.7,Beverages,97877582.7,97114382.0857143,92535178.4,94475237.5857143,95587980.85714284,94359326.21809524,1648701.760683977,6,12,4,51,2019,0
2019-12-29,Kentucky,92581514.5,Beverages,92581514.5,93338095.67142858,97877582.7,94680754.4,94851258.01428571,94324311.55,1634402.1297756138,6,12,4,52,2019,0
2020-01-03,Kentucky,96896522.9,Beverages,96896522.9,96033521.22,94094676.84285714,94010261.9,94538886.83877552,94472988.32333334,1566084.514710427,4,1,1,1,2020,0
2020-01-11,Kentucky,97721871.5,Beverages,97721871.5,97618702.925,96999691.475,92937473.9,97412365.775,95527378.41333334,222869.59426792344,5,1,1,2,2020,0
2020-01-19,Kentucky,89904459.0,Beverages,89904459.0,90881635.5625,96744694.9375,96351181.47142856,92835988.6875,95342874.54119048,2110942.6393748024,6,1,1,3,2020,0
2020-01-26,Kentucky,87337779.19999999,Beverages,87337779.19999999,87704447.74285713,89904459.0,94094676.84285714,88437784.82857142,93543985.6440476,792094.5828403118,6,1,1,4,2020,0
2020-02-02,Kentucky,90383282.1,Beverages,90383282.1,89948210.25714286,87337779.19999999,96896522.9,89078066.57142857,92269794.24833332,939862.5995787412,6,2,1,5,2020,0
2020-02-08,Kentucky,108364954.0,Beverages,108364954.0,105368008.68333334,89948210.25714286,97515534.35,99374118.05,92992789.8075,6474141.828208168,5,2,1,6,2020,0
2020-02-16,Kentucky,88680139.7,Beverages,88680139.7,91140741.4875,105904352.2125,91858812.125,96061945.0625,93565685.54208332,5315507.382275475,6,2,1,7,2020,0
2020-02-23,Kentucky,89359544.7,Beverages,89359544.7,89262486.84285715,88680139.7,88071116.28571428,89068371.12857142,93521360.09142856,209668.93496320784,6,2,1,8,2020,0
2020-03-05,Kentucky,105113497.9,Beverages,105113497.9,103681320.33636364,95088254.95454544,96377172.73333332,100816965.20909092,96492447.35166667,3093857.1413350105,3,3,1,10,2020,0
2020-03-15,Kentucky,108537872.8,Beverages,108537872.8,108195435.31,106140810.37,93601343.275,107510560.33,98358241.03125,739749.5260351144,6,3,1,11,2020,0
2020-03-22,Kentucky,106471732.8,Beverages,106471732.8,106766895.65714283,108537872.8,89165428.98571429,107357221.37142858,102585677.76642856,637624.6469820321,6,3,1,12,2020,0
2020-03-29,Kentucky,93433675.6,Beverages,93433675.6,95296255.2,106471732.8,96520432.51818185,99021414.4,104127260.50984848,4023631.805914783,6,3,1,13,2020,0
2020-04-10,Kentucky,105812852.5,Beverages,105812852.5,104781254.425,98591665.975,107168122.84,102718058.275,102613869.12366667,2228506.543017318,4,4,2,15,2020,0
2020-04-19,Kentucky,99475278.9,Beverages,99475278.9,100179453.74444444,104404502.81111112,107062058.51428571,101587803.43333337,100956169.69357143,1521191.524395484,6,4,2,16,2020,0
2020-04-26,Kentucky,98793975.9,Beverages,98793975.9,98891304.9,99475278.9,97158834.8,99085962.9,100154274.42166668,210254.6704789271,6,4,2,17,2020,0
2020-05-01,Kentucky,91668506.5,Beverages,91668506.5,93093600.38,98988633.9,96528469.825,95754107.44285716,100066705.26333334,2799492.884192217,4,5,2,18,2020,0
2020-05-04,Kentucky,98418689.2,Beverages,98418689.2,96168628.3,97368882.02,99623264.05,94818639.16857144,99824401.49583337,2230395.401421974,0,5,2,19,2020,0
2020-05-07,Kentucky,118344908.9,Beverages,118344908.9,111702835.66666669,93093600.38,102718058.275,102183271.20000002,100826039.0425,9910551.691895042,3,5,2,19,2020,0
2020-05-17,Kentucky,105373534.0,Beverages,105373534.0,106670671.49,114453496.43,100883628.5888889,109264946.47,103385695.4398148,2802137.2409579656,6,5,2,20,2020,0
2020-05-24,Kentucky,111736557.9,Beverages,111736557.9,110827554.48571429,105373534.0,98988633.9,109009547.65714286,105635550.155,1963671.807317834,6,5,2,21,2020,0
2020-05-31,Kentucky,108405878.7,Beverages,108405878.7,108881690.01428571,111736557.9,91668506.5,109833312.64285716,108920698.035,1027869.9164183764,6,5,2,22,2020,0
2020-06-09,Kentucky,108898996.8,Beverages,108898996.8,108844205.9,108515460.5,114453496.43,108734624.1,109162438.20633334,118361.87184676074,1,6,2,24,2020,0
2020-06-12,Kentucky,96239478.7,Beverages,96239478.7,100459318.06666666,108679833.2,110562083.96,105235028.0,108022447.86800002,5088679.870606368,4,6,2,24,2020,0
2020-06-14,Kentucky,110489788.8,Beverages,110489788.8,103364633.75,108789415.0,107967808.98,104710797.06428573,107909836.77133332,5158719.097187358,6,6,2,24,2020,0
2020-06-21,Kentucky,108919624.4,Beverages,108919624.4,109143933.6,110489788.8,109918551.07142858,109592552.0,108396534.68119048,484563.2538230002,6,6,2,25,2020,0
2020-06-28,Kentucky,109608394.6,Beverages,109608394.6,109509998.85714284,108919624.4,109357501.32857144,109313207.37142856,108099291.9954762,212559.0984294461,6,6,2,26,2020,0
2020-07-06,Kentucky,112052843.7,Beverages,112052843.7,111747287.5625,109913950.7375,108734624.1,111136175.2875,108732416.26,660076.6986485163,0,7,3,28,2020,0
2020-07-19,Kentucky,110998494.4,Beverages,110998494.4,111079598.1923077,111566220.94615383,109368242.8,111241805.77692308,110680990.345,175204.21586912966,6,7,3,29,2020,0
2020-07-26,Kentucky,107452067.4,Beverages,107452067.4,107958699.82857144,110998494.4,109411603.11428572,108971964.68571427,110636528.23357144,1094451.1329923088,6,7,3,30,2020,0
2020-08-03,Kentucky,98146651.5,Beverages,98146651.5,99309828.4875,106288890.4125,111441731.425,101636182.4625,108455085.82375,2512749.480781102,0,8,3,32,2020,0
2020-08-11,Kentucky,99884015.0,Beverages,99884015.0,99666844.5625,98363821.9375,111566220.94615383,99232503.6875,105074330.28794871,469141.7642670253,1,8,3,33,2020,0
2020-08-16,Kentucky,110780990.9,Beverages,110780990.9,108601595.72,99449674.125,111160701.9846154,104523123.18035711,104257545.44974358,4294082.640078302,6,8,3,33,2020,0
2020-08-23,Kentucky,107156717.7,Beverages,107156717.7,107674471.01428571,110780990.9,108465332.25714286,108709977.64285716,103974170.96095236,1118474.9918759954,6,8,3,34,2020,0
2020-08-30,Kentucky,106359010.5,Beverages,106359010.5,106472968.67142858,107156717.7,101636182.4625,106700885.01428571,104363595.81708334,246177.78649933927,6,8,3,35,2020,0
2020-09-02,Kentucky,90103077.4,Beverages,90103077.4,95521721.76666668,106814843.18571427,98146651.5,101812136.61836734,103984785.145,6664923.988727671,2,9,3,36,2020,0
2020-09-08,Kentucky,110548963.1,Beverages,110548963.1,107141315.48333332,95521721.76666668,99449674.125,100326020.25,104609404.35041666,7361360.198388126,1,9,3,37,2020,0
2020-09-13,Kentucky,108814337.7,Beverages,108814337.7,109161262.78,103733667.86666666,106422200.54,109318745.41190477,105784793.139,1128247.089587435,6,9,3,37,2020,0
2020-09-20,Kentucky,106393443.8,Beverages,106393443.8,106739285.78571428,108814337.7,108192224.32857144,107430969.75714289,105334644.70214286,747104.0773459659,6,9,3,38,2020,0
2020-09-27,Kentucky,102811444.2,Beverages,102811444.2,103323158.42857143,106393443.8,106586926.84285714,104346586.88571428,104718668.15404762,1105429.0756861975,6,9,3,39,2020,0
2020-10-05,Kentucky,105641996.8,Beverages,105641996.8,105288177.725,103165263.275,100326020.25,104580539.575,106221227.41833334,764336.5597424689,0,10,4,41,2020,0
2020-10-18,Kentucky,100459116.4,Beverages,100459116.4,100857799.5076923,103249898.15384616,107085127.77142856,101655165.72307692,103861789.12285714,861253.947263785,6,10,4,42,2020,0
2020-10-25,Kentucky,99021954.3,Beverages,99021954.3,99227263.17142858,100459116.4,103834872.65714286,99637880.9142857,102529820.16428572,443517.8529386645,6,10,4,43,2020,0
2020-11-10,Kentucky,101261774.6,Beverages,101261774.6,101121785.83125,100281853.21875,103249898.15384616,100841808.29375,100414702.26038462,302410.30365452083,1,11,4,46,2020,0
2020-11-15,Kentucky,101550361.6,Beverages,101550361.6,101492644.2,100981797.0625,101256482.61538462,101365456.34732142,100311548.58858974,145813.19484215832,6,11,4,46,2020,0
2020-11-22,Kentucky,103523877.2,Beverages,103523877.2,103241946.4,101550361.6,99432572.04285714,102678084.8,100918672.88071428,609040.1365654471,6,11,4,47,2020,0
2020-11-29,Kentucky,98671875.0,Beverages,98671875.0,99365018.17142858,103523877.2,99721898.14375,100751304.51428571,101245349.91729166,1497360.3869672762,6,11,4,48,2020,0
2020-12-01,Kentucky,91660184.6,Beverages,91660184.6,95166029.8,102137590.85714288,100001875.68125,98159574.44489796,100810764.9775,3512620.425064043,1,12,4,49,2020,0
2020-12-04,Kentucky,101853087.9,Beverages,101853087.9,98455453.46666668,100058161.34285714,100421841.9875,97175638.28163265,100628125.00229166,3403245.617338604,4,12,4,49,2020,0
2020-12-07,Kentucky,111351522.7,Beverages,111351522.7,108185377.76666668,95166029.8,100841808.29375,101654668.32857144,101376480.82645836,7090861.683133103,0,12,4,50,2020,0
2020-12-13,Kentucky,98495215.3,Beverages,98495215.3,100637933.2,108185377.76666668,101434926.8,104923369.0,101896983.31333332,4628799.699912403,6,12,4,50,2020,0
2020-12-20,Kentucky,100865901.8,Beverages,100865901.8,100527232.3,98495215.3,102960015.6,99849893.3,101361165.89,731609.7373209387,6,12,4,51,2020,0
2020-12-27,Kentucky,99073802.1,Beverages,99073802.1,99329816.34285714,100865901.8,100058161.34285714,99841844.82857142,100857994.28238095,553053.9743536226,6,12,4,52,2020,0
2021-01-08,Kentucky,117300344.2,Beverages,117300344.2,115781465.69166666,106668194.64166668,107066086.9,112743708.675,103734582.81166668,3281152.588297537,4,1,1,1,2021,0
2021-01-17,Kentucky,99316227.6,Beverages,99316227.6,101314462.77777778,113303873.84444444,100188562.8,105310933.13333333,105780890.385,4316681.347205011,6,1,1,2,2021,0
2021-01-24,Kentucky,95310487.7,Beverages,95310487.7,95882736.25714286,99316227.6,99585830.58571428,97027233.37142858,105024497.1897619,1236198.1712948156,6,1,1,3,2021,0
2021-01-31,Kentucky,96229501.3,Beverages,96229501.3,96098213.64285712,95310487.7,106668194.64166668,95835638.32857142,103500952.58083336,283613.75428713905,6,1,1,4,2021,0
2021-02-05,Kentucky,112421501.6,Beverages,112421501.6,109183101.54,95966925.98571429,114262587.18333334,103150174.62040816,102620931.13305554,6344881.456309275,4,2,1,5,2021,0
2021-02-14,Kentucky,97978469.1,Beverages,97978469.1,99583250.48888887,109211938.82222222,103312697.95555556,102792813.26666664,100665755.0525926,3466724.019673504,6,2,1,6,2021,0
2021-02-21,Kentucky,92934125.1,Beverages,92934125.1,93654745.67142856,97978469.1,96454984.81428573,95095986.81428573,99900548.64190476,1556718.355123281,6,2,1,7,2021,0
2021-02-28,Kentucky,99976448.5,Beverages,99976448.5,98970402.3,92934125.1,95966925.98571429,96958309.9,100200321.70809524,2173308.184273467,6,2,1,8,2021,0
2021-03-01,Kentucky,97850318.6,Beverages,97850318.6,99976448.5,93940171.3,96098213.64285712,97516902.37142858,100258725.20666666,1724429.8985987974,0,3,1,9,2021,0
2021-03-10,Kentucky,163410998.9,Beverages,163410998.9,156126478.86666667,112419358.66666666,107607157.43333332,141557438.8,108754306.66444445,15736361.816130085,2,3,1,10,2021,0
2021-03-14,Kentucky,116409590.4,Beverages,116409590.4,128159942.525,141557438.8,101188031.87777776,143502844.4214286,112812961.94796295,16497990.328250377,6,3,1,10,2021,0
2021-03-21,Kentucky,115326864.8,Beverages,115326864.8,115481539.88571428,116409590.4,94375366.24285714,115790890.05714284,117276011.07738094,334136.37434357754,6,3,1,11,2021,0
2021-03-28,Kentucky,103167419.5,Beverages,103167419.5,104904483.11428572,115326864.8,97964356.1,108378610.34285717,120352680.51500002,3752486.286942268,6,3,1,12,2021,0
2021-04-04,Kentucky,108849186.2,Beverages,108849186.2,108037505.24285714,103167419.5,126988398.73333332,106414143.32857142,119814525.82055555,1753431.2710276395,6,4,2,13,2021,0
2021-04-07,Kentucky,125646304.4,Beverages,125646304.4,120047265.0,105602462.37142858,148841958.83333334,112952636.29387756,117663508.44055556,7418949.114649889,2,4,2,14,2021,0
2021-04-18,Kentucky,107204172.0,Beverages,107204172.0,108880729.4909091,118940074.43636364,115636214.97142856,112233844.47272728,112198534.31285717,3621778.121518839,6,4,2,15,2021,0
2021-04-25,Kentucky,107620403.3,Beverages,107620403.3,107560941.68571427,107204172.0,106641546.72857144,107442018.45714286,111222112.80380954,128451.76791460977,6,4,2,16,2021,0
2021-05-09,Kentucky,119446256.6,Beverages,119446256.6,118601552.79285714,113533329.95,122293189.41818182,116912145.17857143,112422243.09409092,1824768.7803508996,6,5,2,18,2021,0
2021-05-12,Kentucky,150843600.1,Beverages,150843600.1,140377818.93333334,116067441.37142856,117263516.94545455,127692894.33673468,114566017.54378788,13337891.897262946,2,5,2,19,2021,0
2021-05-16,Kentucky,111966687.1,Beverages,111966687.1,121685915.35,119446256.6,110557286.98181818,132473653.5285714,116362471.71136364,13034443.161298528,6,5,2,19,2021,0
2021-05-23,Kentucky,118306198.7,Beverages,118306198.7,117400554.18571427,111966687.1,107501480.07142857,115589265.15714286,118233377.39119048,1956415.7540075632,6,5,2,20,2021,0
2021-05-30,Kentucky,119293343.1,Beverages,119293343.1,119152322.47142856,118306198.7,111843922.33571428,118870281.21428572,120437979.0547619,304639.37563524506,6,5,2,21,2021,0
2021-06-06,Kentucky,118342924.9,Beverages,118342924.9,118478698.92857143,119293343.1,117756848.98571429,118750246.98571429,121261064.58642855,293305.4242526042,6,6,2,22,2021,0
2021-06-13,Kentucky,120608752.7,Beverages,120608752.7,120285063.01428571,118342924.9,131405143.6,119637683.64285716,118119498.04833336,699249.6399555707,6,6,2,23,2021,0
2021-06-20,Kentucky,123091896.3,Beverages,123091896.3,122737161.5,120608752.7,116494909.67142858,122027691.9,119690269.30285716,766314.7518347116,6,6,2,24,2021,0
2021-06-27,Kentucky,117190358.1,Beverages,117190358.1,118033434.98571429,123091896.3,119011301.84285714,119719588.75714289,119979738.15238096,1821254.228378908,6,6,2,25,2021,0
2021-07-02,Kentucky,98295922.4,Beverages,98295922.4,102074809.54,118876511.87142856,118886021.01428571,109213182.35510205,117771652.57571428,7535060.157993361,4,7,3,26,2021,0
2021-07-03,Kentucky,105832542.0,Beverages,105832542.0,98295922.4,118033434.98571429,118750246.98571429,107470197.64285716,117341062.4095238,6493954.782467049,5,7,3,26,2021,0
2021-07-11,Kentucky,154353902.5,Beverages,154353902.5,148288732.4375,111897712.0625,119961373.32857144,136158392.3125,121107742.13214286,13102264.822269632,6,7,3,27,2021,0
2021-07-18,Kentucky,117990160.9,Beverages,117990160.9,123184981.12857144,154353902.5,122382426.7,133574621.58571433,123966533.795,11222094.292071875,6,7,3,28,2021,0
2021-07-25,Kentucky,118148967.9,Beverages,118148967.9,118126281.18571427,117990160.9,118876511.87142856,118080907.75714289,123230666.07119048,49008.90422721534,6,7,3,29,2021,0
2021-08-08,Kentucky,119557385.2,Beverages,119557385.2,119456783.96428572,118853176.55,142223562.375,119255581.49285711,124296000.68958336,217323.50754192375,6,8,3,31,2021,0
2021-08-15,Kentucky,120277717.1,Beverages,120277717.1,120174812.54285714,119557385.2,128379801.35714288,119969003.42857143,119072440.02261904,222299.25051630824,6,8,3,32,2021,0
2021-08-22,Kentucky,117423059.0,Beverages,117423059.0,117830867.3,120277717.1,118103594.47142856,118646483.9,119041078.0245238,880966.6156546435,6,8,3,33,2021,0
2021-08-29,Kentucky,120550384.7,Beverages,120550384.7,120103623.88571428,117423059.0,118651974.07857144,119210102.25714286,119239131.64714286,965113.6638667374,6,8,3,34,2021,0
2021-09-05,Kentucky,112626698.2,Beverages,112626698.2,113758653.41428572,120550384.7,119356182.72857144,116022563.84285717,118531708.1054762,2445302.741999461,6,9,3,35,2021,0
2021-09-19,Kentucky,115075277.2,Beverages,115075277.2,114900378.7,113850987.7,118238675.6,114550581.7,115900690.21,377823.9423511382,6,9,3,37,2021,0
2021-09-26,Kentucky,109298751.7,Beverages,109298751.7,110123969.62857144,115075277.2,119656863.07142857,111774405.4857143,114345697.0395238,1782674.4715838723,6,9,3,38,2021,0
2021-10-01,Kentucky,97469454.4,Beverages,97469454.4,99835313.86,110949187.55714284,117154519.05714284,104346941.13265304,111528778.21285716,4776487.438682887,4,10,4,39,2021,0
2021-10-10,Kentucky,160624309.8,Beverages,160624309.8,153607103.64444447,111503866.71111111,113501190.7,139572691.33333334,117193574.01333334,15158897.84047571,6,10,4,40,2021,0
2021-10-17,Kentucky,158469037.80000004,Beverages,158469037.80000004,158776933.80000004,160624309.8,114725480.2,159392725.8,127738360.27,665131.3793582154,6,10,4,41,2021,0
2021-10-24,Kentucky,154857048.1,Beverages,154857048.1,155373046.62857142,158469037.80000004,110949187.55714284,156405043.6857143,137800411.36428574,1114684.2214768364,6,10,4,42,2021,0
2021-10-31,Kentucky,152099528.29999998,Beverages,152099528.29999998,152493459.7,154857048.1,97469454.4,153281322.49999997,149218433.68333337,850989.0854534103,6,10,4,43,2021,0
2021-11-04,Kentucky,110300929.9,Beverages,110300929.9,120750579.5,153281322.5,125538279.02222224,137340285.18571427,150680158.28481483,17086956.094619896,3,11,4,44,2021,0
2021-11-07,Kentucky,118579601.2,Beverages,118579601.2,115820044.1,152099528.29999998,146589897.48888892,121623107.07142857,148304893.5614815,11090557.386087855,6,11,4,44,2021,0
2021-11-14,Kentucky,157931326.0,Beverages,157931326.0,152309651.02857143,118579601.2,159084829.80000004,141066301.08571428,144129213.06666666,12144205.926852722,6,11,4,45,2021,0
2021-11-21,Kentucky,162353803.4,Beverages,162353803.4,161722020.91428572,157931326.0,155889045.15714288,160458455.94285712,144841146.69761905,1364806.1559039303,6,11,4,46,2021,0
2021-11-28,Kentucky,149030289.8,Beverages,149030289.8,150933648.8857143,162353803.4,152887391.1,154740367.05714288,144993686.87,4111725.56349122,6,11,4,47,2021,0
2021-12-09,Kentucky,115777032.6,Beverages,115777032.6,118800055.98181818,136938196.27272728,129822951.14285716,124846102.74545456,145988176.19619048,6530476.887596328,3,12,4,49,2021,0
2021-12-12,Kentucky,153606721.90000004,Beverages,153606721.90000004,140996825.4666667,127869126.12727273,146687976.05714285,129176678.15584418,145981228.63428572,13522947.846864011,6,12,4,49,2021,0
2021-12-19,Kentucky,160380710.10000002,Beverages,160380710.10000002,159412997.50000003,153606721.90000004,161090238.42857143,157477572.3,145746850.69380954,2090498.143727308,6,12,4,50,2021,0
2021-12-26,Kentucky,154868195.1,Beverages,154868195.1,155655697.24285713,160380710.10000002,152837007.97142857,157230701.52857143,145524199.2161905,1701199.0624325157,6,12,4,51,2021,0
2022-01-05,Kentucky,171664151.2,Beverages,171664151.2,169984555.58999997,159906981.93,124846102.74545456,166625364.36999995,154113609.02318183,3628341.2088645766,2,1,1,1,2022,0
2022-01-16,Kentucky,156262856.2,Beverages,156262856.2,157662973.9272727,166063680.29090908,158445284.90000004,160463209.3818182,161912207.36833334,3024599.979233089,6,1,1,2,2022,0
2022-01-23,Kentucky,144556708.5,Beverages,144556708.5,146229015.31428573,156262856.2,156443199.3857143,149573628.94285715,159816563.25642857,3612595.610522789,6,1,1,3,2022,0
2022-01-30,Kentucky,147313253.0,Beverages,147313253.0,146919460.92857143,144556708.5,163266173.14999998,146131876.7857143,156912041.10666665,850688.1013431455,6,1,1,4,2022,0
2022-02-01,Kentucky,150002539.5,Beverages,150002539.5,148657896.25,145344292.64285713,166625364.37,147326968.57653064,155815017.86066666,1510583.5735024766,1,2,1,5,2022,0
2022-02-10,Kentucky,176005998.5,Beverages,176005998.5,173116725.2777778,155781085.94444445,163263444.8363636,167338178.8333333,154798486.15409088,6241543.520024701,3,2,1,6,2022,0
2022-02-13,Kentucky,152843858.6,Beverages,152843858.6,160564571.9,164448905.6111111,159063091.65454546,166911724.33809525,154808622.4059091,7878891.978624565,6,2,1,6,2022,0
2022-02-20,Kentucky,145625623.6,Beverages,145625623.6,146656800.02857143,152843858.6,147901322.12857142,148719152.8857143,153837907.78214285,2227595.6826287108,6,2,1,7,2022,0
2022-02-27,Kentucky,156479215.79999998,Beverages,156479215.79999998,154928702.62857142,145625623.6,146525668.85714287,151827676.2857143,155281827.33595237,3349491.2711654934,6,2,1,8,2022,0
2022-03-04,Kentucky,166881514.0,Beverages,166881514.0,164801054.35999998,153378189.45714283,152891812.7222222,160715841.71836734,157542427.70925924,4374514.718634094,4,3,1,9,2022,0
2022-03-07,Kentucky,188779241.0,Beverages,188779241.0,181479998.66666663,158559675.44,161559632.3888889,171354756.3085714,159823391.65925926,10539072.034601403,0,3,1,10,2022,0
2022-03-13,Kentucky,161981216.1,Beverages,161981216.1,166447553.5833333,181479998.66666663,168285285.2,175380228.54999998,160472052.105,9648391.70035358,6,3,1,10,2022,0
2022-03-20,Kentucky,163477368.89999998,Beverages,163477368.89999998,163263632.78571427,161981216.1,147687976.45714286,162836160.55714282,163061820.33261904,461722.77818579023,6,3,1,11,2022,0
2022-03-27,Kentucky,164099532.9,Beverages,164099532.9,164010652.32857144,163477368.89999998,153378189.45714283,163832891.18571427,166500553.63595238,192003.97883862216,6,3,1,12,2022,0
2022-04-09,Kentucky,183658226.2,Beverages,183658226.2,182153711.3307692,173126622.1153846,175380228.55,179144681.59230772,168541026.79166666,3250123.581458506,5,4,2,14,2022,0
2022-04-12,Kentucky,156960934.6,Beverages,156960934.6,165860031.79999998,177640166.7230769,161981216.1,174740844.42637363,168482274.6133333,9863797.94719616,1,4,2,15,2022,0
2022-04-17,Kentucky,169953128.29999998,Beverages,169953128.29999998,167354689.55999997,174759129.0,163049896.67142856,163800317.2142857,168837912.34285715,4529670.018650325,6,4,2,15,2022,0
2022-04-24,Kentucky,164162639.39999998,Beverages,164162639.39999998,164989852.09999996,169953128.29999998,163921771.75714284,166644277.5,169539541.9342857,1786983.6703742829,6,4,2,16,2022,0
2022-05-06,Kentucky,175125575.9,Beverages,175125575.9,174211997.85833335,168730529.60833332,179144681.5923077,172384841.775,169184772.86807692,1973554.131930215,4,5,2,18,2022,0
2022-05-15,Kentucky,172918709.00000003,Beverages,172918709.00000003,173163916.43333337,174635161.03333333,164756250.82,173654331.3,170337478.967,529708.5975713604,6,5,2,19,2022,0
2022-05-22,Kentucky,180195377.8,Beverages,180195377.8,179155853.6857143,172918709.00000003,165817064.79999998,177076805.45714286,172499891.27833334,2245628.7448052014,6,5,2,20,2022,0
2022-05-29,Kentucky,175426518.6,Beverages,175426518.6,176107784.2,180195377.8,168730529.60833332,177470315.40000004,175120652.90083334,1471701.9001087602,6,5,2,21,2022,0
2022-06-02,Kentucky,153560693.89999998,Beverages,153560693.89999998,159027150.075,177470315.4,172384841.775,167909266.4642857,173886773.36083332,9158068.84466037,3,6,2,22,2022,0
2022-06-03,Kentucky,160721352.6,Beverages,160721352.6,153560693.89999998,176789049.8,173298419.81666666,165613881.15,173467537.78694445,8555264.921138134,4,6,2,22,2022,0
2022-06-11,Kentucky,163543172.20000002,Beverages,163543172.20000002,163190444.75,161074080.05,173654331.3,162484989.85,170251782.31833333,761978.3802190364,5,6,2,23,2022,0
2022-06-19,Kentucky,181679224.9,Beverages,181679224.9,179412218.3125,165810178.78750002,178116329.5714286,174878205.13750002,169927764.27619046,4897293.951721632,6,6,2,24,2022,0
2022-06-26,Kentucky,178023499.70000002,Beverages,178023499.70000002,178545746.15714288,181679224.9,176789049.8,179590239.0714286,170161848.84333333,1128181.28979183,6,6,2,25,2022,0
2022-07-08,Kentucky,182657159.1,Beverages,182657159.1,182271020.81666663,179954191.11666667,162484989.85000002,181498744.25,176768713.5,834154.0293224565,4,7,3,27,2022,0
2022-07-17,Kentucky,176803762.0,Beverages,176803762.0,177454139.45555556,181356404.18888888,177145211.72500002,178754894.36666664,179975711.52041665,1404975.8818411755,6,7,3,28,2022,0
2022-07-24,Kentucky,175521543.0,Beverages,175521543.0,175704717.14285713,176803762.0,179067992.61428574,176071065.42857143,179003831.09190473,395701.3741482241,6,7,3,29,2022,0
2022-07-31,Kentucky,176939926.7,Beverages,176939926.7,176737300.45714286,175521543.0,179954191.11666667,176332047.97142857,178398681.665,437722.7128630117,6,7,3,30,2022,0
2022-08-05,Kentucky,170241063.4,Beverages,170241063.4,171580836.06,176534674.2142857,181884882.53333333,174040038.67959183,177033348.79055557,2578762.513443575,4,8,3,31,2022,0
2022-08-14,Kentucky,182433637.4,Beverages,182433637.4,181078906.9555556,172950524.2888889,178104516.91111112,178369446.06666666,175960505.98185185,2926552.2422241005,6,8,3,32,2022,0
2022-08-21,Kentucky,178715626.79999998,Beverages,178715626.79999998,179246771.17142856,182433637.4,175887891.2857143,180309059.9142857,176848316.65142858,1147402.9815384366,6,8,3,33,2022,0
2022-08-28,Kentucky,180785746.2,Beverages,180785746.2,180490014.85714284,178715626.79999998,176534674.2142857,179898552.1714286,177762199.8652381,638852.716464258,6,8,3,34,2022,0
2022-09-01,Kentucky,150103192.7,Beverages,150103192.7,157773831.075,179898552.17142856,174260381.38,169700949.37448978,175858827.81433335,12284740.07930483,3,9,3,35,2022,0
2022-09-10,Kentucky,169675963.50000003,Beverages,169675963.50000003,167501211.1888889,154452697.32222223,178369446.06666666,163151706.56666666,171997306.49388888,4698001.937191341,5,9,3,36,2022,0
2022-09-18,Kentucky,176248302.7,Beverages,176248302.7,175426760.29999998,170497505.90000004,179777915.54285714,173783675.5,169982156.2307143,1774734.4223787538,6,9,3,37,2022,0
2022-09-25,Kentucky,175430228.10000002,Beverages,175430228.10000002,175547095.9,176248302.7,180194283.5142857,175780831.5,169131800.17690477,252463.30256668013,6,9,3,38,2022,0
2022-10-04,Kentucky,167126413.7,Beverages,167126413.7,168049059.74444443,173584936.01111114,156627449.63333333,169894351.8333333,171341217.73777777,1993143.256816503,1,10,4,40,2022,0
2022-10-07,Kentucky,177231551.20000002,Beverages,177231551.20000002,173863172.03333333,170816997.8777778,163151706.5666667,170804435.30952382,172629839.51555556,3560586.4299708204,4,10,4,40,2022,0
2022-10-16,Kentucky,169028833.1,Beverages,169028833.1,169940246.2222222,175408724.95555556,174605217.9,171763072.46666667,173171791.69333333,1968877.3714133813,6,10,4,41,2022,0
2022-10-23,Kentucky,164783226.7,Beverages,164783226.7,165389741.89999998,169028833.1,175663963.70000002,166602772.29999998,171006986.57999998,1310222.5802790297,6,10,4,42,2022,0
2022-10-30,Kentucky,161908388.2,Beverages,161908388.2,162319079.4142857,164783226.7,170816997.8777778,163140461.84285712,168596801.88222224,887194.4222993338,6,10,4,43,2022,0
2022-11-09,Kentucky,177213325.19999996,Beverages,177213325.19999996,175682831.49999997,166499869.29999998,174497311.83333334,172621844.09999996,167976928.99777776,3306244.270080482,2,11,4,45,2022,0
2022-11-12,Kentucky,159951955.29999998,Beverages,159951955.29999998,165705745.26666665,171091350.39999998,171763072.46666667,170969653.48571426,167280054.96555555,6101845.129645767,5,11,4,45,2022,0
2022-11-13,Kentucky,164839820.5,Beverages,164839820.5,159951955.29999998,172621844.09999996,170851659.34444445,169857935.82857138,167079660.3374074,6449661.353894126,6,11,4,45,2022,0
2022-11-20,Kentucky,165319823.4,Beverages,165319823.4,165251251.55714285,164839820.5,165996257.1,165114107.87142855,166439101.6133333,148132.11091216182,6,11,4,46,2022,0
2022-11-27,Kentucky,163202263.89999998,Beverages,163202263.89999998,163504772.39999998,165319823.4,162729770.62857142,164109789.4,166467094.67714283,653493.0491865405,6,11,4,47,2022,0
2022-12-06,Kentucky,173551980.8,Beverages,173551980.8,172402012.25555557,165502200.98888886,172621844.09999996,170102075.1666667,167138059.70999998,2484215.982621518,1,12,4,49,2022,0
2022-12-18,Kentucky,167654026.6,Beverages,167654026.6,168145522.78333333,171094499.88333333,165182679.71428573,169128515.15,168139854.2552381,1061753.1061429433,6,12,4,50,2022,0
2022-12-25,Kentucky,171908926.2,Beverages,171908926.2,171301083.39999998,167654026.6,163807280.89999998,170085397.79999998,169405361.5933333,1313090.5240612703,6,12,4,51,2022,0
2023-01-01,Kentucky,154450235.0,Beverages,154450235.0,156944333.74285716,171908926.2,168952106.6222222,161932531.2285714,168524022.7477778,5387869.076227237,6,1,1,52,2023,0
2023-01-15,Kentucky,159888961.79999998,Beverages,159888961.79999998,159500481.3142857,157169598.39999998,168637018.96666667,158723520.34285712,162100626.45277777,839213.7647691063,6,1,1,2,2023,0
2023-01-22,Kentucky,151381165.29999998,Beverages,151381165.29999998,152596564.79999998,159888961.79999998,170693240.6,155027363.79999998,158834100.52666664,2625563.0014923606,6,1,1,3,2023,0
2023-01-29,Kentucky,152849458.49999997,Beverages,152849458.49999997,152639702.3285714,151381165.29999998,159438432.4857143,152220189.98571426,155507372.8747619,453125.1189809072,6,1,1,4,2023,0
2023-02-04,Kentucky,169379032.7,Beverages,169379032.7,166624103.66666666,152639702.3285714,156004156.94285715,161114245.59999996,156903037.77809525,5951326.90251625,5,2,1,5,2023,0
2023-02-19,Kentucky,162073335.30000004,Beverages,162073335.30000004,162560381.79333338,165482660.75333336,153811964.29999998,163534474.78000003,160890307.73333332,1052140.677119576,6,2,1,7,2023,0
2023-02-26,Kentucky,163522695.4,Beverages,163522695.4,163315643.95714286,162073335.30000004,152429946.15714282,162901541.0714286,163433004.0109524,447282.2374606028,6,2,1,8,2023,0
2023-03-19,Kentucky,176332061.1,Beverages,176332061.1,175722091.3047619,172062272.53333333,163047428.2866667,174502151.7142857,167994137.6897778,1317685.3589290208,6,3,1,11,2023,0
2023-03-26,Kentucky,163351236.4,Beverages,163351236.4,165205639.92857143,176332061.1,163108592.51428574,168914446.9857143,169470636.47857144,4005969.472960561,6,3,1,12,2023,0
2023-04-16,Kentucky,174619208.7,Beverages,174619208.7,174082638.5904762,170863217.93333334,175112121.5095238,173009498.37142855,169625964.70015872,1159123.9154423752,6,4,2,15,2023,0
2023-04-23,Kentucky,175063638.79999998,Beverages,175063638.79999998,175000148.78571427,174619208.7,167060043.45714286,174873168.7571428,170233090.57761905,137154.10646468427,6,4,2,16,2023,0
2023-04-30,Kentucky,177480411.4,Beverages,177480411.4,177135158.17142856,175063638.79999998,166034086.94761905,176444651.7142857,172958122.3119048,745832.2165442499,6,4,2,17,2023,0
2023-05-02,Kentucky,159539413.6,Beverages,159539413.6,168509912.5,175754145.25714284,167107227.16666666,173142692.9734694,172770503.70777777,6760357.957664793,1,5,2,18,2023,0
2023-05-03,Kentucky,172605244.89999998,Beverages,172605244.89999998,159539413.6,176099398.4857143,167643797.2761905,172643528.1755102,172935885.2952381,6633465.946389536,2,5,2,18,2023,0
2023-07-05,Kentucky,182477460.4,Beverages,182477460.4,182320758.56666663,181380547.56666663,177776405.4,182007354.9,180205283.81666663,338514.6495738526,2,7,3,27,2023,0
2023-08-01,Kentucky,155431103.2,Beverages,155431103.2,156432820.13333333,162443121.73333332,182007354.9,158436254.0,169840156.85666665,2163955.8993787244,1,8,3,31,2023,0
2023-09-04,Kentucky,173760111.1,Beverages,173760111.1,173221022.63235295,169986491.82647058,157587457.07058823,172142845.69705883,165943328.31911764,1164564.1907702985,0,9,3,36,2023,0
2023-12-02,Kentucky,161038286.7,Beverages,161038286.7,161181228.547191,162038879.63033706,165326542.11573032,161467112.24157304,163110943.48426965,308789.6821976959,5,12,4,48,2023,0
2023-12-03,Kentucky,182420653.9,Beverages,182420653.9,161038286.7,161895937.78314605,165183600.2685393,164399214.54398075,163685511.93865165,7950456.54570451,6,12,4,48,2023,0
2019-03-11,Louisiana,98130560.5,Beverages,98130560.5,98071372.4724138,97716244.30689657,96354919.6724138,97952996.41724138,97272334.1,127860.75307888574,0,3,1,11,2019,0
2019-06-10,Louisiana,110909954.6,Beverages,110909954.6,110769521.6978022,109926924.28461538,106696967.53406592,110488655.8934066,108873677.51813188,303369.741555303,0,6,2,24,2019,0
2019-08-12,Louisiana,96719430.4,Beverages,96719430.4,96944676.81587304,98296155.31111112,103476822.87619048,97395169.64761904,99985503.43015872,486587.87150748126,0,8,3,33,2019,0
2019-10-11,Louisiana,99092391.8,Beverages,99092391.8,99052842.44333331,98815546.30333333,97905911.1,98973743.73,98518926.12833332,85436.37512056874,4,10,4,41,2019,0
2019-10-13,Louisiana,109354746.7,Beverages,109354746.7,104223569.25,98894645.01666668,97985009.81333332,101234968.7690476,99107187.651,4073437.986665884,6,10,4,41,2019,0
2019-10-20,Louisiana,100499698.5,Beverages,100499698.5,101764705.38571428,109354746.7,98261855.31,104294719.15714283,100542540.43166666,2732727.202671601,6,10,4,42,2019,0
2019-10-27,Louisiana,94643763.7,Beverages,94643763.7,95480325.81428573,100499698.5,98538700.80666669,97153450.04285716,100246999.8031111,1807180.713599563,6,10,4,43,2019,0
2019-11-17,Louisiana,97123839.4,Beverages,97123839.4,97005740.55714288,96297147.5,103029712.27142856,96769542.8714286,96571280.8195238,255122.65911585157,6,11,4,46,2019,0
2019-11-24,Louisiana,98028446.1,Beverages,98028446.1,97899216.57142857,97123839.4,96316887.92857143,97640757.5142857,96280308.75047618,279167.68841846695,6,11,4,47,2019,0
2019-12-15,Louisiana,96959218.1,Beverages,96959218.1,97010133.7190476,97315627.43333332,96887641.71428572,97111964.95714284,97481691.42190476,109990.30818828444,6,12,4,50,2019,0
2019-12-22,Louisiana,100853710.2,Beverages,100853710.2,100297354.18571427,96959218.1,97769987.04285714,99184642.15714286,97901867.26238094,1201866.354862133,6,12,4,51,2019,0
2019-12-29,Louisiana,90497588.9,Beverages,90497588.9,91977034.8,100853710.2,97773868.0047619,94935926.6,97210044.8395238,3195968.4184078267,6,12,4,52,2019,0
2020-01-03,Louisiana,100284981.9,Beverages,100284981.9,98327503.3,93456480.7,97519289.9095238,94903535.31428573,97001528.76492064,3583456.1843822715,4,1,1,1,2020,0
2020-01-11,Louisiana,104994962.3,Beverages,104994962.3,104406214.75,100873729.45,97111964.95714284,103228719.65,98506642.43190476,1271840.069457576,5,1,1,2,2020,0
2020-01-19,Louisiana,93011763.9,Beverages,93011763.9,94509663.7,103497062.5,99740998.17142858,97505463.3,98568758.22285716,3235833.3986658147,6,1,1,3,2020,0
2020-01-26,Louisiana,88883700.1,Beverages,88883700.1,89473423.5,93011763.9,93456480.7,90652870.3,96946830.39666668,1273948.1463953005,6,1,1,4,2020,0
2020-02-02,Louisiana,93133150.6,Beverages,93133150.6,92526086.24285714,88883700.1,100284981.9,91311957.5285714,96108795.58,1311408.895296917,6,2,1,5,2020,0
2020-02-08,Louisiana,109735019.4,Beverages,109735019.4,106968041.26666668,92526086.24285714,103817467.2,101434085.0,96203190.72833332,5977355.933432678,5,2,1,6,2020,0
2020-02-16,Louisiana,94246834.1,Beverages,94246834.1,96182857.2625,107798996.2375,96007563.5,100054903.5875,96212132.93833332,4182288.034091364,6,2,1,7,2020,0
2020-02-23,Louisiana,92767324.9,Beverages,92767324.9,92978683.35714288,94246834.1,90063146.89999999,93401400.2714286,96547979.79833332,456586.4517203069,6,2,1,8,2020,0
2020-03-05,Louisiana,109850443.4,Beverages,109850443.4,108297432.62727273,98979367.9909091,98667106.86666666,105191411.0818182,100242353.89833333,3354886.706626434,3,3,1,10,2020,0
2020-03-15,Louisiana,121196144.8,Beverages,121196144.8,120061574.66,113254153.82,98118880.425,117792434.38,104269485.66208334,2450951.627165283,6,3,1,11,2020,0
2020-03-22,Louisiana,111529226.7,Beverages,111529226.7,112910215.0,121196144.8,93190041.81428573,115672191.6,109309880.86857145,2983275.693278227,6,3,1,12,2020,0
2020-03-29,Louisiana,97224311.9,Beverages,97224311.9,99267871.15714286,111529226.7,100532378.76363637,103354989.67142858,110996785.31363636,4414592.549124449,6,3,1,13,2020,0
2020-04-10,Louisiana,117294523.1,Beverages,117294523.1,115622005.5,105586899.9,116657864.24,112276970.3,110277184.762,3613050.959707683,4,4,2,15,2020,0
2020-04-19,Louisiana,102183590.7,Beverages,102183590.7,103862583.18888888,113936538.1222222,114291203.3,107220568.16666666,107505617.69666666,3627038.318354252,6,4,2,16,2020,0
2020-04-26,Louisiana,102360001.9,Beverages,102360001.9,102334800.3,102183590.7,101311430.41428572,102284397.1,106324237.4752381,54441.67824475288,6,4,2,17,2020,0
2020-05-01,Louisiana,89999954.0,Beverages,89999954.0,92471963.58,102309598.7,102241864.7,97059238.28571428,105541558.85666664,4820264.443947829,4,5,2,18,2020,0
2020-05-04,Louisiana,102909681.2,Beverages,102909681.2,98606438.8,99887992.32,107259417.5,95807312.84,104843512.74666664,4256842.616287963,0,5,2,19,2020,0
2020-05-07,Louisiana,120137016.3,Beverages,120137016.3,114394571.26666668,92471963.58,112276970.3,104143283.45714286,105222524.60333332,10880085.476796351,3,5,2,19,2020,0
2020-05-17,Louisiana,109640845.5,Beverages,109640845.5,110690462.58,116988165.06,105541575.67777778,112789696.74,105980035.77296296,2267432.0427000257,6,5,2,20,2020,0
2020-05-24,Louisiana,114631357.1,Beverages,114631357.1,113918426.87142856,109640845.5,102309598.7,112492566.4142857,108316896.22333334,1540105.3158093598,6,5,2,21,2020,0
2020-05-31,Louisiana,109870800.8,Beverages,109870800.8,110550880.27142856,114631357.1,89999954.0,111911039.21428572,111782316.44,1469139.5695462793,6,5,2,22,2020,0
2020-06-09,Louisiana,123030206.0,Beverages,123030206.0,121568049.86666667,112795113.06666666,116988165.06,118643737.6,113832911.65933332,3158618.253573511,1,6,2,24,2020,0
2020-06-12,Louisiana,100212641.6,Beverages,100212641.6,107818496.4,117181581.46666668,113839313.82,115257625.2,113125868.20933332,8335925.2946637,4,6,2,24,2020,0
2020-06-14,Louisiana,113522142.8,Beverages,113522142.8,106867392.2,120105893.73333332,111740079.66,112634754.2952381,112987860.16266663,8238185.3243115265,6,6,2,24,2020,0
2020-06-21,Louisiana,115258587.7,Beverages,115258587.7,115010524.14285716,113522142.8,113205496.64285712,114514397.0285714,113733569.8357143,535878.5301894372,6,6,2,25,2020,0
2020-06-28,Louisiana,107808977.9,Beverages,107808977.9,108873207.87142858,115258587.7,111230959.74285714,111001667.81428573,113250446.41238096,2298999.496100734,6,6,2,26,2020,0
2020-07-06,Louisiana,117541818.4,Beverages,117541818.4,116325213.3375,109025582.9625,118643737.6,113892003.2125,113114374.43833332,2628167.314144265,0,7,3,28,2020,0
2020-07-19,Louisiana,107757841.2,Beverages,107757841.2,108510454.83076924,113026136.61538462,114762460.58571428,110015682.0923077,112436873.0264286,1625831.2623674015,6,7,3,29,2020,0
2020-07-26,Louisiana,105961502.3,Beverages,105961502.3,106218122.14285712,107757841.2,109937437.84285717,106731361.82857142,110987570.76071428,554362.2198734825,6,7,3,30,2020,0
2020-08-03,Louisiana,104279826.8,Beverages,104279826.8,104490036.2375,105751292.8625,115108608.275,104910455.1125,109355561.39958334,454104.28559701686,0,8,3,32,2020,0
2020-08-11,Louisiana,107041449.1,Beverages,107041449.1,106696246.3125,104625029.5875,113026136.61538462,106005840.7375,106800656.6948718,745723.251384169,1,8,3,33,2020,0
2020-08-16,Louisiana,117135983.3,Beverages,117135983.3,115117076.46,106351043.525,109263068.46153846,111318363.35892858,107188969.01102564,4005295.6921605617,6,8,3,33,2020,0
2020-08-23,Louisiana,117579800.7,Beverages,117579800.7,117516398.21428572,117135983.3,106474741.98571429,117389593.24285711,109539600.62142856,136965.0231806191,6,8,3,34,2020,0
2020-08-30,Louisiana,113353058.6,Beverages,113353058.6,113956878.9,117579800.7,104910455.1125,115164519.5,111783522.02541669,1304400.9309112856,6,8,3,35,2020,0
2020-09-02,Louisiana,94376732.6,Beverages,94376732.6,100702174.6,115768339.8,104279826.8,108448811.42857143,111404735.86166666,8133264.351533164,2,9,3,36,2020,0
2020-09-08,Louisiana,119096375.8,Beverages,119096375.8,114976435.26666668,100702174.6,106351043.525,106736554.2,112066433.44375,8900088.763131086,1,9,3,37,2020,0
2020-09-13,Louisiana,116867036.1,Beverages,116867036.1,117312904.04,110856494.73333332,113098169.62,117552381.56666668,113460379.31533334,1367502.879084326,6,9,3,37,2020,0
2020-09-20,Louisiana,110526069.0,Beverages,110526069.0,111431921.44285716,116867036.1,117452995.72857144,113243626.32857142,112587758.3404762,1956864.9310584725,6,9,3,38,2020,0
2020-09-27,Louisiana,106003069.4,Beverages,106003069.4,106649212.2,110526069.0,114560699.2,107941497.8,110642844.56333332,1395827.9803136883,6,9,3,39,2020,0
2020-10-05,Louisiana,110854351.0,Beverages,110854351.0,110247940.8,106609479.6,106736554.2,109035120.4,111729145.23333332,1309995.754355891,0,10,4,41,2020,0
2020-10-18,Louisiana,104986483.7,Beverages,104986483.7,105437858.10769232,108146104.55384617,112337773.88571428,106340606.92307694,108247842.97809523,975080.1647158604,6,10,4,42,2020,0
2020-10-25,Louisiana,103272851.6,Beverages,103272851.6,103517656.18571427,104986483.7,107295355.0,104007265.35714284,107019665.11333331,528838.3472622904,6,10,4,43,2020,0
2020-11-10,Louisiana,113938298.4,Beverages,113938298.4,113271707.975,109272165.425,108146104.55384617,111938527.125,107181900.97871795,1439999.8988220436,1,11,4,46,2020,0
2020-11-15,Louisiana,103533350.6,Beverages,103533350.6,105614340.16,112605117.55,105889232.5153846,109383807.8535714,107332459.04358976,3945865.325834489,6,11,4,46,2020,0
2020-11-22,Louisiana,107565397.8,Beverages,107565397.8,106989391.05714284,103533350.6,103762460.77142856,105837377.57142857,107638357.42619048,1244316.78032939,6,11,4,47,2020,0
2020-11-29,Louisiana,99539467.4,Beverages,99539467.4,100686028.88571428,107565397.8,106605803.725,102979151.85714284,107228372.12083334,2476855.8945643646,6,11,4,48,2020,0
2020-12-01,Louisiana,95317537.7,Beverages,95317537.7,97428502.55,105272274.82857142,107938984.575,100272713.15816326,106479527.505,3107931.1128223767,1,12,4,49,2020,0
2020-12-04,Louisiana,102756056.7,Beverages,102756056.7,100276550.36666667,101832590.37142858,109938755.85,99114455.37653062,105579965.99916668,2458210.626412453,4,12,4,49,2020,0
2020-12-07,Louisiana,120242881.7,Beverages,120242881.7,114413940.03333332,97428502.55,111938527.125,105627001.27142856,105894166.3325,9165577.972507391,0,12,4,50,2020,0
2020-12-13,Louisiana,103283351.3,Beverages,103283351.3,106109939.7,114413940.03333332,107695329.72,111763116.5,105659328.067,6106128.827175804,6,12,4,50,2020,0
2020-12-20,Louisiana,103692117.8,Beverages,103692117.8,103633722.58571428,103283351.3,106413384.31428573,103516932.15714286,105298127.40690476,126148.08058782424,6,12,4,51,2020,0
2020-12-27,Louisiana,96683773.4,Beverages,96683773.4,97684965.45714286,103692117.8,101832590.37142858,99687349.57142857,104052397.12119047,2162822.037214787,6,12,4,52,2020,0
2021-01-08,Louisiana,120506480.6,Beverages,120506480.6,118521255.0,106609901.4,114589704.9,114550803.8,105585859.51,4288577.447147139,4,1,1,1,2021,0
2021-01-17,Louisiana,99444705.4,Beverages,99444705.4,101784902.64444444,115826086.1111111,103575327.37142856,106465297.13333333,106647987.14619046,5055403.841457377,6,1,1,2,2021,0
2021-01-24,Louisiana,95771376.7,Beverages,95771376.7,96296137.94285716,99444705.4,98686157.51428571,97345660.42857143,105669689.62857144,1133613.84784044,6,1,1,3,2021,0
2021-01-31,Louisiana,96830454.2,Beverages,96830454.2,96679157.41428572,95771376.7,106609901.4,96376563.84285717,104572021.53,326838.41222658,6,1,1,4,2021,0
2021-02-05,Louisiana,115298734.6,Beverages,115298734.6,111605078.52,96527860.62857144,116536029.4,104723817.68775512,103796328.90333334,7237135.928911165,4,2,1,5,2021,0
2021-02-14,Louisiana,101323999.2,Beverages,101323999.2,102876747.57777776,112193237.84444444,104125099.8888889,105982244.33333331,102155240.81814817,3354319.86874998,6,2,1,6,2021,0
2021-02-21,Louisiana,93576881.8,Beverages,93576881.8,94683612.85714284,101323999.2,96820899.18571427,96897074.97142856,101745167.76476192,2390812.3347374154,6,2,1,7,2021,0
2021-02-28,Louisiana,105990169.3,Beverages,105990169.3,104216842.51428571,93576881.8,96527860.62857144,100670188.94285716,102795083.5204762,3830823.690584293,6,2,1,8,2021,0
2021-03-01,Louisiana,96612059.0,Beverages,96612059.0,105990169.3,95350208.58571428,96679157.41428572,100850453.2877551,102792846.90666668,3558792.4423060813,0,3,1,9,2021,0
2021-03-10,Louisiana,173218605.1,Beverages,173218605.1,164706766.64444444,113635735.91111112,110640489.46666668,147683089.73333332,112111979.62555556,18387672.632397976,2,3,1,10,2021,0
2021-03-14,Louisiana,129302802.2,Beverages,129302802.2,140281752.925,147683089.73333332,104429495.95555556,153886459.01190475,117313660.9275926,15067927.492562288,6,3,1,10,2021,0
2021-03-21,Louisiana,119445818.3,Beverages,119445818.3,120853958.85714284,129302802.2,95790343.91428572,123670239.9714286,123029391.02357145,3041931.272585677,6,3,1,11,2021,0
2021-03-28,Louisiana,102299326.1,Beverages,102299326.1,104748824.98571429,119445818.3,102443515.72857144,109647822.75714286,125855722.81880952,5291522.373117238,6,3,1,12,2021,0
2021-04-04,Louisiana,111799498.2,Beverages,111799498.2,110442330.75714286,102299326.1,130659412.82222222,107727995.87142858,125046065.47648148,2931816.760491611,6,4,2,13,2021,0
2021-04-07,Louisiana,125522124.6,Beverages,125522124.6,120947915.8,106370828.42857143,156194928.18888888,114556962.22040816,122372548.08314817,6651927.036936429,2,4,2,14,2021,0
2021-04-18,Louisiana,106648613.5,Beverages,106648613.5,108364387.23636363,118659029.65454546,122262099.41428572,111795934.70909092,113075885.29857142,3706494.894169904,6,4,2,15,2021,0
2021-04-25,Louisiana,111133388.7,Beverages,111133388.7,110492706.52857144,106648613.5,107198323.87142856,109211342.18571427,111865652.29619049,1384031.6743718549,6,4,2,16,2021,0
2021-05-09,Louisiana,120514381.9,Beverages,120514381.9,119844310.95714286,115823885.3,122090577.12727273,118504169.07142857,113743655.40363637,1447518.6767318405,6,5,2,18,2021,0
2021-05-12,Louisiana,155559148.60000002,Beverages,155559148.60000002,143877559.70000002,117834098.12857144,116943255.9181818,129952825.8632653,116265508.40818182,14680654.1011465,2,5,2,19,2021,0
2021-05-16,Louisiana,115508714.2,Beverages,115508714.2,125521322.8,120514381.9,110080160.97272728,136249026.7857143,118648682.4778788,13414556.111857465,6,5,2,19,2021,0
2021-05-23,Louisiana,115983094.5,Beverages,115983094.5,115915325.88571428,115508714.2,109852024.35714288,115779788.65714286,120401756.47095238,146396.938888022,6,5,2,20,2021,0
2021-05-30,Louisiana,117946580.6,Beverages,117946580.6,117666082.58571428,115983094.5,114483743.41428572,117105086.55714284,121481473.23857142,605944.965667707,6,5,2,21,2021,0
2021-06-06,Louisiana,121498261.8,Beverages,121498261.8,120990878.77142856,117946580.6,119174240.01428571,119976112.7142857,122137626.52857144,1096072.614315386,6,6,2,22,2021,0
2021-06-13,Louisiana,121378724.4,Beverages,121378724.4,121395801.17142858,121498261.8,135533931.4,121429954.71428572,118702221.18333334,36890.04256098196,6,6,2,23,2021,0
2021-06-20,Louisiana,127441197.0,Beverages,127441197.0,126575129.48571429,121378724.4,115847557.27142856,124842994.45714284,120512581.98285715,1870919.662467876,6,6,2,24,2021,0
2021-06-27,Louisiana,113377115.0,Beverages,113377115.0,115386269.57142857,127441197.0,117385584.57142857,119404578.71428572,121172938.24619047,4340269.933483245,6,6,2,25,2021,0
2021-07-02,Louisiana,103625081.3,Beverages,103625081.3,105575488.04,117395424.14285716,119468729.68571427,109484694.06734696,119344030.60428572,4226994.044279273,4,7,3,26,2021,0
2021-07-03,Louisiana,110243755.4,Beverages,110243755.4,103625081.3,115386269.57142857,119976112.71428572,108750049.18571427,119019618.69380952,3395451.1448854003,5,7,3,26,2021,0
2021-07-11,Louisiana,163231951.7,Beverages,163231951.7,156608427.1625,116867279.9375,121412877.94285716,143361378.0875,124025923.12071428,14308448.345693693,6,7,3,27,2021,0
2021-07-18,Louisiana,122116302.8,Beverages,122116302.8,127989966.92857143,163231951.7,125709061.97142856,139737295.18571427,127875986.6545238,12688564.72227095,6,7,3,28,2021,0
2021-07-25,Louisiana,118351245.5,Beverages,118351245.5,118889110.82857142,122116302.8,117395424.14285716,119964841.48571429,127164949.90404762,1161921.9083793117,6,7,3,29,2021,0
2021-08-08,Louisiana,128188334.9,Beverages,128188334.9,127485685.65714286,123269790.2,149984902.625,126080387.17142858,128948364.76875,1517895.8482985045,6,8,3,31,2021,0
2021-08-15,Louisiana,127627598.7,Beverages,127627598.7,127707703.87142858,128188334.9,133863631.05714284,127867914.21428572,123854372.23761906,173046.94823003127,6,8,3,32,2021,0
2021-08-22,Louisiana,130957346.6,Beverages,130957346.6,130481668.32857142,127627598.7,119426976.15714286,129530311.78571428,125657451.52761903,1027582.5110022968,6,8,3,33,2021,0
2021-08-29,Louisiana,128868690.1,Beverages,128868690.1,129167069.6,130957346.6,121864491.71428572,129763828.6,127951134.11857145,644573.3897463757,6,8,3,34,2021,0
2021-09-05,Louisiana,119514121.3,Beverages,119514121.3,120850488.27142856,128868690.1,126783036.41428572,123523222.2142857,127682365.27523808,2886882.606582504,6,9,3,35,2021,0
2021-09-19,Louisiana,115984165.9,Beverages,115984165.9,116236305.57142858,117749143.6,130005990.05714284,116740584.9142857,122705713.4442857,544683.9434371602,6,9,3,37,2021,0
2021-09-26,Louisiana,113668155.4,Beverages,113668155.4,113999014.04285716,115984165.9,129465449.1,114660731.32857144,119068215.57333332,714736.3573941664,6,9,3,38,2021,0
2021-10-01,Louisiana,103409390.3,Beverages,103409390.3,105461143.32,114329872.68571427,124859589.18571427,109318807.30612244,115766244.02428572,4066625.1482621,4,10,4,39,2021,0
2021-10-10,Louisiana,177059756.4,Beverages,177059756.4,168876382.3888889,119776138.32222222,118253422.94285716,152509634.3666667,123068682.18238094,17678108.334700968,6,10,4,40,2021,0
2021-10-17,Louisiana,168011333.6,Beverages,168011333.6,169303965.42857143,177059756.4,116488445.24285714,171889229.08571428,135819033.9757143,2792403.899832997,6,10,4,41,2021,0
2021-10-24,Louisiana,163730358.20000002,Beverages,163730358.20000002,164341926.11428574,168011333.6,114329872.68571427,165565061.94285718,147544934.3847619,1321137.6906626164,6,10,4,42,2021,0
2021-10-31,Louisiana,164478870.6,Beverages,164478870.6,164371940.25714284,163730358.20000002,103409390.3,164158079.57142857,160340764.58,230995.9416834121,6,10,4,43,2021,0
2021-11-04,Louisiana,109647914.2,Beverages,109647914.2,123355653.3,164158079.57142857,136142886.34444445,144850558.88163266,161186324.24962962,22136795.014588743,3,11,4,44,2021,0
2021-11-07,Louisiana,117870621.2,Beverages,117870621.2,115129718.86666667,164478870.6,160693008.3777778,123746749.71428572,157448332.69962963,14968662.01809322,6,11,4,44,2021,0
2021-11-14,Louisiana,162728719.0,Beverages,162728719.0,156320419.3142857,117870621.2,170596597.25714284,143503819.94285712,150537709.2409524,13843509.526934989,6,11,4,45,2021,0
2021-11-21,Louisiana,162507491.79999998,Beverages,162507491.79999998,162539095.68571427,162728719.0,164953494.02857143,162602303.45714283,149538298.43714288,68272.19634988693,6,11,4,46,2021,0
2021-11-28,Louisiana,149328484.4,Beverages,149328484.4,151211199.74285716,162507491.79999998,164265009.91428572,154976630.42857143,147421911.18857142,4067129.981993637,6,11,4,47,2021,0
2021-12-09,Louisiana,121134944.9,Beverages,121134944.9,123697993.94545455,139076288.21818182,130687220.57142857,128824092.03636365,148202174.2247619,5536818.75363195,3,12,4,49,2021,0
2021-12-12,Louisiana,159058610.1,Beverages,159058610.1,146417388.36666667,131387141.0818182,149912119.62857142,134167176.99610391,148493531.06714284,13785876.762366286,6,12,4,49,2021,0
2021-12-19,Louisiana,161572466.20000002,Beverages,161572466.20000002,161213343.9,159058610.1,162570699.57142857,160495099.29999998,148201765.0695238,775792.8351235838,6,12,4,50,2021,0
2021-12-26,Louisiana,152224239.6,Beverages,152224239.6,153559700.54285714,161572466.20000002,153093915.08571428,156230622.42857143,147677466.4247619,2884925.361174089,6,12,4,51,2021,0
2022-01-05,Louisiana,174211277.9,Beverages,174211277.9,172012574.07,158820351.09,128824092.03636365,167615166.41000003,155686576.8562121,4749743.131612145,2,1,1,1,2022,0
2022-01-16,Louisiana,156687247.5,Beverages,156687247.5,158280341.1727273,167838903.20909092,160854221.60000002,161466528.5181818,162358371.60833332,3441475.667077442,6,1,1,2,2022,0
2022-01-23,Louisiana,149990485.8,Beverages,149990485.8,150947166.04285714,156687247.5,154895161.4857143,152860526.52857143,161005286.89976197,2066665.52842154,6,1,1,3,2022,0
2022-01-30,Louisiana,149359133.5,Beverages,149359133.5,149449326.68571427,149990485.8,163217758.75,149629713.05714288,159256030.09333333,194839.54985091244,6,1,1,4,2022,0
2022-02-01,Louisiana,148960741.79999998,Beverages,148960741.79999998,149159937.64999998,149810099.42857143,167615166.41,149402611.25816327,158092331.77533334,267459.3575718403,1,2,1,5,2022,0
2022-02-10,Louisiana,186352065.3,Beverages,186352065.3,182197473.8,157269924.79999998,164652715.86363637,173888290.8,158084094.1492424,8974943.406438177,3,2,1,6,2022,0
2022-02-13,Louisiana,157276014.60000002,Beverages,157276014.60000002,166968031.50000003,169733699.3,159873434.84545454,174483543.81428573,158634244.44742423,9752853.376548864,6,2,1,6,2022,0
2022-02-20,Louisiana,148218415.39999998,Beverages,148218415.39999998,149512358.14285713,157276014.60000002,151903846.2857143,152100243.62857142,157989180.54309523,2795235.798352165,6,2,1,7,2022,0
2022-02-27,Louisiana,166316041.4,Beverages,166316041.4,163730666.25714284,148218415.39999998,149539519.87142858,158559915.97142857,160001921.50119048,5585048.636324352,6,2,1,8,2022,0
2022-03-04,Louisiana,171748523.39999998,Beverages,171748523.39999998,170662026.99999997,161145291.1142857,153115333.29999998,168274908.6653061,163263027.50333336,2730998.943749384,4,3,1,9,2022,0
2022-03-07,Louisiana,186831002.8,Beverages,186831002.8,181803509.66666663,167402537.8,165579107.79999998,175126520.59999996,165300926.84,6958330.825692452,0,3,1,10,2022,0
2022-03-13,Louisiana,165907039.2,Beverages,165907039.2,169394366.46666667,181803509.66666663,176660048.4,176369021.0,164663516.31666666,7533487.915253272,6,3,1,10,2022,0
2022-03-20,Louisiana,167508572.9,Beverages,167508572.9,167279782.37142858,165907039.2,150806300.88571426,166822201.31428573,167214864.0247619,494244.0300000847,6,3,1,11,2022,0
2022-03-27,Louisiana,164240357.7,Beverages,164240357.7,164707245.58571428,167508572.9,161145291.1142857,165641021.35714287,169944319.7519048,1008593.1075263782,6,3,1,12,2022,0
2022-04-09,Louisiana,184547199.3,Beverages,184547199.3,182985134.5615385,173612746.13076922,176369021.0,179861005.08461538,170423273.31333336,3374445.508036332,5,4,2,14,2022,0
2022-04-12,Louisiana,165763268.6,Beverages,165763268.6,172024578.83333334,178298940.34615386,165907039.2,177841449.32417583,170686294.55,6686393.522482457,1,4,2,15,2022,0
2022-04-17,Louisiana,169258764.3,Beverages,169258764.3,168559665.16,178285889.06666666,167050991.84285715,168155811.07619047,170897487.0890476,2082261.1007729883,6,4,2,15,2022,0
2022-04-24,Louisiana,166594558.79999998,Beverages,166594558.79999998,166975159.58571428,169258764.3,165174133.47142857,167736361.15714285,171191707.97619048,822191.6672908245,6,4,2,16,2022,0
2022-05-06,Louisiana,179757688.8,Beverages,179757688.8,178660761.3,172079196.29999998,179861005.08461538,176466906.3,172106051.63282052,2369634.2308237213,4,5,2,18,2022,0
2022-05-15,Louisiana,181429032.6,Beverages,181429032.6,181243327.7333333,180129098.53333333,167860566.02,180871918.0,174094797.54533336,401168.3624709981,6,5,2,19,2022,0
2022-05-22,Louisiana,178706787.5,Beverages,178706787.5,179095679.65714285,181429032.6,167355760.37142855,179873463.97142857,176785164.4995238,840103.0767137802,6,5,2,20,2022,0
2022-05-29,Louisiana,179804431.79999998,Beverages,179804431.79999998,179647625.47142854,178706787.5,172079196.29999998,179334012.81428573,179196553.32666668,338740.3851580842,6,5,2,21,2022,0
2022-06-02,Louisiana,157396925.20000002,Beverages,157396925.20000002,162998801.85000002,179334012.8142857,176466906.3,171734548.15918368,177993650.01000002,8997151.839552876,3,6,2,22,2022,0
2022-06-03,Louisiana,167521896.30000004,Beverages,167521896.30000004,157396925.20000002,179490819.14285713,177563833.8,170024702.0387755,177658918.76000002,8394582.84818251,4,6,2,22,2022,0
2022-06-11,Louisiana,174802410.6,Beverages,174802410.6,173892346.3125,168431960.58750004,180871918.0,172072217.7375,175394688.74833336,1965963.5553968053,5,6,2,23,2022,0
2022-06-19,Louisiana,187019145.6,Beverages,187019145.6,185492053.725,176329502.475,179484571.81428573,182437869.975,175673116.36357144,3298895.488178336,6,6,2,24,2022,0
2022-06-26,Louisiana,179657907.39999998,Beverages,179657907.39999998,180709512.85714284,187019145.6,179490819.14285713,182812723.77142856,176539801.92404762,2271727.428264884,6,6,2,25,2022,0
2022-07-08,Louisiana,190762050.2,Beverages,190762050.2,189836704.96666664,184284633.56666663,172072217.7375,187986014.5,182761083.82125,1998974.171255496,4,7,3,27,2022,0
2022-07-17,Louisiana,175186924.60000002,Beverages,175186924.60000002,176917494.11111113,187300911.17777777,183964961.85,180378633.13333336,183975163.5508333,3738457.4206980094,6,7,3,28,2022,0
2022-07-24,Louisiana,179277667.9,Beverages,179277667.9,178693276.0,175186924.60000002,181761118.3142857,177524492.20000002,182336450.2152381,1262430.7900618918,6,7,3,29,2022,0
2022-07-31,Louisiana,181707226.7,Beverages,181707226.7,181360146.8714285,179277667.9,184284633.56666663,180665987.2142857,182073942.70666665,749778.1235606634,6,7,3,30,2022,0
2022-08-05,Louisiana,180020153.6,Beverages,180020153.6,180357568.22,181013067.0428572,188911359.7333333,180934612.5387755,181012994.96888888,606026.7226167358,4,8,3,31,2022,0
2022-08-14,Louisiana,190112553.1,Beverages,190112553.1,188991175.37777776,182262909.04444444,178648063.62222224,186748419.9333333,181118535.6237037,2422452.7475714474,6,8,3,32,2022,0
2022-08-21,Louisiana,183999610.9,Beverages,183999610.9,184872888.35714287,190112553.1,178108884.10000002,186619443.27142856,183436241.7133333,1886494.9191782423,6,8,3,33,2022,0
2022-08-28,Louisiana,189354773.6,Beverages,189354773.6,188589750.35714287,183999610.9,181013067.0428572,187059703.87142855,185097989.9223809,1652639.0884143317,6,8,3,34,2022,0
2022-09-01,Louisiana,155342817.29999998,Beverages,155342817.29999998,163845806.375,187059703.87142852,181032397.46,176879779.24591833,183328643.9403333,13432377.613793466,3,9,3,35,2022,0
2022-09-10,Louisiana,190158067.8,Beverages,190158067.8,186289706.63333333,163079539.63333333,186748419.9333333,178552984.29999998,180909278.9327778,8356615.216320866,5,9,3,36,2022,0
2022-09-18,Louisiana,179685597.40000004,Beverages,179685597.40000004,180994656.20000005,188849009.0,185746165.81428573,183612773.80000004,179899322.1269048,2827890.2139285943,6,9,3,37,2022,0
2022-09-25,Louisiana,185329802.9,Beverages,185329802.9,184523487.82857144,179685597.40000004,187824727.1142857,182910857.68571427,179233658.84023812,1741839.6330580276,6,9,3,38,2022,0
2022-10-04,Louisiana,174670882.19999996,Beverages,174670882.19999996,175855206.72222218,182961153.8555556,166947900.79999998,178223855.76666665,181737034.71,2558433.377102045,1,10,4,40,2022,0
2022-10-07,Louisiana,185262751.1,Beverages,185262751.1,181732128.13333333,179408180.28888887,178552984.3,178712265.76190472,182441785.21,3647406.746187927,4,10,4,40,2022,0
2022-10-16,Louisiana,183986891.8,Beverages,183986891.8,184128653.94444445,184979226.81111112,182303715.00000003,184412178.23333332,182063724.26,306241.2330521774,6,10,4,41,2022,0
2022-10-23,Louisiana,175022138.5,Beverages,175022138.5,176302817.54285714,183986891.8,183717172.75714287,178864175.62857145,181425266.3509524,2766582.931553171,6,10,4,42,2022,0
2022-10-30,Louisiana,171403890.6,Beverages,171403890.6,171920783.15714285,175022138.5,179408180.28888887,172954568.2714286,179156751.03444445,1116615.5439400305,6,10,4,43,2022,0
2022-11-09,Louisiana,187018948.2,Beverages,187018948.2,185457442.44,176088407.88,184837464.66666663,182334430.92,178956690.43555555,3373237.9765480952,2,11,4,45,2022,0
2022-11-12,Louisiana,171279353.79999998,Beverages,171279353.79999998,176525885.26666665,180772925.16,184412178.2333333,181183487.72,178153884.92444447,5494441.1950323,5,11,4,45,2022,0
2022-11-13,Louisiana,172481938.20000002,Beverages,172481938.20000002,171279353.79999998,182334430.92,184270416.08888888,179775988.76,177760935.66148147,6346366.740329783,6,11,4,45,2022,0
2022-11-20,Louisiana,173115456.1,Beverages,173115456.1,173024953.54285714,172481938.20000002,177583496.58571428,172843948.42857143,175796529.65809524,195507.86853859937,6,11,4,46,2022,0
2022-11-27,Louisiana,162599691.3,Beverages,162599691.3,164101943.41428572,173115456.1,172437675.7142857,167106447.64285713,174165292.10190475,3245235.4721113746,6,11,4,47,2022,0
2022-12-06,Louisiana,186536876.5,Beverages,186536876.5,183877189.2555556,167919065.7888889,182334430.92,178557814.76666668,174038928.0506667,5745581.123371744,1,12,4,49,2022,0
2022-12-18,Louisiana,171487541.89999998,Beverages,171487541.89999998,172741653.11666664,180266320.41666663,172934450.9857143,175249875.54999998,174653017.79809523,2709189.867399404,6,12,4,50,2022,0
2022-12-25,Louisiana,168922814.29999998,Beverages,168922814.29999998,169289203.95714283,171487541.89999998,165604195.52857143,170021983.27142856,174685350.28047618,791492.1208597043,6,12,4,51,2022,0
2023-01-01,Louisiana,154640918.0,Beverages,154640918.0,156681188.9,168922814.29999998,175898127.52222222,160761730.70000002,172876574.1144444,4407488.885805954,6,1,1,52,2023,0
2023-01-15,Louisiana,163716218.7,Beverages,163716218.7,163067982.93571427,159178568.35,173995764.3333333,161771511.40714285,163091760.00222218,1400349.2999343425,6,1,1,2,2023,0
2023-01-22,Louisiana,156680224.3,Beverages,156680224.3,157685366.35714287,163716218.7,169655593.6142857,159695650.47142857,160481709.79023808,2171355.012476234,6,1,1,3,2023,0
2023-01-29,Louisiana,155106852.19999996,Beverages,155106852.19999996,155331619.6428571,156680224.3,158721459.79999998,155781154.5285714,158423244.97166666,485553.1715669722,6,1,1,4,2023,0
2023-02-04,Louisiana,176985211.4,Beverages,176985211.4,173338818.2,155331619.6428571,157233861.05714285,166046031.79999998,160784819.43357143,7877109.604547779,5,2,1,5,2023,0
2023-02-19,Louisiana,165177666.10000002,Beverages,165177666.10000002,165964835.7866667,170687853.9066667,158690508.41428572,167539175.16000003,165745561.71190473,1700480.8749864367,6,2,1,7,2023,0
2023-02-26,Louisiana,172155747.60000002,Beverages,172155747.60000002,171158878.81428573,165177666.10000002,155556387.08571425,169165141.24285716,168737587.9847619,2153482.703523677,6,2,1,8,2023,0
2023-03-19,Louisiana,184514764.1,Beverages,184514764.1,183926239.5047619,180395091.9333333,166752005.47333336,182749190.3142857,175550612.38955557,1271358.4321347403,6,3,1,11,2023,0
2023-03-26,Louisiana,169522980.7,Beverages,169522980.7,171664664.04285714,184514764.1,170162010.02857146,175948030.7285714,177539024.08714283,4626564.801055078,6,3,1,12,2023,0
2023-04-16,Louisiana,173702707.6,Beverages,173702707.6,173503672.9857143,172309465.29999998,183337714.9095238,173105603.75714284,173534560.3101587,429963.9084295036,6,4,2,15,2023,0
2023-04-23,Louisiana,177272791.8,Beverages,177272791.8,176762779.7714286,173702707.6,173806347.38571426,175742755.7142857,172578217.5114285,1101751.9034255685,6,4,2,16,2023,0
2023-04-30,Louisiana,181174166.7,Beverages,181174166.7,180616827.42857143,177272791.8,170518153.77142856,179502148.8857143,174735783.3361905,1203990.4330666936,6,4,2,17,2023,0
2023-05-02,Louisiana,164619110.7,Beverages,164619110.7,172896638.7,178387470.34285715,170916223.0,176830455.74081632,174598527.93666664,6052979.797585194,1,5,2,18,2023,0
2023-05-03,Louisiana,180681855.6,Beverages,180681855.6,164619110.7,178944809.6142857,171115257.6142857,177078605.16734692,174917414.53619048,6188202.8649641005,2,5,2,18,2023,0
2023-07-05,Louisiana,193168731.3,Beverages,193168731.3,192970526.9238096,191781300.6666667,187222600.0142857,192574118.1714286,190294767.8452381,428170.38915456185,2,7,3,27,2023,0
2023-08-01,Louisiana,161935635.6,Beverages,161935635.6,163092416.92222223,170033104.85555556,192574118.1714286,165405979.56666666,178573466.202381,2498933.264698926,1,8,3,31,2023,0
2023-09-04,Louisiana,181956635.0,Beverages,181956635.0,181367782.07647052,177834664.53529412,164291047.29411763,180190076.22941175,173418267.6088235,1272067.7023066292,0,9,3,36,2023,0
2023-12-02,Louisiana,171534050.8,Beverages,171534050.8,171651158.48764047,172353804.61348316,175047281.4292135,171885373.8629214,173232112.27078655,252981.51916756743,5,12,4,48,2023,0
2023-12-03,Louisiana,198036326.9,Beverages,198036326.9,171534050.8,172236696.9258427,174930173.74157304,175571035.287801,174002317.37606743,9908281.164218836,6,12,4,48,2023,0
2019-03-11,Maine,24844075.1,Beverages,24844075.1,24847309.88275862,24866718.579310343,24941118.58275862,24853779.448275864,24890979.45,6987.929424664483,0,3,1,11,2019,0
2019-06-10,Maine,26536447.9,Beverages,26536447.9,26517850.39670329,26406265.37692308,25978522.8010989,26480655.39010989,26266784.1021978,40175.19883510801,0,6,2,24,2019,0
2019-08-12,Maine,24713977.9,Beverages,24713977.9,24742905.995238096,24916474.566666663,25581820.757142857,24800762.18571429,25133435.28095238,62491.82804511274,0,8,3,33,2019,0
2019-10-11,Maine,24804826.2,Beverages,24804826.2,24803312.061666667,24794227.231666666,24759402.05,24800283.785,24782871.194166668,3270.912629961236,4,10,4,41,2019,0
2019-10-13,Maine,26810547.3,Beverages,26810547.3,25807686.75,24797255.508333333,24762430.326666664,25232460.52380952,24886034.112,790423.661491938,6,10,4,41,2019,0
2019-10-20,Maine,26272241.1,Beverages,26272241.1,26349141.985714287,26810547.3,24773029.295,26502943.75714286,25290740.716666665,166124.8999309872,6,10,4,42,2019,0
2019-10-27,Maine,24846762.7,Beverages,24846762.7,25050402.47142857,26272241.1,24783628.26333333,25457682.014285717,25449079.82205556,439912.18483719695,6,10,4,43,2019,0
2019-11-17,Maine,25124018.6,Beverages,25124018.6,25110815.93809524,25031599.96666667,26426042.87142857,25084410.614285715,25188566.292857148,28521.009443776828,6,11,4,46,2019,0
2019-11-24,Maine,25092645.700000003,Beverages,25092645.700000003,25097127.542857144,25124018.6,25254042.242857143,25106091.228571437,25015721.179047614,9681.887134037608,6,11,4,47,2019,0
2019-12-15,Maine,25869598.5,Beverages,25869598.5,25832600.747619048,25610614.23333333,25097613.27619048,25758605.242857147,25382317.121269844,79924.27986853085,6,12,4,50,2019,0
2019-12-22,Maine,26726614.7,Beverages,26726614.7,26604183.814285714,25869598.5,25101609.38571429,26359322.04285714,25673235.60142857,264480.9412637742,6,12,4,51,2019,0
2019-12-29,Maine,25243164.8,Beverages,25243164.8,25455086.21428572,26726614.7,25277634.461904764,25878929.042857144,25838053.443809524,457802.5781419196,6,12,4,52,2019,0
2020-01-03,Maine,25700047.3,Beverages,25700047.3,25608670.8,25667007.62857143,25462623.223809525,25469246.07346939,25859497.87396825,156179.94520844275,4,1,1,1,2020,0
2020-01-11,Maine,26208035.6,Beverages,26208035.6,26144537.0625,25763545.8375,25758605.242857143,26017539.9875,25954611.90309524,137172.51875546647,5,1,1,2,2020,0
2020-01-19,Maine,26100869.5,Beverages,26100869.5,26114265.2625,26194639.8375,26481752.92857143,26141056.7875,25971271.213809524,28938.15440809553,6,1,1,3,2020,0
2020-01-26,Maine,23671917.2,Beverages,23671917.2,24018910.385714285,26100869.5,25667007.62857143,24712896.75714286,25611445.430476192,749590.9535762118,6,1,1,4,2020,0
2020-02-02,Maine,24839107.4,Beverages,24839107.4,24672365.942857143,23671917.2,25700047.3,24338883.028571427,25347694.05333333,360202.7158056973,6,2,1,5,2020,0
2020-02-08,Maine,35887495.6,Beverages,35887495.6,34046097.56666667,24672365.942857143,26081038.525,30363301.5,26420035.720416665,3977874.392197237,5,2,1,6,2020,0
2020-02-16,Maine,25099315.0,Beverages,25099315.0,26447837.575,34538973.025,26127661.025,29144882.725,27394491.615416665,2913141.7115081544,6,2,1,7,2020,0
2020-02-23,Maine,25238851.6,Beverages,25238851.6,25218917.8,25099315.0,24365903.57142857,25179050.2,27352450.512857143,43061.92964533567,6,2,1,8,2020,0
2020-03-05,Maine,27783408.3,Beverages,27783408.3,27552084.963636365,26164144.945454545,28521903.466666665,27089438.290909093,28006760.183333337,499715.5201546371,3,3,1,10,2020,0
2020-03-15,Maine,28773985.9,Beverages,28773985.9,28674928.14,28080581.58,27796360.15,28476812.62,26799249.0525,213989.21890907077,6,3,1,11,2020,0
2020-03-22,Maine,28465732.8,Beverages,28465732.8,28509768.957142856,28773985.9,25198984.0,28597841.27142857,27560654.196666665,95128.97193401038,6,3,1,12,2020,0
2020-03-29,Maine,25032203.3,Beverages,25032203.3,25522707.51428572,28465732.8,26395468.28181818,26503715.942857143,27740792.00181818,1059610.208087401,6,3,1,13,2020,0
2020-04-10,Maine,28196622.0,Beverages,28196622.0,27932920.441666663,26350711.09166667,28377754.86,27405517.325,27372255.289666664,569660.4737749735,4,4,2,15,2020,0
2020-04-19,Maine,27337984.6,Beverages,27337984.6,27433388.755555555,28005813.68888889,28553805.114285715,27624197.066666663,27097769.51690476,206096.53123588103,6,4,2,16,2020,0
2020-04-26,Maine,25890805.6,Beverages,25890805.6,26097545.45714286,27337984.6,26013211.72857143,26511025.17142857,26885455.305476192,446609.13538975775,6,4,2,17,2020,0
2020-05-01,Maine,25024726.4,Beverages,25024726.4,25197942.24,26304285.314285714,25823307.975,25549163.065306123,26872857.316666663,382079.6198498344,4,5,2,18,2020,0
2020-05-04,Maine,26134163.0,Beverages,26134163.0,25764350.8,25717589.76,26614412.65,25490179.00571429,26814221.2875,369275.0036169068,0,5,2,19,2020,0
2020-05-07,Maine,35955266.2,Beverages,35955266.2,32681565.133333337,25197942.24,27405517.325,28623210.6,27368196.224166665,4254151.122429854,3,5,2,19,2020,0
2020-05-17,Maine,29233512.7,Beverages,29233512.7,29905688.05,33938740.15,27528792.91111112,31250038.75,28837503.516851854,1452064.7157372446,6,5,2,20,2020,0
2020-05-24,Maine,31587574.5,Beverages,31587574.5,31251279.957142856,29233512.7,26304285.314285714,30578690.87142857,29693858.103571422,726479.2435156982,6,5,2,21,2020,0
2020-05-31,Maine,30695405.9,Beverages,30695405.9,30822858.557142857,31587574.5,25024726.4,31077763.87142857,30983864.95833333,275329.2074222982,6,5,2,22,2020,0
2020-06-09,Maine,30068749.1,Beverages,30068749.1,30138377.633333333,30556148.83333333,33938740.15,30277634.7,30782360.785000004,150414.82324851054,1,6,2,24,2020,0
2020-06-12,Maine,25819043.0,Beverages,25819043.0,27235611.7,30347263.23333333,31922214.1,28914228.95714286,30246483.01,1771571.471923293,4,6,2,24,2020,0
2020-06-14,Maine,31735651.7,Beverages,31735651.7,28777347.35,30208006.166666668,30577863.4,28918137.269047614,30202652.906666663,1969649.4670045413,6,6,2,24,2020,0
2020-06-21,Maine,33461790.1,Beverages,33461790.1,33215198.9,31735651.7,30914985.41428572,32722016.5,30826084.010238096,532697.8752365352,6,6,2,25,2020,0
2020-06-28,Maine,32666216.9,Beverages,32666216.9,32779870.21428572,33461790.1,30950311.21428572,33007176.842857145,31232260.703571428,245519.21980038536,6,6,2,26,2020,0
2020-07-06,Maine,31030851.7,Beverages,31030851.7,31235272.35,32461796.25,30277634.7,31644113.65,31556997.075,441599.0753501418,0,7,3,28,2020,0
2020-07-19,Maine,34398251.400000006,Beverages,34398251.400000006,34139220.65384616,32585036.17692308,32968607.7,33621159.16153847,32622356.290000003,559570.3662461457,6,7,3,29,2020,0
2020-07-26,Maine,34256703.6,Beverages,34256703.6,34276924.71428572,34398251.400000006,32893523.528571427,34317366.942857146,32887037.250476196,43682.59944042912,6,7,3,30,2020,0
2020-08-03,Maine,26842940.3,Beverages,26842940.3,27769660.7125,33329983.1875,31439693.0,29623101.5375,32338408.55333334,2001944.8977780857,0,8,3,32,2020,0
2020-08-11,Maine,26444945.2,Beverages,26444945.2,26494694.5875,26793190.9125,32585036.17692308,26594193.3625,30973797.37102564,107470.96009906316,1,8,3,33,2020,0
2020-08-16,Maine,34846874.0,Beverages,34846874.0,33166488.24,26544443.975,33880189.90769231,30052878.88392857,30661126.38179487,3270715.3488894477,6,8,3,33,2020,0
2020-08-23,Maine,32438671.3,Beverages,32438671.3,32782700.257142857,34846874.0,34297145.82857143,33470758.17142857,30463456.210476197,743187.4879955949,6,8,3,34,2020,0
2020-08-30,Maine,31354861.3,Beverages,31354861.3,31509691.3,32438671.3,29623101.5375,31819351.3,30357426.842916667,334471.02744511794,6,8,3,35,2020,0
2020-09-02,Maine,24780924.0,Beverages,24780924.0,26972236.433333334,31974181.3,26842940.3,29609304.92857143,30277684.415,2775870.608490696,2,9,3,36,2020,0
2020-09-08,Maine,34201021.6,Beverages,34201021.6,32631005.333333336,26972236.433333334,26544443.975,29490972.8,30999117.112916667,3391622.7721830504,1,9,3,37,2020,0
2020-09-13,Maine,29549898.0,Beverages,29549898.0,30480122.72,31060989.066666663,31486102.48,31983394.87619048,31488948.688000005,1614123.3280003222,6,9,3,37,2020,0
2020-09-20,Maine,29477979.0,Beverages,29477979.0,29488253.14285714,29549898.0,33126729.21428572,29508801.42857143,30471425.75857143,22194.685258028923,6,9,3,38,2020,0
2020-09-27,Maine,28839966.7,Beverages,28839966.7,28931111.314285714,29477979.0,31664521.3,29113400.54285714,29761476.616666667,196894.87041479332,6,9,3,39,2020,0
2020-10-05,Maine,28044138.8,Beverages,28044138.8,28143617.2875,28740488.2125,29490972.8,28342574.2625,29747955.835,214898.09418656531,0,10,4,41,2020,0
2020-10-18,Maine,28172231.6,Beverages,28172231.6,28162378.307692308,28103258.553846154,29498527.285714287,28142671.72307692,28512299.93309524,21285.54416560946,6,10,4,42,2020,0
2020-10-25,Maine,26759991.4,Beverages,26759991.4,26961740.0,28172231.6,29022255.92857143,27365237.2,28064556.682142857,435826.7876227214,6,10,4,43,2020,0
2020-11-10,Maine,28329168.8,Beverages,28329168.8,28231095.2125,27642653.6875,28103258.553846154,28034948.0375,27668441.092051283,211863.1633175824,1,11,4,46,2020,0
2020-11-15,Maine,27075403.8,Beverages,27075403.8,27326156.8,28133021.625,28152525.01538462,27777830.430357147,27575789.65358974,472588.46247366,6,11,4,46,2020,0
2020-11-22,Maine,26885825.1,Beverages,26885825.1,26912907.77142857,27075403.8,27163488.6,26967073.11428571,27395788.75,58505.25698648988,6,11,4,47,2020,0
2020-11-29,Maine,26273515.9,Beverages,26273515.9,26360988.64285714,26885825.1,27250359.3375,26535934.12857143,27287746.972916663,188962.721546391,6,11,4,48,2020,0
2020-12-01,Maine,24355262.1,Beverages,24355262.1,25314389.0,26710879.614285715,27446506.5125,25987422.575510204,27116904.02833333,842241.1315043226,1,12,4,49,2020,0
2020-12-04,Maine,25833007.8,Beverages,25833007.8,25340425.9,26448461.385714285,27740727.275,25475061.90612245,26886681.24958333,735052.9199323187,4,12,4,49,2020,0
2020-12-07,Maine,32885624.0,Beverages,32885624.0,30534751.933333334,25314389.0,28034948.0375,27425827.942857143,27146468.997916665,3240621.7915738304,0,12,4,50,2020,0
2020-12-13,Maine,26552092.9,Beverages,26552092.9,27607681.416666664,30534751.933333334,27576909.8,29718858.45,27378806.035000004,2280331.8202445977,6,12,4,50,2020,0
2020-12-20,Maine,27075288.5,Beverages,27075288.5,27000546.27142857,26552092.9,26939990.442857143,26851061.814285714,27331642.474047616,161461.66753216725,6,12,4,51,2020,0
2020-12-27,Maine,27093728.8,Beverages,27093728.8,27091094.471428573,27075288.5,26448461.385714285,27085825.814285714,27421142.92309524,5690.800164494715,6,12,4,52,2020,0
2021-01-08,Maine,36198813.9,Beverages,36198813.9,35440056.80833333,30887514.258333333,30774446.966666665,33922542.625,29146930.495,1639102.6547232512,4,1,1,1,2021,0
2021-01-17,Maine,27089362.9,Beverages,27089362.9,28101524.122222222,34174491.45555555,26925804.042857144,30125846.566666663,30274216.144047614,2186518.14206868,6,1,1,2,2021,0
2021-01-24,Maine,26264300.6,Beverages,26264300.6,26382166.642857146,27089362.9,27088460.14285714,26617898.728571437,30168666.10738095,254619.75363614075,6,1,1,3,2021,0
2021-01-31,Maine,26116338.1,Beverages,26116338.1,26137475.6,26264300.6,30887514.258333333,26179750.6,29576113.7925,45662.21884506858,6,1,1,4,2021,0
2021-02-05,Maine,29137324.4,Beverages,29137324.4,28533127.14,26158613.1,34681299.71666667,27414066.15714285,28703637.850277778,1175425.3213463044,4,2,1,5,2021,0
2021-02-14,Maine,27211331.3,Beverages,27211331.3,27425330.53333333,28709325.933333334,29113685.344444443,27853329.0,27234167.86074074,462291.1802977661,6,2,1,6,2021,0
2021-02-21,Maine,26945072.2,Beverages,26945072.2,26983109.21428572,27211331.3,26500032.68571429,27059183.242857147,27252320.2547619,82169.34217960853,6,2,1,7,2021,0
2021-02-28,Maine,27028027.9,Beverages,27028027.9,27016177.085714284,26945072.2,26158613.1,26992475.457142856,27428867.60333333,25600.68482925804,6,2,1,8,2021,0
2021-03-01,Maine,26270826.7,Beverages,26270826.7,27028027.9,26956923.01428572,26137475.6,26894461.69795918,27433312.64,275740.95450558426,0,3,1,9,2021,0
2021-03-10,Maine,43463387.0,Beverages,43463387.0,41553102.52222222,30091395.65555556,28495326.7,37732533.56666667,29783688.523333333,4126686.120223759,2,3,1,10,2021,0
2021-03-14,Maine,30657060.0,Beverages,30657060.0,33858641.75,37732533.56666666,27639329.766666666,38071005.438095234,30783569.057777777,4513041.3363937605,6,3,1,10,2021,0
2021-03-21,Maine,30670986.0,Beverages,30670986.0,30668996.57142857,30657060.0,27021146.22857143,30665017.714285716,31601314.42047619,4297.656927780182,6,3,1,11,2021,0
2021-03-28,Maine,26865894.8,Beverages,26865894.8,27409479.257142857,30670986.0,27004326.27142857,28496648.17142857,31956155.50619048,1174276.6381426705,6,3,1,12,2021,0
2021-04-04,Maine,28185004.4,Beverages,28185004.4,27996560.17142857,26865894.8,33911964.61111111,27619671.714285716,31584039.464074075,407086.0604946913,6,4,2,13,2021,0
2021-04-07,Maine,36680245.400000006,Beverages,36680245.400000006,33848498.400000006,27431227.485714287,39642818.04444444,30450692.48979592,31195635.94740741,3578333.749767991,2,4,2,14,2021,0
2021-04-18,Maine,28809628.2,Beverages,28809628.2,29525138.85454545,33818202.78181819,30667007.14285714,30956160.163636364,30398623.77238095,1545679.6730191049,6,4,2,15,2021,0
2021-04-25,Maine,28539332.6,Beverages,28539332.6,28577946.257142857,28809628.2,27953063.71428572,28655173.57142857,30200126.08190476,83415.0331215374,6,4,2,16,2021,0
2021-05-09,Maine,33063174.2,Beverages,33063174.2,32740042.65714285,30801253.4,35249224.09090909,32093779.57142857,30637024.025454544,698043.9135779325,6,5,2,18,2021,0
2021-05-12,Maine,40174635.7,Beverages,40174635.7,37804148.53333333,31770648.028571427,33102692.12727273,34818050.448979594,31035618.60060606,3124462.435733533,2,5,2,19,2021,0
2021-05-16,Maine,31277692.2,Beverages,31277692.2,33501928.075,33063174.2,30240649.509090908,35981232.80714286,31475636.00348485,2983856.819425949,6,5,2,19,2021,0
2021-05-23,Maine,33579850.6,Beverages,33579850.6,33250970.82857143,31277692.2,28616559.91428572,32593211.285714287,32353928.530238096,710461.5065267966,6,5,2,20,2021,0
2021-05-30,Maine,33587974.5,Beverages,33587974.5,33586813.942857146,33579850.6,30154990.314285714,33584492.82857143,33368279.690238096,2507.089978151062,6,5,2,21,2021,0
2021-06-06,Maine,32751825.700000003,Beverages,32751825.700000003,32871275.52857143,33587974.5,32416911.114285715,33110175.18571429,33756233.38690476,258041.1218137106,6,6,2,22,2021,0
2021-06-13,Maine,34354336.2,Beverages,34354336.2,34125406.12857143,32751825.700000003,35726163.95,33667545.985714294,33182253.242500003,494545.4769988951,6,6,2,23,2021,0
2021-06-20,Maine,35928123.1,Beverages,35928123.1,35703296.4,34354336.2,32922091.057142857,35253643.00000001,33871394.01428571,485681.1815928365,6,6,2,24,2021,0
2021-06-27,Maine,34567762.2,Beverages,34567762.2,34762099.47142857,35928123.1,33585653.385714285,35150774.01428572,34248325.19142857,419816.48805481766,6,6,2,25,2021,0
2021-07-02,Maine,26379035.9,Beverages,26379035.9,28016781.16,34956436.74285714,33229625.01428572,31086070.53877551,33616679.16238096,3232750.472999531,4,7,3,26,2021,0
2021-07-03,Maine,27970334.2,Beverages,27970334.2,26379035.9,34762099.47142857,33110175.18571429,30115818.35714286,33445351.12952381,2952652.843105553,5,7,3,26,2021,0
2021-07-11,Maine,41105433.400000006,Beverages,41105433.400000006,39463546.00000001,29612221.6,33896476.05714286,36179771.2,34014141.59095238,3546882.16512768,6,7,3,27,2021,0
2021-07-18,Maine,35155856.5,Beverages,35155856.5,36005796.057142854,41105433.400000006,35478469.7,37705675.171428576,34691338.336666666,1836079.293054108,6,7,3,28,2021,0
2021-07-25,Maine,35574006.800000004,Beverages,35574006.800000004,35514271.04285715,35155856.5,34956436.74285714,35394799.528571434,34671559.02904762,129043.98415481592,6,7,3,29,2021,0
2021-08-08,Maine,36088446.7,Beverages,36088446.7,36051700.99285714,35831226.75,37821658.60000001,35978209.57857143,36472223.22500001,79379.79992325847,6,8,3,31,2021,0
2021-08-15,Maine,37660011.8,Beverages,37660011.8,37435502.5,36088446.7,36855735.61428572,36986483.9,35990834.366904765,484995.5192268306,6,8,3,32,2021,0
2021-08-22,Maine,35352230.7,Beverages,35352230.7,35681913.71428572,37660011.8,35454535.28571429,36341279.74285714,36209233.92642857,712196.709418286,6,8,3,33,2021,0
2021-08-29,Maine,33851395.3,Beverages,33851395.3,34065800.35714286,35352230.7,35757735.33571429,34494610.47142857,35940993.12142857,463167.85992327856,6,8,3,34,2021,0
2021-09-05,Maine,29339259.2,Beverages,29339259.2,29983850.07142857,33851395.3,36014955.28571429,31273031.814285714,34860266.306428574,1392475.4314297785,6,9,3,35,2021,0
2021-09-19,Maine,31713372.6,Beverages,31713372.6,31543793.07142857,30526315.9,36011596.72857143,31204634.01428572,31998770.65714285,366333.6508098909,6,9,3,37,2021,0
2021-09-26,Maine,31024787.3,Beverages,31024787.3,31123156.62857143,31713372.6,34280205.41428571,31319895.285714287,31154105.488571424,212502.0370492972,6,9,3,38,2021,0
2021-10-01,Maine,26118467.1,Beverages,26118467.1,27099731.14,31221525.95714286,31917622.68571428,28936131.404081635,30314143.47428572,1933504.7519450283,4,10,4,39,2021,0
2021-10-10,Maine,43838076.1,Beverages,43838076.1,41869230.65555556,30056157.98888889,30187156.842857145,37931539.766666666,32087466.072380956,4253192.266895307,6,10,4,40,2021,0
2021-10-17,Maine,43846987.60000001,Beverages,43846987.60000001,43845714.52857144,43838076.1,31374213.542857144,43843168.38571429,35115594.53904762,2750.14852657388,6,10,4,41,2021,0
2021-10-24,Maine,41226742.9,Beverages,41226742.9,41601063.571428575,43846987.60000001,31221525.95714286,42349704.91428571,37652242.72761905,808625.0698605911,6,10,4,42,2021,0
2021-10-31,Maine,40259828.900000006,Beverages,40259828.900000006,40397959.47142857,41226742.9,26118467.1,40674220.61428572,40391130.21000001,298396.1386498875,6,10,4,43,2021,0
2021-11-04,Maine,27250032.4,Beverages,27250032.4,30502481.525,40674220.61428572,33993848.87777778,35672671.82346939,40536213.593518525,5325318.289108153,3,11,4,44,2021,0
2021-11-07,Maine,33697577.2,Beverages,33697577.2,31548395.6,40259828.900000006,39900385.21111111,31880001.592857145,39897899.17685186,3232836.550132654,6,11,4,44,2021,0
2021-11-14,Maine,42309514.6,Beverages,42309514.6,41079237.82857143,33697577.2,43844441.45714287,38618684.28571428,38745032.732619055,2657701.5809675925,6,11,4,45,2021,0
2021-11-21,Maine,41755768.900000006,Beverages,41755768.900000006,41834875.42857143,42309514.6,41975384.24285714,41993088.48571429,38499659.04404762,170889.63307277957,6,11,4,46,2021,0
2021-11-28,Maine,39584633.0,Beverages,39584633.0,39894795.27142857,41755768.900000006,40536090.04285715,40515119.81428572,38390201.58738095,670027.085185598,6,11,4,47,2021,0
2021-12-09,Maine,31746175.4,Beverages,31746175.4,32458762.454545453,36734284.78181818,36158130.74285714,33883936.56363636,38840082.692857146,1539363.9751836958,3,12,4,49,2021,0
2021-12-12,Maine,41096060.99999999,Beverages,41096060.99999999,37979432.46666666,34596523.61818182,39848961.05714286,35028360.189610384,38776157.51095238,3358744.636498763,6,12,4,49,2021,0
2021-12-19,Maine,43594914.10000001,Beverages,43594914.10000001,43237935.085714296,41096060.99999999,41913981.95714286,42523977.05714285,38906761.24095238,771162.8087860266,6,12,4,50,2021,0
2021-12-26,Maine,41576613.3,Beverages,41576613.3,41864941.98571429,43594914.10000001,40204957.54285715,42441599.35714286,39219232.59904762,622861.1493419872,6,12,4,51,2021,0
2022-01-05,Maine,44706504.5,Beverages,44706504.5,44393515.38,42515580.66,33883936.56363636,43767537.14,41301805.14212121,676133.7760472685,2,1,1,1,2022,0
2022-01-16,Maine,43350787.1,Beverages,43350787.1,43474034.13636364,44213516.35454545,42880956.071428575,43720528.20909091,43351394.14619048,266244.0281724315,6,1,1,2,2022,0
2022-01-23,Maine,39822332.0,Beverages,39822332.0,40326397.01428571,43350787.1,42153270.67142857,41334527.04285715,42980034.14285714,1088904.8842414424,6,1,1,3,2022,0
2022-01-30,Maine,41230768.8,Beverages,41230768.8,41029563.54285714,39822332.0,43141558.9,40627153.02857143,42592387.89666667,434653.0328992394,6,1,1,4,2022,0
2022-02-01,Maine,40280282.5,Beverages,40280282.5,40755525.65,40224742.51428571,43767537.14,40739657.08265306,42386178.663,330517.7480752223,1,2,1,5,2022,0
2022-02-10,Maine,45716878.7,Beverages,45716878.7,45112812.45555556,41488414.98888889,43967022.28181818,43904679.96666666,42081983.26712121,1304932.2316350492,3,2,1,6,2022,0
2022-02-13,Maine,41681664.4,Beverages,41681664.4,43026735.833333336,43300613.722222224,43597281.17272727,44046189.26190476,42012604.029545456,1347785.9775887835,6,2,1,6,2022,0
2022-02-20,Maine,41618979.1,Beverages,41618979.1,41627934.14285714,41681664.4,40830462.02857143,41645844.22857143,41862708.29880952,19345.103555591195,6,2,1,7,2022,0
2022-02-27,Maine,41625883.7,Beverages,41625883.7,41624897.32857143,41618979.1,40828358.28571428,41622924.58571429,42165441.77309524,2130.8057185566017,6,2,1,8,2022,0
2022-03-04,Maine,42883243.1,Beverages,42883243.1,42631771.22,41623910.95714286,40884348.744444445,42164611.10408163,42422808.68851852,491003.447926935,4,3,1,9,2022,0
2022-03-07,Maine,60165439.3,Beverages,60165439.3,54404707.23333333,41877355.580000006,42696547.47777778,47605466.117142856,43654031.28851852,7180924.698341384,0,3,1,10,2022,0
2022-03-13,Maine,42707838.3,Beverages,42707838.3,45617438.46666667,54404707.23333333,44371807.266666666,51436638.8,44753214.42111111,6285454.738737002,6,3,1,10,2022,0
2022-03-20,Maine,42695171.900000006,Beverages,42695171.900000006,42696981.38571429,42707838.3,41636889.18571429,42700600.35714286,44950607.95142857,3908.935856037713,6,3,1,11,2022,0
2022-03-27,Maine,42142863.0,Beverages,42142863.0,42221764.27142857,42695171.900000006,41623910.95714286,42379566.81428572,45127286.73095238,170446.22696659234,6,3,1,12,2022,0
2022-04-09,Maine,50340572.2,Beverages,50340572.2,49709979.18461539,45926421.092307694,51436638.8,48448793.15384616,44588488.96666667,1362236.6063115716,5,4,2,14,2022,0
2022-04-12,Maine,42473738.6,Beverages,42473738.6,45096016.46666667,47818200.13846154,42707838.3,47552397.15824176,44536346.76666667,2811239.4126220867,1,4,2,15,2022,0
2022-04-17,Maine,45834935.9,Beverages,45834935.9,45162696.44,47718294.333333336,42698790.87142857,44288862.85238096,44834354.62285714,1201972.884185118,6,4,2,15,2022,0
2022-04-24,Maine,41993770.5,Beverages,41993770.5,42542508.41428571,45834935.9,42300665.54285715,43639984.24285714,45094201.15571429,1185409.3779568442,6,4,2,16,2022,0
2022-05-06,Maine,50254515.2,Beverages,50254515.2,49566119.80833334,45435747.458333336,48448793.15384616,48189329.025,45665674.93679487,1487104.0104567949,4,5,2,18,2022,0
2022-05-15,Maine,49489859.8,Beverages,49489859.8,49574821.51111111,50084591.777777776,44490456.98,49744744.93333334,46752165.613,183538.27300090107,6,5,2,19,2022,0
2022-05-22,Maine,49955614.8,Beverages,49955614.8,49889078.37142857,49489859.8,43091246.32857143,49756005.514285706,47963858.79547619,143735.11352256953,6,5,2,20,2022,0
2022-05-29,Maine,50620252.10000001,Beverages,50620252.10000001,50525303.91428572,49955614.8,45435747.458333336,50335407.54285715,49547751.8125,205111.5237991478,6,5,2,21,2022,0
2022-06-02,Maine,40438797.6,Beverages,40438797.6,42984161.225,50335407.54285715,48189329.025000006,46943326.27040817,49161099.42583334,4077844.005513345,3,6,2,22,2022,0
2022-06-03,Maine,42524510.70000001,Beverages,42524510.70000001,40438797.6,50430355.72857144,48877724.41666667,45813919.83775511,48949325.63527778,4045790.2971723294,4,6,2,22,2022,0
2022-06-11,Maine,43840590.5,Beverages,43840590.5,43676080.525,42689020.67500001,49744744.93333333,43347060.575,47167822.782777786,355382.16342452925,5,6,2,23,2022,0
2022-06-19,Maine,53278672.9,Beverages,53278672.9,52098912.6,45020350.8,49822541.94285714,49739392.0,47035298.94404762,2548573.530191866,6,6,2,24,2022,0
2022-06-26,Maine,53405146.9,Beverages,53405146.9,53387079.18571428,53278672.9,50430355.72857144,53350943.75714286,47782286.1554762,39030.72376200991,6,6,2,25,2022,0
2022-07-08,Maine,56130667.1,Beverages,56130667.1,55903540.41666667,54540780.31666666,43347060.575,55449287.05,51875286.22583333,490649.7134572556,4,7,3,27,2022,0
2022-07-17,Maine,57223095.7,Beverages,57223095.7,57101714.744444445,56373429.01111111,50919152.3,56858952.83333333,54934999.42666666,262212.83289285854,6,7,3,28,2022,0
2022-07-24,Maine,56848076.0,Beverages,56848076.0,56901650.24285714,57223095.7,53369011.47142857,57008798.72857143,55835653.60619047,115733.59202206494,6,7,3,29,2022,0
2022-07-31,Maine,56910943.3,Beverages,56910943.3,56901962.25714286,56848076.0,54540780.31666666,56884000.17142857,56534424.95166667,19401.26997741927,6,7,3,30,2022,0
2022-08-05,Maine,46270968.8,Beverages,46270968.8,48398963.7,56892981.21428571,55676413.73333333,52349671.22244898,55751891.32388889,4151778.4561646,4,8,3,31,2022,0
2022-08-14,Maine,55607959.9,Beverages,55607959.9,54570516.44444444,48345855.71111111,56980333.788888894,52495629.53333333,54244429.01481482,2241134.0082385726,6,8,3,32,2022,0
2022-08-21,Maine,54262439.2,Beverages,54262439.2,54454656.442857146,55607959.9,56955224.48571429,54839090.92857143,53718994.38809524,415236.70290622994,6,8,3,33,2022,0
2022-08-28,Maine,52309755.4,Beverages,52309755.4,52588710.22857143,54262439.2,56892981.21428571,53146619.885714285,52849044.965238094,602611.3035132807,6,8,3,34,2022,0
2022-09-01,Maine,39650663.1,Beverages,39650663.1,42815436.175,53146619.885714285,52654953.5,47908203.07653061,51393727.745,5247969.408504536,3,9,3,35,2022,0
2022-09-10,Maine,46496664.2,Beverages,46496664.2,45735997.41111112,41171996.67777778,52495629.53333333,44214663.833333336,49609626.30944444,1643228.072226796,5,9,3,36,2022,0
2022-09-18,Maine,49097846.2,Beverages,49097846.2,48772698.45,46821811.95,54646873.68571429,48122402.95,47769977.72309523,702399.418807442,6,9,3,37,2022,0
2022-09-25,Maine,46571181.6,Beverages,46571181.6,46932133.68571429,49097846.2,52867665.05714285,47654037.85714287,46361087.58261905,779745.6240217442,6,9,3,38,2022,0
2022-10-04,Maine,42469419.1,Beverages,42469419.1,42925170.48888889,45659678.82222223,41932663.46666667,43836673.266666666,46115290.09555556,984535.5247765208,1,10,4,40,2022,0
2022-10-07,Maine,54669439.6,Beverages,54669439.6,50602766.1,44292424.655555554,44214663.833333336,46345783.2904762,46830167.00111111,4641375.55430556,4,10,4,40,2022,0
2022-10-16,Maine,46908089.1,Beverages,46908089.1,47770461.37777778,52944695.04444445,48447550.7,49495205.93333334,47836904.458333336,1862937.0392578568,6,10,4,41,2022,0
2022-10-23,Maine,44300276.8,Beverages,44300276.8,44672821.41428571,46908089.1,47293085.77142857,45417910.64285714,47169567.129523806,804788.3479251539,6,10,4,42,2022,0
2022-10-30,Maine,43331365.6,Beverages,43331365.6,43469781.48571429,44300276.8,44292424.655555554,43746613.25714286,46726345.14111111,299012.48795293696,6,10,4,43,2022,0
2022-11-09,Maine,48100551.1,Beverages,48100551.1,47623632.55,44762121.25,52082322.766666666,46669795.45,45935998.743888885,1030261.8189371824,2,11,4,45,2022,0
2022-11-12,Maine,44077649.900000006,Beverages,44077649.900000006,45418616.96666667,46192876.9,49495205.93333334,46542363.42857143,45442102.61944445,1376188.8160981394,5,11,4,45,2022,0
2022-11-13,Maine,44716273.1,Beverages,44716273.1,44077649.900000006,46669795.45,48632833.65555556,46263288.80714286,45311550.60092592,1534957.2416987142,6,11,4,45,2022,0
2022-11-20,Maine,44409591.00000001,Beverages,44409591.00000001,44453402.72857144,44716273.1,45045366.02857143,44541026.1857143,44916762.48547619,94644.15081073338,6,11,4,46,2022,0
2022-11-27,Maine,43874864.9,Beverages,43874864.9,43951254.342857145,44409591.00000001,43608197.37142857,44104033.22857143,44927762.107857145,165020.05708665607,6,11,4,47,2022,0
2022-12-06,Maine,52791107.6,Beverages,52791107.6,51800413.96666667,45856252.16666666,46669795.45,49819026.7,46127114.505,2140142.8497324074,1,12,4,49,2022,0
2022-12-18,Maine,46588230.8,Beverages,46588230.8,47105137.2,50206575.6,44497214.45714286,48138950.0,47674027.19761905,1116645.44791607,6,12,4,50,2022,0
2022-12-25,Maine,47018805.7,Beverages,47018805.7,46957295.0,46588230.8,44027643.78571428,46834273.6,48276520.80142857,132878.29896145477,6,12,4,51,2022,0
2023-01-01,Maine,42599536.400000006,Beverages,42599536.400000006,43230860.585714296,47018805.7,48828333.06666666,44493508.95714287,47922977.95,1363816.1147495238,6,1,1,52,2023,0
2023-01-15,Maine,44353320.8,Beverages,44353320.8,44228050.48571429,43476428.6,47622043.6,43977509.85714286,44751157.95000001,270614.8080326305,6,1,1,2,2023,0
2023-01-22,Maine,43405431.60000001,Beverages,43405431.60000001,43540844.34285715,44353320.8,46895784.3,43811669.82857143,44055308.16,292524.9579070634,6,1,1,3,2023,0
2023-01-29,Maine,43975210.6,Beverages,43975210.6,43893813.6,43405431.60000001,43862184.77142858,43731019.60000001,43605870.51952381,175837.61687825687,6,1,1,4,2023,0
2023-02-04,Maine,44473894.6,Beverages,44473894.6,44390780.6,43893813.6,43100617.65714286,44224552.60000001,43876384.24857143,179546.76080445797,5,2,1,5,2023,0
2023-02-19,Maine,45523131.0,Beverages,45523131.0,45453181.906666666,45033487.34666666,43676257.08571429,45313283.71999999,44472079.36476191,151107.31199589904,6,2,1,7,2023,0
2023-02-26,Maine,44869120.50000001,Beverages,44869120.50000001,44962550.571428575,45523131.0,43812416.6,45149410.71428573,44833795.56666667,201832.0221222357,6,2,1,8,2023,0
2023-03-19,Maine,48532856.6,Beverages,48532856.6,48358392.97619048,47311611.23333333,45383232.81333333,48009465.72857143,46319160.51688889,376884.5024049344,6,3,1,11,2023,0
2023-03-26,Maine,44174255.1,Beverages,44174255.1,44796912.45714286,48532856.6,45055980.64285715,46042227.171428576,46489329.629047625,1345093.625199773,6,3,1,12,2023,0
2023-04-16,Maine,48286698.0,Beverages,48286698.0,48090867.385714285,46915883.7,48183929.35238096,47699206.15714286,46402768.95920635,423042.4773320755,6,4,2,15,2023,0
2023-04-23,Maine,45977851.7,Beverages,45977851.7,46307686.885714285,48286698.0,45419569.81428572,46967357.25714286,46354629.91190477,712525.4372753688,6,4,2,16,2023,0
2023-04-30,Maine,47178282.4,Beverages,47178282.4,47006792.3,45977851.7,45153408.171428576,46663812.1,46816855.99285714,370460.9568151482,6,4,2,17,2023,0
2023-05-02,Maine,42648131.7,Beverages,42648131.7,44913207.05,46320831.9,45545069.4,45962549.96428572,46705757.01166666,1642612.7485958035,1,5,2,18,2023,0
2023-05-03,Maine,46290150.8,Beverages,46290150.8,42648131.7,46492322.0,45740900.01428571,45933668.36428572,46724065.37119047,1633497.5115327805,2,5,2,18,2023,0
2023-07-05,Maine,49205689.0,Beverages,49205689.0,49159410.61587302,48881740.31111111,47817337.47619048,49066853.84761906,48534652.43015873,99972.7358218028,2,7,3,27,2023,0
2023-08-01,Maine,42122441.2,Beverages,42122441.2,42384783.71111111,43958838.77777778,49066853.84761905,42909468.73333333,45895545.521587305,566724.5962278742,1,8,3,31,2023,0
2023-09-04,Maine,45983215.3,Beverages,45983215.3,45869663.12058824,45188350.044117644,42576649.91764706,45642558.76176471,44336708.69852941,245300.74350352588,0,9,3,36,2023,0
2023-12-02,Maine,46050376.400000006,Beverages,46050376.400000006,46049621.78089888,46045094.06629214,46027737.82696629,46048112.54269664,46039434.42303371,1630.1637404199646,5,12,4,48,2023,0
2023-12-03,Maine,48906544.1,Beverages,48906544.1,46050376.400000006,46045848.68539327,46028492.446067415,46456783.31621189,46135369.4781648,1080243.7363439105,6,12,4,48,2023,0
2019-03-11,Maryland,88673877.5,Beverages,88673877.5,88684015.01206897,88744840.08448276,88978002.86206897,88704290.03620689,88820871.425,21899.529015885357,0,3,1,11,2019,0
2019-06-10,Maryland,97008034.1,Beverages,97008034.1,96916449.96153846,96366945.13076922,94260509.94615383,96733281.68461536,95680064.0923077,197844.3511530045,0,6,2,24,2019,0
2019-08-12,Maryland,87415041.10000001,Beverages,87415041.10000001,87567310.83015874,88480929.21111111,91983133.0047619,87871850.2904762,89622952.18730159,328940.21245689504,0,8,3,33,2019,0
2019-10-11,Maryland,88525552.9,Beverages,88525552.9,88507044.37,88395993.19000001,87970297.0,88470027.31000002,88257179.215,39982.994533487865,4,10,4,41,2019,0
2019-10-13,Maryland,93758114.9,Beverages,93758114.9,91141833.9,88433010.25,88007314.06,89620375.42857143,88553973.52200001,2075429.8246310635,6,10,4,41,2019,0
2019-10-20,Maryland,90181316.3,Beverages,90181316.3,90692287.52857144,93758114.9,88136873.77000001,91714229.9857143,89401645.94333334,1103824.012238935,6,10,4,42,2019,0
2019-10-27,Maryland,88416678.7,Beverages,88416678.7,88668769.78571428,90181316.3,88266433.48,89172951.95714284,89626122.89233333,544578.9862972037,6,10,4,43,2019,0
2019-11-17,Maryland,90307204.5,Beverages,90307204.5,90217179.46190476,89677029.23333333,91203258.75714286,90037129.38571429,89421010.13428572,194476.3094172685,6,11,4,46,2019,0
2019-11-24,Maryland,93588028.4,Beverages,93588028.4,93119339.27142856,90307204.5,88920860.87142858,92181961.01428571,89996840.40285714,1012484.236810938,6,11,4,47,2019,0
2019-12-15,Maryland,90575816.0,Beverages,90575816.0,90719254.68571427,91579886.8,90127154.42380951,91006132.05714284,91933745.70206349,309862.976076944,6,12,4,50,2019,0
2019-12-22,Maryland,97500111.9,Beverages,97500111.9,96510926.77142856,90575816.0,92650650.14285716,94532556.51428571,92688317.44238096,2136884.106997305,6,12,4,51,2019,0
2019-12-29,Maryland,92797309.6,Beverages,92797309.6,93469138.5,97500111.9,92870834.97142856,94812796.29999998,93061438.93285714,1451316.2981984972,6,12,4,52,2019,0
2020-01-03,Maryland,90814110.0,Beverages,90814110.0,91210749.92,94140967.4,92153641.54285714,92043342.47142856,92922584.08714284,924199.33741555,4,1,1,1,2020,0
2020-01-11,Maryland,92795121.6,Beverages,92795121.6,92547495.15,91061736.45,91006132.05714284,92052242.25,93034653.83857144,534934.2708384886,5,1,1,2,2020,0
2020-01-19,Maryland,88445894.3,Beverages,88445894.3,88989547.71249999,92251468.1875,95521741.64285716,90076854.5375,92465148.13738094,1174425.5987389006,6,1,1,3,2020,0
2020-01-26,Maryland,85581662.7,Beverages,85581662.7,85990838.64285715,88445894.3,94140967.4,86809190.52857144,90339487.105,883921.0618948062,6,1,1,4,2020,0
2020-02-02,Maryland,87410693.1,Beverages,87410693.1,87149403.04285714,85581662.7,90814110.0,86626822.92857143,89075632.545,564451.0358054176,6,2,1,5,2020,0
2020-02-08,Maryland,107791834.6,Beverages,107791834.6,104394977.68333332,87149403.04285714,92299868.7,97601263.85,90599410.49166666,7338049.622169837,5,2,1,6,2020,0
2020-02-16,Maryland,87373770.2,Beverages,87373770.2,89926028.25,105239576.55,89533201.125,95030544.35,91924635.90208334,5513507.5391579,6,2,1,7,2020,0
2020-02-23,Maryland,88053306.19999999,Beverages,88053306.19999999,87956229.62857142,87373770.2,86400014.58571428,87762076.48571429,91951544.60309523,209709.36243926425,6,2,1,8,2020,0
2020-03-05,Maryland,95277516.7,Beverages,95277516.7,94620770.2909091,90680291.83636364,94204406.93333332,93307277.47272728,93583525.01666668,1418734.3939758476,3,3,1,10,2020,0
2020-03-15,Maryland,111894147.4,Beverages,111894147.4,110232484.33,100262505.91,92478286.3,106909158.19,94924420.03,3589602.494929693,6,3,1,11,2020,0
2020-03-22,Maryland,106607340.3,Beverages,106607340.3,107362598.45714286,111894147.4,87859153.05714285,108873114.77142856,99807320.20928572,1631544.0922657077,6,3,1,12,2020,0
2020-03-29,Maryland,92700909.9,Beverages,92700909.9,94687542.81428573,106607340.3,91337038.24545452,98660808.64285716,101957266.79378788,4291617.593469115,6,3,1,13,2020,0
2020-04-10,Maryland,98860220.4,Beverages,98860220.4,98346944.525,95267289.275,105247495.12,97320392.775,101426350.40433334,1108802.617540375,4,4,2,15,2020,0
2020-04-19,Maryland,96380380.8,Beverages,96380380.8,96655918.53333332,98309144.93333334,108117856.61428572,97206994.0,97812827.39690477,595229.534118675,6,4,2,16,2020,0
2020-04-26,Maryland,93906193.4,Beverages,93906193.4,94259648.74285714,96380380.8,96674175.72857144,94966559.42857143,96064786.37880953,763550.8085069587,6,4,2,17,2020,0
2020-05-01,Maryland,88313854.0,Beverages,88313854.0,89432321.88,94613104.0857143,94240737.525,91559970.13469388,95537556.75,2250739.0388967614,4,5,2,18,2020,0
2020-05-04,Maryland,94743295.5,Beverages,94743295.5,92600148.33333331,92787725.52,95780565.15,91109524.04,95270842.65583332,2125492.321960561,0,5,2,19,2020,0
2020-05-07,Maryland,115323225.5,Beverages,115323225.5,108463248.83333331,89432321.88,97320392.775,98786292.21428572,96436455.84916666,10072340.6582147,3,5,2,19,2020,0
2020-05-17,Maryland,98558236.8,Beverages,98558236.8,100234735.67,110293728.89,96931456.26666668,103587733.41,99159039.09277776,3621651.4858810734,6,5,2,20,2020,0
2020-05-24,Maryland,105278231.5,Beverages,105278231.5,104318232.25714286,98558236.8,94613104.0857143,102398233.77142856,100730747.86642855,2073835.387874734,6,5,2,21,2020,0
2020-05-31,Maryland,103364484.5,Beverages,103364484.5,103637876.92857143,105278231.5,88313854.0,104184661.78571428,103676509.25166668,590595.1461587317,6,5,2,22,2020,0
2020-06-09,Maryland,103513800.3,Beverages,103513800.3,103497209.65555556,103397665.78888889,110293728.89,103464028.36666667,103407378.07566668,35839.88820389444,1,6,2,24,2020,0
2020-06-12,Maryland,87783075.0,Beverages,87783075.0,93026650.1,103447437.72222222,105264232.28,99005086.8047619,102015969.97066668,6359186.130165303,4,6,2,24,2020,0
2020-06-14,Maryland,105414879.9,Beverages,105414879.9,96598977.45,103480619.01111113,101911234.54,98300688.22936508,101899799.61733334,6404744.456594358,6,6,2,24,2020,0
2020-06-21,Maryland,104003905.8,Beverages,104003905.8,104205473.52857144,105414879.9,103358233.01428571,104608608.9857143,102775670.21023811,435436.0606780352,6,6,2,25,2020,0
2020-06-28,Maryland,108601123.8,Beverages,108601123.8,107944378.37142856,104003905.8,103911269.35714284,106630887.5142857,103259986.13595238,1418732.2758115614,6,6,2,26,2020,0
2020-07-06,Maryland,104723816.2,Beverages,104723816.2,105208479.65,108116460.35,103464028.36666666,106177806.55,104054100.61055556,1046992.7151479176,0,7,3,28,2020,0
2020-07-19,Maryland,112171285.6,Beverages,112171285.6,111598403.33846152,108161109.76923075,104407041.25714286,110452638.8153846,107317619.81761906,1237567.129248802,6,7,3,29,2020,0
2020-07-26,Maryland,108600663.0,Beverages,108600663.0,109110751.94285716,112171285.6,107287632.94285716,110130929.82857142,108412167.11904764,1101918.0572600125,6,7,3,30,2020,0
2020-08-03,Maryland,95686987.3,Beverages,95686987.3,97301196.7625,106986453.5375,105693143.1,100529615.6875,106836148.81333332,3487090.986459326,0,8,3,32,2020,0
2020-08-11,Maryland,94532177.1,Beverages,94532177.1,94676528.375,95542636.025,108161109.76923075,94965230.925,103835933.21192308,311834.3942491228,1,8,3,33,2020,0
2020-08-16,Maryland,104793631.3,Beverages,104793631.3,102741340.46,94820879.65,111025521.07692309,98950564.79642858,102304148.72294872,3979534.342442083,6,8,3,33,2020,0
2020-08-23,Maryland,103139792.9,Beverages,103139792.9,103376055.52857144,104793631.3,109620840.88571428,103848580.78571428,100636324.81309524,510385.6108298762,6,8,3,34,2020,0
2020-08-30,Maryland,103695375.6,Beverages,103695375.6,103616006.64285712,103139792.9,100529615.6875,103457268.72857144,100226301.24958332,171456.5435759535,6,8,3,35,2020,0
2020-09-02,Maryland,88660395.4,Beverages,88660395.4,93672055.46666668,103377899.77142856,95686987.3,99331636.43673468,99863387.12,6033613.737186456,2,9,3,36,2020,0
2020-09-08,Maryland,105563906.6,Beverages,105563906.6,102746654.73333332,93672055.46666668,94820879.65,97112151.0,100531190.93916664,6085959.609990582,1,9,3,37,2020,0
2020-09-13,Maryland,100237643.1,Beverages,100237643.1,101302895.8,99929402.86666666,100689049.62,102878757.6904762,101421916.29533334,1820197.6876682653,6,9,3,37,2020,0
2020-09-20,Maryland,99489149.8,Beverages,99489149.8,99596077.4142857,100237643.1,103612318.15714286,99809932.64285712,100445594.28428572,230990.0472246476,6,9,3,38,2020,0
2020-09-27,Maryland,99204981.0,Beverages,99204981.0,99245576.54285714,99489149.8,103536637.68571427,99326767.62857144,99508328.48809524,87696.39557985617,6,9,3,39,2020,0
2020-10-05,Maryland,96078169.1,Beverages,96078169.1,96469020.5875,98814129.5125,97112151.0,97250723.5625,99786893.435,844335.7140239193,0,10,4,41,2020,0
2020-10-18,Maryland,94137273.9,Beverages,94137273.9,94286573.53076924,95182371.3153846,99703005.02857144,94585172.7923077,96979057.5654762,322524.06445903063,6,10,4,42,2020,0
2020-10-25,Maryland,94352307.0,Beverages,94352307.0,94321587.98571429,94137273.9,99286172.08571428,94260149.95714286,95775691.11976191,66360.65535534198,6,10,4,43,2020,0
2020-11-10,Maryland,97253304.0,Beverages,97253304.0,97071991.6875,95984117.8125,95182371.3153846,96709367.0625,95207088.19153848,391679.3609116964,1,11,4,46,2020,0
2020-11-15,Maryland,95314037.6,Beverages,95314037.6,95701890.88,96890679.375,94435873.16153848,96396288.06964286,95432966.81435898,726314.8071859124,6,11,4,46,2020,0
2020-11-22,Maryland,98100246.7,Beverages,98100246.7,97702216.82857142,95314037.6,94290868.97142856,96906157.0857143,96058703.39619046,859842.7956487972,6,11,4,47,2020,0
2020-11-29,Maryland,97386230.3,Beverages,97386230.3,97488232.64285712,98100246.7,95258868.5625,97692237.32857142,96748388.28375,220350.24489195683,6,11,4,48,2020,0
2020-12-01,Maryland,89531136.4,Beverages,89531136.4,93458683.35,97896242.01428571,95621493.1875,95848713.5255102,96479326.47333331,3185711.7137266407,1,12,4,49,2020,0
2020-12-04,Maryland,95539930.0,Beverages,95539930.0,93536998.8,97590234.98571429,96165430.125,94067897.0132653,96234614.57208332,2958952.3847947726,4,12,4,49,2020,0
2020-12-07,Maryland,106991407.6,Beverages,106991407.6,103174248.4,93458683.35,96709367.0625,97094982.57142857,96899233.93708332,6366930.304337372,0,12,4,50,2020,0
2020-12-13,Maryland,94176747.8,Beverages,94176747.8,96312524.43333334,103174248.4,96089744.16,100584077.70000002,97447512.901,4613804.850117064,6,12,4,50,2020,0
2020-12-20,Maryland,97236199.8,Beverages,97236199.8,96799135.22857144,94176747.8,97304186.95714286,95925006.08571428,97378128.83595236,944167.3852956024,6,12,4,51,2020,0
2020-12-27,Maryland,98295540.7,Beverages,98295540.7,98144206.28571428,97236199.8,97590234.98571429,97841537.45714286,97382032.1797619,326919.69924129074,6,12,4,52,2020,0
2021-01-08,Maryland,113493002.8,Beverages,113493002.8,112226547.625,104627816.575,102719854.33333331,109693637.275,100807248.26166669,2735855.865110258,4,1,1,1,2021,0
2021-01-17,Maryland,94368590.6,Beverages,94368590.6,96493525.28888889,109243133.4222222,96362070.65714283,100743394.66666666,102769035.1159524,4590383.573246814,6,1,1,2,2021,0
2021-01-24,Maryland,92456852.1,Beverages,92456852.1,92729957.6,94368590.6,97992871.87142858,93276168.6,101783929.44785713,589975.3096022916,6,1,1,3,2021,0
2021-01-31,Maryland,93789248.2,Beverages,93789248.2,93598905.9,92456852.1,104627816.575,93218221.29999998,99971038.48083334,411186.363411841,6,1,1,4,2021,0
2021-02-05,Maryland,102050026.0,Beverages,102050026.0,100397870.44,93408563.6,110960092.45,97302389.78571428,98357460.61083332,3260114.3455502912,4,2,1,5,2021,0
2021-02-14,Maryland,91850610.5,Beverages,91850610.5,92983878.8888889,99783489.22222222,98618459.97777778,95250415.66666669,95250152.5362963,2448139.5233635847,6,2,1,6,2021,0
2021-02-21,Maryland,92005609.9,Beverages,92005609.9,91983467.12857144,91850610.5,93003063.1,91939181.5857143,94749012.02666669,47833.853318862064,6,2,1,7,2021,0
2021-02-28,Maryland,94576325.5,Beverages,94576325.5,94209080.41428572,92005609.9,93408563.6,93474590.24285714,94882209.59333332,793340.0577591918,6,2,1,8,2021,0
2021-03-01,Maryland,91957430.8,Beverages,91957430.8,94576325.5,92372854.98571429,93598905.9,93415243.93061224,94827493.75666668,898111.8145171471,0,3,1,9,2021,0
2021-03-10,Maryland,153026721.4,Beverages,153026721.4,146241244.6666667,105528384.26666668,98650220.83333331,132670291.20000002,103030661.75444444,14658305.074604092,2,3,1,10,2021,0
2021-03-14,Maryland,116997061.4,Beverages,116997061.4,126004476.4,132670291.2,94117147.27777778,137250924.22857144,107656146.29296295,12396832.84284988,6,3,1,10,2021,0
2021-03-21,Maryland,112804604.3,Beverages,112804604.3,113403526.74285714,116997061.4,91961324.35714288,114601371.62857142,112915810.2242857,1293820.350203069,6,3,1,11,2021,0
2021-03-28,Maryland,98218067.4,Beverages,98218067.4,100301858.38571428,112804604.3,93841835.32857142,104469440.35714284,115641152.8804762,4501503.016031064,6,3,1,12,2021,0
2021-04-04,Maryland,99821595.1,Beverages,99821595.1,99592519.71428572,98218067.4,119099337.73333332,99134368.94285716,114891594.72555555,494859.3917325493,6,4,2,13,2021,0
2021-04-07,Maryland,120566973.3,Beverages,120566973.3,113651847.23333332,98905293.55714284,139455767.93333334,105552495.68367349,112989750.3288889,8566384.556349719,2,4,2,14,2021,0
2021-04-18,Maryland,99378358.3,Beverages,99378358.3,101304596.02727272,112862022.39090908,114002449.18571427,105157071.48181818,106383178.47142856,4161149.0779814096,6,4,2,15,2021,0
2021-04-25,Maryland,98801109.4,Beverages,98801109.4,98883573.52857144,99378358.3,102385649.37142858,99048501.78571428,104195352.6295238,178142.87806203635,6,4,2,16,2021,0
2021-05-09,Maryland,110387782.8,Beverages,110387782.8,109560163.27142856,104594446.1,116714497.84545454,107904924.21428572,104240162.58272724,1787862.5205358225,6,5,2,18,2021,0
2021-05-12,Maryland,137448770.10000002,Beverages,137448770.10000002,128428441.0,107077304.68571427,110935784.66363636,117410105.28979592,105796804.44363636,11572431.206207478,2,5,2,19,2021,0
2021-05-16,Maryland,104297427.7,Beverages,104297427.7,112585263.3,110387782.8,103230833.75454544,121743149.62857142,107211336.5442424,11111650.436909463,6,5,2,19,2021,0
2021-05-23,Maryland,109786682.3,Beverages,109786682.3,109002503.07142857,104297427.7,98966037.65714286,107434144.61428572,109068044.15761904,1694020.7471487958,6,5,2,20,2021,0
2021-05-30,Maryland,108404730.3,Beverages,108404730.3,108602152.01428571,109786682.3,102939207.04285714,108996995.44285712,111030525.66571428,426479.64616974455,6,5,2,21,2021,0
2021-06-06,Maryland,110224577.7,Beverages,110224577.7,109964599.5,108404730.3,108732543.74285714,109444643.1,111776015.85238096,561617.1004765667,6,6,2,22,2021,0
2021-06-13,Maryland,112928438.6,Beverages,112928438.6,112542172.75714286,110224577.7,120873098.9,111769641.07142857,109346688.68666668,834429.5894007074,6,6,2,23,2021,0
2021-06-20,Maryland,110913678.9,Beverages,110913678.9,111201501.71428572,112928438.6,108218323.84285714,111777147.34285714,110423605.80238096,621768.3421541197,6,6,2,24,2021,0
2021-06-27,Maryland,112115089.4,Beverages,112115089.4,111943459.32857144,110913678.9,108799573.72857144,111600199.18571427,110971609.90714286,370763.329654104,6,6,2,25,2021,0
2021-07-02,Maryland,91691005.8,Beverages,91691005.8,95775822.52,111771829.25714286,109184664.9,103337392.13265309,109489018.36666666,7941543.63291143,4,7,3,26,2021,0
2021-07-03,Maryland,98503358.3,Beverages,98503358.3,91691005.8,111943459.32857144,109444643.1,101417377.70000002,109124308.87333332,7093506.352103768,5,7,3,26,2021,0
2021-07-11,Maryland,143534789.9,Beverages,143534789.9,137905860.95,104132287.25,112155906.9142857,126648003.05,112586230.00523809,12159876.311570097,6,7,3,27,2021,0
2021-07-18,Maryland,117222485.2,Beverages,117222485.2,120981385.87142858,143534789.9,111489324.52857144,128499187.21428572,116376191.61714286,8120153.520866082,6,7,3,28,2021,0
2021-07-25,Maryland,115587895.1,Beverages,115587895.1,115821407.97142856,117222485.2,111771829.25714286,116288433.71428572,117534891.9442857,504445.4564847331,6,7,3,29,2021,0
2021-08-08,Maryland,109789879.3,Beverages,109789879.3,110204023.28571428,112688887.2,132276932.0,111032311.25714289,118989980.34166668,894653.2610710015,6,8,3,31,2021,0
2021-08-15,Maryland,111549136.4,Beverages,111549136.4,111297813.95714286,109789879.3,124740286.54285714,110795169.07142857,113417816.78238095,542918.5279456953,6,8,3,32,2021,0
2021-08-22,Maryland,109293516.9,Beverages,109293516.9,109615748.25714286,111549136.4,116054920.84285714,110260210.97142856,111784745.87571429,696099.290176981,6,8,3,33,2021,0
2021-08-29,Maryland,111588539.9,Beverages,111588539.9,111260679.47142856,109293516.9,113517175.17142856,110604958.61428572,110821348.92619048,708259.4742774126,6,8,3,34,2021,0
2021-09-05,Maryland,102307391.0,Beverages,102307391.0,103633269.41428572,111588539.9,110618167.27142856,106285026.24285714,109520381.89619046,2864224.733533493,6,9,3,35,2021,0
2021-09-19,Maryland,107129225.3,Beverages,107129225.3,106784808.56428573,104718308.15,109937979.61428572,106095975.09285712,106853546.34690475,744025.1854502226,6,9,3,37,2021,0
2021-09-26,Maryland,104892964.4,Beverages,104892964.4,105212430.24285714,107129225.3,110932819.04285716,105851361.92857143,105875705.5940476,690125.0965164797,6,9,3,38,2021,0
2021-10-01,Maryland,91814739.4,Beverages,91814739.4,94430384.4,105531896.0857143,107610904.65714286,99333648.80612244,103728058.20785712,5164753.325019685,4,10,4,39,2021,0
2021-10-10,Maryland,151554135.6,Beverages,151554135.6,144916424.91111112,105090160.77777778,104029474.67857143,131641003.53333332,110099444.7104762,14339093.935246004,6,10,4,40,2021,0
2021-10-17,Maryland,148289348.3,Beverages,148289348.3,148755746.4857143,151554135.6,106440391.82857142,149688542.85714287,120431771.6654762,1007535.2345993582,6,10,4,41,2021,0
2021-10-24,Maryland,146769139.20000002,Beverages,146769139.20000002,146986311.92857143,148289348.3,105531896.0857143,147420657.3857143,130004319.29809524,469146.7135294636,6,10,4,42,2021,0
2021-10-31,Maryland,144129653.79999998,Beverages,144129653.79999998,144506723.14285713,146769139.20000002,91814739.4,145260861.8285714,140720669.00333336,814562.8787833225,6,10,4,43,2021,0
2021-11-04,Maryland,99364240.3,Beverages,99364240.3,110555593.675,145260861.82857144,118365582.15555556,128303607.26836732,141752969.5687037,18279571.36450636,3,11,4,44,2021,0
2021-11-07,Maryland,114821638.3,Beverages,114821638.3,109669172.3,144129653.79999998,138278714.2222222,113373228.3357143,139555786.44537038,11190456.700096687,6,11,4,44,2021,0
2021-11-14,Maryland,149358981.0,Beverages,149358981.0,144425074.9,114821638.3,149222144.6714286,134557262.7,136044305.5511905,10658455.3547972,6,11,4,45,2021,0
2021-11-21,Maryland,151367133.60000002,Beverages,151367133.60000002,151080254.65714288,149358981.0,147203484.65714288,150506496.7714286,136654679.95261905,619729.3468160565,6,11,4,46,2021,0
2021-11-28,Maryland,145305604.20000002,Beverages,145305604.20000002,146171536.9714286,151367133.60000002,144883792.4857143,147903402.51428574,137100636.97309524,1870628.58462304,6,11,4,47,2021,0
2021-12-09,Maryland,107980698.2,Beverages,107980698.2,111373871.47272728,131732911.10909092,124689450.5,118160218.01818185,138691244.97333333,7330092.041770803,3,12,4,49,2021,0
2021-12-12,Maryland,146342294.6,Beverages,146342294.6,133555095.8,121553391.2909091,139491168.8,121849588.54805195,138591028.28333336,13564305.214597566,6,12,4,49,2021,0
2021-12-19,Maryland,152395982.70000002,Beverages,152395982.70000002,151531170.11428574,146342294.6,150793375.71428573,149801544.94285718,138715317.26857144,1868208.706907194,6,12,4,50,2021,0
2021-12-26,Maryland,154213595.4,Beverages,154213595.4,153953936.44285715,152395982.70000002,147037469.74285716,153434618.52857143,139640259.4357143,560927.4570725156,6,12,4,51,2021,0
2022-01-05,Maryland,156961460.3,Beverages,156961460.3,156686673.81,155037954.87,118160218.01818185,156137100.83,147156308.5689394,593606.6630239843,2,1,1,1,2022,0
2022-01-16,Maryland,147214262.3,Beverages,147214262.3,148100371.20909092,153417024.6636364,150666357.52857143,149872589.02727273,153443718.95880952,1914214.0234516151,6,1,1,2,2022,0
2022-01-23,Maryland,141914536.8,Beverages,141914536.8,142671640.44285715,147214262.3,153694277.4857143,144185847.72857144,151427018.4064286,1635530.7970546542,6,1,1,3,2022,0
2022-01-30,Maryland,144339584.9,Beverages,144339584.9,143993149.45714286,141914536.8,155587527.85000002,143300278.5714286,148751839.8666667,748386.0912889275,6,1,1,4,2022,0
2022-02-01,Maryland,141611465.49999997,Beverages,141611465.49999997,142975525.2,142607407.6857143,156137100.83,143260080.11020407,147838092.38433334,889429.1867463695,1,2,1,5,2022,0
2022-02-10,Maryland,160004006.6,Beverages,160004006.6,157960390.92222223,145698696.85555553,151644806.84545454,153873159.56666663,146946272.34636363,4414714.431624564,3,2,1,6,2022,0
2022-02-13,Maryland,144626241.60000002,Beverages,144626241.60000002,149752163.26666668,151829543.88888887,148986480.11818182,153858688.87619048,146934229.77030304,5195601.0578116765,6,2,1,6,2022,0
2022-02-20,Maryland,141913018.2,Beverages,141913018.2,142300621.54285714,144626241.60000002,143428744.0857143,143075828.22857144,146317610.01142856,837318.9196217938,6,2,1,7,2022,0
2022-02-27,Maryland,145837844.20000002,Beverages,145837844.20000002,145277154.7714286,141913018.2,143646714.0142857,144155775.91428572,146642111.29523808,1211227.5996302986,6,2,1,8,2022,0
2022-03-04,Maryland,151946476.9,Beverages,151946476.9,150724750.36,144716465.34285715,143655081.17777774,148375731.15306124,147673455.0574074,2494064.518990192,4,3,1,9,2022,0
2022-03-07,Maryland,175871843.6,Beverages,175871843.6,167896721.36666667,147059570.74,149785928.2111111,157735101.78,149688895.94074076,10620541.568445755,0,3,1,10,2022,0
2022-03-13,Maryland,150915471.1,Beverages,150915471.1,155074866.51666665,167896721.36666667,154878084.93333334,163393657.34999996,150802955.83055556,8985321.052520236,6,3,1,10,2022,0
2022-03-20,Maryland,150518690.10000002,Beverages,150518690.10000002,150575373.10000002,150915471.1,142688224.8857143,150688739.1,152240476.19642857,122449.2749496005,6,3,1,11,2022,0
2022-03-27,Maryland,151339044.29999998,Beverages,151339044.29999998,151221850.84285712,150518690.10000002,144716465.34285715,150987463.92857143,154064582.04071426,253166.80240534272,6,3,1,12,2022,0
2022-04-09,Maryland,170224234.50000003,Beverages,170224234.50000003,168771527.5615385,160055285.93076923,163393657.35,165866113.6846154,155885397.60166666,3138205.659647152,5,4,2,14,2022,0
2022-04-12,Maryland,143324165.90000004,Beverages,143324165.90000004,152290855.43333337,164413406.74615386,150915471.1,161293323.23846155,155606996.49333334,9973615.770095771,1,4,2,15,2022,0
2022-04-17,Maryland,159304621.4,Beverages,159304621.4,156108530.3,161257544.9666667,150632056.10000002,151453888.1904762,155968166.01000002,5470827.742333467,6,4,2,15,2022,0
2022-04-24,Maryland,154619702.9,Beverages,154619702.9,155288976.97142857,159304621.4,151104657.3857143,156627525.11428574,157333074.6847619,1445797.2376945426,6,4,2,16,2022,0
2022-05-06,Maryland,167237091.09999996,Beverages,167237091.09999996,166185642.0833333,159876947.98333332,165866113.6846154,164082744.04999998,158719715.96282053,2271389.478201703,4,5,2,18,2022,0
2022-05-15,Maryland,159139094.29999998,Beverages,159139094.29999998,160038871.7222222,165437536.2555555,152912439.20000002,161838426.56666663,160463304.05,1943741.3865649705,6,5,2,19,2022,0
2022-05-22,Maryland,171654881.70000002,Beverages,171654881.70000002,169866912.0714286,159139094.29999998,155958251.04285714,166290972.81428573,162534626.1190476,3862455.8464652505,6,5,2,20,2022,0
2022-05-29,Maryland,166991883.20000002,Beverages,166991883.20000002,167658025.84285715,171654881.70000002,159876947.98333332,168990311.12857145,165339734.39499998,1439032.5788327302,6,5,2,21,2022,0
2022-06-02,Maryland,141116006.5,Beverages,141116006.5,147584975.675,168990311.12857145,164082744.04999998,158035988.36836737,163781586.35999998,10771793.6456689,3,6,2,22,2022,0
2022-06-03,Maryland,146518926.60000002,Beverages,146518926.60000002,141116006.5,168324168.48571432,165134193.06666663,154920953.81326532,163161077.47777778,10448773.5305975,4,6,2,22,2022,0
2022-06-11,Maryland,152058115.1,Beverages,152058115.1,151365716.5375,147211325.16250002,161838426.56666663,149980919.4125,159132004.38222224,1495751.8478323694,5,6,2,23,2022,0
2022-06-19,Maryland,169788282.00000003,Beverages,169788282.00000003,167572011.13750002,154274385.9625,168078942.44285715,163139469.4125,158919305.74071434,4787692.259098549,6,6,2,24,2022,0
2022-06-26,Maryland,169627954.6,Beverages,169627954.6,169650858.5142857,169788282.00000003,168324168.48571432,169696666.34285715,158855059.13309526,49478.10972242421,6,6,2,25,2022,0
2022-07-08,Maryland,168221663.20000002,Beverages,168221663.20000002,168338854.15,169041999.85,149980919.4125,168573236.05,165487301.5654167,253161.38636343795,4,7,3,27,2022,0
2022-07-17,Maryland,173216758.49999997,Beverages,173216758.49999997,172661747.9111111,169331684.3777778,165355740.27500004,171551726.73333332,169686732.13125,1198959.9038158993,6,7,3,28,2022,0
2022-07-24,Maryland,172047280.70000002,Beverages,172047280.70000002,172214348.95714286,173216758.49999997,169673762.42857143,172548485.47142857,170416107.26047617,360908.6844797194,6,7,3,29,2022,0
2022-07-31,Maryland,168398689.3,Beverages,168398689.3,168919916.64285716,172047280.70000002,169041999.85,169962371.3285714,170551969.84166667,1125979.7513215917,6,7,3,30,2022,0
2022-08-05,Maryland,155643663.8,Beverages,155643663.8,158194668.9,169441143.9857143,168456045.10000002,163006710.84897962,169227844.34166667,5077354.014665485,4,8,3,31,2022,0
2022-08-14,Maryland,170001105.2,Beverages,170001105.2,168405833.93333334,158834206.33333334,172106737.3222222,165215291.4,167325435.1737037,3446179.8076276705,6,8,3,32,2022,0
2022-08-21,Maryland,167354556.8,Beverages,167354556.8,167732635.14285716,170001105.2,172381417.21428573,168488791.8285714,166324277.43190476,816742.567907062,6,8,3,33,2022,0
2022-08-28,Maryland,169874500.29999998,Beverages,169874500.29999998,169514508.37142855,167354556.8,169441143.9857143,168794524.5142857,165820345.71809524,777671.4475234826,6,8,3,34,2022,0
2022-09-01,Maryland,143613037.4,Beverages,143613037.4,150178403.125,168794524.5142857,163296679.10000002,160341124.1520408,164066391.54166666,10468778.650380148,3,9,3,35,2022,0
2022-09-10,Maryland,156839384.39999998,Beverages,156839384.39999998,155369790.28888887,146552225.6222222,165215291.4,152430602.06666666,161289804.39166662,3174686.122004876,5,9,3,36,2022,0
2022-09-18,Maryland,165694956.4,Beverages,165694956.4,164588009.9,157946330.89999998,168110713.4857143,162374116.9,159456914.27642855,2391277.744501251,6,9,3,37,2022,0
2022-09-25,Maryland,164059545.3,Beverages,164059545.3,164293175.45714286,165694956.4,169154516.44285715,164760435.7714286,158659020.79404762,504698.8225796113,6,9,3,38,2022,0
2022-10-04,Maryland,153379324.00000003,Beverages,153379324.00000003,154566015.25555557,161686162.7888889,148021819.73333332,156939397.76666668,159667179.85111108,2563546.105439596,1,10,4,40,2022,0
2022-10-07,Maryland,167386564.39999998,Beverages,167386564.39999998,162717484.26666665,158126089.02222225,152430602.06666666,158398556.61904764,160842827.4822222,4976122.375842547,4,10,4,40,2022,0
2022-10-16,Maryland,157264031.50000003,Beverages,157264031.50000003,158388757.3777778,165137112.64444444,163481063.4,160638209.13333336,161691989.52666667,2429685.5902203624,6,10,4,41,2022,0
2022-10-23,Maryland,154739355.39999998,Beverages,154739355.39999998,155100023.4142857,157264031.50000003,164526805.61428574,155821359.44285712,159541863.53190476,779131.9595938122,6,10,4,42,2022,0
2022-10-30,Maryland,151763864.1,Beverages,151763864.1,152188934.28571427,154739355.39999998,158126089.02222225,153039074.65714285,157555978.33777776,918256.550742778,6,10,4,43,2022,0
2022-11-09,Maryland,165517969.29999998,Beverages,165517969.29999998,164142558.77999997,155890095.66,164012386.76666665,161391737.73999998,157192144.51555553,2971226.3113259305,2,11,4,45,2022,0
2022-11-12,Maryland,152772241.6,Beverages,152772241.6,157020817.5,160016327.22,160638209.13333336,160697409.51142856,156717932.7644444,4406917.689758333,5,11,4,45,2022,0
2022-11-13,Maryland,155282599.89999998,Beverages,155282599.89999998,152772241.6,161391737.73999998,159513483.25555557,159824675.5342857,156576903.31925926,4831010.25357434,6,11,4,45,2022,0
2022-11-20,Maryland,156895971.79999998,Beverages,156895971.79999998,156665490.1,155282599.89999998,155460691.42857143,156204526.7,156472528.67714283,497897.37780226616,6,11,4,46,2022,0
2022-11-27,Maryland,161803867.59999996,Beverages,161803867.59999996,161102739.6285714,156895971.79999998,152614004.47142857,159700483.68571424,157830638.10285714,1514609.5264070977,6,11,4,47,2022,0
2022-12-06,Maryland,165507600.3,Beverages,165507600.3,165096074.44444445,162626919.3111111,161391737.73999998,164273022.73333332,160162042.44466665,888997.45351011,1,12,4,49,2022,0
2022-12-18,Maryland,159337881.70000002,Beverages,159337881.70000002,159852024.9166667,162936884.21666667,156435008.39999998,160880311.35,161740211.7433333,1110676.289683617,6,12,4,50,2022,0
2022-12-25,Maryland,166936861.20000002,Beverages,166936861.20000002,165851292.70000002,159337881.70000002,160401611.65714282,163680155.70000002,162980306.72428572,2345095.986284597,6,12,4,51,2022,0
2023-01-01,Maryland,150104015.60000002,Beverages,150104015.60000002,152508707.82857144,166936861.20000002,163861496.87777776,157318092.2857143,161751233.82222223,5194728.930948575,6,1,1,52,2023,0
2023-01-15,Maryland,152126380.29999998,Beverages,152126380.29999998,151981925.6785714,151115197.95,160366168.13333336,151693016.43571427,156093386.5388889,312057.64804427815,6,1,1,2,2023,0
2023-01-22,Maryland,147502187.40000004,Beverages,147502187.40000004,148162786.38571432,152126380.29999998,164765724.20000002,149483984.35714287,153234221.46833333,1427056.9106797446,6,1,1,3,2023,0
2023-01-29,Maryland,147866864.39999998,Beverages,147866864.39999998,147814767.68571427,147502187.40000004,154913400.05714288,147710574.25714284,149986619.5792857,112541.76548532948,6,1,1,4,2023,0
2023-02-04,Maryland,156180976.1,Beverages,156180976.1,154795290.81666666,147814767.68571427,150681834.0857143,152023920.25,150380861.08952382,2993422.336959845,5,2,1,5,2023,0
2023-02-19,Maryland,152990035.90000004,Beverages,152990035.90000004,153202765.2466667,154479141.32666668,148823385.37142858,153628223.94000003,152104223.02785715,459547.91155396064,6,2,1,7,2023,0
2023-02-26,Maryland,154630461.49999997,Beverages,154630461.49999997,154396114.98571426,152990035.90000004,147762670.97142857,153927421.95714286,153555376.1011905,506246.330879022,6,2,1,8,2023,0
2023-03-19,Maryland,171998766.1,Beverages,171998766.1,171171703.97619048,166209331.23333332,153415494.59333336,169517579.7285714,160732526.5648889,1786658.388624453,6,3,1,11,2023,0
2023-03-26,Maryland,156952581.40000004,Beverages,156952581.40000004,159102036.3571429,171998766.1,154161768.47142857,163400946.2714286,163037474.7495238,4643353.406715593,6,3,1,12,2023,0
2023-04-16,Maryland,166631664.5,Beverages,166631664.5,166170755.7809524,163405303.46666667,170344641.85238093,165248938.34285715,162981707.2492064,995676.6312554748,6,4,2,15,2023,0
2023-04-23,Maryland,163795397.29999998,Beverages,163795397.29999998,164200578.3285714,166631664.5,161251491.31428573,165010940.3857143,162453510.79857144,875291.0606890622,6,4,2,16,2023,0
2023-04-30,Maryland,160364862.9,Beverages,160364862.9,160854939.24285716,163795397.29999998,159257124.99523813,161835091.92857143,163290660.39714286,1058685.9001560991,6,4,2,17,2023,0
2023-05-02,Maryland,146919672.6,Beverages,146919672.6,153642267.75,162815244.6142857,160178942.43333337,158183859.75408164,162646159.20388886,5771687.352229004,1,5,2,18,2023,0
2023-05-03,Maryland,158093684.5,Beverages,158093684.5,146919672.6,162325168.27142856,160639851.15238097,157579362.07244897,162561286.98214284,5479872.604391871,2,5,2,18,2023,0
2023-07-05,Maryland,160481700.10000002,Beverages,160481700.10000002,160443795.0904762,160216365.03333336,159344549.81428573,160367985.0714286,159932077.4619048,81884.17924611342,2,7,3,27,2023,0
2023-08-01,Maryland,149468285.20000002,Beverages,149468285.20000002,149876189.4555556,152323614.98888892,160367985.0714286,150691997.9666667,155338315.97904766,881173.903343137,1,8,3,31,2023,0
2023-09-04,Maryland,161274665.10000002,Beverages,161274665.10000002,160927418.63235298,158843939.8264706,150857271.07058826,160232925.69705886,156239591.31911767,750138.1050791274,0,9,3,36,2023,0
2023-12-02,Maryland,152386026.4,Beverages,152386026.4,152485898.74494383,153085132.81460676,155382196.74831462,152685643.43483147,153834175.4016854,215748.923497932,5,12,4,48,2023,0
2023-12-03,Maryland,174669997.70000002,Beverages,174669997.70000002,152386026.4,152985260.46966293,155282324.4033708,155783463.03916532,154480431.1782397,8329925.405526702,6,12,4,48,2023,0
2019-03-11,Massachusetts,97717028.5,Beverages,97717028.5,97736052.34137931,97850195.38965516,98287743.7413793,97774100.02413794,97992874.2,41096.19435487739,0,3,1,11,2019,0
2019-06-10,Massachusetts,102038880.7,Beverages,102038880.7,101991387.81868131,101706430.53076924,100614094.26043956,101896402.05604395,101350233.92087913,102596.34961437846,0,6,2,24,2019,0
2019-08-12,Massachusetts,98415702.8,Beverages,98415702.8,98473213.56031746,98818278.1222222,100141025.6095238,98588235.08095238,99249608.82460316,124237.441662138,0,8,3,33,2019,0
2019-10-11,Massachusetts,99983395.0,Beverages,99983395.0,99957266.79666668,99800497.57666668,99199548.9,99905010.39,99604536.05166668,56443.37023866698,4,10,4,41,2019,0
2019-10-13,Massachusetts,100926963.3,Beverages,100926963.3,100455179.15,99852753.98333332,99251805.30666669,100148262.20238096,99701358.053,396466.381570104,6,10,4,41,2019,0
2019-10-20,Massachusetts,98350432.8,Beverages,98350432.8,98718508.58571428,100926963.3,99434702.73,99454660.15714283,99724304.52833337,795134.5748589684,6,10,4,42,2019,0
2019-10-27,Massachusetts,97284879.1,Beverages,97284879.1,97437101.05714284,98350432.8,99617600.15333334,97741544.97142856,99304848.06155556,328837.0109491541,6,10,4,43,2019,0
2019-11-17,Massachusetts,101260430.7,Beverages,101260430.7,101071118.71904762,99935246.83333331,99086584.37142856,100692494.75714286,98932442.82952382,408960.6198843639,6,11,4,46,2019,0
2019-11-24,Massachusetts,100546659.9,Beverages,100546659.9,100648627.15714286,101260430.7,97589323.01428571,100852561.67142858,99580114.6852381,220274.45108943892,6,11,4,47,2019,0
2019-12-15,Massachusetts,101028460.6,Beverages,101028460.6,101005517.7095238,100867860.36666666,100881806.73809524,100959631.92857142,100835971.55730158,49562.30801200575,6,12,4,50,2019,0
2019-12-22,Massachusetts,106502083.1,Beverages,106502083.1,105720137.02857144,101028460.6,100750594.41428572,104156244.88571428,101568955.56190476,1689196.5763554173,6,12,4,51,2019,0
2019-12-29,Massachusetts,100487052.2,Beverages,100487052.2,101346342.32857142,106502083.1,100661374.35238096,103064922.5857143,102141679.8347619,1856278.8359907384,6,12,4,52,2019,0
2020-01-03,Massachusetts,100072372.9,Beverages,100072372.9,100155308.76,102205632.45714286,100776088.8047619,100432088.23265304,102059686.76746032,427305.8797433727,4,1,1,1,2020,0
2020-01-11,Massachusetts,101437846.3,Beverages,101437846.3,101267162.125,100243057.075,100959631.92857142,100925793.775,102049318.7342857,368719.9598316724,5,1,1,2,2020,0
2020-01-19,Massachusetts,103176943.7,Beverages,103176943.7,102959556.525,101655233.475,104938190.95714284,102524782.175,102030674.11761904,469609.9707772941,6,1,1,3,2020,0
2020-01-26,Massachusetts,93592336.2,Beverages,93592336.2,94961565.84285717,103176943.7,102205632.45714286,97700025.12857142,100432570.52428572,2957874.09064368,6,1,1,4,2020,0
2020-02-02,Massachusetts,98287115.3,Beverages,98287115.3,97616432.57142857,93592336.2,100072372.9,96275067.11428572,99462598.93,1448840.2849243807,6,2,1,5,2020,0
2020-02-08,Massachusetts,126577658.3,Beverages,126577658.3,121862567.8,97616432.57142857,101096477.95,112432386.8,102286631.8375,10185759.633341918,5,2,1,6,2020,0
2020-02-16,Massachusetts,95306386.9,Beverages,95306386.9,99215295.825,122668749.375,102742169.35,107033113.67499998,104153409.44416668,8444208.385538917,6,2,1,7,2020,0
2020-02-23,Massachusetts,96000960.1,Beverages,96000960.1,95901735.35714284,95306386.9,96330795.48571429,95703285.87142856,103101417.01142858,214349.94310665972,6,2,1,8,2020,0
2020-03-05,Massachusetts,104091230.9,Beverages,104091230.9,103355751.73636363,98942876.75454544,107717296.3,101884793.40909092,104146527.41,1588816.5828692615,3,3,1,10,2020,0
2020-03-15,Massachusetts,122297192.4,Beverages,122297192.4,120476596.25,109553019.35,103124204.75,116835403.95000002,103668065.56583336,3932937.1882227226,6,3,1,11,2020,0
2020-03-22,Massachusetts,118886720.1,Beverages,118886720.1,119373930.42857142,122297192.4,95802510.61428572,120348351.08571428,109331281.20690475,1052494.6016836562,6,3,1,12,2020,0
2020-03-29,Massachusetts,100640613.5,Beverages,100640613.5,103247200.15714286,118886720.1,99678355.91818182,108460373.47142856,111874045.56984848,5630870.744290604,6,3,1,13,2020,0
2020-04-10,Massachusetts,108992156.8,Beverages,108992156.8,108296194.85833332,104120423.20833331,115014807.8,106904270.975,111396621.935,1503449.626633085,4,4,2,15,2020,0
2020-04-19,Massachusetts,101856765.6,Beverages,101856765.6,102649586.84444444,107406514.31111112,119861140.75714286,104235229.33333331,106823603.78261904,1712689.635143765,6,4,2,16,2020,0
2020-04-26,Massachusetts,97588682.7,Beverages,97588682.7,98198408.82857142,101856765.6,105853786.81428573,99417861.08571428,103567922.99690476,1317158.9787711103,6,4,2,17,2020,0
2020-05-01,Massachusetts,98080455.9,Beverages,98080455.9,97982101.26,98808134.95714286,102728499.325,97886546.37551022,102882366.57333332,217085.43021003017,4,5,2,18,2020,0
2020-05-04,Massachusetts,103980878.7,Beverages,103980878.7,102014071.1,97687037.34,104816385.15,99681987.00857145,102671731.3625,2460954.00020385,0,5,2,19,2020,0
2020-05-07,Massachusetts,126221632.2,Beverages,126221632.2,118808047.7,97982101.26,106904270.975,108649544.61428572,103931705.22916669,10575434.206233973,3,5,2,19,2020,0
2020-05-17,Massachusetts,107763998.0,Beverages,107763998.0,109609761.42,120684341.94,103442408.08888888,113301288.26,107100526.78148147,3987304.7052083737,6,5,2,20,2020,0
2020-05-24,Massachusetts,115031093.3,Beverages,115031093.3,113992936.82857142,107763998.0,98808134.95714286,111916623.88571428,109726262.73761904,2242674.2985667936,6,5,2,21,2020,0
2020-05-31,Massachusetts,114382691.5,Beverages,114382691.5,114475320.32857142,115031093.3,98080455.9,114660577.98571429,113640203.44666667,200101.1397141726,6,5,2,22,2020,0
2020-06-09,Massachusetts,115596195.6,Beverages,115596195.6,115461361.81111112,114652359.07777776,120684341.94,115191694.23333332,113822039.164,291274.27438490017,1,6,2,24,2020,0
2020-06-12,Massachusetts,100040169.7,Beverages,100040169.7,105225511.66666669,115056860.44444443,115147051.68,111036044.95238094,112645308.82066666,6206428.159090731,4,6,2,24,2020,0
2020-06-14,Massachusetts,117959015.3,Beverages,117959015.3,108999592.5,115326528.02222222,111455524.84,110527528.6015873,112718701.97733334,6399288.657297536,6,6,2,24,2020,0
2020-06-21,Massachusetts,117600667.1,Beverages,117600667.1,117651859.7,117959015.3,112954780.35714284,117754244.9,114469155.9042857,110588.65540805024,6,6,2,25,2020,0
2020-06-28,Massachusetts,120778035.0,Beverages,120778035.0,120324125.3,117600667.1,114567949.15714286,119416305.9,115573291.80761904,980557.0220620376,6,6,2,26,2020,0
2020-07-06,Massachusetts,117164233.6,Beverages,117164233.6,117615958.775,120326309.825,115191694.23333332,118519409.125,116639175.2511111,975837.9087039904,0,7,3,28,2020,0
2020-07-19,Massachusetts,121563171.2,Beverages,121563171.2,121224791.3846154,119194512.4923077,117703052.3,120548031.75384615,119168548.06,730983.9470249995,6,7,3,29,2020,0
2020-07-26,Massachusetts,121049651.0,Beverages,121049651.0,121123011.02857144,121563171.2,119870215.6,121269731.0857143,119796001.72,158475.77425430488,6,7,3,30,2020,0
2020-08-03,Massachusetts,107069450.8,Beverages,107069450.8,108816975.825,119302125.975,118067683.95,112312025.875,118102740.56916668,3775085.5170007874,0,8,3,32,2020,0
2020-08-11,Massachusetts,106566021.5,Beverages,106566021.5,106628950.1625,107006522.1375,119194512.4923077,106754807.4875,115083360.7175641,135941.44804121793,1,8,3,33,2020,0
2020-08-16,Massachusetts,121577326.3,Beverages,121577326.3,118575065.34,106691878.825,120886411.56923077,113008427.65178572,114310552.79115383,5848335.643601009,6,8,3,33,2020,0
2020-08-23,Massachusetts,116069139.9,Beverages,116069139.9,116856023.67142858,121577326.3,121196371.05714284,118429791.21428572,113627390.13595238,1699863.227470138,6,8,3,34,2020,0
2020-08-30,Massachusetts,114640151.6,Beverages,114640151.6,114844292.78571428,116069139.9,112312025.875,115252575.15714283,113146056.28416666,440995.3634891472,6,8,3,35,2020,0
2020-09-02,Massachusetts,98116057.1,Beverages,98116057.1,103624088.6,115456716.34285714,107069450.8,110093959.90204082,112626767.56166668,6839178.460892161,2,9,3,36,2020,0
2020-09-08,Massachusetts,124107249.4,Beverages,124107249.4,119775384.01666668,103624088.6,106691878.825,111111653.25,113912444.65375,9357898.763263997,1,9,3,37,2020,0
2020-09-13,Massachusetts,111668739.5,Beverages,111668739.5,114156441.48,115443518.63333334,115572804.38,118157621.53095238,114989581.833,4308033.542300957,6,9,3,37,2020,0
2020-09-20,Massachusetts,109099052.6,Beverages,109099052.6,109466150.72857144,111668739.5,117642907.44285716,110200346.98571429,112828470.57738094,793022.5940453087,6,9,3,38,2020,0
2020-09-27,Massachusetts,109181659.2,Beverages,109181659.2,109169858.25714286,109099052.6,115048433.97142856,109146256.37142858,111288972.22119048,25492.95015369723,6,9,3,39,2020,0
2020-10-05,Massachusetts,109906368.0,Beverages,109906368.0,109815779.4,109272247.8,111111653.25,109634602.20000002,111822918.535,195693.7422688745,0,10,4,41,2020,0
2020-10-18,Massachusetts,104434741.5,Beverages,104434741.5,104855635.84615384,107381001.92307691,109833248.85714284,105697424.53846157,108326161.98761906,909235.706281096,6,10,4,42,2020,0
2020-10-25,Massachusetts,103649446.0,Beverages,103649446.0,103761631.07142857,104434741.5,109158057.31428573,103986001.21428572,107114979.58857144,242347.4527129648,6,10,4,43,2020,0
2020-11-10,Massachusetts,106668504.3,Beverages,106668504.3,106479813.15625,105347666.29375,107381001.92307691,106102430.86875,105061237.06064102,407619.45823881496,1,11,4,46,2020,0
2020-11-15,Massachusetts,105674941.0,Beverages,105674941.0,105873653.66,106291122.0125,105276530.1923077,106215735.57946429,105053578.2998718,358789.03180798894,6,11,4,46,2020,0
2020-11-22,Massachusetts,106618338.6,Beverages,106618338.6,106483567.51428571,105674941.0,103873816.14285716,106214025.34285714,105510807.25404762,291138.8200461808,6,11,4,47,2020,0
2020-11-29,Massachusetts,105979943.4,Beverages,105979943.4,106071142.71428572,106618338.6,104592901.71875,106253541.34285714,106020344.42645831,197013.0359102507,6,11,4,48,2020,0
2020-12-01,Massachusetts,97046660.0,Beverages,97046660.0,101513301.7,106435939.97142856,104970284.00625,104195953.12040818,105647280.5875,3599203.861154832,1,12,4,49,2020,0
2020-12-04,Massachusetts,105781834.7,Beverages,105781834.7,102870109.8,106162342.02857144,105536357.4375,102745911.03061225,105399524.93812498,3476575.8771548746,4,12,4,49,2020,0
2020-12-07,Massachusetts,120946165.1,Beverages,120946165.1,115891388.3,101513301.7,106102430.86875,107618736.32857142,106397289.795625,8687014.181370726,0,12,4,50,2020,0
2020-12-13,Massachusetts,105601029.7,Beverages,105601029.7,108158552.26666668,115891388.3,106072366.32,113273597.4,107521167.80533332,5524880.194964142,6,12,4,50,2020,0
2020-12-20,Massachusetts,107378984.1,Beverages,107378984.1,107124990.61428572,105601029.7,106348796.42857142,106617003.64285716,107666973.12380952,548688.6399963646,6,12,4,51,2020,0
2020-12-27,Massachusetts,107240559.7,Beverages,107240559.7,107260334.61428572,107378984.1,106162342.02857144,107299884.44285716,107876092.51380952,42718.69723141811,6,12,4,52,2020,0
2021-01-08,Massachusetts,129061307.7,Beverages,129061307.7,127242912.03333332,116332538.03333332,115831119.96666668,123606120.7,112129634.97333331,3928183.600924665,4,1,1,1,2021,0
2021-01-17,Massachusetts,105181889.7,Beverages,105181889.7,107835158.36666667,123754770.36666667,106870997.12857142,113141695.70000002,114549314.11714286,5731715.4106254205,6,1,1,2,2021,0
2021-01-24,Massachusetts,101011303.9,Beverages,101011303.9,101607101.87142858,105181889.7,107280109.52857144,102798697.81428573,113498934.55714284,1287070.7204877397,6,1,1,3,2021,0
2021-01-31,Massachusetts,101284679.7,Beverages,101284679.7,101245626.01428571,101011303.9,116332538.03333332,101167518.64285716,111172034.64666666,84365.60346348405,6,1,1,4,2021,0
2021-02-05,Massachusetts,111117669.1,Beverages,111117669.1,109151071.22,101206572.32857144,125424516.36666667,105493238.91632652,108738159.36444443,3845573.81150054,4,2,1,5,2021,0
2021-02-14,Massachusetts,101586369.5,Beverages,101586369.5,102645402.78888889,108999602.52222222,110488427.03333332,104763469.36666666,104303515.12888888,2287773.3787565003,6,2,1,6,2021,0
2021-02-21,Massachusetts,101300591.9,Beverages,101300591.9,101341417.27142856,101586369.5,102202899.84285717,101423068.01428571,103635913.43238096,88192.88203498148,6,2,1,7,2021,0
2021-02-28,Massachusetts,104298974.5,Beverages,104298974.5,103870634.12857144,101300591.9,101206572.32857144,103013953.38571428,104063811.53714284,925320.9592949074,6,2,1,8,2021,0
2021-03-01,Massachusetts,100200811.5,Beverages,100200811.5,104298974.5,101728932.27142856,101245626.01428571,102795650.41836736,104028984.38666669,1358075.106685633,0,3,1,9,2021,0
2021-03-10,Massachusetts,165592566.4,Beverages,165592566.4,158326815.85555556,114732312.58888888,107940569.23333332,143795314.76666668,112847658.5211111,15695815.08595351,2,3,1,10,2021,0
2021-03-14,Massachusetts,129799070.5,Beverages,129799070.5,138747444.475,143795314.76666668,103704436.07777776,149695281.9166667,117904811.24796297,12227646.142764663,6,3,1,10,2021,0
2021-03-21,Massachusetts,125122200.2,Beverages,125122200.2,125790324.52857144,129799070.5,101382242.64285716,127126573.18571427,123849303.68404762,1443313.509256913,6,3,1,11,2021,0
2021-03-28,Massachusetts,108325975.9,Beverages,108325975.9,110725436.51428571,125122200.2,103442293.75714286,115524357.74285714,126952651.34928574,5183427.352409368,6,3,1,12,2021,0
2021-04-04,Massachusetts,111306105.7,Beverages,111306105.7,110880372.87142858,108325975.9,129263813.67777778,110028907.21428572,126565023.9801852,919688.022923154,6,4,2,13,2021,0
2021-04-07,Massachusetts,130187265.9,Beverages,130187265.9,123893545.83333334,109603174.38571428,151061065.31111112,116335809.04693878,124574847.08685188,7958274.936158763,2,4,2,14,2021,0
2021-04-18,Massachusetts,107478310.8,Beverages,107478310.8,109542761.26363637,121929464.04545456,126458448.85714288,113671662.19090907,116575740.37428571,4459722.713178455,6,4,2,15,2021,0
2021-04-25,Massachusetts,107558960.1,Beverages,107558960.1,107547438.77142856,107478310.8,113124897.12857144,107524396.11428572,113647045.58380954,24888.914328064428,6,4,2,16,2021,0
2021-05-09,Massachusetts,123991822.1,Beverages,123991822.1,122818046.24285711,115775391.1,126058364.97272728,120470494.5285714,114112256.43636362,2535645.6560647283,6,5,2,18,2021,0
2021-05-12,Massachusetts,158595895.3,Beverages,158595895.3,147061204.23333335,119296718.67142856,119865013.58181818,132872606.56530613,116625430.45515151,14887900.79053545,2,5,2,19,2021,0
2021-05-16,Massachusetts,115585389.7,Beverages,115585389.7,126338016.1,123991822.1,111607211.72727272,138291561.41428572,118893489.3721212,14421932.967755198,6,5,2,19,2021,0
2021-05-23,Massachusetts,124162313.9,Beverages,124162313.9,122937039.01428571,115585389.7,107535917.44285712,120486489.24285714,121854155.32904762,2646896.2728619,6,5,2,20,2021,0
2021-05-30,Massachusetts,123610501.0,Beverages,123610501.0,123689331.41428572,124162313.9,113427839.38571428,123846992.24285714,125068192.27809525,170293.15804455485,6,5,2,21,2021,0
2021-06-06,Massachusetts,122917889.3,Beverages,122917889.3,123016833.82857142,123610501.0,121644270.38571428,123214722.88571428,126256274.29476193,213744.61106584367,6,6,2,22,2021,0
2021-06-13,Massachusetts,129161969.7,Beverages,129161969.7,128269958.21428572,122917889.3,137090642.5,126485935.24285714,123338746.10333332,1926965.0463052527,6,6,2,23,2021,0
2021-06-20,Massachusetts,127096547.7,Beverages,127096547.7,127391607.98571429,129161969.7,121711764.12857144,127981728.55714284,125260166.84714286,637403.0673706688,6,6,2,24,2021,0
2021-06-27,Massachusetts,126489172.5,Beverages,126489172.5,126575940.38571428,127096547.7,123768161.82857142,126749476.15714286,125944095.74380952,187440.0560872925,6,6,2,25,2021,0
2021-07-02,Massachusetts,105261774.4,Beverages,105261774.4,109507254.02,126662708.27142856,123313667.41428572,117404111.58367346,124318295.74238096,8302254.23106467,4,7,3,26,2021,0
2021-07-03,Massachusetts,112113204.1,Beverages,112113204.1,105261774.4,126575940.38571428,123214722.88571428,115338006.4,123948245.11619048,7388665.598065477,5,7,3,26,2021,0
2021-07-11,Massachusetts,164369047.4,Beverages,164369047.4,157837066.9875,118645184.5125,127377946.72857144,144773106.1625,128449472.02880952,14110690.43349714,6,7,3,27,2021,0
2021-07-18,Massachusetts,122629909.0,Beverages,122629909.0,128592643.05714284,164369047.4,127686668.27142856,140518111.1714286,131276502.23119047,12880977.759302711,6,7,3,28,2021,0
2021-07-25,Massachusetts,126815289.2,Beverages,126815289.2,126217377.74285714,122629909.0,126662708.27142856,125021554.82857142,130825885.82785717,1291636.3714499357,6,7,3,29,2021,0
2021-08-08,Massachusetts,131700960.1,Beverages,131700960.1,131351983.60714284,129258124.65,151305086.575,130654030.62142856,133101345.23125,753875.3866819774,6,8,3,31,2021,0
2021-08-15,Massachusetts,132546156.0,Beverages,132546156.0,132425413.72857144,131700960.1,134555377.1142857,132183929.18571427,128790584.02357145,260833.11748730944,6,8,3,32,2021,0
2021-08-22,Massachusetts,127194933.3,Beverages,127194933.3,127959393.68571427,132546156.0,125619466.28571428,129488314.45714286,129893165.0997619,1651423.178006244,6,8,3,33,2021,0
2021-08-29,Massachusetts,123227747.3,Beverages,123227747.3,123794488.15714283,127194933.3,128560171.66428572,124927969.87142858,129298232.7252381,1224300.1794453757,6,8,3,34,2021,0
2021-09-05,Massachusetts,115952141.3,Beverages,115952141.3,116991513.58571428,123227747.3,131003007.11428572,119070258.15714283,126758208.18023808,2245300.757608743,6,9,3,35,2021,0
2021-09-19,Massachusetts,118252909.5,Beverages,118252909.5,118088568.91428572,117102525.4,128723854.07142857,117759887.74285714,120124255.4295238,355016.2407474589,6,9,3,37,2021,0
2021-09-26,Massachusetts,116054677.9,Beverages,116054677.9,116368710.98571429,118252909.5,124361229.01428571,116996777.15714286,118002574.07857142,678388.999745768,6,9,3,38,2021,0
2021-10-01,Massachusetts,101930997.0,Beverages,101930997.0,104755733.18,116682744.07142858,120109630.44285716,110046533.66938774,115583677.51714285,5571750.680458163,4,10,4,39,2021,0
2021-10-10,Massachusetts,168719601.00000003,Beverages,168719601.00000003,161298645.00000003,116772909.0,116773844.22857144,146456733.00000003,122218723.47714289,16031097.190097878,6,10,4,40,2021,0
2021-10-17,Massachusetts,163959288.0,Beverages,163959288.0,164639332.71428573,168719601.00000003,117924228.32857142,165999422.14285716,133551307.1104762,1469064.4855330917,6,10,4,41,2021,0
2021-10-24,Massachusetts,159998296.29999998,Beverages,159998296.29999998,160564152.25714284,163959288.0,116682744.07142858,161695864.1714286,143850491.09619048,1222388.5769608773,6,10,4,42,2021,0
2021-10-31,Massachusetts,156339095.0,Beverages,156339095.0,156861838.04285714,159998296.29999998,101930997.0,157907324.12857145,155018008.87,1129254.037548161,6,10,4,43,2021,0
2021-11-04,Massachusetts,110485618.7,Beverages,110485618.7,121948987.775,157907324.12857142,131614821.0,140186886.19693878,155977646.9116667,18785518.684217103,3,11,4,44,2021,0
2021-11-07,Massachusetts,123103940.1,Beverages,123103940.1,118897832.96666668,156339095.0,153877689.00000003,123916598.30714284,153221756.90833333,11723650.28679198,6,11,4,44,2021,0
2021-11-14,Massachusetts,166340125.20000002,Beverages,166340125.20000002,160163527.32857144,123103940.1,165319377.42857143,147810331.5857143,148930314.93547618,13342976.40102194,6,11,4,45,2021,0
2021-11-21,Massachusetts,166372087.3,Beverages,166372087.3,166367521.2857143,166340125.20000002,161130008.2142857,166358389.25714287,149750365.0502381,9863.717737799094,6,11,4,46,2021,0
2021-11-28,Massachusetts,156827506.20000002,Beverages,156827506.20000002,158191017.7857143,166372087.3,157384581.08571428,160918040.95714286,150207481.79309523,2945521.675428509,6,11,4,47,2021,0
2021-12-09,Massachusetts,122654220.3,Beverages,122654220.3,125760882.65454546,144400856.78181818,135457135.84285715,131974207.36363636,152697750.38619047,6711157.719104962,3,12,4,49,2021,0
2021-12-12,Massachusetts,164054125.5,Beverages,164054125.5,150254157.1,135080869.71818182,153986929.45714286,137145618.0896104,152942132.93761906,14895538.673760733,6,12,4,49,2021,0
2021-12-19,Massachusetts,170030426.49999997,Beverages,170030426.49999997,169176669.2142857,164054125.5,166362955.2714286,167469154.6428571,153409176.7295238,1844326.5293612373,6,12,4,50,2021,0
2021-12-26,Massachusetts,166617350.5,Beverages,166617350.5,167104932.78571427,170030426.49999997,159554529.37142858,168080097.35714287,154489620.40285715,1053298.1209462185,6,12,4,51,2021,0
2022-01-05,Massachusetts,167023123.20000002,Beverages,167023123.20000002,166982545.93,166739082.31,131974207.36363636,166901391.39000002,161509837.9371212,87656.9216587021,2,1,1,1,2022,0
2022-01-16,Massachusetts,164439406.4,Beverages,164439406.4,164674289.74545455,166083589.81818184,168322911.9285714,165144056.43636364,166864169.54880953,507406.0187475397,6,1,1,2,2022,0
2022-01-23,Massachusetts,153540342.1,Beverages,153540342.1,155097351.28571427,164439406.4,167592515.07142857,158211369.65714285,164378639.33785716,3363524.2658837787,6,1,1,3,2022,0
2022-01-30,Massachusetts,161443006.2,Beverages,161443006.2,160314054.18571427,153540342.1,166820236.85000002,158056150.15714285,162344484.54666668,2438815.088509333,6,1,1,4,2022,0
2022-02-01,Massachusetts,153065562.7,Beverages,153065562.7,157254284.45,155798246.12857142,166901391.39000002,158035051.14387754,161563072.60133332,2728364.142348717,1,2,1,5,2022,0
2022-02-10,Massachusetts,173632118.00000003,Beverages,173632118.00000003,171346945.1888889,157635908.32222223,165613823.12727273,166776599.56666666,160972039.7368182,4936537.479953483,3,2,1,6,2022,0
2022-02-13,Massachusetts,159118510.0,Beverages,159118510.0,163956379.33333334,164491426.75555557,164909173.0909091,167526653.30476192,160853272.02651513,4827715.616953127,6,2,1,6,2022,0
2022-02-20,Massachusetts,154232600.29999998,Beverages,154232600.29999998,154930587.39999998,159118510.0,156654360.47142857,156326561.59999996,159730950.0545238,1507824.4686432602,6,2,1,7,2022,0
2022-02-27,Massachusetts,157138186.1,Beverages,157138186.1,156723102.41428572,154232600.29999998,159185102.17142856,155892935.04285714,159663512.09452382,896683.245082468,6,2,1,8,2022,0
2022-03-04,Massachusetts,167967264.40000004,Beverages,167967264.40000004,165801448.74000004,156308018.7285714,155350735.5111111,161719921.98775512,160688529.5062963,4305380.921410549,4,3,1,9,2022,0
2022-03-07,Massachusetts,204951137.8,Beverages,204951137.8,192623180.00000003,159304001.76,162206253.94444445,176677671.94857144,163958739.39296296,16644677.909409923,0,3,1,10,2022,0
2022-03-13,Massachusetts,163037760.20000002,Beverages,163037760.20000002,170023323.13333336,192623180.00000003,168794248.6666667,183994449.0,166255635.88111112,15090540.66778027,6,3,1,10,2022,0
2022-03-20,Massachusetts,163395006.10000002,Beverages,163395006.10000002,163343970.9714286,163037760.20000002,155628574.5,163241900.7142857,167405491.62,110248.47821290488,6,3,1,11,2022,0
2022-03-27,Massachusetts,162460275.79999998,Beverages,162460275.79999998,162593808.7,163395006.10000002,156308018.7285714,162860874.5,169187947.5204762,288464.03318426857,6,3,1,12,2022,0
2022-04-09,Massachusetts,191887582.3,Beverages,191887582.3,189623943.33846155,176042109.56923077,183994449.0,185096665.41538465,170358804.22666672,4890019.0481793415,5,4,2,14,2022,0
2022-04-12,Massachusetts,166677967.6,Beverages,166677967.6,175081172.5,182833026.45384616,163037760.20000002,182744573.27582425,170864589.16333333,8899143.189476827,1,4,2,15,2022,0
2022-04-17,Massachusetts,172565018.49999997,Beverages,172565018.49999997,171387608.31999996,183484377.4,163292935.84285715,170401447.25714284,172034477.92238095,2881260.0701032244,6,4,2,15,2022,0
2022-04-24,Massachusetts,158701796.1,Beverages,158701796.1,160682256.44285715,172565018.49999997,162727341.6,164643177.12857142,172394185.45,4278283.315177807,6,4,2,16,2022,0
2022-05-06,Massachusetts,186095042.9,Beverages,186095042.9,183812272.3333333,170115648.93333334,185096665.41538465,179246731.20000002,172671541.18384612,4931348.038839541,4,5,2,18,2022,0
2022-05-15,Massachusetts,177877294.2,Beverages,177877294.2,178790377.38888887,184268876.52222225,170210198.14,180616543.76666665,173756638.89066666,1972485.127749875,6,5,2,19,2022,0
2022-05-22,Massachusetts,189028815.6,Beverages,189028815.6,187435741.1142857,177877294.2,162662716.78571427,184249592.14285716,177512516.58476192,3441434.2183849034,6,5,2,20,2022,0
2022-05-29,Massachusetts,185048235.8,Beverages,185048235.8,185616890.05714285,189028815.6,170115648.93333334,186754198.57142857,182850676.53333333,1228433.595854038,6,5,2,21,2022,0
2022-06-02,Massachusetts,158406497.3,Beverages,158406497.3,165066931.925,186754198.57142857,179246731.2,175777038.1602041,181860619.71833333,11036098.196408316,3,6,2,22,2022,0
2022-06-03,Massachusetts,163066212.2,Beverages,163066212.2,158406497.3,186185544.31428573,181529501.76666668,172474276.42959183,181245176.7327777,10860043.211173069,4,6,2,22,2022,0
2022-06-11,Massachusetts,176404236.0,Beverages,176404236.0,174736983.025,164733465.17499998,180616543.76666665,171402477.07500002,177820109.36722222,3601678.069872821,5,6,2,23,2022,0
2022-06-19,Massachusetts,188196405.1,Beverages,188196405.1,186722383.9625,177878257.1375,185842666.62857145,183774341.6875,178308273.6504762,3184249.5920336163,6,6,2,24,2022,0
2022-06-26,Massachusetts,187493717.4,Beverages,187493717.4,187594101.35714287,188196405.1,186185544.31428573,187794869.27142856,178357782.45190477,216854.13212784624,6,6,2,25,2022,0
2022-07-08,Massachusetts,202942318.00000003,Beverages,202942318.00000003,201654934.6166667,193930634.3166667,171402477.075,199080167.85,188447139.85416663,2781065.962269808,4,7,3,27,2022,0
2022-07-17,Massachusetts,193560294.50000003,Beverages,193560294.50000003,194602741.5555556,200857423.88888893,185248362.825,196687635.66666672,193979804.3720833,2251943.0196196483,6,7,3,28,2022,0
2022-07-24,Massachusetts,195271674.7,Beverages,195271674.7,195027191.8142857,193560294.50000003,187694485.31428573,194538226.0428572,195558888.60857147,528143.3958163791,6,7,3,29,2022,0
2022-07-31,Massachusetts,196278490.0,Beverages,196278490.0,196134659.2428572,195271674.7,193930634.3166667,195846997.7285714,196860949.5283333,310709.9471297341,6,7,3,30,2022,0
2022-08-05,Massachusetts,176540604.5,Beverages,176540604.5,180488181.6,195990828.4857143,200367551.2333333,187798848.96326533,194634778.56722224,7678710.56154493,4,8,3,31,2022,0
2022-08-14,Massachusetts,196904700.5,Beverages,196904700.5,194642023.16666663,181065959.16666663,195645188.6111112,190116668.5,191124143.88185185,4887941.6938304985,6,8,3,32,2022,0
2022-08-21,Massachusetts,193340172.9,Beverages,193340172.9,193849391.12857145,196904700.5,194782708.92857143,194867827.5857143,191272245.25714287,1100037.09941401,6,8,3,33,2022,0
2022-08-28,Massachusetts,188222736.8,Beverages,188222736.8,188953799.1,193340172.9,195990828.4857143,190415923.7,190075470.74142852,1579275.0668870525,6,8,3,34,2022,0
2022-09-01,Massachusetts,158862330.60000002,Beverages,158862330.60000002,166202432.15000004,190415923.7,188383335.8,178050189.8571429,186954221.86666667,12210787.60924978,3,9,3,35,2022,0
2022-09-10,Massachusetts,178377596.90000004,Beverages,178377596.90000004,176209233.9777778,163199056.44444448,190116668.5,171872508.13333338,182924652.23666668,4684199.279653151,5,9,3,36,2022,0
2022-09-18,Massachusetts,181562852.3,Beverages,181562852.3,181164695.375,178775753.82500005,194358609.35714287,180368381.52500004,178942756.43428573,860117.2627237008,6,9,3,37,2022,0
2022-09-25,Massachusetts,175969773.0,Beverages,175969773.0,176768784.32857144,181562852.3,189684861.4,178366806.9857143,175797528.26333335,1726061.745182521,6,9,3,38,2022,0
2022-10-04,Massachusetts,170005396.2,Beverages,170005396.2,170668104.73333332,174644355.93333334,165367419.3666667,171993521.79999998,176052276.13222224,1431614.0543800725,1,10,4,40,2022,0
2022-10-07,Massachusetts,193110484.8,Beverages,193110484.8,185408788.6,172656230.3333333,171872508.13333336,177174885.97142857,177622740.47111112,8914063.909753617,4,10,4,40,2022,0
2022-10-16,Massachusetts,176001419.79999998,Beverages,176001419.79999998,177902427.02222222,189308470.3555556,180766538.45,181704441.46666667,179129222.45250002,4106644.9576721615,6,10,4,41,2022,0
2022-10-23,Massachusetts,171676982.4,Beverages,171676982.4,172294759.17142856,176001419.79999998,177567795.65714285,173530312.7142857,177667740.77761906,1334550.3550378114,6,10,4,42,2022,0
2022-10-30,Massachusetts,167136325.4,Beverages,167136325.4,167784990.6857143,171676982.4,172656230.3333333,169082321.25714287,176365389.25999996,1401277.1722537547,6,10,4,43,2022,0
2022-11-09,Massachusetts,184280869.79999995,Beverages,184280869.79999995,182566415.35999995,172279688.72,187407463.13333333,179137506.47999996,174949010.4377778,3703644.888289274,2,11,4,45,2022,0
2022-11-12,Massachusetts,177121214.2,Beverages,177121214.2,179507766.06666663,177423052.03999996,181704441.46666667,180765721.5371428,174539242.17555553,2394295.393172152,5,11,4,45,2022,0
2022-11-13,Massachusetts,176252526.39999998,Beverages,176252526.39999998,177121214.2,179137506.47999996,179803434.24444443,180353581.52571425,174420878.58074075,2913323.78704788,6,11,4,45,2022,0
2022-11-20,Massachusetts,176237995.1,Beverages,176237995.1,176240071.0,176252526.39999998,172912535.94285715,176244222.79999998,174723054.09238094,4484.454950559402,6,11,4,46,2022,0
2022-11-27,Massachusetts,174763673.70000002,Beverages,174763673.70000002,174974291.04285717,176237995.1,168433655.97142857,175395525.7285714,175894454.28619048,454985.4618663903,6,11,4,47,2022,0
2022-12-06,Massachusetts,193394268.3,Beverages,193394268.3,191324202.2333333,178903805.83333334,179137506.47999996,187184070.10000005,179665978.22266668,4471853.80221092,1,12,4,49,2022,0
2022-12-18,Massachusetts,178862351.39999998,Beverages,178862351.39999998,180073344.47499996,187339302.925,176242146.89999998,182495330.625,182418218.075,2616044.0355440467,6,12,4,50,2022,0
2022-12-25,Massachusetts,186342066.3,Beverages,186342066.3,185273535.6,178862351.39999998,175184908.3857143,183136474.2,184133102.67309523,2308290.131658722,6,12,4,51,2022,0
2023-01-01,Massachusetts,160477106.2,Beverages,160477106.2,164172100.5,186342066.3,185114004.03333336,171562089.1,182344012.655,7982099.980130884,6,1,1,52,2023,0
2023-01-15,Massachusetts,171327112.7,Beverages,171327112.7,170552112.2357143,165902109.45,181284337.55,169002111.30714282,172329339.1508333,1674192.3500568797,6,1,1,2,2023,0
2023-01-22,Massachusetts,165436773.0,Beverages,165436773.0,166278250.1,171327112.7,184205004.9,167961204.29999998,169211106.375,1817798.296246207,6,1,1,3,2023,0
2023-01-29,Massachusetts,168952906.9,Beverages,168952906.9,168450602.05714285,165436773.0,167867094.79999998,167445992.37142855,166685137.29833332,1085102.479365301,6,1,1,4,2023,0
2023-02-04,Massachusetts,173074200.70000002,Beverages,173074200.70000002,172387318.4,168450602.05714285,163577108.05714285,171013553.8,168479615.08357143,1483835.3588710877,5,2,1,5,2023,0
2023-02-19,Massachusetts,168441551.8,Beverages,168441551.8,168750395.06,170603454.62,167119727.2,169368081.58,169701025.29000002,667177.6948281938,6,2,1,7,2023,0
2023-02-26,Massachusetts,167491555.60000002,Beverages,167491555.60000002,167627269.34285715,168441551.8,167948297.21428573,167898696.82857147,169996272.5252381,293175.192203825,6,2,1,8,2023,0
2023-03-19,Massachusetts,193309288.9,Beverages,193309288.9,192079873.02857143,184703377.8,169059238.32000002,189621041.2857143,177126685.28533334,2655841.824407141,6,3,1,11,2023,0
2023-03-26,Massachusetts,171791059.2,Beverages,171791059.2,174865092.0142857,193309288.9,167762983.0857143,181013157.64285716,180117622.07809526,6640669.855926104,6,3,1,12,2023,0
2023-04-16,Massachusetts,186665074.6,Beverages,186665074.6,185956788.1523809,181707069.46666667,190850457.15714288,184540215.25714284,180790255.93428573,1530073.6023976747,6,4,2,15,2023,0
2023-04-23,Massachusetts,175645877.9,Beverages,175645877.9,177220048.85714287,186665074.6,177939124.8285714,180368390.77142856,179348709.97380954,3400597.9293996342,6,4,2,16,2023,0
2023-04-30,Massachusetts,178048133.79999998,Beverages,178048133.79999998,177704954.38571426,175645877.9,175332491.43809524,177018595.55714282,180111857.47285712,741352.2656615062,6,4,2,17,2023,0
2023-05-02,Massachusetts,166383017.89999998,Beverages,166383017.89999998,172215575.84999996,176332236.7285714,176749064.3333333,175058209.80102038,179638815.8572222,4302117.809374448,1,5,2,18,2023,0
2023-05-03,Massachusetts,178456877.60000002,Beverages,178456877.60000002,166383017.89999998,176675416.14285713,177457350.78095236,175312704.29489797,179672133.41785714,4463397.81254643,2,5,2,18,2023,0
2023-07-05,Massachusetts,189283131.7,Beverages,189283131.7,189111286.39682537,188080214.57777777,184127772.6047619,188767595.79047617,186791374.80396825,371228.28333509376,2,7,3,27,2023,0
2023-08-01,Massachusetts,171797787.4,Beverages,171797787.4,172445392.74444446,176331024.81111112,188767595.79047617,173740603.43333334,181106119.8296825,1398987.437410541,1,8,3,31,2023,0
2023-09-04,Massachusetts,186152612.7,Beverages,186152612.7,185730411.9558824,183197207.4911765,173486590.3764706,184886010.46764705,180030701.91029412,912057.8484212676,0,9,3,36,2023,0
2023-12-02,Massachusetts,172523685.8,Beverages,172523685.8,172676819.81011236,173595623.87078652,177117706.1033708,172983087.83033708,174744128.94662923,330807.2705311534,5,12,4,48,2023,0
2023-12-03,Massachusetts,198158712.2,Beverages,198158712.2,172523685.8,173442489.86067417,176964572.09325844,176513976.73595506,175450600.2835206,9548013.559824642,6,12,4,48,2023,0
2019-03-11,Michigan,160641810.0,Beverages,160641810.0,160658362.39827585,160757676.78793105,161138381.94827586,160691467.1948276,160881819.775,35757.2670558321,0,3,1,11,2019,0
2019-06-10,Michigan,162440135.29999998,Beverages,162440135.29999998,162420373.48351645,162301802.58461538,161847280.8054945,162380849.85054943,162153588.960989,42690.40278111648,0,6,2,24,2019,0
2019-08-12,Michigan,160909876.9,Beverages,160909876.9,160934166.71587303,161079905.6111111,161638571.37619048,160982746.34761906,161262079.23015872,52471.99942796622,0,8,3,33,2019,0
2019-10-11,Michigan,155458753.9,Beverages,155458753.9,155549605.95000002,156094718.25,158184315.4,155731310.05,156776108.62500003,196262.85932676055,4,10,4,41,2019,0
2019-10-13,Michigan,168139636.39999998,Beverages,168139636.39999998,161799195.14999998,155913014.15,158002611.3,158305874.50714284,157237533.855,4907662.865558047,6,10,4,41,2019,0
2019-10-20,Michigan,160589165.70000002,Beverages,160589165.70000002,161667804.37142858,168139636.39999998,157366646.95000002,163825081.7142857,158680905.53166667,2330125.845600928,6,10,4,42,2019,0
2019-10-27,Michigan,158253213.5,Beverages,158253213.5,158586920.95714286,160589165.70000002,156730682.6,159254335.87142858,159206161.52666667,720890.4996231511,6,10,4,43,2019,0
2019-11-17,Michigan,160513280.4,Beverages,160513280.4,160405658.1666667,159759924.76666668,162746443.04285714,160190413.70000002,159507184.68571427,232490.5958727096,6,11,4,46,2019,0
2019-11-24,Michigan,165476023.0,Beverages,165476023.0,164767059.7714286,160513280.4,158920628.41428572,163349133.31428573,160282076.2352381,1531535.6163587389,6,11,4,47,2019,0
2019-12-15,Michigan,162990876.20000002,Beverages,162990876.20000002,163109216.52380955,163819258.46666667,160298035.93333334,163345897.1714286,163734091.33222225,255644.31758950875,6,12,4,50,2019,0
2019-12-22,Michigan,177117116.60000002,Beverages,177117116.60000002,175099082.25714287,162990876.20000002,164058096.54285714,171063013.5714286,165844801.53238097,4359452.432179128,6,12,4,51,2019,0
2019-12-29,Michigan,164138401.5,Beverages,164138401.5,165992503.65714285,177117116.60000002,164884321.3809524,169700707.97142857,166913363.62857145,4005318.436266735,6,12,4,52,2019,0
2020-01-03,Michigan,160937017.5,Beverages,160937017.5,161577294.3,167846605.81428573,164292619.76190478,163031251.522449,166528075.41031748,1703169.5077899846,4,1,1,1,2020,0
2020-01-11,Michigan,169836316.3,Beverages,169836316.3,168723903.95000002,162049429.85,163345897.1714286,166499079.25,167110151.34904763,2403085.330018638,5,1,1,2,2020,0
2020-01-19,Michigan,163068416.8,Beverages,163068416.8,163914404.2375,168990328.8625,173081047.91428575,165606379.1125,166899565.91357142,1827541.738849227,6,1,1,3,2020,0
2020-01-26,Michigan,155634421.4,Beverages,155634421.4,156696420.74285716,163068416.8,167846605.81428573,158820419.42857143,163624655.46357143,2294180.7876463206,6,1,1,4,2020,0
2020-02-02,Michigan,158579174.5,Beverages,158579174.5,158158495.4857143,155634421.4,160937017.5,157317137.45714286,162291362.1816667,908770.5362848252,6,2,1,5,2020,0
2020-02-08,Michigan,195412527.9,Beverages,195412527.9,189273635.6666667,158158495.4857143,167611491.60000002,176995851.20000002,165338329.5,13261522.913234163,5,2,1,6,2020,0
2020-02-16,Michigan,159950055.9,Beverages,159950055.9,164382864.9,190979718.9,164760391.675,173248482.9,167468553.41125,9575961.898189234,6,2,1,7,2020,0
2020-02-23,Michigan,160533881.5,Beverages,160533881.5,160450477.84285715,159950055.9,157758420.08571428,160283670.52857143,167321579.37142855,180172.4917450532,6,2,1,8,2020,0
2020-03-05,Michigan,173001965.10000002,Beverages,173001965.10000002,171868502.95454547,165067730.0818182,170856958.96666667,169601578.6636364,170373424.97333333,2448558.0853830352,3,3,1,10,2020,0
2020-03-15,Michigan,193774522.8,Beverages,193774522.8,191697267.03,179233732.41000003,168815673.9,187542755.49,171042284.36500004,4487385.336545987,6,3,1,11,2020,0
2020-03-22,Michigan,183042983.9,Beverages,183042983.9,184576060.8857143,193774522.8,160367074.18571427,187642214.85714287,177314325.99309525,3311824.805035408,6,3,1,12,2020,0
2020-03-29,Michigan,159059103.79999998,Beverages,159059103.79999998,162485372.38571426,183042983.9,166201192.22727275,169337909.55714282,178804648.25560606,7401586.089038258,6,3,1,13,2020,0
2020-04-10,Michigan,171357368.2,Beverages,171357368.2,170332512.8333333,164183380.63333333,185465499.72000003,168282802.09999996,175004779.72266665,2213940.6282460946,4,4,2,15,2020,0
2020-04-19,Michigan,167545769.4,Beverages,167545769.4,167969280.3777778,170510346.24444443,186109137.87142852,168816302.33333334,168826356.52285713,914888.276635478,6,4,2,16,2020,0
2020-04-26,Michigan,168937387.2,Beverages,168937387.2,168738584.65714285,167545769.4,165911640.97142857,168340979.57142857,167057920.5728571,429462.57681375294,6,4,2,17,2020,0
2020-05-01,Michigan,160060281.0,Beverages,160060281.0,161835702.24,168539782.1142857,162133669.89999998,165104512.7510204,167497410.4933333,3429520.5818732125,4,5,2,18,2020,0
2020-05-04,Michigan,161383566.6,Beverages,161383566.6,160942471.4,167161965.95999998,165208236.0,161960152.23428568,167173319.57000002,1896796.5459627,0,5,2,19,2020,0
2020-05-07,Michigan,225361219.0,Beverages,225361219.0,204035334.86666667,161835702.24,168282802.1,179284814.25714284,170851058.38333333,26225458.09208076,3,5,2,19,2020,0
2020-05-17,Michigan,179738021.3,Beverages,179738021.3,184300341.07,211674259.69,168392791.35555556,193424980.61,180985851.52092597,9855737.137528798,6,5,2,20,2020,0
2020-05-24,Michigan,192231242.8,Beverages,192231242.8,190446496.87142852,179738021.3,168539782.1142857,186877005.0142857,185382954.86023808,3855491.8585347706,6,5,2,21,2020,0
2020-05-31,Michigan,186690850.4,Beverages,186690850.4,187482335.02857143,192231242.8,160060281.0,189065304.2857143,190973806.21833333,1709802.2148438264,6,5,2,22,2020,0
2020-06-09,Michigan,182313621.5,Beverages,182313621.5,182799980.26666668,185718132.86666667,211674259.69,183772697.8,188130084.6156667,1050655.0177147074,1,6,2,24,2020,0
2020-06-12,Michigan,167074283.5,Beverages,167074283.5,172154062.83333334,184259056.56666663,197987300.38,178376403.87142858,185090528.884,6532713.351161147,4,6,2,24,2020,0
2020-06-14,Michigan,193843110.3,Beverages,193843110.3,180458696.9,183286339.03333333,188862660.84,179411085.35238096,184824334.409,8552695.506371617,6,6,2,24,2020,0
2020-06-21,Michigan,199111018.0,Beverages,199111018.0,198358459.75714287,193843110.3,188661750.94285715,196853343.27142856,187773459.24571428,1625711.610795875,6,6,2,25,2020,0
2020-06-28,Michigan,203494178.6,Beverages,203494178.6,202868012.8,199111018.0,188273819.65714288,201615681.2,190418395.3842857,1352672.72799521,6,6,2,26,2020,0
2020-07-06,Michigan,195960018.2,Beverages,195960018.2,196901788.25,202552408.55,183772697.8,198785328.35,194083227.16,2034455.8305203249,0,7,3,28,2020,0
2020-07-19,Michigan,205059563.5,Beverages,205059563.5,204359598.47692308,200159808.33846152,197605901.5142857,202959668.43076923,200466866.89523807,1512097.2708309542,6,7,3,29,2020,0
2020-07-26,Michigan,197142081.4,Beverages,197142081.4,198273150.27142856,205059563.5,202241847.0,200535288.0142857,200511198.94000003,2443388.022585213,6,7,3,30,2020,0
2020-08-03,Michigan,169691116.8,Beverages,169691116.8,173122487.375,193710710.825,197843558.3,179985228.52500004,195379772.89166668,7412607.645573145,0,8,3,32,2020,0
2020-08-11,Michigan,170455153.70000002,Beverages,170455153.70000002,170359649.0875,169786621.41250002,200159808.33846152,170168639.86249998,187967970.2021795,206313.543024418,1,8,3,33,2020,0
2020-08-16,Michigan,197251508.9,Beverages,197251508.9,191892237.86,170264144.47500002,203659633.45384616,181925662.41250005,185346847.4375641,10477749.159339324,6,8,3,33,2020,0
2020-08-23,Michigan,190621388.6,Beverages,190621388.6,191568548.6428572,197251508.9,199404219.1428572,193462868.72857144,183229818.5940476,2046099.5458788327,6,8,3,34,2020,0
2020-08-30,Michigan,190178820.4,Beverages,190178820.4,190242044.42857143,190621388.6,179985228.525,190368492.4857143,183327297.50583333,136579.51163245778,6,8,3,35,2020,0
2020-09-02,Michigan,156307498.0,Beverages,156307498.0,167597938.8,190431716.5142857,169691116.8,180555491.73877552,182774842.6483333,13762470.276393147,2,9,3,36,2020,0
2020-09-08,Michigan,193099997.2,Beverages,193099997.2,186967914.0,167597938.8,170264144.47500002,174703747.6,184323723.8995833,13246813.720087416,1,9,3,37,2020,0
2020-09-13,Michigan,175433574.8,Beverages,175433574.8,178966859.28,180835830.8,186532966.82,184652661.42857143,185262551.522,6119988.151382065,6,9,3,37,2020,0
2020-09-20,Michigan,177142088.2,Beverages,177142088.2,176898014.85714284,175433574.8,192515708.68571427,176409868.1714286,181051724.40809524,527258.6821418476,6,9,3,38,2020,0
2020-09-27,Michigan,178833439.89999998,Beverages,178833439.89999998,178591818.2285714,177142088.2,190305268.4571429,178108574.88571426,178132107.88761902,521962.46653910814,6,9,3,39,2020,0
2020-10-05,Michigan,179161367.89999998,Beverages,179161367.89999998,179120376.89999998,178874430.89999998,174703747.6,179038394.9,179572558.57999998,88550.68060112666,0,10,4,41,2020,0
2020-10-18,Michigan,169329451.79999998,Beverages,169329451.79999998,170085753.0384615,174623560.46923074,176653941.5142857,171598355.5153846,176440589.7485714,1633797.4054490237,6,10,4,42,2020,0
2020-10-25,Michigan,169076115.4,Beverages,169076115.4,169112306.31428573,169329451.79999998,178350196.55714282,169184688.14285713,174471188.01095238,78181.31033188861,6,10,4,43,2020,0
2020-11-10,Michigan,174354212.2,Beverages,174354212.2,174024331.14999998,172045044.85,174623560.46923074,173364569.04999998,171185432.49358973,712624.515450149,1,11,4,46,2020,0
2020-11-15,Michigan,175140544.0,Beverages,175140544.0,174983277.64,173694450.1,170842054.27692306,174644085.67857143,171597324.91461536,383174.0273384433,6,11,4,46,2020,0
2020-11-22,Michigan,175298865.9,Beverages,175298865.9,175276248.4857143,175140544.0,169148497.2285714,175231013.65714285,172967241.4304762,48859.19898662594,6,11,4,47,2020,0
2020-11-29,Michigan,171246210.60000002,Beverages,171246210.60000002,171825161.35714287,175298865.9,170725520.65,172983062.87142858,173712715.61833334,1250676.5780598524,6,11,4,48,2020,0
2020-12-01,Michigan,159009553.2,Beverages,159009553.2,165127881.9,174140964.3857143,171385282.75,169451142.23877552,173102607.30666667,5395512.9016585685,1,12,4,49,2020,0
2020-12-04,Michigan,168931513.2,Beverages,168931513.2,165624193.2,172404112.11428574,172374925.9,166297340.95102042,172460522.14166668,4703964.797022386,4,12,4,49,2020,0
2020-12-07,Michigan,201011506.6,Beverages,201011506.6,190318175.46666667,165127881.9,173364569.04999998,175262379.88571426,174188870.88833332,15670782.991431102,0,12,4,50,2020,0
2020-12-13,Michigan,170268475.79999998,Beverages,170268475.79999998,175392314.26666665,190318175.46666667,174826011.28,185639991.2,175935177.67466667,11068756.160997467,6,12,4,50,2020,0
2020-12-20,Michigan,179747535.79999998,Beverages,179747535.79999998,178393384.37142855,170268475.79999998,175253631.07142857,175685081.5142857,176056169.93285713,2925301.42498183,6,12,4,51,2020,0
2020-12-27,Michigan,175213629.3,Beverages,175213629.3,175861330.22857144,179747535.79999998,172404112.11428574,177156732.0857143,176779901.33523807,1399193.9227263115,6,12,4,52,2020,0
2021-01-08,Michigan,208089144.7,Beverages,208089144.7,205349518.41666663,188911760.71666667,190763829.66666663,199870265.85,183265467.69666663,5918269.184273342,4,1,1,1,2021,0
2021-01-17,Michigan,172757738.1,Beverages,172757738.1,176683449.94444445,200237721.0111111,177039232.94285712,184534873.6333333,187021257.1923809,8480506.840169938,6,1,1,2,2021,0
2021-01-24,Michigan,164797690.7,Beverages,164797690.7,165934840.3285714,172757738.1,176509031.15714285,168209139.58571428,184697953.587619,2456523.959351924,6,1,1,3,2021,0
2021-01-31,Michigan,168703716.9,Beverages,168703716.9,168145713.15714285,164797690.7,188911760.71666667,167029705.6714286,181396968.235,1205425.855395154,6,1,1,4,2021,0
2021-02-05,Michigan,187527660.0,Beverages,187527660.0,183762871.38,167587709.41428572,202609892.13333333,176691406.26530614,178541542.10055554,7452504.42056299,4,2,1,5,2021,0
2021-02-14,Michigan,166337862.39999998,Beverages,166337862.39999998,168692284.35555553,182818816.08888888,180609161.78888887,173401128.26666665,172596782.35481483,5086132.729529989,6,2,1,6,2021,0
2021-02-21,Michigan,166888781.89999998,Beverages,166888781.89999998,166810079.11428568,166337862.39999998,167071989.95714286,166652673.5428571,171609985.0442857,170017.44878734436,6,2,1,7,2021,0
2021-02-28,Michigan,171250580.9,Beverages,171250580.9,170627466.75714287,166888781.89999998,167587709.41428572,169381238.47142857,172362572.66523808,1346080.395118359,6,2,1,8,2021,0
2021-03-01,Michigan,167656813.3,Beverages,167656813.3,171250580.9,167511896.0428571,168145713.15714285,169401940.9367347,172346276.0033333,1313252.672618809,0,3,1,9,2021,0
2021-03-10,Michigan,272388963.00000006,Beverages,272388963.00000006,260752057.47777784,190930624.34444445,180464394.13333333,237478246.4333334,186193658.97777775,25138589.07379698,2,3,1,10,2021,0
2021-03-14,Michigan,203367036.2,Beverages,203367036.2,220622517.9,237478246.4333334,171046706.3111111,242751029.63333336,193483248.2451852,24016618.038029708,6,3,1,10,2021,0
2021-03-21,Michigan,197126612.4,Beverages,197126612.4,198018101.5142857,203367036.2,166731376.3285714,199801079.7428572,201173500.16714287,1925836.595041598,6,3,1,11,2021,0
2021-03-28,Michigan,175334447.79999998,Beverages,175334447.79999998,178447614.17142856,197126612.4,170004352.6142857,184673946.9142857,205014438.35857147,6725208.00140959,6,3,1,12,2021,0
2021-04-04,Michigan,178056650.0,Beverages,178056650.0,177667763.97142857,175334447.79999998,214204435.38888893,176889991.9142857,203071064.1592593,840089.8374614603,6,4,2,13,2021,0
2021-04-07,Michigan,234922042.1,Beverages,234922042.1,215966911.4,176501105.88571426,249115151.9555556,193970574.00408167,200919930.6559259,23307738.808917485,2,4,2,14,2021,0
2021-04-18,Michigan,176226692.4,Beverages,176226692.4,181562633.28181812,213578278.5727273,198909590.62857145,192234515.04545456,193532112.8271429,11526949.745698351,6,4,2,15,2021,0
2021-04-25,Michigan,179434937.0,Beverages,179434937.0,178976616.34285715,176226692.4,181560780.5428572,178059975.02857143,190610097.6557143,990085.7785475756,6,4,2,16,2021,0
2021-05-09,Michigan,205489318.4,Beverages,205489318.4,203628291.15714288,192462127.7,224250160.33636364,199906236.6714286,191068363.56818184,4020278.331207737,6,5,2,18,2021,0
2021-05-12,Michigan,256907912.4,Beverages,256907912.4,239768381.06666663,198045209.42857143,208242337.6909091,218585179.0489796,193687373.81757575,22213608.5586705,2,5,2,19,2021,0
2021-05-16,Michigan,188840159.3,Beverages,188840159.3,205857097.575,205489318.4,186898574.1636364,225252487.15,196282451.314394,22882459.384784527,6,5,2,19,2021,0
2021-05-23,Michigan,209732475.9,Beverages,209732475.9,206747859.2428572,188840159.3,178518295.68571427,200778625.92857143,201604210.7797619,6447508.879695582,6,5,2,20,2021,0
2021-05-30,Michigan,208722390.8,Beverages,208722390.8,208866688.6714286,209732475.9,188740073.21428573,209155284.4142857,207623722.24357143,311719.0293185375,6,5,2,21,2021,0
2021-06-06,Michigan,206905513.5,Beverages,206905513.5,207165067.4,208722390.8,201767263.9142857,207684175.2,210307053.9469048,560700.5077007631,6,6,2,22,2021,0
2021-06-13,Michigan,212793406.5,Beverages,212793406.5,211952278.92857143,206905513.5,222874035.85,210270023.7857143,206330467.40583333,1817043.2282307053,6,6,2,23,2021,0
2021-06-20,Michigan,216301357.9,Beverages,216301357.9,215800221.9857143,212793406.5,203763242.58571428,214797950.15714285,210327745.66809523,1082577.3050382785,6,6,2,24,2021,0
2021-06-27,Michigan,203598153.8,Beverages,203598153.8,205412897.2428572,216301357.9,209010986.5428572,209042384.12857145,210338360.41238096,3920293.895761503,6,6,2,25,2021,0
2021-07-02,Michigan,167159464.5,Beverages,167159464.5,174447202.36,207227640.6857143,207943729.1,188240821.7346939,205887552.8333333,14568639.4239987,4,7,3,26,2021,0
2021-07-03,Michigan,176250345.10000002,Beverages,176250345.10000002,167159464.5,205412897.2428572,207684175.2,184074742.85714287,204839758.4966667,12915555.144670635,5,7,3,26,2021,0
2021-07-11,Michigan,262312013.5,Beverages,262312013.5,251554304.95,187008053.65000004,211111151.35714287,230038887.85,209127778.00761905,23239306.540531456,6,7,3,27,2021,0
2021-07-18,Michigan,210437919.7,Beverages,210437919.7,217848504.52857143,262312013.5,215299086.07142857,232669674.18571427,213543043.4295238,16008692.89917519,6,7,3,28,2021,0
2021-07-25,Michigan,211852514.2,Beverages,211852514.2,211650429.27142856,210437919.7,207227640.6857143,211246259.4142857,213287596.70142856,436553.3403539747,6,7,3,29,2021,0
2021-08-08,Michigan,203345532.7,Beverages,203345532.7,203953174.2357143,207599023.45,240796596.4,205168457.3071428,217447023.04,1312655.7435073936,6,8,3,31,2021,0
2021-08-15,Michigan,211394866.5,Beverages,211394866.5,210244961.67142856,203345532.7,225259089.35714287,207945152.0142857,208825304.7259524,2484078.340602039,6,8,3,32,2021,0
2021-08-22,Michigan,210581436.3,Beverages,210581436.3,210697640.6142857,211394866.5,211448344.34285712,210930049.2428572,208592072.9940476,251030.0096011658,6,8,3,33,2021,0
2021-08-29,Michigan,211585140.6,Beverages,211585140.6,211441754.27142856,210581436.3,208814306.52142856,211154981.6142857,208739872.3228571,309749.8716908113,6,8,3,34,2021,0
2021-09-05,Michigan,189621245.2,Beverages,189621245.2,192758944.5428572,211585140.6,204560815.77142856,199034343.2285714,207025012.9878572,6778205.276872242,6,9,3,35,2021,0
2021-09-19,Michigan,192769391.2,Beverages,192769391.2,192544523.62857145,191195318.2,210813844.92857143,192094788.48571423,199030429.28714284,485769.47394391394,6,9,3,37,2021,0
2021-09-26,Michigan,192597473.2,Beverages,192597473.2,192622032.9142857,192769391.2,211298367.94285715,192671152.34285715,194775796.3890476,53055.04640289112,6,9,3,38,2021,0
2021-10-01,Michigan,168509581.3,Beverages,168509581.3,173327159.68,192646592.62857145,202172042.57142857,182277599.4877551,189834715.37857145,9407447.658920718,4,10,4,39,2021,0
2021-10-10,Michigan,272107322.1,Beverages,272107322.1,260596462.0111112,191531301.47777772,190745583.05714285,237574741.8333333,200027532.68761903,24866299.81724694,6,10,4,40,2021,0
2021-10-17,Michigan,266644798.2,Beverages,266644798.2,267425158.75714284,272107322.1,192319656.05714285,268985879.8714286,218073725.5442857,1685771.4740401336,6,10,4,41,2021,0
2021-10-24,Michigan,265041403.8,Beverages,265041403.8,265270460.1428572,266644798.2,192646592.62857145,265728572.8285714,235117310.03380957,494818.25447305833,6,10,4,42,2021,0
2021-10-31,Michigan,264137984.9,Beverages,264137984.9,264267044.7428572,265041403.8,168509581.3,264525164.42857143,254308408.52,278801.1253982222,6,10,4,43,2021,0
2021-11-04,Michigan,177152744.5,Beverages,177152744.5,198899054.6,264525164.42857143,214553021.6555556,233127138.9755102,255973138.93703705,35250142.82833683,3,11,4,44,2021,0
2021-11-07,Michigan,211704347.4,Beverages,211704347.4,200187146.4333333,264137984.9,249085601.92222223,205664325.4142857,252234379.39703703,21553418.79835653,6,11,4,44,2021,0
2021-11-14,Michigan,270617456.9,Beverages,270617456.9,262201298.4,211704347.4,268205519.31428573,245368981.4,246769308.84857145,18180980.305067006,6,11,4,45,2021,0
2021-11-21,Michigan,272869739.8,Beverages,272869739.8,272547985.1,270617456.9,265499516.4857143,271904475.7,248085083.08476192,695069.5930755867,6,11,4,46,2021,0
2021-11-28,Michigan,258449518.5,Beverages,258449518.5,260509550.1142857,272869739.8,264396104.58571428,264629613.34285715,248045893.35476196,4450176.907570753,6,11,4,47,2021,0
2021-12-09,Michigan,190209866.0,Beverages,190209866.0,196413470.77272728,233635099.4090909,228536664.4,208820680.3181818,248605703.71,13401317.975816688,3,12,4,49,2021,0
2021-12-12,Michigan,263995026.8,Beverages,263995026.8,239399973.2,215024285.0909091,253785139.9,216608716.03376624,248008802.89,26233960.976013843,6,12,4,49,2021,0
2021-12-19,Michigan,280540700.4,Beverages,280540700.4,278177032.7428571,263995026.8,272226230.4,273449697.4285714,248789320.28,5106105.727720498,6,12,4,50,2021,0
2021-12-26,Michigan,272997721.3,Beverages,272997721.3,274075289.7428572,280540700.4,262569581.72857144,276230426.6285714,250614221.50380957,2327813.887652405,6,12,4,51,2021,0
2022-01-05,Michigan,282586895.0,Beverages,282586895.0,281627977.63,275874473.41,208820680.3181818,279710142.89,264597295.6222727,2071498.275394724,2,1,1,1,2022,0
2022-01-16,Michigan,267939091.2,Beverages,267939091.2,269270709.7272727,277260420.8909091,275813365.0857143,271933946.7818181,276520580.3364285,2876624.7948204395,6,1,1,2,2022,0
2022-01-23,Michigan,260937457.8,Beverages,260937457.8,261937691.1428572,267939091.2,275152858.1857143,263938157.8285714,273264226.8797619,2160750.9776584245,6,1,1,3,2022,0
2022-01-30,Michigan,258918926.8,Beverages,258918926.8,259207288.37142852,260937457.8,277792308.15,259784011.5142857,269665650.2966667,622932.1906251207,6,1,1,4,2022,0
2022-02-01,Michigan,258795361.2,Beverages,258795361.2,258857144.0,260360734.65714288,279710142.89,259304393.5591837,268305354.8563333,495574.59769558127,1,2,1,5,2022,0
2022-02-10,Michigan,282399898.79999995,Beverages,282399898.79999995,279777172.4,264040814.0,274597183.8363636,274531719.6,266130009.02242425,5665736.5737579,3,2,1,6,2022,0
2022-02-13,Michigan,259641533.9,Beverages,259641533.9,267227655.53333333,271908993.2,270602328.25454545,273649457.62857145,265659379.89757577,7810244.853262494,6,2,1,6,2022,0
2022-02-20,Michigan,255986593.6,Beverages,255986593.6,256508727.92857143,259641533.9,262937924.4857143,257552996.58571428,263691687.2080952,1127939.064415757,6,2,1,7,2022,0
2022-02-27,Michigan,263844273.0,Beverages,263844273.0,262721747.37142852,255986593.6,259495649.94285715,260476696.1142857,263695015.82238096,2424932.5087018604,6,2,1,8,2022,0
2022-03-04,Michigan,269775008.9,Beverages,269775008.9,268588861.72,261599221.7428572,261418087.6,266225656.1530612,265022241.31333333,2547716.167778702,4,3,1,9,2022,0
2022-03-07,Michigan,336691119.79999995,Beverages,336691119.79999995,314385749.49999994,265030420.18,269286266.79999995,287877200.1457142,269794462.2233333,27962133.787390627,0,3,1,10,2022,0
2022-03-13,Michigan,272357557.8,Beverages,272357557.8,283079818.1333333,314385749.49999994,274813777.1666666,304524338.8,274274237.04444444,23162729.640386038,6,3,1,10,2022,0
2022-03-20,Michigan,270874843.00000006,Beverages,270874843.00000006,271086659.40000004,272357557.8,257030862.25714284,271510292.20000005,277051810.4242857,457575.7213798959,6,3,1,11,2022,0
2022-03-27,Michigan,271333898.8,Beverages,271333898.8,271268319.40000004,270874843.00000006,261599221.7428572,271137160.6,280008275.4323809,141667.69559415698,6,3,1,12,2022,0
2022-04-09,Michigan,304680805.2,Beverages,304680805.2,302115658.5538461,286724778.6769231,304524338.79999995,296985365.26153845,280284688.44,5541350.089040128,5,4,2,14,2022,0
2022-04-12,Michigan,267733289.00000003,Beverages,267733289.00000003,280049127.73333335,294420218.61538464,272357557.8,291925674.8747253,279981619.40000004,13396421.207430812,1,4,2,15,2022,0
2022-04-17,Michigan,287040671.2,Beverages,287040671.2,283179194.76,292364966.4666667,271298475.8000001,277767286.9047619,281247554.3533333,6671045.674572167,6,4,2,15,2022,0
2022-04-24,Michigan,275580397.49999994,Beverages,275580397.49999994,277217579.45714283,287040671.2,271202740.0,280491943.37142855,283451694.1933333,3536717.2467879853,6,4,2,16,2022,0
2022-05-06,Michigan,306853011.6,Beverages,306853011.6,304246960.425,288610653.375,296985365.26153845,299034858.075,287225443.85705125,5629713.970654056,4,5,2,18,2022,0
2022-05-15,Michigan,300641016.3000001,Beverages,300641016.3000001,301331238.00000006,305472568.20000005,279317718.32,302711681.40000004,292483911.97033334,1491049.287378898,6,5,2,19,2022,0
2022-05-22,Michigan,314840283.6,Beverages,314840283.6,312811816.8428572,300641016.3000001,278854761.41428566,308754883.32857144,298497868.32690483,4381989.022796902,6,5,2,20,2022,0
2022-05-29,Michigan,306388134.7,Beverages,306388134.7,307595584.5428571,314840283.6,288610653.375,310010484.2285714,305173956.91083336,2608389.7793010734,6,5,2,21,2022,0
2022-06-02,Michigan,259324078.5,Beverages,259324078.5,271090092.55,310010484.2285714,299034858.075,290097021.70408165,302753599.34583336,19590217.524054818,3,6,2,22,2022,0
2022-06-03,Michigan,267495330.4,Beverages,267495330.4,259324078.5,308803034.3857143,301640909.25,284195921.13469386,301615413.38416666,19234605.791334,4,6,2,22,2022,0
2022-06-11,Michigan,271352831.1,Beverages,271352831.1,270870643.51250005,267977517.9875,302711681.40000004,269906268.33750004,292268680.3983334,1041644.240876924,5,6,2,23,2022,0
2022-06-19,Michigan,320570866.6,Beverages,320570866.6,314418612.1625,277505085.5375,310783350.08571434,302114103.2875,290757947.45476186,13290388.573356103,6,6,2,24,2022,0
2022-06-26,Michigan,316322910.7,Beverages,316322910.7,316929761.5428571,320570866.6,308803034.3857143,318143463.2285715,292200029.84809524,1310947.651724272,6,6,2,25,2022,0
2022-07-08,Michigan,311504645.3999999,Beverages,311504645.3999999,311906167.50833327,314315300.1583333,269906268.33750004,312709211.7249999,306549206.18791664,867386.8896000917,4,7,3,27,2022,0
2022-07-17,Michigan,313980317.4,Beverages,313980317.4,313705242.7333333,312054794.7333333,308266357.725,313155093.4,314749003.13041663,594229.195795651,6,7,3,28,2022,0
2022-07-24,Michigan,317499495.2,Beverages,317499495.2,316996755.5142857,313980317.4,317536612.3857143,315991276.14285713,314188932.5930952,1086041.8473072243,6,7,3,29,2022,0
2022-07-31,Michigan,310660974.6,Beverages,310660974.6,311637906.1142857,317499495.2,314315300.1583333,313591769.14285713,313732198.92249995,2110413.27473141,6,7,3,30,2022,0
2022-08-05,Michigan,285495849.9,Beverages,285495849.9,290528874.84,312614837.62857145,312307689.6166666,300015482.8020408,310807393.2469444,10007435.805499963,4,8,3,31,2022,0
2022-08-14,Michigan,312440271.50000006,Beverages,312440271.50000006,309446446.8777778,291483499.14444447,313430168.0666666,303458797.6333333,307225371.10444444,6467400.3577116495,6,8,3,32,2022,0
2022-08-21,Michigan,314265560.40000004,Beverages,314265560.40000004,314004804.8428572,312440271.50000006,316494015.82857144,313483293.7285715,306867198.2271429,563296.3838465614,6,8,3,33,2022,0
2022-08-28,Michigan,315632708.40000004,Beverages,315632708.40000004,315437401.5428572,314265560.40000004,312614837.62857145,315046787.82857144,306800123.5871429,421911.03259966295,6,8,3,34,2022,0
2022-09-01,Michigan,253295724.1,Beverages,253295724.1,268879970.175,315046787.82857144,300594924.72,293285796.78265303,302739010.8456667,25134840.63934736,3,9,3,35,2022,0
2022-09-10,Michigan,286499167.7,Beverages,286499167.7,282809896.1888889,260674267.1222222,303458797.6333334,275431353.1666666,296013900.6427778,7969737.343179612,5,9,3,36,2022,0
2022-09-18,Michigan,294166542.1,Beverages,294166542.1,293208120.3,287457589.5,313744049.2857143,291291276.7,290415383.8064286,2070427.721838484,6,9,3,37,2022,0
2022-09-25,Michigan,288160494.49999994,Beverages,288160494.49999994,289018501.29999995,294166542.1,315242094.6857143,290734514.9,284835844.94642854,1853506.5294288895,6,9,3,38,2022,0
2022-10-04,Michigan,272790229.8,Beverages,272790229.8,274498036.9888889,284744880.1222222,264363538.63333333,277913651.3666667,284729573.0411111,3689285.1846918887,1,10,4,40,2022,0
2022-10-07,Michigan,307970545.1999999,Beverages,307970545.1999999,296243773.4,279621458.5555555,275431353.1666666,284305583.2190476,287179742.21555555,13151992.24992713,4,10,4,40,2022,0
2022-10-16,Michigan,279710140.70000005,Beverages,279710140.70000005,282850185.64444447,301690455.3111111,292249698.5,289130275.53333336,288609119.94,6783272.355431439,6,10,4,41,2022,0
2022-10-23,Michigan,278567340.1,Beverages,278567340.1,278730597.32857144,279710140.70000005,289876508.1,279057111.7857143,285544536.9933333,352675.92186445504,6,10,4,42,2022,0
2022-10-30,Michigan,278843204.7,Beverages,278843204.7,278803795.4714286,278567340.1,279621458.5555555,278724977.01428574,284168219.61444443,85133.66394459282,6,10,4,43,2022,0
2022-11-09,Michigan,294312536.90000004,Beverages,294312536.90000004,292765603.68,283484004.36,298550410.3666666,289671737.24000007,283444983.80222225,3341757.692193628,2,11,4,45,2022,0
2022-11-12,Michigan,274538192.4,Beverages,274538192.4,281129640.56666666,288124804.02000004,289130275.53333336,287336781.4257143,282330915.81111115,7084425.728723772,5,11,4,45,2022,0
2022-11-13,Michigan,278438332.70000005,Beverages,278438332.70000005,274538192.4,289671737.24,285990230.5888889,285732009.3485714,282079185.88148147,7711872.282043237,6,11,4,45,2022,0
2022-11-20,Michigan,281746512.7,Beverages,281746512.7,281273915.55714285,278438332.70000005,278893854.5571429,280328721.2714286,282200481.79761904,1020926.512564902,6,11,4,46,2022,0
2022-11-27,Michigan,283287868.6,Beverages,283287868.6,283067674.90000004,281746512.7,278764386.2428572,282627287.50000006,283122656.3357143,475672.7577270625,6,11,4,47,2022,0
2022-12-06,Michigan,308788146.1,Beverages,308788146.1,305954781.93333334,288954596.93333334,289671737.24,300288053.6,287263611.058,6120766.156109586,1,12,4,49,2022,0
2022-12-18,Michigan,289247308.70000005,Beverages,289247308.70000005,290875711.8166667,300646130.5166667,280801318.4142857,294132518.0500001,293231531.8585714,3517752.7838666127,6,12,4,50,2022,0
2022-12-25,Michigan,306638295.2,Beverages,306638295.2,304153868.55714285,289247308.70000005,282847481.2,299185015.2714286,297206172.18000007,5366974.952191695,6,12,4,51,2022,0
2023-01-01,Michigan,265936217.9,Beverages,265936217.9,271750800.3714286,306638295.2,297454689.43333334,283379965.3142857,295818319.12000006,12560933.755612427,6,1,1,52,2023,0
2023-01-15,Michigan,271479463.6999999,Beverages,271479463.6999999,271083517.5714285,268707840.79999995,292504114.9333334,270291625.31428564,280758642.62388885,855341.3966107402,6,1,1,2,2023,0
2023-01-22,Michigan,267805472.4,Beverages,267805472.4,268330328.3,271479463.6999999,301669441.9142857,269380040.1,274826453.1919047,1133818.3306486174,6,1,1,3,2023,0
2023-01-29,Michigan,268217253.9,Beverages,268217253.9,268158427.97142857,267805472.4,277565382.8428571,268040776.1142857,268810470.8623809,127078.52985215084,6,1,1,4,2023,0
2023-02-04,Michigan,270892076.90000004,Beverages,270892076.90000004,270446273.0666667,268158427.97142857,267520002.4142857,269554665.40000004,269252939.2871429,963046.3487363654,5,2,1,5,2023,0
2023-02-19,Michigan,271158932.50000006,Beverages,271158932.50000006,271141142.1266667,271034399.8866667,268855184.2,271105561.38000005,269886754.5233334,38431.59900475312,6,2,1,7,2023,0
2023-02-26,Michigan,278286361.4,Beverages,278286361.4,277268157.2714286,271158932.50000006,268099602.0428572,275231749.01428574,271572644.23904765,2199572.31177662,6,2,1,8,2023,0
2023-03-19,Michigan,298998448.1,Beverages,298998448.1,298012158.2571429,292094419.2,271123351.7533334,296039578.5714286,284692295.3608889,2130629.5750152525,6,3,1,11,2023,0
2023-03-26,Michigan,274857747.70000005,Beverages,274857747.70000005,278306419.1857143,298998448.1,276249953.14285713,285203762.15714294,287460913.22904766,7449981.884303794,6,3,1,12,2023,0
2023-04-16,Michigan,294447762.3,Beverages,294447762.3,293514904.4619048,287917757.43333334,297025868.4142857,291649188.78571427,286031326.7919048,2015203.2523959256,6,4,2,15,2023,0
2023-04-23,Michigan,290478740.3,Beverages,290478740.3,291045743.44285715,294447762.3,281755090.6714286,292179749.7285715,286197509.2428572,1224866.7813548853,6,4,2,16,2023,0
2023-04-30,Michigan,293332903.3,Beverages,293332903.3,292925165.7285714,290478740.3,279522036.8904762,292109690.5857143,289641577.9476191,880813.8244873611,6,4,2,17,2023,0
2023-05-02,Michigan,269131633.29999995,Beverages,269131633.29999995,281232268.29999995,291294215.44285715,281387752.5666667,287564434.6265306,289258953.0911111,9166858.049274515,1,5,2,18,2023,0
2023-05-03,Michigan,285143961.5,Beverages,285143961.5,269131633.29999995,291701953.01428574,282320610.4047619,286627578.6959184,289353064.7942857,9007251.314704482,2,5,2,18,2023,0
2023-07-05,Michigan,302279585.8,Beverages,302279585.8,302007591.7634921,300375627.54444444,294119764.7047619,301463603.69047624,298335672.2706349,587574.2740644742,2,7,3,27,2023,0
2023-08-01,Michigan,260463422.2,Beverages,260463422.2,262012169.0,271304649.8,301463603.6904762,265109662.6,282738176.7163492,3345675.47276339,1,8,3,31,2023,0
2023-09-04,Michigan,289077746.49999994,Beverages,289077746.49999994,288236148.72647053,283186562.08529407,263829813.29411763,286552953.1794117,276874578.7838235,1818058.9808720632,0,9,3,36,2023,0
2023-12-02,Michigan,277413869.8,Beverages,277413869.8,277544924.59438205,278331253.36067414,281345513.63146067,277807034.18314606,279314164.3185393,283110.7132446026,5,12,4,48,2023,0
2023-12-03,Michigan,307906236.8,Beverages,307906236.8,277413869.8,278200198.56629217,281214458.83707863,282050753.9308186,280203890.2506368,11403392.981305253,6,12,4,48,2023,0
2019-03-11,Minnesota,86713263.5,Beverages,86713263.5,86696286.11551724,86594421.80862069,86203941.96551724,86662331.34655173,86467091.425,36675.3421897414,0,3,1,11,2019,0
2019-06-10,Minnesota,86019275.10000001,Beverages,86019275.10000001,86026901.34615386,86072658.82307693,86248062.48461539,86042153.83846155,86129855.66923077,16474.57460794141,0,6,2,24,2019,0
2019-08-12,Minnesota,84846098.4,Beverages,84846098.4,84864720.25238095,84976451.36666667,85404753.97142857,84901963.95714286,85116115.25952382,40227.79886756653,0,8,3,33,2019,0
2019-10-11,Minnesota,84792561.60000001,Beverages,84792561.60000001,84793453.88000001,84798807.56,84819330.0,84795238.44000001,84805499.66000001,1927.545084587368,4,10,4,41,2019,0
2019-10-13,Minnesota,85073031.80000001,Beverages,85073031.80000001,84932796.70000002,84797023.00000001,84817545.44000001,84853937.04285716,84817827.83800001,109532.86140566642,6,10,4,41,2019,0
2019-10-20,Minnesota,86824087.2,Beverages,86824087.2,86573936.42857143,85073031.80000001,84811299.48,86073634.88571429,85111748.17000002,540387.42837862,6,10,4,42,2019,0
2019-10-27,Minnesota,85277457.8,Beverages,85277457.8,85498404.85714285,86824087.2,84805053.52000001,85940298.97142856,85376014.17933334,477300.19513990736,6,10,4,43,2019,0
2019-11-17,Minnesota,88150642.0,Beverages,88150642.0,88013823.70476191,87192913.93333334,86323785.65714286,87740187.11428571,86580391.88095237,295561.29807961377,6,11,4,46,2019,0
2019-11-24,Minnesota,88882997.3,Beverages,88882997.3,88778375.11428571,88150642.0,85719351.91428572,88569130.74285714,87106380.59523807,226009.75230644745,6,11,4,47,2019,0
2019-12-15,Minnesota,89138966.1,Beverages,89138966.1,89126777.1095238,89053643.16666666,87877005.40952381,89102399.12857142,88850232.70015873,26331.22889856193,6,12,4,50,2019,0
2019-12-22,Minnesota,97405941.7,Beverages,97405941.7,96224945.18571427,89138966.1,88673752.92857143,93862952.15714283,90135354.58714288,2551244.058270077,6,12,4,51,2019,0
2019-12-29,Minnesota,85599586.1,Beverages,85599586.1,87286208.32857142,97405941.7,88943942.25238095,90659452.78571428,90547253.77809525,3643520.439847541,6,12,4,52,2019,0
2020-01-03,Minnesota,87428013.6,Beverages,87428013.6,87062328.1,88972830.55714285,89004887.20476191,86624143.91836734,90166609.34079364,689394.3174667096,4,1,1,1,2020,0
2020-01-11,Minnesota,90227673.6,Beverages,90227673.6,89877716.1,87777971.1,89102399.12857142,89177801.1,90151431.92428572,755994.6043215081,5,1,1,2,2020,0
2020-01-19,Minnesota,83780774.39999999,Beverages,83780774.39999999,84586636.8,89421811.19999999,95043948.67142858,86198361.6,88885439.68619047,1740861.7509989052,6,1,1,3,2020,0
2020-01-26,Minnesota,83457389.3,Beverages,83457389.3,83503587.17142856,83780774.39999999,88972830.55714285,83595982.9142857,86545793.6342857,99798.80851293325,6,1,1,4,2020,0
2020-02-02,Minnesota,86519041.4,Beverages,86519041.4,86081662.52857143,83457389.3,87428013.6,85206904.78571428,86215104.50333333,944846.3508968466,6,2,1,5,2020,0
2020-02-08,Minnesota,103683539.0,Beverages,103683539.0,100822789.4,86081662.52857143,89527758.6,95101290.20000002,87790864.53333332,6179925.453558116,5,2,1,6,2020,0
2020-02-16,Minnesota,84249164.1,Beverages,84249164.1,86678460.96249999,101254242.1375,85392499.19999999,91537054.6875,89039708.00166668,5247881.015106134,6,2,1,7,2020,0
2020-02-23,Minnesota,85538889.4,Beverages,85538889.4,85354642.92857143,84249164.1,83549785.04285714,84986149.98571429,89317199.1607143,398017.8686400793,6,2,1,8,2020,0
2020-03-05,Minnesota,98819370.0,Beverages,98819370.0,97612053.58181818,90368155.07272728,92240540.6,95197420.74545452,91836566.675,2608101.549055861,3,3,1,10,2020,0
2020-03-15,Minnesota,98503915.5,Beverages,98503915.5,98535460.95,98724733.65,89107757.82499999,98598551.85,92430001.40708332,68145.96056906856,6,3,1,11,2020,0
2020-03-22,Minnesota,100365403.9,Beverages,100365403.9,100099476.98571429,98503915.5,85170396.45714286,99567623.15714286,95831208.72261906,574467.792072964,6,3,1,12,2020,0
2020-03-29,Minnesota,89170024.9,Beverages,89170024.9,90769364.75714289,100365403.9,91575471.4909091,93968044.4714286,97200494.91257577,3454968.9675906776,6,3,1,13,2020,0
2020-04-10,Minnesota,90137230.7,Beverages,90137230.7,90056630.21666667,89573027.31666668,98630097.3,89895429.25,94176058.15333337,174116.94421772248,4,4,2,15,2020,0
2020-04-19,Minnesota,95089557.2,Beverages,95089557.2,94539298.7,91237747.7,99833550.07142858,93438781.7,92352167.91619048,1188694.218532103,6,4,2,16,2020,0
2020-04-26,Minnesota,93791800.3,Beverages,93791800.3,93977194.14285712,95089557.2,92368704.61428572,94347981.82857144,91756636.9252381,400496.47421452746,6,4,2,17,2020,0
2020-05-01,Minnesota,84911771.6,Beverages,84911771.6,86687777.33999999,94162587.98571429,89411826.35000001,90012558.5489796,91569498.53,3500868.814941887,4,5,2,18,2020,0
2020-05-04,Minnesota,86761913.3,Beverages,86761913.3,86145199.39999999,92015794.56,89653627.80000001,86962674.14857142,91226715.73833331,1827568.743594045,0,5,2,19,2020,0
2020-05-07,Minnesota,113631395.2,Beverages,113631395.2,104674901.23333332,86687777.33999999,89895429.25,93910296.21428572,92712722.98499998,11333519.862975046,3,5,2,19,2020,0
2020-05-17,Minnesota,99939396.6,Beverages,99939396.6,101308596.46,109523795.62,93989040.2,104046996.18,97528396.85666668,2957809.7523192177,6,5,2,20,2020,0
2020-05-24,Minnesota,105025249.4,Beverages,105025249.4,104298699.0,99939396.6,94162587.98571429,102845598.2,99449178.62809524,1569528.248908931,6,5,2,21,2020,0
2020-05-31,Minnesota,100116563.2,Beverages,100116563.2,100817804.0857143,105025249.4,84911771.6,102220285.85714284,102297648.33333331,1514853.449146166,6,5,2,22,2020,0
2020-06-09,Minnesota,97276162.3,Beverages,97276162.3,97591762.4,99485363.0,109523795.62,98222962.6,101687907.532,681774.1374987958,1,6,2,24,2020,0
2020-06-12,Minnesota,88823001.39999999,Beverages,88823001.39999999,91640721.7,98538562.7,105416196.04,95131487.84285714,100173440.112,3659478.92192989,4,6,2,24,2020,0
2020-06-14,Minnesota,106339901.2,Beverages,106339901.2,97581451.3,97907362.5,102677796.32,96244491.75714289,100079992.112,5568474.155569647,6,6,2,24,2020,0
2020-06-21,Minnesota,104235251.2,Beverages,104235251.2,104535915.48571429,106339901.2,103572148.6,105137244.05714284,100883907.99,649509.0909976675,6,6,2,25,2020,0
2020-06-28,Minnesota,108051410.9,Beverages,108051410.9,107506245.22857144,104235251.2,101519044.97142856,106415913.88571428,101583235.1595238,1177692.451401938,6,6,2,26,2020,0
2020-07-06,Minnesota,110837792.9,Beverages,110837792.9,110489495.15,108399708.65,98222962.6,109792899.65,104314697.22,752409.134531732,0,7,3,28,2020,0
2020-07-19,Minnesota,106131720.8,Beverages,106131720.8,106493726.34615384,108665759.62307692,104836579.77142856,107217737.43846154,107952712.43619049,782021.3586714088,6,7,3,29,2020,0
2020-07-26,Minnesota,102315870.9,Beverages,102315870.9,102860992.31428573,106131720.8,106961079.55714288,103951235.14285716,107603837.04428571,1177596.845046203,6,7,3,30,2020,0
2020-08-03,Minnesota,93072469.5,Beverages,93072469.5,94227894.675,101160445.725,110141197.4,96538745.025,104462213.265,2496003.6518629934,0,8,3,32,2020,0
2020-08-11,Minnesota,92381902.8,Beverages,92381902.8,92468223.6375,92986148.6625,108665759.62307692,92640865.3125,99886222.49397436,186474.3215752777,1,8,3,33,2020,0
2020-08-16,Minnesota,100593499.3,Beverages,100593499.3,98951180.0,92554544.475,106855731.89230768,95913489.99107143,98174408.77987178,3189811.704040693,6,8,3,33,2020,0
2020-08-23,Minnesota,100912473.5,Beverages,100912473.5,100866905.75714286,100593499.3,103406113.72857144,100775770.27142856,97185180.84547618,98437.57523622624,6,8,3,34,2020,0
2020-08-30,Minnesota,101213004.4,Beverages,101213004.4,101170071.41428572,100912473.5,96538745.025,101084205.44285716,97457334.1125,92745.84928830336,6,8,3,35,2020,0
2020-09-02,Minnesota,83420523.60000001,Beverages,83420523.60000001,89351350.53333335,101041272.45714286,93072469.5,96092638.75510204,96969679.69833334,7175707.962745553,2,9,3,36,2020,0
2020-09-08,Minnesota,102633993.7,Beverages,102633993.7,99431748.68333334,89351350.53333335,92554544.475,93027258.65,97341286.61625,6917639.868595354,1,9,3,37,2020,0
2020-09-13,Minnesota,90902813.0,Beverages,90902813.0,93249049.14,96229503.66666669,97308860.7,97148881.25476192,97545509.14166668,4131474.40880692,6,9,3,37,2020,0
2020-09-20,Minnesota,94896309.9,Beverages,94896309.9,94325810.34285717,90902813.0,100821338.01428571,93184811.22857144,95848775.36357142,1232419.899467503,6,9,3,38,2020,0
2020-09-27,Minnesota,93622893.2,Beverages,93622893.2,93804809.87142858,94896309.9,101127138.42857143,94168643.21428572,94255267.39547618,392984.92541869247,6,9,3,39,2020,0
2020-10-05,Minnesota,100800108.7,Beverages,100800108.7,99902956.7625,94520045.1375,93027258.65,98108652.8875,95634215.63,1938069.6913379736,0,10,4,41,2020,0
2020-10-18,Minnesota,91361911.3,Beverages,91361911.3,92087926.4846154,96444017.59230769,93755310.78571428,93539956.85384616,95800575.64642856,1568372.0515339903,6,10,4,42,2020,0
2020-10-25,Minnesota,88195717.4,Beverages,88195717.4,88648030.81428573,91361911.3,93986726.54285714,89552657.64285715,94663698.44071428,977108.6508007246,6,10,4,43,2020,0
2020-11-10,Minnesota,92733965.8,Beverages,92733965.8,92450325.275,90748482.125,96444017.59230769,91883044.225,91045163.04256412,612733.5646976432,1,11,4,46,2020,0
2020-11-15,Minnesota,90527955.0,Beverages,90527955.0,90969157.16,92166684.75,92813941.66923076,91748012.525,90569227.58948717,814656.2622189325,6,11,4,46,2020,0
2020-11-22,Minnesota,94588918.7,Beverages,94588918.7,94008781.02857144,90527955.0,89100344.22857143,92848505.68571427,91118055.81380954,1253240.605970147,6,11,4,47,2020,0
2020-11-29,Minnesota,90436876.3,Beverages,90436876.3,91030025.21428572,94588918.7,89613920.025,92216323.04285714,91899299.75416666,1281348.1030104964,6,11,4,48,2020,0
2020-12-01,Minnesota,84123001.1,Beverages,84123001.1,87279938.69999999,93402620.87142858,90181201.075,89931258.63469388,91610105.69333334,3125073.3197465357,1,12,4,49,2020,0
2020-12-04,Minnesota,91817825.2,Beverages,91817825.2,89252883.83333333,91623174.12857142,91032122.65,88661213.25918368,91460545.86416668,2753047.068147226,4,12,4,49,2020,0
2020-12-07,Minnesota,102530352.5,Beverages,102530352.5,98959510.06666666,87279938.69999999,91883044.225,92680026.11428572,92196556.50083332,6650990.222737471,0,12,4,50,2020,0
2020-12-13,Minnesota,91835638.7,Beverages,91835638.7,93618091.0,98959510.06666666,91410359.32,97182995.6,93024721.71533331,3850537.054527245,6,12,4,50,2020,0
2020-12-20,Minnesota,97675929.4,Beverages,97675929.4,96841602.15714286,91835638.7,93428643.35714288,95172947.67142858,93803777.76428571,1802352.839525719,6,12,4,51,2020,0
2020-12-27,Minnesota,91777387.2,Beverages,91777387.2,92620036.0857143,97675929.4,91623174.12857142,94305333.85714284,94053520.34714286,1820329.6427063656,6,12,4,52,2020,0
2021-01-08,Minnesota,110440238.2,Beverages,110440238.2,108885000.61666667,99553575.11666667,98965447.9,105774525.45000002,97567413.90666668,3359697.1673342893,4,1,1,1,2021,0
2021-01-17,Minnesota,89602683.1,Beverages,89602683.1,91917967.0,105809670.4,96007274.91428572,96548534.8,98902213.8252381,5001584.866366476,6,1,1,2,2021,0
2021-01-24,Minnesota,88667427.0,Beverages,88667427.0,88801035.01428571,89602683.1,93462684.97142856,89068251.04285714,97342890.89285712,288626.2986121964,6,1,1,3,2021,0
2021-01-31,Minnesota,90183510.4,Beverages,90183510.4,89966927.05714287,88667427.0,99553575.11666667,89533760.37142858,96013670.87833332,467873.4948882013,6,1,1,4,2021,0
2021-02-05,Minnesota,103977710.5,Beverages,103977710.5,101218870.48,89750343.71428572,107329763.03333332,96064369.96530612,95053794.64388888,5424807.951038419,4,2,1,5,2021,0
2021-02-14,Minnesota,86753736.4,Beverages,86753736.4,88667511.30000001,100150160.7,94233250.9,92495061.1,92457146.87666668,4134226.294007575,6,2,1,6,2021,0
2021-02-21,Minnesota,88350365.5,Beverages,88350365.5,88122275.62857144,86753736.4,88934643.02857143,87666095.88571429,91994904.40380952,492730.4375592781,6,2,1,7,2021,0
2021-02-28,Minnesota,92126305.6,Beverages,92126305.6,91586885.58571428,88350365.5,89750343.71428572,90508045.55714284,92311636.79523808,1165280.4133742617,6,2,1,8,2021,0
2021-03-01,Minnesota,90331995.9,Beverages,90331995.9,92126305.6,88889785.51428571,89966927.05714287,90714075.61224487,92323805.75666666,936514.8050971056,0,3,1,9,2021,0
2021-03-10,Minnesota,142310493.89999998,Beverages,142310493.89999998,136535105.23333332,101882773.23333332,98236385.8,124984327.89999998,98655349.36666666,12476265.460396446,2,3,1,10,2021,0
2021-03-14,Minnesota,104257440.8,Beverages,104257440.8,113770704.075,124984327.89999998,90581286.2,126244951.22142856,101998734.32166666,13386120.203032296,6,3,1,10,2021,0
2021-03-21,Minnesota,104974233.7,Beverages,104974233.7,104871834.71428572,104257440.8,87894185.75714286,104667036.74285714,106000666.96928573,221207.09140138933,6,3,1,11,2021,0
2021-03-28,Minnesota,92657849.8,Beverages,92657849.8,94417333.21428572,104974233.7,91047465.57142857,97936300.04285714,107975278.01785712,3800918.590378901,6,3,1,12,2021,0
2021-04-04,Minnesota,94421283.1,Beverages,94421283.1,94169364.05714284,92657849.8,113433550.56666666,93665525.97142856,106726332.16611113,544207.3312547893,6,4,2,13,2021,0
2021-04-07,Minnesota,122951159.5,Beverages,122951159.5,113441200.7,93413606.92857142,130759716.56666663,102356745.74897958,105572019.44611111,11734833.772238988,2,4,2,14,2021,0
2021-04-18,Minnesota,93521570.4,Beverages,93521570.4,96196987.5909091,112249490.73636363,104769435.72857144,101547821.97272728,102242255.7504762,5779561.691448483,6,4,2,15,2021,0
2021-04-25,Minnesota,100056678.8,Beverages,100056678.8,99123091.88571428,93521570.4,96176816.62857142,97255918.05714288,101324470.4404762,2016778.2369721213,6,4,2,16,2021,0
2021-05-09,Minnesota,106419903.7,Beverages,106419903.7,105965387.63571428,103238291.25,117600325.11818182,105056355.50714286,102243942.29409093,981866.9186330286,6,5,2,18,2021,0
2021-05-12,Minnesota,136907437.6,Beverages,136907437.6,126744926.3,104601839.44285716,109574073.54545456,114741042.4734694,103693485.85045455,12675932.821973665,2,5,2,19,2021,0
2021-05-16,Minnesota,104100075.3,Beverages,104100075.3,112301915.875,106419903.7,98872404.78181818,120835160.50714289,105495793.2630303,11001986.241110686,6,5,2,19,2021,0
2021-05-23,Minnesota,110002059.8,Beverages,110002059.8,109158919.15714283,104100075.3,98189504.97142856,107472637.87142856,108195068.30952382,1821391.9595488424,6,5,2,20,2021,0
2021-05-30,Minnesota,109039999.0,Beverages,109039999.0,109177436.25714286,110002059.8,102329259.12142856,109452310.7714286,110191243.96785717,296898.40861379734,6,5,2,21,2021,0
2021-06-06,Minnesota,115436091.2,Beverages,115436091.2,114522363.74285714,109039999.0,105510871.57142857,112694908.82857142,112185680.57285714,1973876.9062522985,6,6,2,22,2021,0
2021-06-13,Minnesota,117915847.6,Beverages,117915847.6,117561596.68571427,115436091.2,120503756.45,116853094.85714284,111390421.91583332,765269.4392171872,6,6,2,23,2021,0
2021-06-20,Minnesota,114274508.7,Beverages,114274508.7,114794699.97142856,117915847.6,108315778.51428571,115835082.5142857,113433625.25857142,1123741.5812329634,6,6,2,24,2021,0
2021-06-27,Minnesota,111124011.1,Beverages,111124011.1,111574082.18571427,114274508.7,109314873.51428571,112474224.35714284,114107286.97190475,972264.667454125,6,6,2,25,2021,0
2021-07-02,Minnesota,90126132.7,Beverages,90126132.7,94325708.38,112024153.27142856,111781181.37142858,102189216.22653064,112167507.74857144,8280424.928991686,4,7,3,26,2021,0
2021-07-03,Minnesota,93828613.1,Beverages,93828613.1,90126132.7,111574082.18571427,112694908.82857142,99654149.21428572,111538631.2242857,7618296.444519957,5,7,3,26,2021,0
2021-07-11,Minnesota,139426569.4,Beverages,139426569.4,133726824.8625,99528357.6375,117207345.77142856,122327335.7875,112530577.79785714,12312855.4649011,6,7,3,27,2021,0
2021-07-18,Minnesota,111405610.6,Beverages,111405610.6,115408604.7142857,139426569.4,115314891.24285714,123414592.94285712,114085522.37738097,8647455.62397911,6,7,3,28,2021,0
2021-07-25,Minnesota,111300950.8,Beverages,111300950.8,111315902.2,111405610.6,112024153.27142856,111345805.0,113609854.0145238,32298.71549471182,6,7,3,29,2021,0
2021-08-08,Minnesota,107412087.5,Beverages,107412087.5,107689863.45,109356519.15,128027080.325,108245415.35,114850767.21041666,600064.6347364022,6,8,3,31,2021,0
2021-08-15,Minnesota,108478416.2,Beverages,108478416.2,108326083.52857144,107412087.5,119411598.82857142,108021418.18571427,109714387.1354762,329076.1811449016,6,8,3,32,2021,0
2021-08-22,Minnesota,109695212.1,Beverages,109695212.1,109521384.11428572,108478416.2,111330853.6,109173728.14285716,109067657.125,375511.3671823627,6,8,3,33,2021,0
2021-08-29,Minnesota,106212318.0,Beverages,106212318.0,106709874.3,109695212.1,109912071.05,107704986.9,108366988.47666667,1074844.4543875754,6,8,3,34,2021,0
2021-09-05,Minnesota,105321958.4,Beverages,105321958.4,105449152.62857144,106212318.0,107967639.4,105703541.0857143,107644255.705,274770.93790858885,6,9,3,35,2021,0
2021-09-19,Minnesota,101096974.6,Beverages,101096974.6,101398759.15714283,103209466.5,109347556.12857142,102002328.27142856,105196544.37380952,651929.1538803176,6,9,3,37,2021,0
2021-09-26,Minnesota,101130925.3,Beverages,101130925.3,101126075.2,101096974.6,107207430.6,101116375.0,103449388.13333334,10477.41381076874,6,9,3,38,2021,0
2021-10-01,Minnesota,89294777.10000001,Beverages,89294777.10000001,91662006.74,101121225.1,105830735.31428573,96057597.48571429,101427728.1657143,4619471.957780032,4,10,4,39,2021,0
2021-10-10,Minnesota,142365708.00000003,Beverages,142365708.00000003,136468937.90000004,101088317.3,103813035.61428572,124675397.70000003,105590182.35857144,12738479.325407764,6,10,4,40,2021,0
2021-10-17,Minnesota,141654269.0,Beverages,141654269.0,141755903.14285713,142365708.00000003,101700543.71428572,141959171.42857143,114772612.96857144,219554.84193207425,6,10,4,41,2021,0
2021-10-24,Minnesota,138827290.5,Beverages,138827290.5,139231144.57142857,141654269.0,101121225.1,140038852.7142857,123846566.66,872424.5056286096,6,10,4,42,2021,0
2021-10-31,Minnesota,139945356.4,Beverages,139945356.4,139785632.70000002,138827290.5,89294777.10000001,139466185.3,133975237.15,345042.6276645262,6,10,4,43,2021,0
2021-11-04,Minnesota,95832543.9,Beverages,95832543.9,106860747.025,139466185.3,112881857.5,124122327.49285714,135086989.98166668,17777269.084964868,3,11,4,44,2021,0
2021-11-07,Minnesota,106159314.7,Beverages,106159314.7,102717057.76666668,139945356.4,130572167.80000004,108235795.37857142,132891155.98833331,11486956.565121938,6,11,4,44,2021,0
2021-11-14,Minnesota,142219907.39999998,Beverages,142219907.39999998,137068394.15714282,106159314.7,141857537.2857143,126765367.67142856,129498452.65309525,11128540.510456473,6,11,4,45,2021,0
2021-11-21,Minnesota,144134749.20000002,Beverages,144134749.20000002,143861200.37142858,142219907.39999998,139634998.64285713,143314102.7142857,130084286.41738094,590933.008752303,6,11,4,46,2021,0
2021-11-28,Minnesota,135947925.5,Beverages,135947925.5,137117471.74285716,144134749.20000002,139625909.0,139456564.22857144,130137793.30166668,2526508.644913389,6,11,4,47,2021,0
2021-12-09,Minnesota,98946363.0,Beverages,98946363.0,102310141.4090909,122492811.86363636,116462341.18571427,109037698.22727272,130413229.28904764,7266591.878740179,3,12,4,49,2021,0
2021-12-12,Minnesota,143149995.4,Beverages,143149995.4,128415451.26666668,112401476.63636364,131916880.91428567,114459210.8935065,130578237.64857145,15881677.050756097,6,12,4,49,2021,0
2021-12-19,Minnesota,150556757.4,Beverages,150556757.4,149498648.54285714,143149995.4,143587651.54285714,147382430.82857144,131817769.14238095,2285776.3779380377,6,12,4,50,2021,0
2021-12-26,Minnesota,143077720.50000003,Beverages,143077720.50000003,144146154.34285718,150556757.4,138287017.9857143,146283022.02857146,132912924.21809526,2308080.896314621,6,12,4,51,2021,0
2022-01-05,Minnesota,149729276.50000003,Beverages,149729276.50000003,149064120.90000004,145073187.30000004,109037698.22727272,147733809.70000002,140506523.7009091,1436900.3225553073,2,1,1,1,2022,0
2022-01-16,Minnesota,138917296.8,Beverages,138917296.8,139900204.04545456,145797647.51818183,148440539.6857143,141866018.53636366,145784916.2147619,2123322.32945369,6,1,1,2,2022,0
2022-01-23,Minnesota,137356427.50000003,Beverages,137356427.50000003,137579408.82857147,138917296.8,145214588.1857143,138025371.4857143,143430413.38476193,481694.7236646373,6,1,1,3,2022,0
2022-01-30,Minnesota,137044186.7,Beverages,137044186.7,137088792.52857143,137356427.50000003,146403498.50000003,137178004.1857143,141685620.65,96359.60276598707,6,1,1,4,2022,0
2022-02-01,Minnesota,136647628.20000002,Beverages,136647628.20000002,136845907.45,137267215.84285715,147733809.70000002,137022932.49081632,140975323.04500002,205386.4297706656,1,2,1,5,2022,0
2022-02-10,Minnesota,147925689.10000002,Beverages,147925689.10000002,146672571.22222224,139153863.9555556,143831833.02727276,144166335.46666667,139685056.00348487,2707044.0101345098,3,2,1,6,2022,0
2022-02-13,Minnesota,137682763.40000004,Beverages,137682763.40000004,141097071.9666667,142913217.5888889,140883111.2909091,143925037.86190477,139608161.34651515,3491724.2959608585,6,2,1,6,2022,0
2022-02-20,Minnesota,137238387.0,Beverages,137238387.0,137301869.34285715,137682763.40000004,137802390.15714288,137428834.02857146,139339580.4559524,137137.5342562625,6,2,1,7,2022,0
2022-02-27,Minnesota,137778766.9,Beverages,137778766.9,137701569.7714286,137238387.0,137133398.35714287,137547175.5142857,139398958.52928573,166764.85758501792,6,2,1,8,2022,0
2022-03-04,Minnesota,146116218.3,Beverages,146116218.3,144448728.02,137624372.64285713,137900746.0777778,141340932.19591838,140344922.78740743,3268833.1020056945,4,3,1,9,2022,0
2022-03-07,Minnesota,177884741.6,Beverages,177884741.6,167295233.83333334,139446257.18,141660099.71111113,153763661.85999998,143033747.98740742,14139018.28873305,0,3,1,10,2022,0
2022-03-13,Minnesota,139805621.6,Beverages,139805621.6,146152141.6,167295233.83333334,144511380.53333336,158845181.6,145114510.73222223,13710050.152418705,6,3,1,10,2022,0
2022-03-20,Minnesota,143171251.79999998,Beverages,143171251.79999998,142690447.48571426,139805621.6,137365351.6857143,141728838.85714284,145976525.89142856,1038656.0291763248,6,3,1,11,2022,0
2022-03-27,Minnesota,140142115.6,Beverages,140142115.6,140574849.34285712,143171251.79999998,137624372.64285713,141440316.8285714,146916261.54238093,934811.726290862,6,3,1,12,2022,0
2022-04-09,Minnesota,158827611.0,Beverages,158827611.0,157390265.2,148766190.4,158845181.6,154515573.6,145776216.17333332,3105021.8079108205,5,4,2,14,2022,0
2022-04-12,Minnesota,141815147.00000003,Beverages,141815147.00000003,147485968.33333334,153078227.8,139805621.6,152734896.31428573,145909598.84666666,6045525.617020918,1,4,2,15,2022,0
2022-04-17,Minnesota,154502101.99999997,Beverages,154502101.99999997,151964710.99999997,153156789.6666667,142209643.17142856,148062530.76190478,147272813.08952382,4340871.788272489,6,4,2,15,2022,0
2022-04-24,Minnesota,143095708.0,Beverages,143095708.0,144725192.85714287,154502101.99999997,141007583.08571428,147984162.57142857,148628219.28476188,3520089.61037158,6,4,2,16,2022,0
2022-05-06,Minnesota,168279110.50000003,Beverages,168279110.50000003,166180493.62500003,153588792.375,154515573.6,161983259.87500003,152616501.69500002,4533530.597389514,4,5,2,18,2022,0
2022-05-15,Minnesota,161717721.4,Beverages,161717721.4,162446764.63333336,166821024.03333336,149427320.0,163904851.10000005,156830053.74166667,1574913.3843780828,6,5,2,19,2022,0
2022-05-22,Minnesota,163927825.99999997,Beverages,163927825.99999997,163612096.77142856,161717721.4,146354677.7142857,162980638.3142857,159707701.0102381,682053.087071956,6,5,2,20,2022,0
2022-05-29,Minnesota,164135790.7,Beverages,164135790.7,164106081.45714283,163927825.99999997,153588792.375,164046662.97142854,163492632.57083336,64179.29953909823,6,5,2,21,2022,0
2022-06-02,Minnesota,136857025.29999995,Beverages,136857025.29999995,143676716.64999998,164046662.97142854,161983259.87500003,154380641.95306116,161926129.60583332,11023532.607933484,3,6,2,22,2022,0
2022-06-03,Minnesota,143332612.0,Beverages,143332612.0,136857025.29999995,164076372.2142857,164081876.75000003,151417247.63673466,161234487.44749996,10767926.652611304,4,6,2,22,2022,0
2022-06-11,Minnesota,147112422.9,Beverages,147112422.9,146639946.5375,143805088.3625,163904851.10000002,145694993.8125,155729343.64166668,1020665.5971518804,5,6,2,23,2022,0
2022-06-19,Minnesota,169844069.0,Beverages,169844069.0,167002613.2375,149953878.6625,163296367.5428571,161319701.7125,155013575.35238093,6138246.000917361,6,6,2,24,2022,0
2022-06-26,Minnesota,170761157.39999998,Beverages,170761157.39999998,170630144.77142856,169844069.0,164076372.2142857,170368119.5142857,156511980.19190475,283019.6246050902,6,6,2,25,2022,0
2022-07-08,Minnesota,164476855.6,Beverages,164476855.6,165000547.41666666,168142698.31666666,145694993.8125,166047931.04999998,163999146.46541664,1131303.6232175124,4,7,3,27,2022,0
2022-07-17,Minnesota,168999832.29999998,Beverages,168999832.29999998,168497279.3333333,165481961.53333333,164161157.475,167492173.4,168020534.32791665,1085638.4880458987,6,7,3,28,2022,0
2022-07-24,Minnesota,167503484.39999998,Beverages,167503484.39999998,167717248.38571426,168999832.29999998,170499132.14285713,168144776.35714287,167653241.58904758,461782.9873223525,6,7,3,29,2022,0
2022-07-31,Minnesota,165469004.6,Beverages,165469004.6,165759644.57142857,167503484.39999998,168142698.31666666,166340924.5142857,166888066.91166666,627854.0971148522,6,7,3,30,2022,0
2022-08-05,Minnesota,156582183.29999998,Beverages,156582183.29999998,158359547.55999997,166050284.54285714,165524239.23333332,161701886.89591837,165815615.07055557,3523552.781352584,4,8,3,31,2022,0
2022-08-14,Minnesota,162917110.50000003,Beverages,162917110.50000003,162213229.70000002,157989944.9,167994726.36666664,160805468.1,164016528.7511111,1520556.315785933,6,8,3,32,2022,0
2022-08-21,Minnesota,161040273.9,Beverages,161040273.9,161308393.41428572,162917110.50000003,167931012.37142855,161844632.44285718,162470615.8761905,579204.3493962116,6,8,3,33,2022,0
2022-08-28,Minnesota,157247429.20000002,Beverages,157247429.20000002,157789264.15714288,161040273.9,166050284.54285714,158872934.07142857,160595015.31904763,1170497.2861791537,6,8,3,34,2022,0
2022-09-01,Minnesota,136449092.2,Beverages,136449092.2,141648676.45,158872934.0714286,161914276.07999998,150051666.68163267,157933658.94266665,8661074.117798658,3,9,3,35,2022,0
2022-09-10,Minnesota,149476005.6,Beverages,149476005.6,148028570.77777776,139343961.84444442,160805468.10000002,145133701.13333333,153394430.86,3126816.586885385,5,9,3,36,2022,0
2022-09-18,Minnesota,155422656.5,Beverages,155422656.5,154679325.1375,150219336.9625,161576512.92857143,153192662.4125,150906581.69214287,1605779.2711098143,6,9,3,37,2022,0
2022-09-25,Minnesota,150349561.3,Beverages,150349561.3,151074289.1857143,155422656.5,158331099.11428574,152523744.95714286,149181371.76690477,1565591.1680640115,6,9,3,38,2022,0
2022-10-04,Minnesota,143712010.69999996,Beverages,143712010.69999996,144449516.32222217,148874550.05555555,140791396.66666666,145924527.56666663,149511233.28388888,1593194.2337387623,1,10,4,40,2022,0
2022-10-07,Minnesota,160262968.4,Beverages,160262968.4,154745982.5,146662033.18888888,145133701.13333333,149073003.4333333,150617204.90277776,6225658.865833469,4,10,4,40,2022,0
2022-10-16,Minnesota,148281617.60000002,Beverages,148281617.60000002,149612878.8,157600446.0,153935993.775,152275401.20000002,151480813.47125003,2875852.879678852,6,10,4,41,2022,0
2022-10-23,Minnesota,146004888.70000002,Beverages,146004888.70000002,146330135.6857143,148281617.60000002,151799017.07142857,146980629.65714288,149898148.86285713,702613.7924331673,6,10,4,42,2022,0
2022-10-30,Minnesota,145187253.0,Beverages,145187253.0,145304058.1,146004888.70000002,146662033.18888888,145537668.3,149119969.04444444,252327.8550691917,6,10,4,43,2022,0
2022-11-09,Minnesota,152012108.79999998,Beverages,152012108.79999998,151329623.21999997,147234709.74,156269184.8,149964652.05999997,148223198.20666665,1474337.358118334,2,11,4,45,2022,0
2022-11-12,Minnesota,147925774.60000002,Beverages,147925774.60000002,149287886.0,149282166.48,152275401.20000002,150259597.10285714,147791320.56666666,1353809.176627761,5,11,4,45,2022,0
2022-11-13,Minnesota,145251407.20000002,Beverages,145251407.20000002,147925774.60000002,149964652.06,150944140.00000003,149586276.40857142,147601562.8066667,2338740.5422446406,6,11,4,45,2022,0
2022-11-20,Minnesota,148888192.9,Beverages,148888192.9,148368652.08571428,145251407.20000002,146655382.6714286,147329570.4571429,147497666.59285715,1122336.4331972897,6,11,4,46,2022,0
2022-11-27,Minnesota,149075119.89999998,Beverages,149075119.89999998,149048416.0428571,148888192.9,145420863.20000002,148995008.3285714,148242922.15666667,57686.92436917592,6,11,4,47,2022,0
2022-12-06,Minnesota,173059131.29999998,Beverages,173059131.29999998,170394241.14444444,154404900.2111111,149964652.06,165064460.8333333,152765737.41533333,5756820.6959618535,1,12,4,49,2022,0
2022-12-18,Minnesota,155565499.99999997,Beverages,155565499.99999997,157023302.6083333,165770118.25833333,147849111.2714286,159938907.825,158827300.3845238,3149213.564684961,6,12,4,50,2022,0
2022-12-25,Minnesota,158967122.49999997,Beverages,158967122.49999997,158481176.4285714,155565499.99999997,149021712.18571427,157509284.28571424,160842854.4730952,1049763.4940976046,6,12,4,51,2022,0
2023-01-01,Minnesota,142235160.7,Beverages,142235160.7,144625440.95714283,158967122.49999997,162399570.67777777,149406001.47142854,159588505.22388887,5163595.514352822,6,1,1,52,2023,0
2023-01-15,Minnesota,146028384.1,Beverages,146028384.1,145757439.57142857,144131772.4,158481105.21666664,145215550.5142857,149357907.60694444,585307.0777527975,6,1,1,2,2023,0
2023-01-22,Minnesota,142633405.5,Beverages,142633405.5,143118402.44285715,146028384.1,157995230.35714284,144088396.3285714,146388350.2942857,1047713.142047364,6,1,1,3,2023,0
2023-01-29,Minnesota,143647987.4,Beverages,143647987.4,143503047.12857142,142633405.5,147015721.2142857,143213166.58571428,143923765.5785714,313106.7719230527,6,1,1,4,2023,0
2023-02-04,Minnesota,145671348.70000002,Beverages,145671348.70000002,145334121.8166667,143503047.12857142,143318938.8142857,144659668.05,144272398.88547617,728493.329121168,5,2,1,5,2023,0
2023-02-19,Minnesota,144808511.1,Beverages,144808511.1,144866033.60666665,145211168.64666668,143603399.3857143,144981078.61999995,144512706.42309526,124262.8165738187,6,2,1,7,2023,0
2023-02-26,Minnesota,145381582.49999997,Beverages,145381582.49999997,145299715.15714282,144808511.1,143358106.85714287,145135980.47142857,145008003.88261902,176853.67350252013,6,2,1,8,2023,0
2023-03-19,Minnesota,160661472.60000002,Beverages,160661472.60000002,159933858.7857143,155568175.9,144923556.11333334,158478631.15714288,150890614.3868889,1571825.486310364,6,3,1,11,2023,0
2023-03-26,Minnesota,148335592.8,Beverages,148335592.8,150096432.7714286,160661472.60000002,145217847.8142857,153618112.71428576,152903337.00857145,3803849.088735951,6,3,1,12,2023,0
2023-04-16,Minnesota,156591378.3,Beverages,156591378.3,156198245.65714288,153839449.8,159206244.9714286,155411980.37142858,153392773.65619048,849263.5727928242,6,4,2,15,2023,0
2023-04-23,Minnesota,153923320.5,Beverages,153923320.5,154304471.6142857,156591378.3,151857272.74285716,155066773.84285715,152992017.7257143,823380.512845021,6,4,2,16,2023,0
2023-04-30,Minnesota,160640376.20000002,Beverages,160640376.20000002,159680796.81428573,153923320.5,150301256.0142857,157761638.04285717,154936167.2952381,2072928.3927755784,6,4,2,17,2023,0
2023-05-02,Minnesota,142903528.29999998,Beverages,142903528.29999998,151771952.25,155842479.2714286,151087521.3,155468795.3846939,154699286.31500003,6240349.319875274,1,5,2,18,2023,0
2023-05-03,Minnesota,150408045.00000003,Beverages,150408045.00000003,142903528.29999998,156802058.65714288,151480653.94285715,154555364.8622449,154663532.68357143,6476172.6617853725,2,5,2,18,2023,0
2023-07-05,Minnesota,168499755.1,Beverages,168499755.1,168212585.0984127,166489565.08888888,159884655.05238098,167638245.09523812,164335790.0769841,620358.1055150687,2,7,3,27,2023,0
2023-08-01,Minnesota,139611641.3,Beverages,139611641.3,140681571.44074076,147101152.2851852,167638245.0952381,142821431.72222224,154989918.32650796,2311313.269178564,1,8,3,31,2023,0
2023-09-04,Minnesota,158004187.3,Beverages,158004187.3,157463230.0647059,154217486.6529412,141775470.2411765,156381315.59411764,150160307.3882353,1168601.1902747634,0,9,3,36,2023,0
2023-12-02,Minnesota,149857577.8,Beverages,149857577.8,149949112.73820227,150498322.36741576,152603625.94606742,150132182.61460677,151184834.4039326,197738.06636846543,5,12,4,48,2023,0
2023-12-03,Minnesota,159753821.00000003,Beverages,159753821.00000003,149857577.8,150406787.4292135,152512091.0078652,151467473.1247191,151426225.40367043,3657278.45643989,6,12,4,48,2023,0
2019-03-11,Mississippi,36599073.0,Beverages,36599073.0,36616973.87931035,36724379.155172415,37136099.37931035,36652775.63793104,36858635.75,38670.319028177466,0,3,1,11,2019,0
2019-06-10,Mississippi,44056171.0,Beverages,44056171.0,43974224.86813187,43482548.07692308,41597787.04395604,43810332.60439561,42867952.08791209,177023.8772914517,0,6,2,24,2019,0
2019-08-12,Mississippi,36069396.0,Beverages,36069396.0,36196170.20634921,36956815.44444445,39872622.190476194,36449718.61904762,37907621.99206349,273863.58619802975,0,8,3,33,2019,0
2019-10-11,Mississippi,38349706.0,Beverages,38349706.0,38311700.833333336,38083669.833333336,37209551.0,38235690.49999999,37798631.083333336,82100.54345466419,4,10,4,41,2019,0
2019-10-13,Mississippi,41552217.0,Beverages,41552217.0,39950961.5,38159680.16666666,37285561.333333336,38981665.26190476,38030966.45,1295364.819992884,6,10,4,41,2019,0
2019-10-20,Mississippi,38851699.0,Beverages,38851699.0,39237487.28571428,41552217.0,37551597.5,40009063.85714286,38630978.88333333,833397.9480658654,6,10,4,42,2019,0
2019-10-27,Mississippi,36538417.0,Beverages,36538417.0,36868885.85714286,38851699.0,37817633.66666666,37529823.571428575,38590426.81111111,713894.32401386,6,10,4,43,2019,0
2019-11-17,Mississippi,36392273.0,Beverages,36392273.0,36399232.23809524,36440987.66666666,39623275.571428575,36413150.71428572,36883237.47619048,15033.6725065918,6,11,4,46,2019,0
2019-11-24,Mississippi,38443750.0,Beverages,38443750.0,38150681.85714286,36392273.0,37199354.71428572,37564545.571428575,36735276.495238096,633099.5469402337,6,11,4,47,2019,0
2019-12-15,Mississippi,35860883.0,Beverages,35860883.0,35983876.666666664,36721838.66666666,36406191.47619048,36229864.0,37155017.9079365,265696.6870703917,6,12,4,50,2019,0
2019-12-22,Mississippi,37353845.0,Beverages,37353845.0,37140564.71428572,35860883.0,37857613.71428572,36714004.14285714,37083322.46190476,460738.07593191,6,12,4,51,2019,0
2019-12-29,Mississippi,35853471.0,Beverages,35853471.0,36067810.14285714,37353845.0,37828781.66666666,36496488.42857143,36700227.2,463025.4687917166,6,12,4,52,2019,0
2020-01-03,Mississippi,74436057.9,Beverages,74436057.9,66719540.52,36282149.28571428,37213813.333333336,52419485.2632653,40290764.278888896,15022046.950202432,4,1,1,1,2020,0
2020-01-11,Mississippi,75112490.9,Beverages,75112490.9,75027936.775,74520612.025,36229864.0,74858828.525,50465753.513333336,182657.78638018,5,1,1,2,2020,0
2020-01-19,Mississippi,70297794.5,Beverages,70297794.5,70899631.55,74510653.85000001,36927284.42857143,72103305.65,60091704.98380952,1300116.621249786,6,1,1,3,2020,0
2020-01-26,Mississippi,68431295.69999999,Beverages,68431295.69999999,68697938.38571428,70297794.5,36282149.28571428,69231223.75714286,67644038.94142857,576014.0350837504,6,1,1,4,2020,0
2020-02-02,Mississippi,70528160.1,Beverages,70528160.1,70228608.04285714,68431295.69999999,74436057.9,69629503.92857142,71659709.96333334,647106.4026754963,6,2,1,5,2020,0
2020-02-08,Mississippi,84643249.2,Beverages,84643249.2,82290734.35,70228608.04285714,74943382.65,77585704.64999999,72465702.91083333,5082012.910668477,5,2,1,6,2020,0
2020-02-16,Mississippi,68943574.5,Beverages,68943574.5,70906033.8375,82680789.8625,71501468.6,74830952.5125,73076391.65833333,4239396.69916947,6,2,1,7,2020,0
2020-02-23,Mississippi,67299689.1,Beverages,67299689.1,67534529.87142856,68943574.5,68964581.07142857,68004211.4142857,72654482.3795238,507314.0483504644,6,2,1,8,2020,0
2020-03-05,Mississippi,80084004.30000001,Beverages,80084004.30000001,78921793.82727274,71948530.99090908,75233189.8,76597372.88181819,74132910.545,2510661.570240851,3,3,1,10,2020,0
2020-03-15,Mississippi,80995358.8,Beverages,80995358.8,80904223.35,80357410.65,72868493.175,80721952.45000002,74624468.40958333,196875.0733099305,6,3,1,11,2020,0
2020-03-22,Mississippi,83519431.3,Beverages,83519431.3,83158849.51428571,80995358.8,67769370.64285713,82437685.94285715,77825099.48738095,778945.6845986072,6,3,1,12,2020,0
2020-03-29,Mississippi,72978266.80000001,Beverages,72978266.80000001,74484147.44285715,83519431.3,73110741.46363637,77495908.72857143,79615284.13863637,3253073.9897038336,6,3,1,13,2020,0
2020-04-10,Mississippi,84063070.10000001,Beverages,84063070.10000001,83139336.49166667,77596934.84166668,80630817.0,81291869.275,79692006.94166668,1995492.663339148,4,4,2,15,2020,0
2020-04-19,Mississippi,74645567.5,Beverages,74645567.5,75691956.67777778,81970291.74444444,82798267.72857143,77784735.03333333,78880672.76214285,2260458.9769338937,6,4,2,16,2020,0
2020-04-26,Mississippi,74321523.5,Beverages,74321523.5,74367815.5,74645567.5,75990028.0857143,74460399.5,77531858.38976192,100002.14949592124,6,4,2,17,2020,0
2020-05-01,Mississippi,68052452.1,Beverages,68052452.1,69306266.38,74414107.5,75749467.62500001,71641391.75714286,76893884.62333335,2455713.186159133,4,5,2,18,2020,0
2020-05-04,Mississippi,77455655.19999999,Beverages,77455655.19999999,74321254.16666666,73067709.22,78520668.45000002,71813779.51142856,76566316.55583334,3175903.9117282,0,5,2,19,2020,0
2020-05-07,Mississippi,88490037.2,Beverages,88490037.2,84811909.86666666,69306266.38,81291869.275,77921706.31428573,77010693.97583334,7364586.905860069,3,5,2,19,2020,0
2020-05-17,Mississippi,81316607.2,Beverages,81316607.2,82033950.2,86338008.2,76738345.85555556,83468636.2,78240224.1025926,1549637.9916081044,6,5,2,20,2020,0
2020-05-24,Mississippi,85387818.5,Beverages,85387818.5,84806216.88571429,81316607.2,74414107.5,83643013.65714286,80327894.56666666,1256403.0839896486,6,5,2,21,2020,0
2020-05-31,Mississippi,83005767.8,Beverages,83005767.8,83346060.75714286,85387818.5,68052452.1,84026646.67142858,83217787.38000001,735116.8055835611,6,5,2,22,2020,0
2020-06-09,Mississippi,88797296.3,Beverages,88797296.3,88153793.13333333,84292774.13333333,86338008.2,86866786.79999998,84465920.94666667,1390125.7205927954,1,6,2,24,2020,0
2020-06-12,Mississippi,72702237.2,Beverages,72702237.2,78067256.9,86223283.63333333,84185979.2,83647133.84285714,83782314.41666667,6097762.493350426,4,6,2,24,2020,0
2020-06-14,Mississippi,84243208.69999999,Beverages,84243208.69999999,78472722.94999999,87510289.96666667,82751293.2,81981255.96904762,83665514.49166666,5852490.834975034,6,6,2,24,2020,0
2020-06-21,Mississippi,85725634.5,Beverages,85725634.5,85513859.38571428,84243208.69999999,84224615.27142857,85090309.15714286,84231332.70785713,457486.5340276369,6,6,2,25,2020,0
2020-06-28,Mississippi,83644913.5,Beverages,83644913.5,83942159.35714285,85725634.5,83686353.71428572,84536651.07142857,84222260.17357141,642124.4412780274,6,6,2,26,2020,0
2020-07-06,Mississippi,85302923.7,Beverages,85302923.7,85095672.425,83852164.775,86866786.8,84681169.875,84179605.24166666,447713.9242370809,0,7,3,28,2020,0
2020-07-19,Mississippi,84440405.8,Beverages,84440405.8,84506753.33076923,84904838.51538461,85302084.27142857,84639448.39230768,84750559.60285714,143327.0476544846,6,7,3,29,2020,0
2020-07-26,Mississippi,83261697.3,Beverages,83261697.3,83430084.22857143,84440405.8,84239405.21428572,83766858.0857143,84449193.87190476,363757.3403666868,6,7,3,30,2020,0
2020-08-03,Mississippi,76961884.7,Beverages,76961884.7,77749361.275,82474220.725,84888421.15,79324314.425,83247046.9075,1701143.8295506025,0,8,3,32,2020,0
2020-08-11,Mississippi,78938981.2,Beverages,78938981.2,78691844.1375,77209021.7625,84904838.51538461,78197570.01250002,81372685.96320513,533877.0730166818,1,8,3,33,2020,0
2020-08-16,Mississippi,87084174.0,Beverages,87084174.0,85455135.44,78444707.075,84573100.86153845,82394472.81964286,81226069.45602563,3225814.756045523,6,8,3,33,2020,0
2020-08-23,Mississippi,85014742.7,Beverages,85014742.7,85310375.74285714,87084174.0,83598471.15714285,85901641.82857144,81649006.40928572,638640.364217778,6,8,3,34,2020,0
2020-08-30,Mississippi,82928450.1,Beverages,82928450.1,83226491.89999999,85014742.7,79324314.425,83822575.5,82168003.37916666,643843.874367338,6,8,3,35,2020,0
2020-09-02,Mississippi,71994582.2,Beverages,71994582.2,75639204.83333333,84120617.3,76961884.7,80059952.24285714,81956987.735,4647785.907654493,2,9,3,36,2020,0
2020-09-08,Mississippi,88015156.9,Beverages,88015156.9,85345061.11666667,75639204.83333333,78444707.075,80004869.55,82659598.33958334,5768066.137232466,1,9,3,37,2020,0
2020-09-13,Mississippi,86952828.5,Beverages,86952828.5,87165294.18,82674965.33333334,83826096.88,87178431.0452381,83748491.63966666,886136.9330605287,6,9,3,37,2020,0
2020-09-20,Mississippi,85302067.5,Beverages,85302067.5,85537890.5,86952828.5,85606008.78571428,86009536.5,83699860.69642858,509435.9045795653,6,9,3,38,2020,0
2020-09-27,Mississippi,80731913.4,Beverages,80731913.4,81384792.55714287,85302067.5,83524533.7,82690550.87142858,83296715.735,1410380.1749482434,6,9,3,39,2020,0
2020-10-05,Mississippi,80520034.60000001,Beverages,80520034.60000001,80546519.45,80705428.55000001,80004869.55000001,80599489.15,83957548.22833332,57213.81515244458,0,10,4,41,2020,0
2020-10-18,Mississippi,78326190.0,Beverages,78326190.0,78494947.27692308,79507490.93846154,85773713.5,78832461.83076923,80865973.47666666,364557.3842452781,6,10,4,42,2020,0
2020-10-25,Mississippi,76949398.9,Beverages,76949398.9,77146083.34285715,78326190.0,82037671.71428572,77539452.22857143,79373275.39190477,424886.957864297,6,10,4,43,2020,0
2020-11-10,Mississippi,82272528.10000001,Beverages,82272528.10000001,81939832.525,79943659.075,79507490.93846154,81274441.375,79034679.30051282,718704.5843653361,1,11,4,46,2020,0
2020-11-15,Mississippi,76427038.7,Beverages,76427038.7,77596136.58,81607136.95,78663704.55384615,79719790.41785714,78995348.52589744,2223692.145395712,6,11,4,46,2020,0
2020-11-22,Mississippi,78777516.1,Beverages,78777516.1,78441733.61428571,76427038.7,77342767.78571428,77770168.64285715,78958327.18809526,725373.0736653084,6,11,4,47,2020,0
2020-11-29,Mississippi,74642425.0,Beverages,74642425.0,75233152.3,78777516.1,78612876.775,76414606.89999999,78660638.4525,1276116.818259786,6,11,4,48,2020,0
2020-12-01,Mississippi,70894239.1,Beverages,70894239.1,72768332.05,77596061.5,79278267.92500001,74683138.45,78175262.815,2160951.99391872,1,12,4,49,2020,0
2020-12-04,Mississippi,73920525.10000001,Beverages,73920525.10000001,72911763.10000001,75823879.6,80276354.65,73181919.67857143,77472073.2175,1527488.3247446502,4,12,4,49,2020,0
2020-12-07,Mississippi,84387136.0,Beverages,84387136.0,80898265.7,72768332.05,81274441.37500001,76046332.21428572,77467725.2075,5050149.225355235,0,12,4,50,2020,0
2020-12-13,Mississippi,73894361.39999999,Beverages,73894361.39999999,75643157.16666666,80898265.7,78765234.46000001,79140748.7,76933578.88433334,3777830.632747596,6,12,4,50,2020,0
2020-12-20,Mississippi,75204508.2,Beverages,75204508.2,75017344.37142858,73894361.39999999,78105951.12857142,74643016.71428572,76310445.91547619,404320.0803738007,6,12,4,51,2020,0
2020-12-27,Mississippi,74054030.5,Beverages,74054030.5,74218384.45714286,75204508.2,75823879.6,74547092.37142858,75629903.445,355045.1263442827,6,12,4,52,2020,0
2021-01-08,Mississippi,87989099.5,Beverages,87989099.5,86827843.75,79860309.25,80889544.46666667,84505332.25,77654243.27666667,2508599.1334296404,4,1,1,1,2021,0
2021-01-17,Mississippi,73378113.5,Beverages,73378113.5,75001556.3888889,84742213.72222222,74830180.54285714,78248442.16666666,79004159.3057143,3507037.467188708,6,1,1,2,2021,0
2021-01-24,Mississippi,71537283.6,Beverages,71537283.6,71800259.3,73378113.5,74382738.41428572,72326210.7,78420972.32857142,568092.4405678299,6,1,1,3,2021,0
2021-01-31,Mississippi,71007272.19999999,Beverages,71007272.19999999,71082988.11428571,71537283.6,79860309.25,71234419.94285713,77176956.85833333,163565.0691010794,6,1,1,4,2021,0
2021-02-05,Mississippi,80162039.4,Beverages,80162039.4,78331085.96000001,71158704.02857141,85666588.0,74941560.41632652,76036299.52833334,3559888.6683310946,4,2,1,5,2021,0
2021-02-14,Mississippi,72133584.10000001,Beverages,72133584.10000001,73025634.68888889,78377938.22222222,76624999.27777778,74809735.86666667,73904027.50296296,1927049.518818944,6,2,1,6,2021,0
2021-02-21,Mississippi,65114278.3,Beverages,65114278.3,66117036.27142857,72133584.10000001,72063235.0,68122552.21428572,72755102.95666666,2166204.798698524,6,2,1,7,2021,0
2021-02-28,Mississippi,77157318.7,Beverages,77157318.7,75436884.35714287,65114278.3,71158704.02857141,71996015.67142858,72891232.54047619,3716562.954898673,6,2,1,8,2021,0
2021-03-01,Mississippi,72374352.5,Beverages,72374352.5,77157318.7,66834712.64285714,71082988.11428571,72787392.79387756,72934278.02,2943840.6529541817,0,3,1,9,2021,0
2021-03-10,Mississippi,81310912.89999999,Beverages,81310912.89999999,80317961.74444443,74360254.81111111,77485887.63333334,78332059.43333332,73181285.52111112,2145019.655115076,2,3,1,10,2021,0
2021-03-14,Mississippi,84884719.7,Beverages,84884719.7,83991268.0,78332059.43333332,73917685.27777779,82161721.97619046,74286456.31962962,1992080.386795444,6,3,1,10,2021,0
2021-03-21,Mississippi,84883463.2,Beverages,84883463.2,84883642.7,84884719.7,67119794.24285714,84884001.7,77733197.72571428,387.7739300949221,6,3,1,11,2021,0
2021-03-28,Mississippi,73043661.3,Beverages,73043661.3,74735061.57142857,84883463.2,73716450.01428571,78117862.11428571,79873724.8452381,3653842.1921160873,6,3,1,12,2021,0
2021-04-04,Mississippi,78613964.2,Beverages,78613964.2,77818206.64285715,73043661.3,76346157.12222221,76226691.52857143,80180103.63148147,1719032.7955492318,6,4,2,13,2021,0
2021-04-07,Mississippi,89465561.30000001,Beverages,89465561.30000001,85848362.26666668,75430933.97142857,79325010.58888888,81032342.60816327,80931733.91481481,5018352.0906687975,2,4,2,14,2021,0
2021-04-18,Mississippi,75186878.9,Beverages,75186878.9,76484940.93636364,84273313.15454547,84883822.2,79081065.00909092,80205771.60333334,2804134.4893747037,6,4,2,15,2021,0
2021-04-25,Mississippi,76356585.5,Beverages,76356585.5,76189484.55714285,75186878.9,76426461.84285714,75855282.67142858,78944890.29904762,360979.2937163744,6,4,2,16,2021,0
2021-05-09,Mississippi,90661871.1,Beverages,90661871.1,89640064.98571429,83509228.3,86869437.22727273,87596452.75714286,81022698.70363636,2207353.4902459146,6,5,2,18,2021,0
2021-05-12,Mississippi,76082821.89999999,Beverages,76082821.89999999,80942504.96666665,86574646.64285713,82975251.11818182,85620594.65918367,80689617.88484849,5281212.366207056,2,5,2,19,2021,0
2021-05-16,Mississippi,80190784.3,Beverages,80190784.3,79163793.69999999,90661871.1,77783002.97272728,79632672.64285712,80545644.86787878,3201921.460648974,6,5,2,19,2021,0
2021-05-23,Mississippi,83026105.8,Beverages,83026105.8,82621059.87142856,80190784.3,76022383.61428572,81810968.0142857,81964446.45523809,874999.211343213,6,5,2,20,2021,0
2021-05-30,Mississippi,83526279.9,Beverages,83526279.9,83454826.45714286,83026105.8,81465616.07142857,83311919.57142857,83082024.71285714,154357.07841098175,6,5,2,21,2021,0
2021-06-06,Mississippi,84919030.7,Beverages,84919030.7,84720066.3,83526279.9,88618258.87142856,84322137.5,82794860.67285714,429812.2282126036,6,6,2,22,2021,0
2021-06-13,Mississippi,83357018.3,Beverages,83357018.3,83580162.92857143,84919030.7,78136803.1,84026452.18571427,83121830.63000001,482047.49201171874,6,6,2,23,2021,0
2021-06-20,Mississippi,88850382.2,Beverages,88850382.2,88065615.92857143,83357018.3,82216013.94285715,86496083.38571429,84424777.13904762,1695288.9046634403,6,6,2,24,2021,0
2021-06-27,Mississippi,83858613.8,Beverages,83858613.8,84571723.57142857,88850382.2,83383373.01428571,85997943.11428571,85095980.6552381,1540493.1727118362,6,6,2,25,2021,0
2021-07-02,Mississippi,73886810.0,Beverages,73886810.0,75881170.76,85284833.34285714,84123173.10000001,79686856.42448981,84116778.16000001,4029986.033925662,4,7,3,26,2021,0
2021-07-03,Mississippi,77050480.60000001,Beverages,77050480.60000001,73886810.0,84571723.57142857,84322137.5,78612393.14285715,83874389.59666666,3474957.449175739,5,7,3,26,2021,0
2021-07-11,Mississippi,81938577.6,Beverages,81938577.6,81327565.475,77661492.72500001,83803307.55714285,80105541.225,82640792.87428571,1319937.0485723363,6,7,3,27,2021,0
2021-07-18,Mississippi,87160318.10000001,Beverages,87160318.10000001,86414355.17142858,81938577.6,87280849.65714286,84922429.31428573,82606234.15428571,1611464.1035674629,6,7,3,28,2021,0
2021-07-25,Mississippi,85932975.8,Beverages,85932975.8,86108310.41428572,87160318.10000001,85284833.34285714,86458979.64285715,82430953.98571427,378766.0568883059,6,7,3,29,2021,0
2021-08-08,Mississippi,90401765.6,Beverages,90401765.6,90082566.32857142,88167370.69999999,80716553.35,89444167.78571428,86650453.01583335,689549.2364202816,6,8,3,31,2021,0
2021-08-15,Mississippi,89407334.39999999,Beverages,89407334.39999999,89549395.99999999,90401765.6,85668392.24285714,89833519.2,88139991.66238095,306888.1309421788,6,8,3,32,2021,0
2021-08-22,Mississippi,88266535.4,Beverages,88266535.4,88429506.68571429,89407334.39999999,86283645.02857143,88755449.25714286,88624721.67047618,352058.21467467013,6,8,3,33,2021,0
2021-08-29,Mississippi,88796968.5,Beverages,88796968.5,88721192.34285714,88266535.4,87528972.15714285,88569640.02857144,89074499.20095237,163695.2085386372,6,8,3,34,2021,0
2021-09-05,Mississippi,83166643.7,Beverages,83166643.7,83970975.81428571,88796968.5,89763367.05714285,85579640.04285716,88321735.72095238,1737555.95603112,6,9,3,35,2021,0
2021-09-19,Mississippi,83689759.1,Beverages,83689759.1,83652393.7142857,83428201.4,88592477.97142857,83577662.94285715,85466579.32952382,80718.4586794543,6,9,3,37,2021,0
2021-09-26,Mississippi,79384216.8,Beverages,79384216.8,79999294.27142857,83689759.1,88645416.18571429,81229449.21428572,83781272.09809522,1328719.200589829,6,9,3,38,2021,0
2021-10-01,Mississippi,74935324.1,Beverages,74935324.1,75825102.64,80614371.74285714,86383972.15714286,77565416.7102041,81930983.17285714,1860372.0816397695,4,10,4,39,2021,0
2021-10-10,Mississippi,84218998.2,Beverages,84218998.2,83187478.85555556,76998362.78888889,83353470.62857142,81124440.16666666,80829317.19380952,2228336.4655804336,6,10,4,40,2021,0
2021-10-17,Mississippi,83952608.2,Beverages,83952608.2,83990663.91428572,84218998.2,83615028.32857142,84066775.34285715,80960880.60047619,82209.73883497342,6,10,4,41,2021,0
2021-10-24,Mississippi,82838944.69999999,Beverages,82838944.69999999,82998039.48571427,83952608.2,80614371.74285714,83316229.05714285,81182507.83904763,343684.0175713782,6,10,4,42,2021,0
2021-10-31,Mississippi,78428831.7,Beverages,78428831.7,79058847.84285714,82838944.69999999,74935324.1,80318880.12857142,81824982.63666667,1360990.4192255652,6,10,4,43,2021,0
2021-11-04,Mississippi,75948633.30000001,Beverages,75948633.30000001,76568682.9,80318880.12857142,79061401.47777778,77813053.47551021,81740260.66851851,1345620.4976928325,3,11,4,44,2021,0
2021-11-07,Mississippi,83019369.7,Beverages,83019369.7,80662457.56666668,78428831.7,82155959.51111111,78500314.78571428,81694062.40851851,2502512.0551919364,6,11,4,44,2021,0
2021-11-14,Mississippi,81282713.8,Beverages,81282713.8,81530807.5,83019369.7,84028719.62857144,82026994.89999999,81236006.80714287,535943.6462096558,6,11,4,45,2021,0
2021-11-21,Mississippi,81753712.8,Beverages,81753712.8,81686427.22857143,81282713.8,83157134.27142857,81551856.0857143,80754110.18285714,145353.44708302256,6,11,4,46,2021,0
2021-11-28,Mississippi,77581364.5,Beverages,77581364.5,78177414.25714286,81753712.8,79688863.98571429,79369513.77142857,80254281.21142858,1287614.639800327,6,11,4,47,2021,0
2021-12-09,Mississippi,87545104.3,Beverages,87545104.3,86639309.77272727,81204542.60909091,82523182.3,84827720.71818182,81617384.77666666,1956739.8190988104,3,12,4,49,2021,0
2021-12-12,Mississippi,77581163.89999999,Beverages,77581163.89999999,80902477.36666666,83921926.19090909,81778901.2,83921868.87662338,81504933.02333334,3512534.024521857,6,12,4,49,2021,0
2021-12-19,Mississippi,79507132.3,Beverages,79507132.3,79231993.95714286,77581163.89999999,81619141.65714285,78681717.27142857,80856121.25761905,594366.7520892225,6,12,4,50,2021,0
2021-12-26,Mississippi,80883670.0,Beverages,80883670.0,80687021.75714286,79507132.3,78773464.01428571,80293725.27142857,80815725.23190476,424808.75692747417,6,12,4,51,2021,0
2022-01-05,Mississippi,126600178.0,Beverages,126600178.0,122028527.2,94598622.4,84827720.71818182,112885225.6,89191031.77393939,9875894.46615622,2,1,1,1,2022,0
2022-01-16,Mississippi,113551276.9,Beverages,113551276.9,114737540.63636364,121855123.05454546,78956855.61428571,117110068.10909092,103179374.95190476,2562622.558431968,6,1,1,2,2022,0
2022-01-23,Mississippi,109174947.5,Beverages,109174947.5,109800137.41428572,113551276.9,80490373.51428571,111050517.24285714,110450345.26190476,1350564.5739150867,6,1,1,3,2022,0
2022-01-30,Mississippi,109188689.2,Beverages,109188689.2,109186726.1,109174947.5,103741924.0,109182799.9,114774205.11333331,4240.780733998849,6,1,1,4,2022,0
2022-02-01,Mississippi,110968258.0,Beverages,110968258.0,110078473.6,109178873.7,112885225.6,109567220.94285716,114769136.15333334,701865.7329828503,1,2,1,5,2022,0
2022-02-10,Mississippi,129796112.3,Beverages,129796112.3,127704128.48888887,115152225.6222222,119482595.58181818,123520160.86666667,114505085.56545454,4519201.541692235,3,2,1,6,2022,0
2022-02-13,Mississippi,113033144.8,Beverages,113033144.8,118620800.63333333,121428177.05555557,115923804.37272727,123213564.03333332,114656158.81787878,5701849.464680883,6,2,1,6,2022,0
2022-02-20,Mississippi,106562404.5,Beverages,106562404.5,107486795.97142856,113033144.8,110425327.32857142,109335578.9142857,113945548.78714286,1996913.810049324,6,2,1,7,2022,0
2022-02-27,Mississippi,120831667.1,Beverages,120831667.1,118793201.01428571,106562404.5,109184763.0,114716268.84285714,115216702.55333333,4403590.041337323,6,2,1,8,2022,0
2022-03-04,Mississippi,122095738.7,Beverages,122095738.7,121842924.38,116754734.92857142,113060241.81111112,121082202.63061224,117065641.27296296,1097823.3798236526,4,3,1,9,2022,0
2022-03-07,Mississippi,136207449.5,Beverages,136207449.5,131503545.9,121084481.42,119336193.24444444,125910958.08285716,118491574.91962962,5898833.862772099,0,3,1,10,2022,0
2022-03-13,Mississippi,121263063.2,Beverages,121263063.2,123753794.25,131503545.9,124208456.46666668,128735256.35,118913913.75611112,5380594.028173698,6,3,1,10,2022,0
2022-03-20,Mississippi,122723018.4,Beverages,122723018.4,122514453.37142858,121263063.2,108411187.44285716,122097323.31428573,121304829.28404762,450551.95630364405,6,3,1,11,2022,0
2022-03-27,Mississippi,119940036.4,Beverages,119940036.4,120337605.25714286,122723018.4,116754734.92857142,121132742.97142856,123654528.8354762,858846.890965699,6,3,1,12,2022,0
2022-04-09,Mississippi,138658756.0,Beverages,138658756.0,137218854.4923077,128579445.44615383,128735256.35,134339051.47692308,125470778.57166667,3110542.76753194,5,4,2,14,2022,0
2022-04-12,Mississippi,115121331.8,Beverages,115121331.8,122967139.86666666,132899149.96923076,121263063.2,130699576.36483516,125392113.13333334,8635011.143958854,1,4,2,15,2022,0
2022-04-17,Mississippi,122894624.0,Beverages,122894624.0,121339965.56,130812947.93333334,122305888.34285717,119573572.46666668,125041537.93904762,3047745.97366595,6,4,2,15,2022,0
2022-04-24,Mississippi,119312726.70000002,Beverages,119312726.70000002,119824426.31428573,122894624.0,120735174.11428572,120847825.54285714,124809729.5352381,1105397.5052182686,6,4,2,16,2022,0
2022-05-06,Mississippi,128096227.5,Beverages,128096227.5,127364269.1,122972518.70000002,134339051.47692308,125900352.3,123808825.76923078,1581210.8641383878,4,5,2,18,2022,0
2022-05-15,Mississippi,127925111.3,Beverages,127925111.3,127944124.21111111,128058201.67777778,119785307.12,127982150.03333332,124367510.34866668,41072.58218437967,6,5,2,19,2022,0
2022-05-22,Mississippi,132576708.4,Beverages,132576708.4,131912194.52857144,127925111.3,120336125.92857143,130583166.7857143,126469175.4204762,1435514.0304047205,6,5,2,20,2022,0
2022-05-29,Mississippi,129924948.0,Beverages,129924948.0,130303770.91428572,132576708.4,122972518.70000002,131061416.74285711,128827500.57666664,818351.0260278737,6,5,2,21,2022,0
2022-06-02,Mississippi,113290910.2,Beverages,113290910.2,117449419.65,131061416.74285714,125900352.3,124146572.89183672,128124335.2,6901524.313990334,3,6,2,22,2022,0
2022-06-03,Mississippi,123696412.8,Beverages,123696412.8,113290910.2,130682593.82857142,126632310.7,123148547.03061225,128026471.93666668,6275573.177337932,4,6,2,22,2022,0
2022-06-11,Mississippi,124153469.4,Beverages,124153469.4,124096337.325,123753544.875,127982150.03333332,123982073.175,126959454.15777776,123419.38785612938,5,6,2,23,2022,0
2022-06-19,Mississippi,135929879.5,Beverages,135929879.5,134457828.2375,125625520.6625,131247680.65714286,131513725.7125,127385986.27261904,3179994.1756738783,6,6,2,24,2022,0
2022-06-26,Mississippi,131695553.0,Beverages,131695553.0,132300456.78571428,135929879.5,130682593.82857142,133510264.35714284,127815377.9154762,1306741.5275621575,6,6,2,25,2022,0
2022-07-08,Mississippi,137049613.6,Beverages,137049613.6,136603441.88333333,133926411.58333331,123982073.175,135711098.45,132274349.7675,963841.0675534504,4,7,3,27,2022,0
2022-07-17,Mississippi,128249541.6,Beverages,128249541.6,129227327.37777776,135094042.04444444,132985776.975,131182898.93333332,133651791.68458334,2112258.694787175,6,7,3,28,2022,0
2022-07-24,Mississippi,130097352.2,Beverages,130097352.2,129833379.25714286,128249541.6,132905360.57142857,129305433.37142858,132457607.85619047,570246.7313428022,6,7,3,29,2022,0
2022-07-31,Mississippi,135051986.39999998,Beverages,135051986.39999998,134344181.51428568,130097352.2,133926411.58333331,132928571.74285711,132502062.91166666,1529033.3097897596,6,7,3,30,2022,0
2022-08-05,Mississippi,128793330.9,Beverages,128793330.9,130045062.0,133636376.6285714,136157270.16666666,132268590.48775508,131840707.30611113,2325425.7386179115,4,8,3,31,2022,0
2022-08-14,Mississippi,136515380.9,Beverages,136515380.9,135657375.34444445,130509342.01111113,130205113.15555556,133941364.23333336,131578303.27925923,1853503.841113092,6,8,3,32,2022,0
2022-08-21,Mississippi,132428741.6,Beverages,132428741.6,133012547.21428572,136515380.9,129569406.31428573,134180158.44285716,132797534.54523808,1261164.268148745,6,8,3,33,2022,0
2022-08-28,Mississippi,131486639.1,Beverages,131486639.1,131621225.17142856,132428741.6,133636376.6285714,131890397.31428573,132870808.39380953,290739.1434975095,6,8,3,34,2022,0
2022-09-01,Mississippi,112145740.9,Beverages,112145740.9,116980965.45,131890397.31428573,132548524.2,124636855.2020408,130932453.84333332,7884961.259464912,3,9,3,35,2022,0
2022-09-10,Mississippi,130359053.5,Beverages,130359053.5,128335352.1,116193143.7,133941364.23333332,124287949.3,128247951.94444443,4371694.674801063,5,9,3,36,2022,0
2022-09-18,Mississippi,129734298.0,Beverages,129734298.0,129812392.4375,130280959.0625,133596352.82857142,129968581.3125,126890254.6754762,168703.26644793423,6,9,3,37,2022,0
2022-09-25,Mississippi,130304298.5,Beverages,130304298.5,130222869.85714284,129734298.0,131755811.24285714,130060012.57142857,126385384.08404762,175905.97323380422,6,9,3,38,2022,0
2022-10-04,Mississippi,125207942.2,Beverages,125207942.2,125774204.01111113,129171774.8777778,118216845.1,126906727.63333333,128317894.04166669,1223265.321737859,1,10,4,40,2022,0
2022-10-07,Mississippi,130807997.4,Beverages,130807997.4,128941312.33333334,127472989.44444443,124287949.3,127293325.23809524,128985600.485,1950664.8937682167,4,10,4,40,2022,0
2022-10-16,Mississippi,128427930.7,Beverages,128427930.7,128692382.55555557,130279093.68888888,129890486.875,129221286.26666668,128980642.11791666,571281.3010153326,6,10,4,41,2022,0
2022-10-23,Mississippi,122593677.3,Beverages,122593677.3,123427142.07142857,128427930.7,130141441.21428572,125094071.61428572,127854605.15857144,1800489.6882940107,6,10,4,42,2022,0
2022-10-30,Mississippi,119071386.6,Beverages,119071386.6,119574570.98571429,122593677.3,127472989.44444443,120580939.75714286,125871666.64555556,1087002.5090998916,6,10,4,43,2022,0
2022-11-09,Mississippi,133104584.20000002,Beverages,133104584.20000002,131701264.44,123281345.88,130014641.83333334,128894624.92,125405196.48111112,3031517.1605026377,2,11,4,45,2022,0
2022-11-12,Mississippi,117254142.7,Beverages,117254142.7,122537623.2,127491305.16,129221286.26666668,127373041.12,124710384.98888887,5603994.305438169,5,11,4,45,2022,0
2022-11-13,Mississippi,122102914.29999998,Beverages,122102914.29999998,117254142.7,128894624.92000002,128956834.41111112,126402796.74571428,124481920.9851852,5877895.222355454,6,11,4,45,2022,0
2022-11-20,Mississippi,122286981.2,Beverages,122286981.2,122260685.92857143,122102914.29999998,124260606.84285714,122208095.38571428,123438543.40238094,56804.27854546272,6,11,4,46,2022,0
2022-11-27,Mississippi,121026307.4,Beverages,121026307.4,121206403.65714286,122286981.2,120077755.37142856,121566596.17142858,123422701.17285717,389052.38109530223,6,11,4,47,2022,0
2022-12-06,Mississippi,129274779.7,Beverages,129274779.7,128358282.77777778,122859301.24444444,128894624.92000002,126525288.93333337,124057384.874,1979859.6346020228,1,12,4,49,2022,0
2022-12-18,Mississippi,120542507.6,Beverages,120542507.6,121270196.94166666,125636332.99166666,122234390.65714283,122725575.625,124017685.2059524,1571988.6441110938,6,12,4,50,2022,0
2022-12-25,Mississippi,124193300.1,Beverages,124193300.1,123671758.31428573,120542507.6,121386499.91428572,122628674.74285711,124188338.33690476,1126659.0255313558,6,12,4,51,2022,0
2023-01-01,Mississippi,112027973.5,Beverages,112027973.5,113765877.3,124193300.1,125608792.01111113,117241684.9,122841008.0838889,3754301.295525938,6,1,1,52,2023,0
2023-01-15,Mississippi,113277510.4,Beverages,113277510.4,113188257.76428571,112652741.95,121997886.28333332,113009752.49285714,116622279.25972222,192807.72958041067,6,1,1,2,2023,0
2023-01-22,Mississippi,111098226.9,Beverages,111098226.9,111409553.11428572,113277510.4,123150216.52857144,112032205.54285714,114351514.90880951,672541.4891373311,6,1,1,3,2023,0
2023-01-29,Mississippi,110578233.6,Beverages,110578233.6,110652518.35714284,111098226.9,115503781.1,110801087.87142858,112113002.01500002,160473.4163113114,6,1,1,4,2023,0
2023-02-04,Mississippi,126251455.8,Beverages,126251455.8,123639252.1,110652518.35714284,112384984.04285714,118414844.70000002,113563915.6197619,5643004.943707159,5,2,1,5,2023,0
2023-02-19,Mississippi,114050479.6,Beverages,114050479.6,114863878.01333332,119744268.49333332,111720879.32857144,116490674.84,117086836.72714286,1757141.4004367478,6,2,1,7,2023,0
2023-02-26,Mississippi,119099292.3,Beverages,119099292.3,118378033.34285714,114050479.6,110726803.11428572,116935515.42857143,118475635.55523808,1558097.425882397,6,2,1,8,2023,0
2023-03-19,Mississippi,127423751.4,Beverages,127423751.4,127027348.5857143,124648931.7,115677276.42666666,126234542.95714286,121337238.46711113,856327.9504980772,6,3,1,11,2023,0
2023-03-26,Mississippi,119034341.4,Beverages,119034341.4,120232828.54285714,127423751.4,117656774.38571428,122629802.82857142,122951337.7947619,2589028.13441024,6,3,1,12,2023,0
2023-04-16,Mississippi,120893700.6,Beverages,120893700.6,120805159.68571427,120273914.2,126630945.77142856,120628077.85714284,121101128.01285714,191270.2355560155,6,4,2,15,2023,0
2023-04-23,Mississippi,122557412.7,Beverages,122557412.7,122319739.54285714,120893700.6,121431315.68571427,121844393.22857144,120411734.77142856,513432.7008019413,6,4,2,16,2023,0
2023-04-30,Mississippi,126906993.0,Beverages,126906993.0,126285624.38571428,122557412.7,119477045.97142856,125042887.15714286,121729508.75285716,1342309.6224362063,6,4,2,17,2023,0
2023-05-02,Mississippi,114310972.6,Beverages,114310972.6,120608982.8,123800149.92857143,119654127.8,123320176.32244898,121586183.44333334,4469355.91729146,1,5,2,18,2023,0
2023-05-03,Mississippi,125689687.2,Beverages,125689687.2,114310972.6,124421518.54285714,119742668.71428572,123501343.27346936,121784417.39285712,4546477.221541111,2,5,2,18,2023,0
2023-07-05,Mississippi,132113210.3,Beverages,132113210.3,132011249.615873,131399485.51111113,129054389.77619047,131807328.24761903,130634780.38015872,220260.25172843185,2,7,3,27,2023,0
2023-08-01,Mississippi,112685742.0,Beverages,112685742.0,113405277.86296296,117722493.04074074,131807328.24761903,114844349.58888888,123036862.35825396,1554375.1170235288,1,8,3,31,2023,0
2023-09-04,Mississippi,122958103.3,Beverages,122958103.3,122655975.0264706,120843205.38529412,113894255.09411764,122051718.47941177,118577243.33382352,652671.6661316961,0,9,3,36,2023,0
2023-12-02,Mississippi,116622414.2,Beverages,116622414.2,116693601.71797752,117120726.8258427,118758039.73932584,116835976.75393258,117654633.21067417,153782.61499581402,5,12,4,48,2023,0
2023-12-03,Mississippi,129739899.0,Beverages,129739899.0,116622414.2,117049539.30786516,118686852.22134832,118648885.2813804,118023068.10329588,4892188.222426663,6,12,4,48,2023,0
2019-03-11,Missouri,102216388.7,Beverages,102216388.7,102201728.86206897,102113769.83448276,101776593.56206895,102172409.1862069,102003821.05,31668.869436390072,0,3,1,11,2019,0
2019-06-10,Missouri,111888229.8,Beverages,111888229.8,111781945.83186813,111144242.02307692,108699710.75604396,111569377.8956044,110347112.26208793,229599.61261861536,0,6,2,24,2019,0
2019-08-12,Missouri,101956160.6,Beverages,101956160.6,102113812.49206348,103059723.84444444,106685717.36190476,102429116.27619047,104242113.03492063,340567.0110239636,0,8,3,33,2019,0
2019-10-11,Missouri,102978284.5,Beverages,102978284.5,102961249.10166666,102859036.71166667,102467222.55,102927178.305,102731271.22416666,36800.66641450879,4,10,4,41,2019,0
2019-10-13,Missouri,105383406.4,Beverages,105383406.4,104180845.45,102893107.50833333,102501293.34666666,103469331.48095238,102883894.576,961906.1261969442,6,10,4,41,2019,0
2019-10-20,Missouri,105172324.5,Beverages,105172324.5,105202479.05714284,105383406.4,102620541.135,105262788.17142858,103512343.66333334,65141.28856224672,6,10,4,42,2019,0
2019-10-27,Missouri,103986309.9,Beverages,103986309.9,104155740.55714288,105172324.5,102739788.92333332,104494601.87142858,103933724.79672222,366012.051766114,6,10,4,43,2019,0
2019-11-17,Missouri,104244425.3,Beverages,104244425.3,104232134.0904762,104158386.83333331,105232633.61428572,104207551.67142858,104279626.4652381,26552.047240571414,6,11,4,46,2019,0
2019-11-24,Missouri,106955333.5,Beverages,106955333.5,106568060.9,104244425.3,104325171.21428572,105793515.7,104508281.2552381,836604.4333986931,6,11,4,47,2019,0
2019-12-15,Missouri,104799080.2,Beverages,104799080.2,104901758.92857143,105517831.3,104219842.88095236,105107116.38571428,105712479.54968254,221811.40503495492,6,12,4,50,2019,0
2019-12-22,Missouri,112573326.8,Beverages,112573326.8,111462720.14285712,104799080.2,106180788.3,109241506.82857142,106685238.64666668,2399184.5876226854,6,12,4,51,2019,0
2019-12-29,Missouri,104085174.3,Beverages,104085174.3,105297767.51428571,112573326.8,106441939.85714284,107722953.94285712,106928598.53428572,2619500.7314780517,6,12,4,52,2019,0
2020-01-03,Missouri,106212848.6,Beverages,106212848.6,105787313.74,106510360.72857144,105928546.21428572,105170262.31632651,106799911.06904764,728910.7993246805,4,1,1,1,2020,0
2020-01-11,Missouri,108363218.7,Beverages,108363218.7,108094422.4375,106481644.8625,105107116.38571428,107556829.9125,107321495.02785714,580666.292653859,5,1,1,2,2020,0
2020-01-19,Missouri,99197303.0,Beverages,99197303.0,100343042.4625,107217479.2375,110352113.48571429,102634521.3875,106331473.4047619,2475080.121464854,6,1,1,3,2020,0
2020-01-26,Missouri,94975743.1,Beverages,94975743.1,95578823.08571428,99197303.0,106510360.72857144,96784983.05714284,103290843.3604762,1302801.669270049,6,1,1,4,2020,0
2020-02-02,Missouri,102451507.1,Beverages,102451507.1,101383540.81428573,94975743.1,106212848.6,99247608.24285711,101908890.74333332,2307070.857451412,6,2,1,5,2020,0
2020-02-08,Missouri,120643197.7,Beverages,120643197.7,117611249.26666668,101383540.81428573,107825626.175,111547352.4,103090828.96291666,6549757.202459042,5,2,1,6,2020,0
2020-02-16,Missouri,99080113.2,Beverages,99080113.2,101775498.7625,117947812.1375,101488781.925,107166269.8875,103942004.85375,5822698.304264727,6,2,1,7,2020,0
2020-02-23,Missouri,99512942.9,Beverages,99512942.9,99451110.0857143,99080113.2,96181903.07142857,99327444.45714286,104235719.87119047,133574.14533162897,6,2,1,8,2020,0
2020-03-05,Missouri,118208045.4,Beverages,118208045.4,116508490.62727273,106311161.9909091,108515403.96666668,113109381.0818182,107819929.98833331,3671457.9282621546,3,3,1,10,2020,0
2020-03-15,Missouri,119199349.2,Beverages,119199349.2,119100218.82,118505436.54,104470884.325,118901958.06,109683111.16541667,214146.09603740863,6,3,1,11,2020,0
2020-03-22,Missouri,121451833.8,Beverages,121451833.8,121130050.28571428,119199349.2,99389277.27142856,120486483.25714286,114557168.25285716,695131.8390360108,6,3,1,12,2020,0
2020-03-29,Missouri,104915820.3,Beverages,104915820.3,107278107.94285716,121451833.8,108010716.76363637,112002683.22857144,116623724.70363638,5103124.556136559,6,3,1,13,2020,0
2020-04-10,Missouri,115285441.8,Beverages,115285441.8,114421306.675,109236495.925,118802827.68,112693036.425,114333972.109,1866745.2245032564,4,4,2,15,2020,0
2020-04-19,Missouri,115367891.3,Beverages,115367891.3,115358730.24444444,115303763.9111111,120808266.77142856,115340408.13333333,113032475.79119046,19790.141824167116,6,4,2,16,2020,0
2020-04-26,Missouri,113425514.4,Beverages,113425514.4,113702996.81428573,115367891.3,109640395.58571428,114257961.64285716,112545775.55976193,599430.5251165925,6,4,2,17,2020,0
2020-05-01,Missouri,100260344.0,Beverages,100260344.0,102893378.08,113980479.22857144,107508225.675,107822938.85918368,112395970.92333332,5190741.650776339,4,5,2,18,2020,0
2020-05-04,Missouri,112583580.3,Beverages,112583580.3,108475834.86666666,110792480.32,110100631.05,106038155.01142856,112319904.8175,4074483.066898476,0,5,2,19,2020,0
2020-05-07,Missouri,133882925.9,Beverages,133882925.9,126783144.03333332,102893378.08,112693036.425,115148182.95714286,113815329.09083334,12219426.772338768,3,5,2,19,2020,0
2020-05-17,Missouri,119008041.2,Beverages,119008041.2,120495529.67,129420460.49,115349569.18888888,123470506.61,117365291.45648149,3213342.355313834,6,5,2,20,2020,0
2020-05-24,Missouri,124723232.8,Beverages,124723232.8,123906776.85714284,119008041.2,113980479.22857144,122273864.97142856,119115731.88880952,1763746.4191103934,6,5,2,21,2020,0
2020-05-31,Missouri,119399493.0,Beverages,119399493.0,120160027.25714286,124723232.8,100260344.0,121681095.7714286,122349301.835,1642941.7709329736,6,5,2,22,2020,0
2020-06-09,Missouri,122107583.7,Beverages,122107583.7,121806684.73333332,120001290.93333334,129420460.49,121204886.8,122003805.399,650016.0597949624,1,6,2,24,2020,0
2020-06-12,Missouri,108184374.0,Beverages,108184374.0,112825443.9,120903987.83333331,124957995.08,117871610.38571428,120641801.434,5434713.893606977,4,6,2,24,2020,0
2020-06-14,Missouri,125420452.4,Beverages,125420452.4,116802413.2,121505785.76666668,121983018.14,117801923.67619048,120534112.79566666,5930049.648398529,6,6,2,24,2020,0
2020-06-21,Missouri,125519532.6,Beverages,125519532.6,125505378.28571428,125420452.4,123090320.91428572,125477069.65714286,121585741.84857143,30576.8135627624,6,6,2,25,2020,0
2020-06-28,Missouri,128509528.2,Beverages,128509528.2,128082385.97142856,125519532.6,120920561.51428571,127228101.5142857,122577693.54190476,922732.6749044494,6,6,2,26,2020,0
2020-07-06,Missouri,127937537.6,Beverages,127937537.6,128009036.425,128438029.375,121204886.8,128152034.075,124685257.25333332,154455.11502624088,0,7,3,28,2020,0
2020-07-19,Missouri,128088848.3,Beverages,128088848.3,128077209.0153846,128007373.3076923,125491223.97142856,128053930.44615383,127712368.43619046,25143.728528341995,6,7,3,29,2020,0
2020-07-26,Missouri,124167502.1,Beverages,124167502.1,124727694.4142857,128088848.3,127655243.74285714,125848079.04285714,127575929.9690476,1210153.710042672,6,7,3,30,2020,0
2020-08-03,Missouri,107370253.6,Beverages,107370253.6,109469909.6625,122067846.0375,128080535.25,113669221.7875,123962756.31916666,4535775.498967534,0,8,3,32,2020,0
2020-08-11,Missouri,112621860.2,Beverages,112621860.2,111965409.375,108026704.425,128007373.3076923,110652507.725,119255357.44910257,1418095.859360285,1,8,3,33,2020,0
2020-08-16,Missouri,123662078.3,Beverages,123662078.3,121454034.68,111308958.55,128065569.73076925,117259603.55357143,117789307.43217948,4435094.856571497,6,8,3,33,2020,0
2020-08-23,Missouri,121890878.7,Beverages,121890878.7,122143907.21428572,123662078.3,125287886.72857144,122649964.24285714,116800718.6188095,546604.0634634758,6,8,3,34,2020,0
2020-08-30,Missouri,121102970.2,Beverages,121102970.2,121215528.55714284,121890878.7,113669221.7875,121440645.27142856,117195606.97958332,243153.8420281364,6,8,3,35,2020,0
2020-09-02,Missouri,97937045.1,Beverages,97937045.1,105659020.13333333,121553203.62857144,107370253.6,114580613.0489796,116814518.02666669,9462152.235356186,2,9,3,36,2020,0
2020-09-08,Missouri,122345675.4,Beverages,122345675.4,118277570.35,105659020.13333333,111308958.55,110141360.25,117316034.28416666,8788111.320977852,1,9,3,37,2020,0
2020-09-13,Missouri,118947582.4,Beverages,118947582.4,119627201.0,114209465.3,119245991.06,120308191.96428572,118177133.821,1465923.2996528754,6,9,3,37,2020,0
2020-09-20,Missouri,118825053.9,Beverages,118825053.9,118842557.97142856,118947582.4,122396935.72857144,118877566.11428572,117260863.3554762,37813.11602883717,6,9,3,38,2020,0
2020-09-27,Missouri,115422362.0,Beverages,115422362.0,115908460.84285714,118825053.9,121328086.91428572,116880658.52857144,116139656.87690476,1050093.518117695,6,9,3,39,2020,0
2020-10-05,Missouri,116614554.4,Beverages,116614554.4,116465530.35,115571386.05,110141360.25,116167482.25,117847271.445,321928.7419586502,0,10,4,41,2020,0
2020-10-18,Missouri,114326213.9,Beverages,114326213.9,114502240.0923077,115558397.24615385,118860062.04285716,114854292.47692308,116151560.23571429,380260.0361579801,6,10,4,42,2020,0
2020-10-25,Missouri,110115923.0,Beverages,110115923.0,110717393.12857144,114326213.9,116394559.68571427,111920333.38571428,114782924.73476192,1299323.980369832,6,10,4,43,2020,0
2020-11-10,Missouri,115422859.8,Beverages,115422859.8,115091176.25,113101074.95,115558397.24615385,114427809.15,113146203.72794873,716518.3604924412,1,11,4,46,2020,0
2020-11-15,Missouri,112293116.3,Beverages,112293116.3,112919065.0,114759492.7,114678266.2846154,114034157.79285714,112898652.8997436,1166205.295790946,6,11,4,46,2020,0
2020-11-22,Missouri,115585927.6,Beverages,115585927.6,115115525.98571429,112293116.3,111318863.25714286,114174722.75714286,113158172.4909524,1016183.6287660552,6,11,4,47,2020,0
2020-11-29,Missouri,109778470.6,Beverages,109778470.6,110608107.31428573,115585927.6,111774340.75,112267380.74285711,113474288.51833332,1792220.139721557,6,11,4,48,2020,0
2020-12-01,Missouri,101623051.9,Beverages,101623051.9,105700761.25,113926654.17142856,112437707.85,109216076.18469387,112900291.21833332,4114475.821161509,1,12,4,49,2020,0
2020-12-04,Missouri,112802890.1,Beverages,112802890.1,109076277.36666666,111437744.02857144,113432758.5,107848460.45204082,112497811.46,3808035.397546405,4,12,4,49,2020,0
2020-12-07,Missouri,126230430.9,Beverages,126230430.9,121754583.96666668,105700761.25,114427809.15,113445090.84285714,113263657.29666668,8869469.382186998,0,12,4,50,2020,0
2020-12-13,Missouri,111915489.6,Beverages,111915489.6,114301313.15,121754583.96666668,113545013.7,119072960.25,113913453.12666664,5153967.926568281,6,12,4,50,2020,0
2020-12-20,Missouri,116101348.9,Beverages,116101348.9,115503369.0,111915489.6,114645124.37142856,114307409.2,114127389.0395238,1291784.224919757,6,12,4,51,2020,0
2020-12-27,Missouri,113912367.0,Beverages,113912367.0,114225078.7,116101348.9,111437744.02857144,114850502.1,114386288.16714284,675534.480352398,6,12,4,52,2020,0
2021-01-08,Missouri,132578371.3,Beverages,132578371.3,131022870.94166666,121689868.79166669,121458783.8,127911870.225,118478657.025,3360264.8262129165,4,1,1,1,2021,0
2021-01-17,Missouri,107281946.4,Beverages,107281946.4,110092660.2777778,126956943.54444444,114905389.1,115714088.03333332,119685296.05833334,6071835.939764671,6,1,1,2,2021,0
2021-01-24,Missouri,106374643.7,Beverages,106374643.7,106504258.37142858,107281946.4,114537790.4,106763487.71428572,117682750.295,279999.692077129,6,1,1,3,2021,0
2021-01-31,Missouri,107265091.1,Beverages,107265091.1,107137884.32857142,106374643.7,121689868.79166669,106883470.78571428,115254500.60916668,274798.03356787964,6,1,1,4,2021,0
2021-02-05,Missouri,130134582.2,Beverages,130134582.2,125560683.98,107010677.55714284,129467370.58333331,117048129.1755102,114359569.92472222,8950710.536367798,4,2,1,5,2021,0
2021-02-14,Missouri,105721019.2,Beverages,105721019.2,108433637.31111112,124709345.97777778,112903374.15555556,113858873.53333332,112232688.9925926,5859924.863971909,6,2,1,6,2021,0
2021-02-21,Missouri,104928173.0,Beverages,104928173.0,105041436.74285714,105721019.2,106633873.04285714,105267964.2285714,111733876.69238096,244677.64932410972,6,2,1,7,2021,0
2021-02-28,Missouri,113346368.2,Beverages,113346368.2,112143768.88571428,104928173.0,107010677.55714284,109738570.25714289,112450869.01428571,2597911.439989194,6,2,1,8,2021,0
2021-03-01,Missouri,108200137.0,Beverages,108200137.0,113346368.2,106130772.31428573,107137884.32857142,110034193.78367348,112486277.43666668,2207324.213623469,0,3,1,9,2021,0
2021-03-10,Missouri,182835643.2,Beverages,182835643.2,174542809.17777777,124785805.04444444,121996727.86666667,157957141.1333333,121174667.6422222,17914568.984319072,2,3,1,10,2021,0
2021-03-14,Missouri,127423362.6,Beverages,127423362.6,141276432.75,157957141.13333333,111146255.42222224,159491471.26190475,125573039.00703704,19521054.93092785,6,3,1,10,2021,0
2021-03-21,Missouri,130041835.0,Beverages,130041835.0,129667767.51428571,127423362.6,105154700.48571429,128919632.54285714,130952260.0547619,808078.1262076225,6,3,1,11,2021,0
2021-03-28,Missouri,115232279.5,Beverages,115232279.5,117347930.28571428,130041835.0,110941169.57142857,121579231.85714284,134232432.00619048,4570328.050199148,6,3,1,12,2021,0
2021-04-04,Missouri,124240001.0,Beverages,124240001.0,122953183.64285712,115232279.5,141371473.08888888,120379548.92857143,134007021.34592593,2779843.205951284,6,4,2,13,2021,0
2021-04-07,Missouri,141538917.5,Beverages,141538917.5,135772612.0,119092731.57142857,166249975.15555555,128079562.26530612,131788568.4325926,8015514.92886743,2,4,2,14,2021,0
2021-04-18,Missouri,122020893.2,Beverages,122020893.2,123795259.04545456,134441454.11818182,129293700.02857144,127343990.73636363,126685295.02380952,3833068.3161675,6,4,2,15,2021,0
2021-04-25,Missouri,123558038.5,Beverages,123558038.5,123338446.31428573,122020893.2,119463581.07142857,122899261.94285716,126088988.95285717,474373.33833687607,6,4,2,16,2021,0
2021-05-09,Missouri,135476496.4,Beverages,135476496.4,134625177.97857144,129517267.45,137990185.8090909,132922541.13571428,128052033.86954546,1839057.9803527696,6,5,2,18,2021,0
2021-05-12,Missouri,169212857.29999998,Beverages,169212857.29999998,157967403.66666666,132071222.71428572,132667088.27272728,144385755.1530612,130404628.82439394,14288488.058192344,2,5,2,19,2021,0
2021-05-16,Missouri,124654431.3,Beverages,124654431.3,135794037.79999998,135476496.4,125569624.89090908,148479653.6,132155651.14318182,14977571.992163792,6,5,2,19,2021,0
2021-05-23,Missouri,130997443.3,Beverages,130997443.3,130091298.72857144,124654431.3,123118854.12857144,128279009.5857143,133446936.67880952,1957496.0008998492,6,5,2,20,2021,0
2021-05-30,Missouri,131211942.3,Beverages,131211942.3,131181299.58571428,130997443.3,127814630.60714288,131120014.15714286,134793058.19428572,66195.82854227403,6,5,2,21,2021,0
2021-06-06,Missouri,135533682.0,Beverages,135533682.0,134916290.6142857,131211942.3,133773859.55714284,133681507.84285712,135367432.35595238,1333717.8267492915,6,6,2,22,2021,0
2021-06-13,Missouri,140536017.0,Beverages,140536017.0,139821397.7142857,135533682.0,146933644.29999998,138392159.14285713,132691910.14,1543754.0962663307,6,6,2,23,2021,0
2021-06-20,Missouri,143891479.7,Beverages,143891479.7,143412127.88571426,140536017.0,129185154.15714283,142453424.25714284,136020615.9942857,1035518.270567742,6,6,2,24,2021,0
2021-06-27,Missouri,134304238.0,Beverages,134304238.0,135673843.95714286,143891479.7,131150656.87142856,138413055.87142858,137765809.05619046,2958687.02241311,6,6,2,25,2021,0
2021-07-02,Missouri,109879804.1,Beverages,109879804.1,114764690.88,137043449.91428572,133064116.45714286,124032281.46530612,135716291.4295238,9795413.212837594,4,7,3,26,2021,0
2021-07-03,Missouri,118309710.1,Beverages,118309710.1,109879804.1,135673843.95714286,133681507.84285714,121551690.9142857,135203898.17142856,8464132.752074055,5,7,3,26,2021,0
2021-07-11,Missouri,173301229.0,Beverages,173301229.0,166427289.1375,125183649.9625,139106778.42857143,152679409.4125,138563996.32880953,14849407.275104208,6,7,3,27,2021,0
2021-07-18,Missouri,137132760.29999998,Beverages,137132760.29999998,142299684.39999998,173301229.0,142932776.07142857,152633532.59999996,141170894.7045238,11161831.766818466,6,7,3,28,2021,0
2021-07-25,Missouri,138734411.3,Beverages,138734411.3,138505604.0142857,137132760.29999998,137043449.91428572,138047989.44285712,140508195.01690474,494280.2295437051,6,7,3,29,2021,0
2021-08-08,Missouri,132526728.5,Beverages,132526728.5,132970134.41428572,135630569.9,159553349.275,133856946.24285711,142340776.98791668,957866.2515433986,6,8,3,31,2021,0
2021-08-15,Missouri,136489651.29999998,Beverages,136489651.29999998,135923519.47142854,132526728.5,147466608.5,134791255.8142857,136167709.95666665,1222984.5273634489,6,8,3,32,2021,0
2021-08-22,Missouri,136950984.0,Beverages,136950984.0,136885079.32857144,136489651.29999998,138276796.72857144,136753269.9857143,135792527.7704762,142370.3621257576,6,8,3,33,2021,0
2021-08-29,Missouri,136263420.9,Beverages,136263420.9,136361644.20000002,136950984.0,136517381.72857144,136558090.8,135514049.5204762,212186.5792883381,6,8,3,34,2021,0
2021-09-05,Missouri,127252315.0,Beverages,127252315.0,128539615.84285717,136263420.9,133413540.32857142,131114217.52857144,134667156.72714287,2780887.6544667934,6,9,3,35,2021,0
2021-09-19,Missouri,131425379.9,Beverages,131425379.9,131127303.8357143,129338847.45,136819174.65714285,130531151.70714286,132012420.61261906,643917.8936811122,6,9,3,37,2021,0
2021-09-26,Missouri,127916878.0,Beverages,127916878.0,128418092.55714284,131425379.9,136459867.5,129420521.67142858,130306621.20833334,1082747.1930377858,6,9,3,38,2021,0
2021-10-01,Missouri,108211245.9,Beverages,108211245.9,112152372.32,128919307.11428572,132401518.37142858,119543209.17959182,127199153.57357144,7785768.744407712,4,10,4,39,2021,0
2021-10-10,Missouri,180974726.6,Beverages,180974726.6,172889895.41111112,124380908.27777778,128742695.32142857,156720233.03333333,133207581.42619048,17465231.50853007,6,10,4,40,2021,0
2021-10-17,Missouri,178740956.6,Beverages,178740956.6,179060066.6,180974726.6,130829227.77142856,179698286.59999996,144819015.0645238,689356.3881014768,6,10,4,41,2021,0
2021-10-24,Missouri,175697601.3,Beverages,175697601.3,176132366.34285715,178740956.6,128919307.11428572,177001896.42857143,155714078.73523808,939199.8358380035,6,10,4,42,2021,0
2021-10-31,Missouri,170593466.3,Beverages,170593466.3,171322628.44285715,175697601.3,108211245.9,172780952.72857144,168136218.89666665,1575170.2583219274,6,10,4,43,2021,0
2021-11-04,Missouri,121180874.0,Beverages,121180874.0,133534022.075,172780952.72857144,140550570.65555555,153258609.96836737,169641188.5287037,20319062.06730844,3,11,4,44,2021,0
2021-11-07,Missouri,136230610.5,Beverages,136230610.5,131214031.66666669,170593466.3,164805064.2222222,136069211.35,167090568.39203703,12497269.731312737,6,11,4,44,2021,0
2021-11-14,Missouri,176262581.39999998,Beverages,176262581.39999998,170543728.4142857,136230610.5,179379176.6,159106022.44285712,162416920.12833336,12354134.430910394,6,11,4,45,2021,0
2021-11-21,Missouri,179524372.20000002,Beverages,179524372.20000002,179058402.0857143,176262581.39999998,176567131.3857143,178126461.85714287,162480283.54309523,1006610.4946402736,6,11,4,46,2021,0
2021-11-28,Missouri,168366340.5,Beverages,168366340.5,169960345.02857143,179524372.20000002,172051790.5857143,173148354.0857143,162235548.09642854,3443443.340588871,6,11,4,47,2021,0
2021-12-09,Missouri,129961771.1,Beverages,129961771.1,133453095.5909091,154401042.53636363,147668316.47142857,140435744.57272726,163488347.26142856,7542122.906527857,3,12,4,49,2021,0
2021-12-12,Missouri,172977942.2,Beverages,172977942.2,158639218.5,143927069.06363636,164824875.4285714,145244669.54935065,163441666.86714286,15351807.285292594,6,12,4,49,2021,0
2021-12-19,Missouri,183283804.6,Beverages,183283804.6,181811538.5428572,172977942.2,178592431.97142857,178867006.42857143,164007009.41619048,3180458.185140392,6,12,4,50,2021,0
2021-12-26,Missouri,180054178.20000002,Beverages,180054178.20000002,180515553.4,183283804.6,171554349.55714285,181438303.8,165266128.0576191,996684.3453042976,6,12,4,51,2021,0
2022-01-05,Missouri,188196566.1,Beverages,188196566.1,187382327.31,182496894.57,140435744.57272726,185753849.73,174791300.97742423,1758956.8215325489,2,1,1,1,2022,0
2022-01-16,Missouri,172225849.70000002,Beverages,172225849.70000002,173677733.00909093,182389032.8636364,180339272.4857143,176581499.62727275,181827543.7964286,3136426.4168585017,6,1,1,2,2022,0
2022-01-23,Missouri,162857014.20000002,Beverages,162857014.20000002,164195419.2714286,172225849.70000002,180976928.6,166872229.41428572,178277939.38833335,2891285.405790816,6,1,1,3,2022,0
2022-01-30,Missouri,167447989.5,Beverages,167447989.5,166792135.8857143,162857014.20000002,184125372.15,165480428.65714288,174454899.26000002,1416805.7367728923,6,1,1,4,2022,0
2022-02-01,Missouri,167821564.9,Beverages,167821564.9,167634777.2,164168721.42857143,185753849.73,166591107.6367347,173280328.641,1150292.820145333,1,2,1,5,2022,0
2022-02-10,Missouri,194612891.8,Beverages,194612891.8,191636077.7,173775193.1,179485266.24545455,185682449.5,172730791.62636366,6430653.429823588,3,2,1,6,2022,0
2022-02-13,Missouri,167496590.6,Beverages,167496590.6,176535357.66666666,182705635.4,175129616.31818184,184313822.2285714,172726177.43030307,9357300.301013788,6,2,1,6,2022,0
2022-02-20,Missouri,162813987.6,Beverages,162813987.6,163482930.8857143,167496590.6,165533824.34285715,164820817.45714286,171619142.99904764,1445082.6588923263,6,2,1,7,2022,0
2022-02-27,Missouri,173793169.79999998,Beverages,173793169.79999998,172224715.2,162813987.6,166136282.2714286,169087806.0,172700454.1095238,3388249.186611624,6,2,1,8,2022,0
2022-03-04,Missouri,185211544.0,Beverages,185211544.0,182927869.16,170656260.6,170798379.0,178462693.79999998,174791324.94666666,4772547.568177028,4,3,1,9,2022,0
2022-03-07,Missouri,213912738.7,Beverages,213912738.7,204345673.8,176076844.64,179728821.3,191454449.76571432,177550691.60666665,13426326.844811926,0,3,1,10,2022,0
2022-03-13,Missouri,177612595.29999998,Beverages,177612595.29999998,183662619.2,204345673.8,185574124.7333333,195762667.0,178469207.8588889,13069545.371691238,6,3,1,10,2022,0
2022-03-20,Missouri,183364029.9,Beverages,183364029.9,182542396.3857143,177612595.29999998,164151874.17142856,180899129.35714287,181629646.3095238,1774931.2517436196,6,3,1,11,2022,0
2022-03-27,Missouri,179106584.2,Beverages,179106584.2,179714790.7285714,183364029.9,170656260.6,180931203.78571424,185050471.3433333,1313876.2675939903,6,3,1,12,2022,0
2022-04-09,Missouri,202748923.90000004,Beverages,202748923.90000004,200930282.38461545,190018433.2923077,195762667.0,197292999.35384616,185922738.73666665,3928714.6948596034,5,4,2,14,2022,0
2022-04-12,Missouri,180518293.6,Beverages,180518293.6,187928503.7,195474357.83846155,177612595.29999998,194838479.65824175,186349327.18666667,7927121.092733195,1,4,2,15,2022,0
2022-04-17,Missouri,189193621.5,Beverages,189193621.5,187458555.92,195338713.8,181720762.87142852,185294892.7142857,187290326.2695238,3182630.233409883,6,4,2,15,2022,0
2022-04-24,Missouri,183150735.2,Beverages,183150735.2,184014004.67142856,189193621.5,180322997.25714284,185740543.6142857,188176337.1842857,1864875.199067691,6,4,2,16,2022,0
2022-05-06,Missouri,196704224.0,Beverages,196704224.0,195574766.6,188798022.2,197292999.3538462,193315851.8,189376137.16179484,2439906.84643861,4,5,2,18,2022,0
2022-05-15,Missouri,197212778.5,Beverages,197212778.5,197156272.44444445,196817236.1111111,185723490.34,197043260.3333333,191187442.36066663,122067.03143498558,6,5,2,19,2022,0
2022-05-22,Missouri,196122618.7,Beverages,196122618.7,196278355.8142857,197212778.5,184877274.1428572,196589830.04285717,193402694.6090476,336430.6183114872,6,5,2,20,2022,0
2022-05-29,Missouri,195011377.6,Beverages,195011377.6,195170126.3285714,196122618.7,188798022.2,195487623.7857143,195687797.59666663,342936.448733864,6,5,2,21,2022,0
2022-06-02,Missouri,166723309.89999998,Beverages,166723309.89999998,173795326.825,195487623.78571427,193315851.8,184976531.4479592,193782420.2083333,11515509.442725465,3,6,2,22,2022,0
2022-06-03,Missouri,178493196.1,Beverages,178493196.1,166723309.89999998,195328875.05714285,194445309.2,182571434.4540816,193250683.105,10723905.729216827,4,6,2,22,2022,0
2022-06-11,Missouri,184611895.0,Beverages,184611895.0,183847057.6375,179258033.4625,197043260.3333333,182317382.9125,189310308.17444447,1652237.5409483202,5,6,2,23,2022,0
2022-06-19,Missouri,210417356.9,Beverages,210417356.9,207191674.1625,187837577.7375,196434092.92857143,200740308.6875,189904411.0221429,6968271.132358139,6,6,2,24,2022,0
2022-06-26,Missouri,204501850.3,Beverages,204501850.3,205346922.6714286,210417356.9,195328875.05714285,207037067.4142857,192525298.8492857,1825564.9702138144,6,6,2,25,2022,0
2022-07-08,Missouri,203997667.7,Beverages,203997667.7,204039682.91666663,204291774.21666667,182317382.9125,204123713.35,201485513.33541667,90763.2416986842,4,7,3,27,2022,0
2022-07-17,Missouri,205623643.1,Beverages,205623643.1,205442979.16666663,204358995.56666663,203965991.425,205081651.3,205390746.86541665,390278.7018672248,6,7,3,28,2022,0
2022-07-24,Missouri,207379215.1,Beverages,207379215.1,207128419.1,205623643.1,206191995.0428572,206626827.1,205036348.8557143,541781.281426434,6,7,3,29,2022,0
2022-07-31,Missouri,201243588.9,Beverages,201243588.9,202120106.92857143,207379215.1,204291774.21666667,203873142.98571423,204882489.01166663,1893495.3535582544,6,7,3,30,2022,0
2022-08-05,Missouri,185103534.0,Beverages,185103534.0,188331544.98,202996624.9571429,204081698.13333333,194451639.37551025,202781460.24388888,6467318.535492029,4,8,3,31,2022,0
2022-08-14,Missouri,204559437.2,Beverages,204559437.2,202397670.17777777,189427068.04444444,205262315.2333333,198074136.1333333,200185850.4888889,4669950.507133942,6,8,3,32,2022,0
2022-08-21,Missouri,200875692.50000003,Beverages,200875692.50000003,201401941.7428572,204559437.2,206877623.1,202454440.22857144,199326993.95,1136828.2952441217,6,8,3,33,2022,0
2022-08-28,Missouri,201905037.6,Beverages,201905037.6,201757988.3,200875692.50000003,202996624.9571429,201463889.7,198393370.23761904,317662.7944439869,6,8,3,34,2022,0
2022-09-01,Missouri,165807188.4,Beverages,165807188.4,174831650.7,201463889.7,194787566.94,188949927.4714286,195766993.128,14540125.873498475,3,9,3,35,2022,0
2022-09-10,Missouri,193244617.9,Beverages,193244617.9,190196014.62222224,171904394.95555556,198074136.13333333,184098808.06666663,192714956.35111108,6585735.778533644,5,9,3,36,2022,0
2022-09-18,Missouri,201210602.8,Beverages,201210602.8,200214854.6875,194240366.0125,201928190.98571432,198223358.46250004,191371870.26309523,2151061.772687543,6,9,3,37,2022,0
2022-09-25,Missouri,195111725.2,Beverages,195111725.2,195982993.42857143,201210602.8,201610939.0,197725529.88571423,190545766.0283333,1882154.489385576,6,9,3,38,2022,0
2022-10-04,Missouri,186091611.6,Beverages,186091611.6,187093846.44444445,193107255.5111111,174952998.23333335,189098316.1333333,193017540.0494444,2165074.7152583613,1,10,4,40,2022,0
2022-10-07,Missouri,204171407.3,Beverages,204171407.3,198144808.7333333,190100550.97777772,184098808.06666663,192116325.95238096,194727000.44388887,6689056.091183969,4,10,4,40,2022,0
2022-10-16,Missouri,189430520.2,Beverages,189430520.2,191068396.54444444,200895654.6111111,199219106.575,194344149.2333333,195156059.39625004,3538217.294804462,6,10,4,41,2022,0
2022-10-23,Missouri,187022860.1,Beverages,187022860.1,187366811.5428572,189430520.2,196854261.65714285,188054714.42857143,192555177.82761905,743020.038020228,6,10,4,42,2022,0
2022-10-30,Missouri,181175335.2,Beverages,181175335.2,182010695.9,187022860.1,190100550.97777772,183681417.3,190360181.1322222,1804585.3621215613,6,10,4,43,2022,0
2022-11-09,Missouri,198281451.7,Beverages,198281451.7,196570840.05,186307170.15,199257778.26666668,193149616.75,188971372.7072222,3695343.5131127937,2,11,4,45,2022,0
2022-11-12,Missouri,185716436.6,Beverages,185716436.6,189904774.96666667,191439005.1,194344149.2333333,193225208.8285714,188363647.6461111,4234738.147107228,5,11,4,45,2022,0
2022-11-13,Missouri,187165802.8,Beverages,187165802.8,185716436.6,193149616.75,192706272.8888889,192370378.2642857,188178965.3098148,4816526.813113975,6,11,4,45,2022,0
2022-11-20,Missouri,188697809.2,Beverages,188697809.2,188478951.1428572,187165802.8,187710762.9857143,188041235.02857143,187972178.6130952,472787.4393984062,6,11,4,46,2022,0
2022-11-27,Missouri,188064706.50000003,Beverages,188064706.50000003,188155149.7428572,188697809.2,182846056.6,188336036.22857144,188684801.6783333,195379.7350369892,6,11,4,47,2022,0
2022-12-06,Missouri,201898216.8,Beverages,201898216.8,200361160.1,191138819.90000004,193149616.75,197287046.7,191432781.8883333,3320421.9704887373,1,12,4,49,2022,0
2022-12-18,Missouri,193565612.6,Beverages,193565612.6,194259996.28333333,198426298.38333333,188260093.08571428,195648763.65,194196519.94142857,1500040.1989741735,6,12,4,50,2022,0
2022-12-25,Missouri,199608823.7,Beverages,199608823.7,198745507.8285714,193565612.6,188245592.98571432,197018876.08571428,196190619.1047619,1864975.4345255108,6,12,4,51,2022,0
2023-01-01,Missouri,178578678.89999998,Beverages,178578678.89999998,181582985.3,199608823.7,195749990.00000003,187591598.1,195308684.02,6490043.58565798,6,1,1,52,2023,0
2023-01-15,Missouri,177948395.99999997,Beverages,177948395.99999997,177993416.20714283,178263537.45,194954379.96666667,178083456.62142855,185849110.36777776,97254.76301173757,6,1,1,2,2023,0
2023-01-22,Missouri,173196841.2,Beverages,173196841.2,173875634.74285713,177948395.99999997,197882191.9571429,175233221.8285714,181116748.46261904,1466361.646344063,6,1,1,3,2023,0
2023-01-29,Missouri,176567191.6,Beverages,176567191.6,176085712.97142857,173196841.2,184587291.7,175122755.7142857,176934262.995,1040112.7145422152,6,1,1,4,2023,0
2023-02-04,Missouri,193109594.2,Beverages,193109594.2,190352527.1,176085712.97142857,178398598.07142854,184838392.9,178376775.6940476,5955945.654406092,5,2,1,5,2023,0
2023-02-19,Missouri,180401172.8,Beverages,180401172.8,181248400.8933333,186331769.4533333,174554428.28571427,182942857.08,182840328.88142857,1830221.8617737528,6,2,1,7,2023,0
2023-02-26,Missouri,183563538.1,Beverages,183563538.1,183111771.62857145,180401172.8,175604234.34285712,182208238.68571427,184679622.5290476,975927.1192008278,6,2,1,8,2023,0
2023-03-19,Missouri,203569236.3,Beverages,203569236.3,202616584.0047619,196900670.2333333,182095628.98666668,200711279.4142857,190400140.82644445,2057964.167069133,6,3,1,11,2023,0
2023-03-26,Missouri,184675887.8,Beverages,184675887.8,187374937.58571428,203569236.3,182660005.15714285,192773037.15714288,193032785.0042857,5830613.931105241,6,3,1,12,2023,0
2023-04-16,Missouri,200965981.9,Beverages,200965981.9,200190263.13333333,195535950.53333333,201663931.70952383,198638825.6,193766058.64349207,1675744.060562012,6,4,2,15,2023,0
2023-04-23,Missouri,200625507.00000003,Beverages,200625507.00000003,200674146.27142856,200965981.9,190073987.37142852,200771424.81428576,194494515.93285716,105072.83546369008,6,4,2,16,2023,0
2023-04-30,Missouri,203869438.2,Beverages,203869438.2,203406019.4571429,200625507.00000003,188554481.63333336,202479181.97142857,198170790.19666663,1001098.9024311104,6,4,2,17,2023,0
2023-05-02,Missouri,176332683.6,Beverages,176332683.6,190101060.9,201552344.48571432,190105919.1666667,197306678.2959184,197737377.69444445,10430684.320811752,1,5,2,18,2023,0
2023-05-03,Missouri,193981128.0,Beverages,193981128.0,176332683.6,202015763.22857144,190881637.9333333,196158873.2632653,197840694.03,10266910.12849389,2,5,2,18,2023,0
2023-07-05,Missouri,206321092.5,Beverages,206321092.5,206125220.04761904,204949985.3333333,200444918.92857143,205733475.14285716,203480941.9404762,423132.8579902725,2,7,3,27,2023,0
2023-08-01,Missouri,173449012.29999998,Beverages,173449012.29999998,174666496.75185183,181971403.46296296,205733475.1428572,177101465.65555555,190961201.1614285,2630067.012270429,1,8,3,31,2023,0
2023-09-04,Missouri,200406578.2,Beverages,200406578.2,199613708.61470583,194856491.1029412,176620490.64117646,198027969.4441176,188909969.2132353,1712794.0633251667,0,9,3,36,2023,0
2023-12-02,Missouri,184335241.5,Beverages,184335241.5,184515818.316854,185599279.21797752,189752546.005618,184876971.95056185,186953605.344382,390090.5087669485,5,12,4,48,2023,0
2023-12-03,Missouri,199928913.1,Beverages,199928913.1,184335241.5,185418702.4011236,189571969.18876404,186949859.19325843,187298836.80808988,5731527.624591398,6,12,4,48,2023,0
2019-03-11,Nebraska,16788387.0,Beverages,16788387.0,16786412.70689655,16774566.948275862,16729158.206896553,16782464.120689657,16759759.75,4264.960555269448,0,3,1,11,2019,0
2019-06-10,Nebraska,17239751.0,Beverages,17239751.0,17234790.956043955,17205030.692307692,17090949.68131868,17224870.86813187,17167830.362637363,10714.919576395489,0,6,2,24,2019,0
2019-08-12,Nebraska,16976908.0,Beverages,16976908.0,16981080.111111112,17006112.777777776,17102071.333333332,16989424.333333336,17037403.611111112,9012.790091403132,0,8,3,33,2019,0
2019-10-11,Nebraska,17193457.0,Beverages,17193457.0,17189847.85,17168192.95,17085182.5,17182629.55,17141124.325,7796.6550960483055,4,10,4,41,2019,0
2019-10-13,Nebraska,17030081.0,Beverages,17030081.0,17111769.0,17175411.25,17092400.8,17153291.92857143,17139812.91,61186.59288266941,6,10,4,41,2019,0
2019-10-20,Nebraska,17071019.0,Beverages,17071019.0,17065170.714285713,17030081.0,17117664.85,17053474.14285714,17127361.483333334,12633.741081021564,6,10,4,42,2019,0
2019-10-27,Nebraska,16701961.0,Beverages,16701961.0,16754683.57142857,17071019.0,17142928.9,16860128.714285713,17063901.178333335,113893.77146060606,6,10,4,43,2019,0
2019-11-17,Nebraska,17020702.0,Beverages,17020702.0,17005523.85714286,16914455.0,17059322.42857143,16975167.57142857,16880147.423809525,32788.53604674475,6,11,4,46,2019,0
2019-11-24,Nebraska,18010858.0,Beverages,18010858.0,17869407.14285714,17020702.0,16807406.14285714,17586505.42857143,17026983.81904762,305568.77557009296,6,11,4,47,2019,0
2019-12-15,Nebraska,16919654.0,Beverages,16919654.0,16971616.095238097,17283388.666666668,16990345.714285713,17075540.285714287,17445217.92857143,112250.955128031,6,12,4,50,2019,0
2019-12-22,Nebraska,18450498.0,Beverages,18450498.0,18231806.0,16919654.0,17727956.285714287,17794422.0,17555533.104761906,472428.7149387072,6,12,4,51,2019,0
2019-12-29,Nebraska,33473866.1,Beverages,33473866.1,31327670.65714286,18450498.0,17751047.523809522,27035279.77142857,19691927.594285715,4636312.051087213,6,12,4,52,2019,0
2020-01-03,Nebraska,34374961.7,Beverages,34374961.7,34194742.580000006,29181475.21428572,17491237.04761905,33553450.57959184,22428487.96460317,1028604.254150592,4,1,1,1,2020,0
2020-01-11,Nebraska,34888717.800000004,Beverages,34888717.800000004,34824498.2875,34439181.212500006,17075540.285714287,34696059.2625,27070232.467857145,138730.00276108945,5,1,1,2,2020,0
2020-01-19,Nebraska,31776463.8,Beverages,31776463.8,32165495.55,34499686.050000004,18013114.0,32943559.050000004,31280602.505000003,840404.6317322592,6,1,1,3,2020,0
2020-01-26,Nebraska,31558750.2,Beverages,31558750.2,31589852.14285714,31776463.8,29181475.21428572,31652056.028571427,33295158.056904767,67187.87562076254,6,1,1,4,2020,0
2020-02-02,Nebraska,33877398.800000004,Beverages,33877398.800000004,33546163.28571429,31558750.2,34374961.7,32883692.25714286,33138881.115,715550.4927294094,6,2,1,5,2020,0
2020-02-08,Nebraska,38613429.9,Beverages,38613429.9,37824091.38333333,33546163.28571429,34760278.775000006,36245414.35,33546951.83791667,1705166.0832606126,5,2,1,6,2020,0
2020-02-16,Nebraska,32815302.1,Beverages,32815302.1,33540068.075000003,37888663.925,32554527.3,34989600.025,33944952.10333333,1565673.4503343347,6,2,1,7,2020,0
2020-02-23,Nebraska,32997893.5,Beverages,32997893.5,32971809.01428572,32815302.1,31620954.085714284,32919640.042857144,34214276.47309524,56348.9293820143,6,2,1,8,2020,0
2020-03-05,Nebraska,38932414.7,Beverages,38932414.7,38392912.77272727,35155901.20909091,35456075.833333336,37313908.91818182,35385166.28666667,1165457.3656482312,3,3,1,10,2020,0
2020-03-15,Nebraska,39516368.7,Beverages,39516368.7,39457973.3,39107600.900000006,34264834.05,39341182.5,36263756.6725,126148.48178924916,6,3,1,11,2020,0
2020-03-22,Nebraska,37334582.4,Beverages,37334582.4,37646266.157142855,39516368.7,32945724.52857143,38269633.67142857,37499232.93047619,673313.8699820931,6,3,1,12,2020,0
2020-03-29,Nebraska,33896980.800000004,Beverages,33896980.800000004,34388066.74285714,37334582.4,35695403.13636364,35370238.62857144,37783898.64636364,1060866.8854297,6,3,1,13,2020,0
2020-04-10,Nebraska,36077434.9,Beverages,36077434.9,35895730.391666666,34805503.34166667,39282787.1,35532321.375,36471030.99166667,392526.6007456216,4,4,2,15,2020,0
2020-04-19,Nebraska,37040343.4,Beverages,37040343.4,36933353.56666666,36291414.56666666,37957949.91428571,36719373.89999999,35767356.56023809,231124.455731174,6,4,2,16,2020,0
2020-04-26,Nebraska,37244983.3,Beverages,37244983.3,37215749.02857143,37040343.4,34879152.68571429,37157280.48571428,35961139.626428574,63153.244204656345,6,4,2,17,2020,0
2020-05-01,Nebraska,32423171.6,Beverages,32423171.6,33387533.94,37186514.75714286,34442094.325,35174316.24693877,35984248.440000005,1876918.133748064,4,5,2,18,2020,0
2020-05-04,Nebraska,36555823.4,Beverages,36555823.4,35178272.8,36280620.96,34987207.85,34430525.54857143,36021525.38583333,1377236.1316097158,0,5,2,19,2020,0
2020-05-07,Nebraska,44288051.3,Beverages,44288051.3,41710642.0,33387533.94,35532321.375,37584273.71428572,36657527.899166666,4323686.903391009,3,5,2,19,2020,0
2020-05-17,Nebraska,38077722.5,Beverages,38077722.5,38698755.38,42424952.66,36826363.73333333,39940821.14,38174153.02555556,1341584.353488042,6,5,2,20,2020,0
2020-05-24,Nebraska,38957875.1,Beverages,38957875.1,38832139.01428571,38077722.5,37186514.75714286,38580666.842857145,38522511.02095237,271620.9893135678,6,5,2,21,2020,0
2020-05-31,Nebraska,37065928.0,Beverages,37065928.0,37336206.157142855,38957875.1,32423171.6,37876762.47142857,39153081.806666665,583867.5509611431,6,5,2,22,2020,0
2020-06-09,Nebraska,39277235.0,Beverages,39277235.0,39031534.222222224,37557329.55555555,42424952.66,38540132.66666666,38647921.33933333,530774.3433905725,1,6,2,24,2020,0
2020-06-12,Nebraska,34976905.9,Beverages,34976905.9,36410348.93333333,38294431.88888889,40561854.02,37837968.87619048,38170667.542666666,1586998.23577658,4,6,2,24,2020,0
2020-06-14,Nebraska,39887321.6,Beverages,39887321.6,37432113.75,38785833.44444445,39319788.26,37837035.910317466,38105961.741,1736109.5419934413,6,6,2,24,2020,0
2020-06-21,Nebraska,39112314.4,Beverages,39112314.4,39223029.71428572,39887321.6,38706402.92857143,39444460.34285714,38341298.098809525,239172.4144072013,6,6,2,25,2020,0
2020-06-28,Nebraska,41430550.6,Beverages,41430550.6,41099374.0,39112314.4,37606484.31428572,40437020.8,38825762.37690476,715423.2233260626,6,6,2,26,2020,0
2020-07-06,Nebraska,41905233.3,Beverages,41905233.3,41845897.9625,41489885.9375,38540132.66666666,41727227.2875,39879864.32555556,128178.9788596118,0,7,3,28,2020,0
2020-07-19,Nebraska,40208538.3,Beverages,40208538.3,40339053.3,41122143.3,39333745.02857143,40600083.3,40928871.15214285,281944.62408243126,6,7,3,29,2020,0
2020-07-26,Nebraska,38142813.1,Beverages,38142813.1,38437916.7,40208538.3,40768197.4,39028123.9,40739947.891666666,637496.6369213366,6,7,3,30,2020,0
2020-08-03,Nebraska,36479356.4,Beverages,36479356.4,36687288.4875,37934881.0125,41786562.625,37103152.6625,39583203.87041666,449184.6473206378,0,8,3,32,2020,0
2020-08-11,Nebraska,36671455.2,Beverages,36671455.2,36647442.85,36503368.75,41122143.3,36599418.15,38258456.52833333,51872.60462394519,1,8,3,33,2020,0
2020-08-16,Nebraska,38958331.3,Beverages,38958331.3,38500956.08,36623430.5,40469568.3,37648114.62142857,37810620.28833333,897133.9799180266,6,8,3,33,2020,0
2020-08-23,Nebraska,38450856.5,Beverages,38450856.5,38523352.9,38958331.3,38733020.3,38668345.7,37594443.315000005,156610.1233189123,6,8,3,34,2020,0
2020-08-30,Nebraska,38965935.2,Beverages,38965935.2,38892352.52857144,38450856.5,37103152.6625,38745187.18571429,37829126.525416665,158956.737804541,6,8,3,35,2020,0
2020-09-02,Nebraska,32422202.3,Beverages,32422202.3,34603446.6,38671604.51428571,36479356.4,37033226.36734694,37620742.33666667,2599289.3727172487,2,9,3,36,2020,0
2020-09-08,Nebraska,39696524.7,Beverages,39696524.7,38484137.63333334,34603446.6,36623430.5,36059363.5,37641173.81833334,2619055.4017230705,1,9,3,37,2020,0
2020-09-13,Nebraska,36429897.8,Beverages,36429897.8,37083223.18,37271750.56666667,38043580.86,38123343.59047619,37728014.74600001,1127050.9929489538,6,9,3,37,2020,0
2020-09-20,Nebraska,36809613.2,Beverages,36809613.2,36755368.14285714,36429897.8,38595849.3,36646878.02857143,37240169.690000005,117182.71649882226,6,9,3,38,2020,0
2020-09-27,Nebraska,36614698.8,Beverages,36614698.8,36642543.71428571,36809613.2,38818769.85714286,36698233.54285715,36792016.45095238,60151.88974087512,6,9,3,39,2020,0
2020-10-05,Nebraska,37490464.6,Beverages,37490464.6,37380993.875,36724169.525,36059363.5,37162052.425,37146982.440000005,236483.79426119543,0,10,4,41,2020,0
2020-10-18,Nebraska,35869569.800000004,Beverages,35869569.800000004,35994254.01538462,36742359.30769231,36701123.08571429,36243622.44615385,36778030.96142857,269348.6896949395,6,10,4,42,2020,0
2020-10-25,Nebraska,34697054.0,Beverages,34697054.0,34864556.25714286,35869569.800000004,36670388.62857143,35199560.77142857,36418082.68714286,361846.23164510506,6,10,4,43,2020,0
2020-11-10,Nebraska,36696009.5,Beverages,36696009.5,36571074.78125,35821466.46875,36742359.30769231,36321205.34375,35741542.27576923,269889.83881337056,1,11,4,46,2020,0
2020-11-15,Nebraska,35227912.300000004,Beverages,35227912.300000004,35521531.74,36446140.0625,36118938.23076923,36048977.16875,35649349.69551282,551774.9352750814,6,11,4,46,2020,0
2020-11-22,Nebraska,37326192.9,Beverages,37326192.9,37026438.52857143,35227912.300000004,35032058.51428571,36426929.78571429,35858995.34690476,647543.4514799351,6,11,4,47,2020,0
2020-11-29,Nebraska,34296044.4,Beverages,34296044.4,34728922.75714286,37326192.9,35321727.59375,35594679.471428566,36000390.52229167,935124.1288645122,6,11,4,48,2020,0
2020-12-01,Nebraska,32747886.3,Beverages,32747886.3,33521965.35,36460436.18571428,35571597.03125,34582693.88877551,35842110.26583333,1157751.1631614803,1,12,4,49,2020,0
2020-12-04,Nebraska,37024893.4,Beverages,37024893.4,35599224.36666667,35161801.114285715,35946401.1875,34584641.701020405,35819886.055625,1400015.1902152395,4,12,4,49,2020,0
2020-12-07,Nebraska,39518174.8,Beverages,39518174.8,38687081.0,33521965.35,36321205.34375,36515257.48571429,36068967.093125,2459924.998929168,0,12,4,50,2020,0
2020-12-13,Nebraska,35539176.7,Beverages,35539176.7,36202343.05,38687081.0,35815151.18,37528675.75,36240401.068,1432603.0514194327,6,12,4,50,2020,0
2020-12-20,Nebraska,37398969.5,Beverages,37398969.5,37133284.81428572,35539176.7,36726684.157142855,36601915.442857146,36401337.30095238,573944.5185496511,6,12,4,51,2020,0
2020-12-27,Nebraska,35679774.800000004,Beverages,35679774.800000004,35925374.04285715,37398969.5,35161801.114285715,36416572.52857144,36415523.53857143,530555.0028929583,6,12,4,52,2020,0
2021-01-08,Nebraska,41127773.7,Beverages,41127773.7,40673773.79166667,37949774.34166667,38191842.1,39765773.97500001,37361147.03833333,980751.8943356698,4,1,1,1,2021,0
2021-01-17,Nebraska,33822415.9,Beverages,33822415.9,34634122.32222222,39504360.85555556,36867600.12857143,36257535.16666666,37554690.89214286,1753486.2818845073,6,1,1,2,2021,0
2021-01-24,Nebraska,33565602.300000004,Beverages,33565602.300000004,33602289.95714286,33822415.9,36170973.28571429,33675665.27142857,36817575.68309524,79254.39758488364,6,1,1,3,2021,0
2021-01-31,Nebraska,34362095.800000004,Beverages,34362095.800000004,34248311.01428572,33565602.300000004,37949774.34166667,34020741.442857146,36195281.30416667,245803.2305438341,6,1,1,4,2021,0
2021-02-05,Nebraska,41669746.1,Beverages,41669746.1,40208216.04,34134526.22857143,40219773.88333334,37477690.95918368,36101099.95638888,2873681.4658073853,4,2,1,5,2021,0
2021-02-14,Nebraska,33478485.700000003,Beverages,33478485.700000003,34388625.744444445,39849466.01111111,35445828.744444445,36208905.833333336,35671207.600740746,1966127.2090936357,6,2,1,6,2021,0
2021-02-21,Nebraska,33873493.0,Beverages,33873493.0,33817063.385714285,33478485.700000003,33638977.614285715,33704204.15714286,35634911.80857143,121901.89929415466,6,2,1,7,2021,0
2021-02-28,Nebraska,36015324.099999994,Beverages,36015324.099999994,35709348.22857142,33873493.0,34134526.22857143,35097396.48571428,35934215.13714286,660983.4275650326,6,2,1,8,2021,0
2021-03-01,Nebraska,34043332.2,Beverages,34043332.2,36015324.099999994,34179468.87142857,34248311.01428572,35077948.389795914,35927382.51,693686.692414747,0,3,1,9,2021,0
2021-03-10,Nebraska,39562999.7,Beverages,39562999.7,38949703.31111112,35269924.97777778,38939325.96666667,37723110.53333334,35472195.962222226,1324871.6225524002,2,3,1,10,2021,0
2021-03-14,Nebraska,41167687.3,Beverages,41167687.3,40766515.4,37723110.53333334,35298765.788888894,39873261.10476191,35992456.44148148,1002911.9376932743,6,3,1,10,2021,0
2021-03-21,Nebraska,38636850.7,Beverages,38636850.7,38998398.78571429,41167687.3,33760633.77142857,39721494.95714285,37390605.79285714,781033.1311723603,6,3,1,11,2021,0
2021-03-28,Nebraska,35500363.400000006,Beverages,35500363.400000006,35948433.01428572,38636850.7,35403372.35714285,36844572.24285715,37932750.66761904,967940.9950063464,6,3,1,12,2021,0
2021-04-04,Nebraska,39830293.8,Beverages,39830293.8,39211732.31428571,35500363.400000006,36496517.75555556,37974609.342857145,38524349.607037045,1336245.5316448477,6,4,2,13,2021,0
2021-04-07,Nebraska,46436516.900000006,Beverages,46436516.900000006,44234442.53333334,37356047.85714286,38336406.92222223,41187590.55510204,39175482.80703703,3171453.825962419,2,4,2,14,2021,0
2021-04-18,Nebraska,37204752.2,Beverages,37204752.2,38044003.53636364,43079511.55454546,39359946.87142857,39722506.20909091,39649464.86285714,1812990.097254573,6,4,2,15,2021,0
2021-04-25,Nebraska,39276358.9,Beverages,39276358.9,38980415.08571429,37204752.2,36396502.62857144,38388527.45714287,39803505.977142856,639311.7072266188,6,4,2,16,2021,0
2021-05-09,Nebraska,42567635.4,Beverages,42567635.4,42332544.22142857,40921997.15,44758014.227272734,41862361.86428572,40277636.948636375,507854.9895999286,6,5,2,18,2021,0
2021-05-12,Nebraska,37286275.4,Beverages,37286275.4,39046728.73333333,41627270.68571428,42240260.21818182,40857168.675510205,39874358.66651515,1986731.7511470215,2,5,2,19,2021,0
2021-05-16,Nebraska,39540825.1,Beverages,39540825.1,38977187.675,42567635.4,38883254.87272728,38845951.72142857,39681456.94454546,1154589.5740231134,6,5,2,19,2021,0
2021-05-23,Nebraska,40873410.0,Beverages,40873410.0,40683040.72857143,39540825.1,38684471.27142857,40302302.18571429,40228271.65619048,411244.62835587526,6,5,2,20,2021,0
2021-05-30,Nebraska,40807177.8,Beverages,40807177.8,40816639.54285714,40873410.0,40451814.79285714,40835563.02857143,40484405.15738095,20439.70063128344,6,5,2,21,2021,0
2021-06-06,Nebraska,44229958.4,Beverages,44229958.4,43740989.74285714,40807177.8,42097453.04285714,42763052.42857143,40804275.50571429,1056293.0255297197,6,6,2,22,2021,0
2021-06-13,Nebraska,43312046.4,Beverages,43312046.4,43443176.68571428,44229958.4,38413550.25,43705437.25714286,41725416.56916667,283273.7931377858,6,6,2,23,2021,0
2021-06-20,Nebraska,43628649.0,Beverages,43628649.0,43583420.05714285,43312046.4,40492671.45714286,43492962.17142857,42571185.16428571,97705.6835646834,6,6,2,24,2021,0
2021-06-27,Nebraska,42034852.1,Beverages,42034852.1,42262537.37142857,43628649.0,40826101.28571428,42717907.91428571,43012644.5247619,491856.401656676,6,6,2,25,2021,0
2021-07-02,Nebraska,35814513.3,Beverages,35814513.3,37058581.06,42490222.64285714,42274083.77142857,39401519.08163265,42497113.9052381,2470981.3709798944,4,7,3,26,2021,0
2021-07-03,Nebraska,39001062.1,Beverages,39001062.1,35814513.3,42262537.37142857,42763052.42857143,38935594.04285715,42371714.22761904,2124846.29882038,5,7,3,26,2021,0
2021-07-11,Nebraska,38952595.5,Beverages,38952595.5,38958653.825,38995003.775,43574306.97142857,38970770.475,41084533.89952381,13087.477737235477,6,7,3,27,2021,0
2021-07-18,Nebraska,41661964.5,Beverages,41661964.5,41274911.78571428,38952595.5,43538191.11428572,40500806.35714286,40401592.40857143,836129.4259659791,6,7,3,28,2021,0
2021-07-25,Nebraska,41901679.8,Beverages,41901679.8,41867434.75714286,41661964.5,42490222.64285714,41798944.67142857,40090011.665714286,73977.74764429936,6,7,3,29,2021,0
2021-08-08,Nebraska,42169856.0,Beverages,42169856.0,42150700.55714285,42035767.9,38964712.15,42112389.67142857,41421478.17416666,41380.48602237404,6,8,3,31,2021,0
2021-08-15,Nebraska,42930173.9,Beverages,42930173.9,42821557.05714285,42169856.0,40887859.071428575,42604323.37142856,42079819.709523804,234639.19800924312,6,8,3,32,2021,0
2021-08-22,Nebraska,42263728.2,Beverages,42263728.2,42358934.72857143,42930173.9,41833189.71428571,42549347.78571428,42282655.04523809,205669.6081521821,6,8,3,33,2021,0
2021-08-29,Nebraska,42011140.3,Beverages,42011140.3,42047224.28571428,42263728.2,41997457.01428571,42119392.25714286,42325018.398571424,77950.31825035739,6,8,3,34,2021,0
2021-09-05,Nebraska,40469217.8,Beverages,40469217.8,40689492.44285714,42011140.3,42131545.11428572,41130041.72857142,42104743.0852381,475847.6142621968,6,9,3,35,2021,0
2021-09-19,Nebraska,39592254.900000006,Beverages,39592254.900000006,39654895.10714287,40030736.35,42454141.25714286,39780175.52142858,40912017.60928572,135318.31325602788,6,9,3,37,2021,0
2021-09-26,Nebraska,39895508.0,Beverages,39895508.0,39852186.12857143,39592254.900000006,42083308.27142857,39765542.38571429,40343976.02785715,93585.9384234518,6,9,3,38,2021,0
2021-10-01,Nebraska,34739029.6,Beverages,34739029.6,35770325.28,39808864.25714286,41350316.37142857,37679399.84693877,39518574.93357144,2005007.1587298345,4,10,4,39,2021,0
2021-10-10,Nebraska,40690470.7,Beverages,40690470.7,40029199.46666667,36061572.06666667,40156016.76428571,38706657.0,38778690.49857143,1428509.1315158934,6,10,4,40,2021,0
2021-10-17,Nebraska,38787216.7,Beverages,38787216.7,39059110.12857143,40690470.7,39717535.31428572,39602896.98571429,38708093.4102381,587356.9360559589,6,10,4,41,2021,0
2021-10-24,Nebraska,37588634.900000006,Beverages,37588634.900000006,37759860.87142858,38787216.7,39808864.25714286,38102312.81428572,38336691.31428572,369890.373884506,6,10,4,42,2021,0
2021-10-31,Nebraska,37152744.9,Beverages,37152744.9,37215014.9,37588634.900000006,34739029.6,37339554.9,38257394.16,134518.57442223578,6,10,4,43,2021,0
2021-11-04,Nebraska,39110188.6,Beverages,39110188.6,38620827.675,37339554.9,37384114.53333334,37878519.078571424,38521919.43055556,765547.0923927916,3,11,4,44,2021,0
2021-11-07,Nebraska,42179838.0,Beverages,42179838.0,41156621.53333333,37152744.9,39367928.23333333,39567779.06428571,38766915.883888885,1660548.177811467,6,11,4,44,2021,0
2021-11-14,Nebraska,37862667.0,Beverages,37862667.0,38479405.71428572,42179838.0,39331003.55714286,39712883.14285714,38696801.209285714,1332307.895317694,6,11,4,45,2021,0
2021-11-21,Nebraska,39394564.2,Beverages,39394564.2,39175721.74285714,37862667.0,37931086.842857145,38738036.82857143,38761875.77738095,472753.73951300455,6,11,4,46,2021,0
2021-11-28,Nebraska,36955689.5,Beverages,36955689.5,37304100.17142857,39394564.2,37277284.9,38000921.51428572,38883503.455000006,752653.0726942067,6,11,4,47,2021,0
2021-12-09,Nebraska,39638235.7,Beverages,39638235.7,39394367.86363637,37931160.845454544,40946360.571428575,38906632.190909095,38508709.74142858,526814.7373829739,3,12,4,49,2021,0
2021-12-12,Nebraska,38259833.4,Beverages,38259833.4,38719300.833333336,38662764.35454546,39096144.42857143,39035376.8974026,38409351.510476194,455352.366048646,6,12,4,49,2021,0
2021-12-19,Nebraska,39207615.6,Beverages,39207615.6,39072218.14285714,38259833.4,38956879.28571429,38801423.22857143,38498415.4447619,292491.93698551995,6,12,4,50,2021,0
2021-12-26,Nebraska,55591359.7,Beverages,55591359.7,53250824.82857143,39207615.6,37652510.842857145,48569755.08571428,40820793.40238096,5056133.199103242,6,12,4,51,2021,0
2022-01-05,Nebraska,60761867.4,Beverages,60761867.4,60244816.63,57142512.010000005,38906632.190909095,59210715.09,47676354.788030304,1116957.3227609592,2,1,1,1,2022,0
2022-01-16,Nebraska,53150979.3,Beverages,53150979.3,53842878.21818182,57994271.72727273,38936820.68571429,55226676.054545455,54177824.0497619,1494672.4927484533,6,1,1,2,2022,0
2022-01-23,Nebraska,51763721.6,Beverages,51763721.6,51961901.27142857,53150979.3,50910289.95714286,52358260.61428572,56080553.69928572,428117.0207410487,6,1,1,3,2022,0
2022-01-30,Nebraska,52701275.6,Beverages,52701275.6,52567339.31428572,51763721.6,58176613.55,52299466.74285715,55131937.78666666,289335.445940174,6,1,1,4,2022,0
2022-02-01,Nebraska,52721052.49999999,Beverages,52721052.49999999,52711164.05,52031594.171428576,59210715.09,52514175.95612245,54716199.02466666,221213.63315797853,1,2,1,5,2022,0
2022-02-10,Nebraska,59902191.0,Beverages,59902191.0,59104286.722222224,54316861.05555555,56610473.89090909,57508478.16666666,54036845.2910606,1723670.2421428373,3,2,1,6,2022,0
2022-02-13,Nebraska,53101320.8,Beverages,53101320.8,55368277.53333333,56710573.88888889,54534777.13636363,57275167.27619047,54051005.4389394,2329221.6662802272,6,2,1,6,2022,0
2022-02-20,Nebraska,52975863.8,Beverages,52975863.8,52993786.22857142,53101320.8,52160080.942857146,53029631.08571429,54098717.39404762,38716.870747987225,6,2,1,7,2022,0
2022-02-27,Nebraska,53752358.4,Beverages,53752358.4,53641430.6,52975863.8,52433403.02857143,53419575.0,54411509.05547619,239631.4360143487,6,2,1,8,2022,0
2022-03-04,Nebraska,59837590.1,Beverages,59837590.1,58620543.76,53530502.8,53518956.77777777,56344468.01428572,55171432.35074074,2396009.8032427817,4,3,1,9,2022,0
2022-03-07,Nebraska,68693041.7,Beverages,68693041.7,65741224.5,54969404.74,55912669.611111104,61324536.55142857,56234078.2674074,4605158.408730678,0,3,1,10,2022,0
2022-03-13,Nebraska,56276418.2,Beverages,56276418.2,58345855.45,65741224.5,57635234.266666666,62484729.95,56885175.649444446,4470495.402958837,6,3,1,10,2022,0
2022-03-20,Nebraska,56673574.8,Beverages,56673574.8,56616838.14285714,56276418.2,53011708.657142855,56503364.828571424,57612381.91261904,122565.1876785856,6,3,1,11,2022,0
2022-03-27,Nebraska,55527165.3,Beverages,55527165.3,55690938.08571428,56673574.8,53530502.8,56018483.65714286,58266265.23166667,353789.65255642927,6,3,1,12,2022,0
2022-04-09,Nebraska,63642684.7,Beverages,63642684.7,63018413.97692308,59272789.63846154,62484729.95,61769872.53076924,58045076.34833334,1348578.8939566773,5,4,2,14,2022,0
2022-04-12,Nebraska,56644525.1,Beverages,56644525.1,58977244.96666667,61145601.80769231,56276418.2,61108121.33736264,58108215.3,2472180.639768989,1,4,2,15,2022,0
2022-04-17,Nebraska,60373972.4,Beverages,60373972.4,59628082.94,61309964.833333336,56560101.48571429,58576105.35238096,58514142.851428576,1286071.267872064,6,4,2,15,2022,0
2022-04-24,Nebraska,57413627.1,Beverages,57413627.1,57836533.571428575,60373972.4,55854710.87142857,58682346.514285706,59066633.86619047,913582.3936692072,6,4,2,16,2022,0
2022-05-06,Nebraska,64149690.9,Beverages,64149690.9,63588352.25,60220320.35,61769872.53076923,62465674.95,60130743.65769231,1212630.0782151928,4,5,2,18,2022,0
2022-05-15,Nebraska,62192914.6,Beverages,62192914.6,62410334.18888889,63714851.722222224,58882193.48,62845173.36666667,61036325.248,469679.9927822695,6,5,2,19,2022,0
2022-05-22,Nebraska,62018498.9,Beverages,62018498.9,62043415.42857143,62192914.6,58259440.04285714,62093248.48571429,61673805.885714285,53825.85360081738,6,5,2,20,2022,0
2022-05-29,Nebraska,61734864.3,Beverages,61734864.3,61775383.52857143,62018498.9,60220320.35,61856421.98571428,62415691.818333335,87531.53789550715,6,5,2,21,2022,0
2022-06-02,Nebraska,54027198.7,Beverages,54027198.7,55954115.1,61856421.98571429,62465674.95,58999491.96938776,61788212.66166666,3136414.643812729,3,6,2,22,2022,0
2022-06-03,Nebraska,57269771.10000001,Beverages,57269771.10000001,54027198.7,61815902.75714286,63027013.6,58350044.589795925,61596304.57833334,2919185.736243873,4,6,2,22,2022,0
2022-06-11,Nebraska,58864877.9,Beverages,58864877.9,58665489.55,57469159.45000001,62845173.36666667,58266712.85000001,60171830.31888889,430728.064878092,5,6,2,23,2022,0
2022-06-19,Nebraska,64947061.5,Beverages,64947061.5,64186788.55,59625150.85,62068331.95714286,62666242.65,60187397.71095239,1642377.2829882328,6,6,2,24,2022,0
2022-06-26,Nebraska,64803842.7,Beverages,64803842.7,64824302.52857144,64947061.5,61815902.75714286,64865222.18571429,60871062.20761905,44198.28125370797,6,6,2,25,2022,0
2022-07-08,Nebraska,64972563.2,Beverages,64972563.2,64958503.15833334,64874142.90833334,58266712.85,64930383.075,63569488.96666667,30373.161444099736,4,7,3,27,2022,0
2022-07-17,Nebraska,63405633.6,Beverages,63405633.6,63579736.88888889,64624356.62222222,63426515.6,63927943.46666666,64628387.39333333,376106.09001159336,6,7,3,28,2022,0
2022-07-24,Nebraska,62820539.7,Beverages,62820539.7,62904124.54285715,63405633.6,64844762.35714286,63071294.22857143,64226280.70928572,180563.8976284008,6,7,3,29,2022,0
2022-07-31,Nebraska,62361079.400000006,Beverages,62361079.400000006,62426716.58571429,62820539.7,64874142.90833334,62557990.95714287,63694536.62083335,141792.5269334666,6,7,3,30,2022,0
2022-08-05,Nebraska,59652653.50000001,Beverages,59652653.50000001,60194338.68000001,62492353.77142858,64944443.11666667,61209702.18367348,62997820.09194445,1069491.9091920136,4,8,3,31,2022,0
2022-08-14,Nebraska,63717535.900000006,Beverages,63717535.900000006,63265882.3,60555960.70000001,63753840.17777778,62362575.10000001,62242292.65296296,975683.289034757,6,8,3,32,2022,0
2022-08-21,Nebraska,62001822.2,Beverages,62001822.2,62246924.15714286,63717535.900000006,62987709.385714285,62737128.07142858,62122297.00809524,529480.7429729215,6,8,3,33,2022,0
2022-08-28,Nebraska,62691105.1,Beverages,62691105.1,62592636.11428572,62001822.2,62492353.77142858,62395698.14285714,62053199.74285714,212717.3210859863,6,8,3,34,2022,0
2022-09-01,Nebraska,52843541.10000001,Beverages,52843541.10000001,55305432.10000001,62395698.14285714,61277709.04000001,59131916.96326531,61328553.448,3941255.261830923,3,9,3,35,2022,0
2022-09-10,Nebraska,60631555.2,Beverages,60631555.2,59766220.3,54574210.900000006,62362575.10000001,58035550.5,60213496.04,1869337.0347276144,5,9,3,36,2022,0
2022-09-18,Nebraska,61544262.0,Beverages,61544262.0,61430173.65,60745643.55,62492026.11428572,61201996.95,59695190.21190477,246459.00435494125,6,9,3,37,2022,0
2022-09-25,Nebraska,59888530.7,Beverages,59888530.7,60125063.74285714,61544262.0,62494167.12857143,60598129.82857143,59310257.433809526,510969.7724549491,6,9,3,38,2022,0
2022-10-04,Nebraska,58445988.9,Beverages,58445988.9,58606271.32222222,59567965.85555556,55439545.8,58926836.16666666,59864663.53333333,346249.60564558377,1,10,4,40,2022,0
2022-10-07,Nebraska,63630441.7,Beverages,63630441.7,61902290.766666666,59087118.58888889,58035550.50000001,60064646.061904766,60337871.05,1992920.3191575096,4,10,4,40,2022,0
2022-10-16,Nebraska,58606006.8,Beverages,58606006.8,59164277.34444444,62513900.61111111,61316085.3,60280818.43333334,60406802.82833334,1206002.2127014676,6,10,4,41,2022,0
2022-10-23,Nebraska,58055608.49999999,Beverages,58055608.49999999,58134236.828571424,58606006.8,60361596.78571429,58291493.48571427,59769892.97476191,169856.60300817632,6,10,4,42,2022,0
2022-10-30,Nebraska,56993637.6,Beverages,56993637.6,57145347.72857143,58055608.49999999,59087118.58888889,57448767.98571428,59272871.78444444,327731.33486493945,6,10,4,43,2022,0
2022-11-09,Nebraska,62012248.8,Beverages,62012248.8,61510387.68,58499220.96,61955630.06666667,60506665.44,58924355.56222222,1084143.9284445876,2,11,4,45,2022,0
2022-11-12,Nebraska,58180608.6,Beverages,58180608.6,59457822.0,60004804.32,60280818.43333333,60487327.78285714,58786228.86444445,1296550.0620903017,5,11,4,45,2022,0
2022-11-13,Nebraska,57836378.8,Beverages,57836378.8,58180608.6,60506665.44,59722547.88888889,60105858.26285715,58723356.56148148,1637822.5373414808,6,11,4,45,2022,0
2022-11-20,Nebraska,59455635.0,Beverages,59455635.0,59224312.68571428,57836378.8,58212865.15714285,58761668.05714285,58780382.66761904,499713.31221432646,6,11,4,46,2022,0
2022-11-27,Nebraska,57463118.1,Beverages,57463118.1,57747763.37142857,59455635.0,57297057.85714286,58317053.91428572,58914620.71761905,614904.0650525459,6,11,4,47,2022,0
2022-12-06,Nebraska,63555288.2,Beverages,63555288.2,62878380.41111112,58816933.67777778,60506665.44,61524564.833333336,59597365.83466666,1462287.952174175,1,12,4,49,2022,0
2022-12-18,Nebraska,60849963.1,Beverages,60849963.1,61075406.85833333,62428069.40833334,58992990.37142857,61526294.375,60653569.45785715,487014.1799453437,6,12,4,50,2022,0
2022-12-25,Nebraska,61161805.6,Beverages,61161805.6,61117256.671428576,60849963.1,58032408.64285714,61028158.81428571,61170525.06071428,96236.68482611884,6,12,4,51,2022,0
2023-01-01,Nebraska,54783969.0,Beverages,54783969.0,55695088.51428571,61161805.6,60847657.04444445,57517327.54285715,60835231.86055555,1968243.1057818097,6,1,1,52,2023,0
2023-01-15,Nebraska,56199886.9,Beverages,56199886.9,56098749.907142855,55491927.95,61300850.61666667,55896475.92142857,57644624.15694444,218480.8752420101,6,1,1,2,2023,0
2023-01-22,Nebraska,54665878.3,Beverages,54665878.3,54885022.385714285,56199886.9,61072707.74285714,55323310.55714285,56325282.64071429,473405.3317016019,6,1,1,3,2023,0
2023-01-29,Nebraska,56352509.8,Beverages,56352509.8,56111562.44285714,54665878.3,56606208.02857143,55629667.72857142,55491495.19214286,520505.78120347066,6,1,1,4,2023,0
2023-02-04,Nebraska,61436800.6,Beverages,61436800.6,60589418.8,56111562.44285714,55188516.97142857,58894655.2,56334287.63071428,1830553.906116885,5,2,1,5,2023,0
2023-02-19,Nebraska,56849361.5,Beverages,56849361.5,57155190.77333333,58990166.41333333,55104166.471428566,57766849.32,57990704.91952381,660666.7394856489,6,2,1,7,2023,0
2023-02-26,Nebraska,57354969.1,Beverages,57354969.1,57282739.442857146,56849361.5,55870615.08571428,57138280.12857143,58439820.19809524,156033.89289386544,6,2,1,8,2023,0
2023-03-19,Nebraska,61751231.1,Beverages,61751231.1,61541885.29047619,60285810.43333334,57461020.04666667,61123193.67142857,58892858.20911111,452238.6359417349,6,3,1,11,2023,0
2023-03-26,Nebraska,58216655.9,Beverages,58216655.9,58721595.21428572,61751231.1,57210509.78571428,59731473.842857145,59519041.95142857,1090793.5881062038,6,3,1,12,2023,0
2023-04-16,Nebraska,63190843.1,Beverages,63190843.1,62953977.04285714,61532780.7,61332539.48095238,62480244.92857143,60622642.21301588,511689.1655334336,6,4,2,15,2023,0
2023-04-23,Nebraska,63119162.900000006,Beverages,63119162.900000006,63129402.92857143,63190843.1,59226534.52857143,63149882.98571429,61208442.17047619,22120.9899984967,6,4,2,16,2023,0
2023-04-30,Nebraska,64836582.4,Beverages,64836582.4,64591236.75714286,63119162.900000006,59400986.18571428,64100545.47142857,62446085.39809524,530007.1642816609,6,4,2,17,2023,0
2023-05-02,Nebraska,57387679.49999999,Beverages,57387679.49999999,61112130.95,63609854.18571429,59874718.3,62889895.14591837,62412326.72833334,2727526.0064352835,1,5,2,18,2023,0
2023-05-03,Nebraska,62690153.2,Beverages,62690153.2,57387679.49999999,63855199.82857143,60111584.35714286,62723459.91326531,62498279.02309524,2694146.977016846,2,5,2,18,2023,0
2023-07-05,Nebraska,66219089.3,Beverages,66219089.3,66163074.44126984,65826985.28888889,64538643.53809524,66051044.72380952,65406873.8484127,121005.92490225576,2,7,3,27,2023,0
2023-08-01,Nebraska,55025910.1,Beverages,55025910.1,55440472.29259259,57927845.44814815,66051044.72380952,56269596.67777778,60990004.18746031,895556.6911857703,1,8,3,31,2023,0
2023-09-04,Nebraska,65159257.9,Beverages,65159257.9,64861218.25882353,63072980.4117647,56218068.66470588,64265138.97647059,60837683.10294118,643839.2107715042,0,9,3,36,2023,0
2023-12-02,Nebraska,59413145.5,Beverages,59413145.5,59477708.56067416,59865086.9247191,61350037.32022472,59606834.68202248,60349309.87977528,139472.15164437183,5,12,4,48,2023,0
2023-12-03,Nebraska,63087624.4,Beverages,63087624.4,59413145.5,59800523.86404494,61285474.25955056,60076420.4728732,60409381.5511236,1332386.3768485407,6,12,4,48,2023,0
2019-03-11,Nevada,55645617.1,Beverages,55645617.1,55568518.362068966,55105925.93448276,53332654.96206897,55414320.8862069,54527685.4,166552.30956851278,0,3,1,11,2019,0
2019-06-10,Nevada,59598259.4,Beverages,59598259.4,59554823.77032967,59294209.99230769,58295190.50989011,59467952.51098901,58968442.76978023,93831.68432149226,0,6,2,24,2019,0
2019-08-12,Nevada,51787524.9,Beverages,51787524.9,51911504.81269841,52655384.28888889,55506922.28095238,52159464.638095245,53585233.63412698,267827.22200287104,0,8,3,33,2019,0
2019-10-11,Nevada,56627803.7,Beverages,56627803.7,56547132.38666667,56063104.50666667,54207664.3,56385789.760000005,55458069.656666666,174269.9545045204,4,10,4,41,2019,0
2019-10-13,Nevada,56865241.2,Beverages,56865241.2,56746522.45,56224447.13333334,54369006.92666667,56563438.43095239,55623217.027,198622.89094277343,6,10,4,41,2019,0
2019-10-20,Nevada,55655904.8,Beverages,55655904.8,55828667.14285714,56865241.2,54933706.120000005,56174191.82857143,55969133.61166667,373209.31550220127,6,10,4,42,2019,0
2019-10-27,Nevada,55435694.6,Beverages,55435694.6,55467153.2,55655904.8,55498405.31333333,55530070.4,56032992.05122222,67958.34311131564,6,10,4,43,2019,0
2019-11-17,Nevada,55198522.2,Beverages,55198522.2,55209816.12380952,55277579.66666667,56001429.48571429,55232403.97142858,55391191.83142857,24397.663891195072,6,11,4,46,2019,0
2019-11-24,Nevada,53734862.2,Beverages,53734862.2,53943956.48571429,55198522.2,55498611.8,54362145.05714286,55099285.11333334,451695.2824109463,6,11,4,47,2019,0
2019-12-15,Nevada,52516063.9,Beverages,52516063.9,52574101.91428571,52922330.0,55221110.04761905,52690177.942857146,53532289.28746032,125376.44041182492,6,12,4,50,2019,0
2019-12-22,Nevada,54479449.6,Beverages,54479449.6,54198965.92857143,52516063.9,54153050.77142858,53637998.58571429,53272337.78952381,605913.9815552669,6,12,4,51,2019,0
2019-12-29,Nevada,51213463.6,Beverages,51213463.6,51680033.02857143,54479449.6,53444672.12857143,52613171.885714285,53032659.24714287,1007905.1614585562,6,12,4,52,2019,0
2020-01-03,Nevada,57088407.1,Beverages,57088407.1,55913418.4,52146602.45714286,53154482.05714286,53797949.30408163,53277304.51619048,2213354.8078081096,4,1,1,1,2020,0
2020-01-11,Nevada,57755196.8,Beverages,57755196.8,57671848.0875,57171755.8125,52690177.94285714,57505150.6625,54496015.266428575,180053.79775258983,5,1,1,2,2020,0
2020-01-19,Nevada,51146175.8,Beverages,51146175.8,51972303.425,56929069.175,53918482.25714286,53624558.675,54755718.58595238,1784639.6404721458,6,1,1,3,2020,0
2020-01-26,Nevada,52519403.0,Beverages,52519403.0,52323227.68571428,51146175.8,52146602.45714286,51930877.05714286,54403685.82928572,423787.1144379923,6,1,1,4,2020,0
2020-02-02,Nevada,53906523.8,Beverages,53906523.8,53708363.68571428,52519403.0,57088407.1,53312043.45714285,54290307.798333324,428074.7724840587,6,2,1,5,2020,0
2020-02-08,Nevada,66665727.0,Beverages,66665727.0,64539193.13333333,53708363.68571428,57588499.375,60286125.39999999,55084160.74625,4593838.192083104,5,2,1,6,2020,0
2020-02-16,Nevada,51464698.3,Beverages,51464698.3,53364826.8875,64765598.4125,52798431.05,57165084.0625,55761215.45583333,4104746.88973982,6,2,1,7,2020,0
2020-02-23,Nevada,51884020.7,Beverages,51884020.7,51824117.5,51464698.3,52127052.37142857,51704311.1,55765821.781190485,129405.7020674587,6,2,1,8,2020,0
2020-03-05,Nevada,64109291.9,Beverages,64109291.9,62997903.60909091,56329573.86363637,58159591.53333333,60775127.02727272,57494364.141666666,2400873.109542788,3,3,1,10,2020,0
2020-03-15,Nevada,66151205.8,Beverages,66151205.8,65947014.41,64721866.07,55264955.475,65538631.63,58771966.77458333,441103.8171455744,6,3,1,11,2020,0
2020-03-22,Nevada,61176731.1,Beverages,61176731.1,61887370.342857145,66151205.8,51764214.3,63308648.82857143,61442266.01166666,1535156.2210232555,6,3,1,12,2020,0
2020-03-29,Nevada,53269142.9,Beverages,53269142.9,54398798.35714286,61176731.1,57440962.154545456,56658109.27142857,62002522.639545456,2440334.6987613216,6,3,1,13,2020,0
2020-04-10,Nevada,61749107.1,Beverages,61749107.1,61042443.41666667,56802461.31666666,65334440.24,59629116.05,59916548.78866666,1526568.0308883025,4,4,2,15,2020,0
2020-04-19,Nevada,57376305.4,Beverages,57376305.4,57862172.25555556,60777373.38888889,62598009.58571429,58833905.96666666,58263276.7947619,1049592.368268638,6,4,2,16,2020,0
2020-04-26,Nevada,59408862.8,Beverages,59408862.8,59118497.45714285,57376305.4,55528453.81428571,58537766.77142858,58188658.20523809,627260.8316202374,6,4,2,17,2020,0
2020-05-01,Nevada,54213053.1,Beverages,54213053.1,55252215.04,58828132.11428572,55389133.95,57140606.451020405,58513375.96666667,1977438.0961434755,4,5,2,18,2020,0
2020-05-04,Nevada,58613628.7,Beverages,58613628.7,57146770.16666667,58369700.86,57509125.0,56361070.648571424,58547806.85166667,1468762.812608198,0,5,2,19,2020,0
2020-05-07,Nevada,68944054.7,Beverages,68944054.7,65500579.36666667,55252215.04,59629116.05,60307871.67142857,59205619.55166667,5416572.315120577,3,5,2,19,2020,0
2020-05-17,Nevada,61020764.4,Beverages,61020764.4,61813093.43,66567067.61,58348039.11111111,63397751.49,60675474.29685185,1711626.3304170377,6,5,2,20,2020,0
2020-05-24,Nevada,60459075.6,Beverages,60459075.6,60539316.85714286,61020764.4,58828132.11428572,60699799.37142856,61289577.99023809,173340.9269520584,6,5,2,21,2020,0
2020-05-31,Nevada,61455633.7,Beverages,61455633.7,61313268.25714286,60459075.6,54213053.1,61028537.37142857,62196761.87166667,307544.5065235706,6,5,2,22,2020,0
2020-06-09,Nevada,68051244.60000001,Beverages,68051244.60000001,67318398.94444445,62921325.01111112,66567067.61,65852707.63333334,62732045.847666666,1583127.5552035286,1,6,2,24,2020,0
2020-06-12,Nevada,53808328.8,Beverages,53808328.8,58555967.4,65119861.97777779,64190080.52,63353686.66666667,62089401.63266667,5301108.951215033,4,6,2,24,2020,0
2020-06-14,Nevada,63360793.4,Beverages,63360793.4,58584561.1,66585553.288888894,62605422.46,61854700.03492063,61954140.98433333,5146784.623132155,6,6,2,24,2020,0
2020-06-21,Nevada,63040337.3,Beverages,63040337.3,63086116.74285714,63360793.4,60619558.11428572,63177675.62857143,62471129.93190477,98894.89949225068,6,6,2,25,2020,0
2020-06-28,Nevada,64796346.7,Beverages,64796346.7,64545488.21428572,63040337.3,61170902.81428572,64043771.24285715,63233701.48523809,541916.2659700582,6,6,2,26,2020,0
2020-07-06,Nevada,65003755.7,Beverages,65003755.7,64977829.575,64822272.825,65852707.63333334,64925977.325,63647423.19111111,56006.83114931302,0,7,3,28,2020,0
2020-07-19,Nevada,66949515.3,Beverages,66949515.3,66799841.484615386,65901798.592307694,63131896.18571428,66500493.85384616,65080203.60476191,323332.3956171345,6,7,3,29,2020,0
2020-07-26,Nevada,65194968.5,Beverages,65194968.5,65445618.04285714,66949515.3,64294629.72857143,65946917.12857143,65631450.34047619,541464.8978109325,6,7,3,30,2020,0
2020-08-03,Nevada,60574984.5,Beverages,60574984.5,61152482.5,64617470.5,64951903.45,62307478.5,65034965.54916667,1247538.2639497065,0,8,3,32,2020,0
2020-08-11,Nevada,60594594.2,Beverages,60594594.2,60592142.9875,60577435.7125,65901798.592307694,60587240.5625,63752993.88423076,5295.224182819129,1,8,3,33,2020,0
2020-08-16,Nevada,68326380.5,Beverages,68326380.5,66780023.24,60589691.775000006,66650167.66923077,63907866.72678572,63566801.54115384,3018628.960490762,6,8,3,33,2020,0
2020-08-23,Nevada,66356209.6,Beverages,66356209.6,66637662.58571429,68326380.5,65696267.58571429,67200568.55714285,63755694.53309524,608007.9397359563,6,8,3,34,2020,0
2020-08-30,Nevada,66872972.8,Beverages,66872972.8,66799149.48571429,66356209.6,62307478.5,66651502.85714286,64375946.56499999,159476.5857952644,6,8,3,35,2020,0
2020-09-02,Nevada,51924422.1,Beverages,51924422.1,56907272.333333336,66577679.54285714,60574984.5,62538681.1877551,63951425.548333324,6002455.916179003,2,9,3,36,2020,0
2020-09-08,Nevada,67504942.9,Beverages,67504942.9,64908189.43333334,56907272.333333336,60589691.775000006,59714682.50000001,64037324.64625,5609628.625052744,1,9,3,37,2020,0
2020-09-13,Nevada,63647743.8,Beverages,63647743.8,64419183.62,62311435.96666667,65233665.98,65480892.7904762,64494139.77466667,1341469.5560649375,6,9,3,37,2020,0
2020-09-20,Nevada,62159596.7,Beverages,62159596.7,62372189.14285714,63647743.8,66919115.571428575,62797374.02857143,63396309.99952381,459252.1655327229,6,9,3,38,2020,0
2020-09-27,Nevada,61668977.3,Beverages,61668977.3,61739065.78571428,62159596.7,66725326.17142857,61879242.75714286,62305390.97952381,151408.43395224246,6,9,3,39,2020,0
2020-10-05,Nevada,63097297.8,Beverages,63097297.8,62918757.7375,61847517.3625,59714682.5,62561677.6125,63106442.12166667,385690.616446598,0,10,4,41,2020,0
2020-10-18,Nevada,60246780.9,Beverages,60246780.9,60466051.43076923,61781674.615384616,62584781.58571429,60904592.492307685,61925899.96309523,473678.4842389239,6,10,4,42,2020,0
2020-10-25,Nevada,58891008.7,Beverages,58891008.7,59084690.442857146,60246780.9,61809154.27142857,59472053.92857143,61326764.47785714,418400.38449042215,6,10,4,43,2020,0
2020-11-10,Nevada,62092754.5,Beverages,62092754.5,61892645.3875,60691990.7125,61781674.615384616,61492427.1625,60403583.44820513,432285.0898334975,1,11,4,46,2020,0
2020-11-15,Nevada,58025126.1,Beverages,58025126.1,58838651.78,61692536.275,60685321.96153846,60320898.16964286,60158302.52102564,1552634.3972952978,6,11,4,46,2020,0
2020-11-22,Nevada,58341571.7,Beverages,58341571.7,58296365.18571429,58025126.1,59278372.18571429,58205952.15714286,59771641.00142858,97657.23231808402,6,11,4,47,2020,0
2020-11-29,Nevada,53400289.1,Beverages,53400289.1,54106186.61428572,58341571.7,59891554.2625,55517981.64285715,58878090.74041667,1524912.916578439,6,11,4,48,2020,0
2020-12-01,Nevada,52250330.7,Beverages,52250330.7,52825309.900000006,56929776.671428576,60291772.4875,54162294.46326531,58367830.89833333,1445520.6217186053,1,12,4,49,2020,0
2020-12-04,Nevada,55733782.2,Beverages,55733782.2,54572631.7,54812084.12857143,60892099.825,53757144.48775511,57755894.997083336,1160429.4328010555,4,12,4,49,2020,0
2020-12-07,Nevada,66813756.0,Beverages,66813756.0,63120431.4,52825309.900000006,61492427.1625,57904217.14285714,57938706.33208334,5429384.929811486,0,12,4,50,2020,0
2020-12-13,Nevada,55848431.1,Beverages,55848431.1,57675985.25,63120431.4,59652177.46,61331093.55,57786334.774333335,3947968.1861497033,6,12,4,50,2020,0
2020-12-20,Nevada,55959938.3,Beverages,55959938.3,55944008.7,55848431.1,58251158.671428576,55912149.5,57243586.12119047,34411.86899472906,6,12,4,51,2020,0
2020-12-27,Nevada,53278906.8,Beverages,53278906.8,53661911.3,55959938.3,54812084.12857143,54427920.3,56684856.43547619,827384.2836069864,6,12,4,52,2020,0
2021-01-08,Nevada,69338527.8,Beverages,69338527.8,68000226.05,59970415.55,63158647.7,65323622.55,58349131.86666666,2891062.205991956,4,1,1,1,2021,0
2021-01-17,Nevada,55590849.8,Beverages,55590849.8,57118369.57777777,66283488.244444445,55928079.1,60173409.13333333,59731405.58,3299819.86382241,6,1,1,2,2021,0
2021-01-24,Nevada,54377455.9,Beverages,54377455.9,54550797.885714285,55590849.8,54044915.8,54897481.85714286,59675532.313333325,374461.4871852547,6,1,1,3,2021,0
2021-01-31,Nevada,54141628.5,Beverages,54141628.5,54175318.12857143,54377455.9,59970415.55,54242697.385714285,59218499.09166667,72777.91565512412,6,1,1,4,2021,0
2021-02-05,Nevada,66299297.1,Beverages,66299297.1,63867763.38,54209007.75714286,66661924.3,59356870.70408164,58793650.568333335,4739716.394342018,4,2,1,5,2021,0
2021-02-14,Nevada,57221257.8,Beverages,57221257.8,58229928.83333333,64281955.03333333,58645889.35555555,60247270.9,57839169.99259259,2178978.47234271,6,2,1,6,2021,0
2021-02-21,Nevada,56002331.7,Beverages,56002331.7,56176464.0,57221257.8,54724139.87142857,56524728.6,58092828.71285714,376168.7611709972,6,2,1,7,2021,0
2021-02-28,Nevada,57822289.9,Beverages,57822289.9,57562295.87142857,56002331.7,54209007.75714286,57042307.81428571,58725694.24095238,561651.2941010564,6,2,1,8,2021,0
2021-03-01,Nevada,56399456.2,Beverages,56399456.2,57822289.9,56262325.72857143,54175318.12857143,57061897.88163266,58799832.17666666,531493.6195566072,0,3,1,9,2021,0
2021-03-10,Nevada,97454405.9,Beverages,97454405.9,92892744.82222223,65522778.35555556,63273284.0,83769422.66666667,64089872.59,9854314.19969933,2,3,1,10,2021,0
2021-03-14,Nevada,69168470.3,Beverages,69168470.3,76239954.2,83769422.66666667,59238599.86666667,85397288.43809524,66626417.88777778,9887717.338110108,6,3,1,10,2021,0
2021-03-21,Nevada,64935937.1,Beverages,64935937.1,65540584.7,69168470.3,56350596.3,66749879.9,68903206.82666667,1306188.1031716345,6,3,1,11,2021,0
2021-03-28,Nevada,55694462.0,Beverages,55694462.0,57014672.72857143,64935937.1,57302301.842857145,59655094.18571429,69619716.64904763,2851981.133042348,6,3,1,12,2021,0
2021-04-04,Nevada,62557191.0,Beverages,62557191.0,61576801.14285714,55694462.0,74646100.51111111,59616021.42857143,68763505.73074074,2117884.14916376,6,4,2,13,2021,0
2021-04-07,Nevada,73900786.6,Beverages,73900786.6,70119588.06666666,58635631.571428575,88331083.74444444,64957884.15102041,67398522.27074073,5373972.451379187,2,4,2,14,2021,0
2021-04-18,Nevada,61428868.9,Beverages,61428868.9,62562679.6,69365543.8,66145232.3,64830301.0,63793674.72333333,2449311.049260013,6,4,2,15,2021,0
2021-04-25,Nevada,63278447.6,Beverages,63278447.6,63014222.071428575,61428868.9,58334883.45714286,62485771.01428572,63861919.74761905,570792.3788562668,6,4,2,16,2021,0
2021-05-09,Nevada,72111711.4,Beverages,72111711.4,71480763.98571429,67695079.5,71633165.19999999,70218869.15714286,66107504.91,1363002.1954390998,6,5,2,18,2021,0
2021-05-12,Nevada,85728484.8,Beverages,85728484.8,81189560.33333333,69587921.74285714,68231733.1,75461406.01632653,67289906.56333333,5992437.472810587,2,5,2,19,2021,0
2021-05-16,Nevada,66682846.0,Beverages,66682846.0,71444255.7,72111711.4,63696490.3,76981217.60000001,68413607.12333333,6423097.153123611,6,5,2,19,2021,0
2021-05-23,Nevada,66098472.6,Beverages,66098472.6,66181954.51428571,66682846.0,62749996.54285714,66348918.34285714,69391712.20571429,180341.54649566207,6,5,2,20,2021,0
2021-05-30,Nevada,68088692.10000001,Beverages,68088692.10000001,67804375.02857144,66098472.6,66433184.671428576,67235740.88571429,70008414.44952382,614195.072019386,6,5,2,21,2021,0
2021-06-06,Nevada,70028861.5,Beverages,70028861.5,69751694.44285715,68088692.10000001,70849816.57142858,69197360.32857142,70064504.51619047,598749.2758278152,6,6,2,22,2021,0
2021-06-13,Nevada,67859294.6,Beverages,67859294.6,68169232.72857143,70028861.5,76205665.4,68789108.98571429,67970833.38333334,669542.8812736145,6,6,2,23,2021,0
2021-06-20,Nevada,71300166.6,Beverages,71300166.6,70808613.45714284,67859294.6,66265436.42857143,69825507.17142858,68587148.29047619,1061876.152781543,6,6,2,24,2021,0
2021-06-27,Nevada,70658002.5,Beverages,70658002.5,70749740.22857143,71300166.6,67520057.95714286,70933215.68571427,69570313.74428572,198176.14371149332,6,6,2,25,2021,0
2021-07-02,Nevada,57507946.7,Beverages,57507946.7,60137957.86,70841477.95714286,68920193.27142857,65035369.68979592,68637570.38857143,5150131.816711172,4,7,3,26,2021,0
2021-07-03,Nevada,63998928.1,Beverages,63998928.1,57507946.7,70749740.22857143,69197360.32857144,64070967.95714287,68464289.31428571,4491711.477414574,5,7,3,26,2021,0
2021-07-11,Nevada,92345973.2,Beverages,92345973.2,88802592.5625,67542308.7375,68479170.85714285,81715831.28750001,71291049.60928573,7654577.035799047,6,7,3,27,2021,0
2021-07-18,Nevada,73060443.6,Beverages,73060443.6,75815519.25714286,92345973.2,70317060.31428571,81325670.57142857,74177096.16023809,5951643.646146376,6,7,3,28,2021,0
2021-07-25,Nevada,70156232.6,Beverages,70156232.6,70571119.88571428,73060443.6,70841477.95714286,71400894.45714284,74262853.29595238,896258.9725937616,6,7,3,29,2021,0
2021-08-08,Nevada,72793873.4,Beverages,72793873.4,72605470.48571429,71475053.0,85259211.92500001,72228664.65714286,75073469.44541666,406996.811437328,6,8,3,31,2021,0
2021-08-15,Nevada,73839067.1,Beverages,73839067.1,73689753.71428572,72793873.4,78570594.9142857,73391126.94285713,72146322.50190476,322553.7785396122,6,8,3,32,2021,0
2021-08-22,Nevada,71018290.9,Beverages,71018290.9,71421258.92857143,73839067.1,70986007.17142856,72227194.98571429,72067505.61285713,870510.4343069566,6,8,3,33,2021,0
2021-08-29,Nevada,69929213.8,Beverages,69929213.8,70084796.24285714,71018290.9,71098247.17142858,70395961.12857142,72015411.23619048,336096.4897941959,6,8,3,34,2021,0
2021-09-05,Nevada,68671167.4,Beverages,68671167.4,68850888.31428573,69929213.8,72417067.57142858,69210330.14285715,71399054.54285714,388241.5478552987,6,9,3,35,2021,0
2021-09-19,Nevada,69517286.8,Beverages,69517286.8,69456849.7,69094227.1,71824226.95714286,69335975.5,69580860.92761905,130559.05788745,6,9,3,37,2021,0
2021-09-26,Nevada,68281704.8,Beverages,68281704.8,68458216.51428571,69517286.8,70240378.68571429,68811239.94285715,69130241.32476191,381308.88350539946,6,9,3,38,2021,0
2021-10-01,Nevada,56092415.6,Beverages,56092415.6,58530273.44,68634728.22857143,69390051.05714285,63082939.67346939,67667485.67285715,4790865.286183987,4,10,4,39,2021,0
2021-10-10,Nevada,94869756.0,Beverages,94869756.0,90561162.6222222,64709602.35555556,68973352.9,81943975.86666666,70290587.46666667,9307625.48541844,6,10,4,40,2021,0
2021-10-17,Nevada,92490700.7,Beverages,92490700.7,92830565.74285714,94869756.0,69396412.6,93510295.82857142,75959466.19000001,734192.4050724667,6,10,4,41,2021,0
2021-10-24,Nevada,92985095.5,Beverages,92985095.5,92914467.67142858,92490700.7,68634728.22857143,92773212.0142857,81476119.16714285,152573.54769853846,6,10,4,42,2021,0
2021-10-31,Nevada,93071769.2,Beverages,93071769.2,93059387.24285714,92985095.5,56092415.6,93034623.32857142,88464845.35333334,26748.08459001851,6,10,4,43,2021,0
2021-11-04,Nevada,62246843.2,Beverages,62246843.2,69953074.7,93034623.32857142,73326789.1111111,82057560.50408162,89390484.20740741,12465895.690050969,3,11,4,44,2021,0
2021-11-07,Nevada,73101282.69999999,Beverages,73101282.69999999,69483136.19999999,93071769.2,86252569.24444444,71953452.9142857,88144400.24074073,7693611.282101847,6,11,4,44,2021,0
2021-11-14,Nevada,92148150.8,Beverages,92148150.8,89427169.64285713,73101282.69999999,93170430.78571428,83985207.32857142,85918224.51809524,5877991.108232416,6,11,4,45,2021,0
2021-11-21,Nevada,91842416.9,Beverages,91842416.9,91886093.17142858,92148150.8,92843839.84285714,91973445.71428572,85750888.93904762,94351.52995044753,6,11,4,46,2021,0
2021-11-28,Nevada,84566190.8,Beverages,84566190.8,85605651.67142858,91842416.9,93047005.28571428,87684573.4142857,84510263.73476191,2245492.124623846,6,11,4,47,2021,0
2021-12-09,Nevada,70009887.2,Beverages,70009887.2,71333187.52727273,79272989.49090908,78543245.0142857,73979788.18181819,84467578.45095237,2858655.429057965,3,12,4,49,2021,0
2021-12-12,Nevada,87269916.7,Beverages,87269916.7,81516573.53333333,75303088.50909092,86706188.48571429,76075581.62337664,84220715.07142857,6196512.420033814,6,12,4,49,2021,0
2021-12-19,Nevada,87815423.0,Beverages,87815423.0,87737493.52857143,87269916.7,91929769.44285716,87581634.5857143,83267732.12904763,168346.89904194343,6,12,4,50,2021,0
2021-12-26,Nevada,85598096.29999998,Beverages,85598096.29999998,85914857.25714284,87815423.0,86645112.54285714,86548379.17142856,82550731.21904762,684281.875543405,6,12,4,51,2021,0
2022-01-05,Nevada,100373381.1,Beverages,100373381.1,98895852.62,90030681.73999998,73979788.18181819,95940795.66,87156813.62939395,3191826.317798363,2,1,1,1,2022,0
2022-01-16,Nevada,87498305.5,Beverages,87498305.5,88668766.91818182,95691535.42727272,87659564.05714285,91009689.75454544,91516444.62095238,2528485.6495765485,6,1,1,2,2022,0
2022-01-23,Nevada,85908588.1,Beverages,85908588.1,86135690.58571428,87498305.5,86231618.2142857,86589895.55714285,91391466.34523807,490597.4406296725,6,1,1,3,2022,0
2022-01-30,Nevada,84537713.6,Beverages,84537713.6,84733552.81428571,85908588.1,92985738.7,85125231.24285713,90531808.22666667,423061.0554591002,6,1,1,4,2022,0
2022-02-01,Nevada,87627145.4,Beverages,87627145.4,86082429.5,85516909.67142856,95940795.66,85479505.00612246,89975325.29533333,1070243.6346943716,1,2,1,5,2022,0
2022-02-10,Nevada,100964519.2,Beverages,100964519.2,99482588.77777778,90591006.24444444,93350612.5909091,96518727.93333332,89341426.05939394,3201335.599835588,3,2,1,6,2022,0
2022-02-13,Nevada,88624512.5,Beverages,88624512.5,92737848.06666666,95036797.51111113,89839228.33636363,96168576.92380951,89514241.89060606,4215282.22520059,6,2,1,6,2022,0
2022-02-20,Nevada,86424096.0,Beverages,86424096.0,86738441.21428572,88624512.5,86362793.07142857,87367131.64285715,89558170.51952381,679063.2745266107,6,2,1,7,2022,0
2022-02-27,Nevada,89601701.6,Beverages,89601701.6,89147757.94285713,86424096.0,84929392.02857143,88239870.62857142,90192485.96714284,980630.3778786572,6,2,1,8,2022,0
2022-03-04,Nevada,100330710.7,Beverages,100330710.7,98184908.88,88693814.28571428,89109075.82222223,94134999.2632653,91796006.5725926,4273877.059276572,4,3,1,9,2022,0
2022-03-07,Nevada,113337635.6,Beverages,113337635.6,109001993.96666668,91747503.42,93554867.0888889,102207716.25428572,93488912.3025926,7105977.584306699,0,3,1,10,2022,0
2022-03-13,Nevada,91322775.8,Beverages,91322775.8,94991919.1,109001993.96666668,96851183.63333334,102330205.70000002,94026223.26555556,7926255.437533815,6,3,1,10,2022,0
2022-03-20,Nevada,94353742.1,Beverages,94353742.1,93920746.9142857,91322775.8,87052786.42857143,93054756.54285716,95080008.29714283,935376.507426675,6,3,1,11,2022,0
2022-03-27,Nevada,95719422.4,Beverages,95719422.4,95524325.21428572,94353742.1,88693814.28571428,95134130.84285714,96874899.75809523,421458.0905396591,6,3,1,12,2022,0
2022-04-09,Nevada,110622906.0,Beverages,110622906.0,109476484.1846154,102597953.29230767,102330205.7,107183640.55384617,98365828.18,2476554.17216963,5,4,2,14,2022,0
2022-04-12,Nevada,91020178.5,Beverages,91020178.5,97554421.0,106037218.73846154,91322775.8,104039479.44395605,98622078.37,7219856.598929091,1,4,2,15,2022,0
2022-04-17,Nevada,99486368.3,Beverages,99486368.3,97793130.34,104088663.5,93487751.72857144,95582008.77142856,99201766.87380952,3019720.4748327844,6,4,2,15,2022,0
2022-04-24,Nevada,97881484.5,Beverages,97881484.5,98110753.61428572,99486368.3,95329228.02857144,98569291.84285714,100102279.72714286,495277.8932839163,6,4,2,16,2022,0
2022-05-06,Nevada,107451030.5,Beverages,107451030.5,106653568.33333331,101868795.33333331,107183640.55384617,105058644.0,100945236.11179487,1722715.1729871307,4,5,2,18,2022,0
2022-05-15,Nevada,102195107.8,Beverages,102195107.8,102779099.21111111,106283047.67777778,96099892.38,103947082.03333332,102160802.18466666,1261565.6351713731,6,5,2,19,2022,0
2022-05-22,Nevada,102231900.6,Beverages,102231900.6,102226644.48571429,102195107.8,98340022.72857144,102216132.25714286,102968822.9304762,11354.504795890694,6,5,2,20,2022,0
2022-05-29,Nevada,104453181.79999998,Beverages,104453181.79999998,104135855.9142857,102231900.6,101868795.33333331,103501204.14285712,103873717.46,685502.2607391378,6,5,2,21,2022,0
2022-06-02,Nevada,86356796.60000001,Beverages,86356796.60000001,90880892.9,103501204.14285712,105058644.0,97854190.27755104,102444449.5,7184474.867674513,3,6,2,22,2022,0
2022-06-03,Nevada,92054045.9,Beverages,92054045.9,86356796.60000001,103818530.0285714,105856106.16666669,96173549.68775512,101984380.82444444,6928161.508604166,4,6,2,22,2022,0
2022-06-11,Nevada,97736557.1,Beverages,97736557.1,97026243.2,92764359.8,103947082.03333332,95605615.4,99166271.00444444,1534453.4001260414,5,6,2,23,2022,0
2022-06-19,Nevada,107987658.5,Beverages,107987658.5,106706270.825,99017944.775,102221388.37142856,104143495.475,99453962.16285716,2768113.751937787,6,6,2,24,2022,0
2022-06-26,Nevada,104905198.6,Beverages,104905198.6,105345550.01428571,107987658.5,103818530.0285714,106226252.84285714,100227489.94714284,951267.777390382,6,6,2,25,2022,0
2022-07-08,Nevada,109684427.7,Beverages,109684427.7,109286158.60833332,106896544.05833334,95605615.4,108489620.42499998,105087076.165,860359.5704306583,4,7,3,27,2022,0
2022-07-17,Nevada,111229609.8,Beverages,111229609.8,111057922.9,110027801.5,105424883.15,110714549.1,108103027.7125,370886.0934126001,6,7,3,28,2022,0
2022-07-24,Nevada,107725766.7,Beverages,107725766.7,108226315.71428572,111229609.8,105785901.42857142,109227413.74285711,108655192.5654762,1081309.4561457906,6,7,3,29,2022,0
2022-07-31,Nevada,105182078.6,Beverages,105182078.6,105545462.61428572,107725766.7,106896544.05833334,106272230.64285716,108760353.7825,784999.190180802,6,7,3,30,2022,0
2022-08-05,Nevada,102374029.79999998,Beverages,102374029.79999998,102935639.56,105908846.62857142,108887889.51666668,104030541.11632654,107994670.11361112,1168837.1462506098,4,8,3,31,2022,0
2022-08-14,Nevada,111445679.8,Beverages,111445679.8,110437718.68888888,104389952.0222222,110886236.0,108421796.46666664,107166526.94,2177444.865064731,6,8,3,32,2022,0
2022-08-21,Nevada,107279199.0,Beverages,107279199.0,107874410.54285714,111445679.8,108726864.72857144,109064833.62857144,106917409.90380952,1285803.889987806,6,8,3,33,2022,0
2022-08-28,Nevada,108306288.8,Beverages,108306288.8,108159561.68571427,107279199.0,105908846.62857142,107866107.45714286,107115163.1204762,316966.7937127931,6,8,3,34,2022,0
2022-09-01,Nevada,86588436.60000001,Beverages,86588436.60000001,92017899.65,107866107.45714286,104058859.07999998,100487029.96530612,105765951.63933332,8722519.260533312,3,9,3,35,2022,0
2022-09-10,Nevada,102194629.3,Beverages,102194629.3,100460607.8888889,90056479.42222223,108421796.46666664,96992565.06666668,102869572.04222222,3745914.376966541,5,9,3,36,2022,0
2022-09-18,Nevada,102953859.4,Beverages,102953859.4,102858955.6375,102289533.0625,108469622.08571428,102669148.1125,100914911.63976192,205015.55869853537,6,9,3,37,2022,0
2022-09-25,Nevada,100958964.6,Beverages,100958964.6,101243949.57142857,102953859.4,108012834.57142857,101813919.51428571,99546475.81785716,615637.9009271475,6,9,3,38,2022,0
2022-10-04,Nevada,100096904.4,Beverages,100096904.4,100192688.86666667,100767395.66666666,91790500.83333334,100384257.8,100838294.71611112,206918.09714310948,1,10,4,40,2022,0
2022-10-07,Nevada,110690504.9,Beverages,110690504.9,107159304.73333332,100480042.26666668,96992565.06666666,103205748.37142858,102028370.82388888,4223847.260198323,4,10,4,40,2022,0
2022-10-16,Nevada,100996829.79999998,Beverages,100996829.79999998,102073904.8111111,108536354.8777778,102764051.875,104228054.83333331,103068490.49458334,2326747.9532495933,6,10,4,41,2022,0
2022-10-23,Nevada,99022283.4,Beverages,99022283.4,99304361.45714286,100996829.79999998,101528934.54285714,99868517.57142857,102494233.34571429,609358.2483543885,6,10,4,42,2022,0
2022-10-30,Nevada,95957194.7,Beverages,95957194.7,96395064.51428571,99022283.4,100480042.26666668,97270804.14285716,101672055.30666666,945906.908683861,6,10,4,43,2022,0
2022-11-09,Nevada,107655422.2,Beverages,107655422.2,106485599.45,99466662.95,107459279.86666666,104145953.95,100867485.14055556,2527105.9686169927,2,11,4,45,2022,0
2022-11-12,Nevada,93177556.1,Beverages,93177556.1,98003511.46666668,102976131.2,104228054.83333331,102516183.81428573,100137323.30277778,5169368.566345092,5,11,4,45,2022,0
2022-11-13,Nevada,97492295.1,Beverages,97492295.1,93177556.1,104145953.95,103150979.8222222,101565661.12142856,99948700.47870372,5425143.341256929,6,11,4,45,2022,0
2022-11-20,Nevada,96374655.8,Beverages,96374655.8,96534318.55714284,97492295.1,99586439.51428571,96853644.07142857,99087093.67023808,344910.9760841824,6,11,4,46,2022,0
2022-11-27,Nevada,91839129.4,Beverages,91839129.4,92487061.74285714,96374655.8,96832934.32857144,93782926.42857143,98074109.34880953,1399693.8347243313,6,11,4,47,2022,0
2022-12-06,Nevada,108401002.2,Beverages,108401002.2,106560794.11111112,95519545.5777778,104145953.95,102880377.93333332,98492571.665,3975303.8184010615,1,12,4,49,2022,0
2022-12-18,Nevada,93810021.9,Beverages,93810021.9,95025936.925,102321427.075,96693981.31428573,97457766.975,98824054.74690478,2626676.662775163,6,12,4,50,2022,0
2022-12-25,Nevada,94688707.1,Beverages,94688707.1,94563180.64285712,93810021.9,93134994.0857143,94312127.72857144,98661442.27642857,271168.1398517389,6,12,4,51,2022,0
2023-01-01,Nevada,90694672.1,Beverages,90694672.1,91265248.52857144,94688707.1,101040169.84444444,92406401.38571428,97852103.95055556,1232585.9607333692,6,1,1,52,2023,0
2023-01-15,Nevada,91963890.5,Beverages,91963890.5,91873232.04285714,91329281.3,96241851.95,91691915.12857142,92503673.6675,195844.6509641008,6,1,1,2,2023,0
2023-01-22,Nevada,90952640.0,Beverages,90952640.0,91097104.35714284,91963890.5,94437654.18571427,91386033.07142857,91834782.5447619,312078.6796083671,6,1,1,3,2023,0
2023-01-29,Nevada,90204646.5,Beverages,90204646.5,90311502.71428572,90952640.0,91835824.95714284,90525215.14285716,91152773.51761906,230835.8056089588,6,1,1,4,2023,0
2023-02-04,Nevada,98266678.1,Beverages,98266678.1,96923006.16666666,90311502.71428572,91057305.92857142,94235662.29999998,91946100.05095236,2902663.1278879107,5,2,1,5,2023,0
2023-02-19,Nevada,94316072.6,Beverages,94316072.6,94579446.3,96159688.5,91241568.71428572,95106193.7,94252218.9152381,568952.2188300871,6,2,1,7,2023,0
2023-02-26,Nevada,93720961.2,Beverages,93720961.2,93805977.11428572,94316072.6,90418358.92857143,93976008.94285716,95006284.29714283,183655.36525164836,6,2,1,8,2023,0
2023-03-19,Nevada,103271404.3,Beverages,103271404.3,102816621.29523808,100087923.26666668,94842820.0,101907055.28571428,97330754.69333334,982443.5759701756,6,3,1,11,2023,0
2023-03-26,Nevada,93906381.5,Beverages,93906381.5,95244241.9,103271404.3,93890993.02857144,97919962.70000002,98205391.21714288,2890108.781023374,6,3,1,12,2023,0
2023-04-16,Nevada,101828069.8,Beverages,101828069.8,101450846.54761904,99187507.03333332,102361838.2904762,100696400.04285716,98356678.2431746,814895.3613658714,6,4,2,15,2023,0
2023-04-23,Nevada,101025635.0,Beverages,101025635.0,101140268.54285714,101828069.8,96582102.3,101369535.62857142,98596998.52,247636.75553953616,6,4,2,16,2023,0
2023-04-30,Nevada,107343566.20000002,Beverages,107343566.20000002,106441004.6,101025635.0,95792497.76190476,104635881.4,100867341.52380952,1949755.897980922,6,4,2,17,2023,0
2023-05-02,Nevada,92129655.2,Beverages,92129655.2,99736610.70000002,102830758.2,96546944.26666668,102794068.70000002,100838994.87777776,5305372.915438574,1,5,2,18,2023,0
2023-05-03,Nevada,100941906.0,Beverages,100941906.0,92129655.2,103733319.8,96924167.51904762,102395295.3,100972919.4938095,5327867.977246346,2,5,2,18,2023,0
2023-07-05,Nevada,109269132.3,Beverages,109269132.3,109136954.1047619,108343884.93333334,105303786.44285716,108872597.71428572,107352548.4690476,285537.53644731967,2,7,3,27,2023,0
2023-08-01,Nevada,90884399.1,Beverages,90884399.1,91565315.14444444,95650811.4111111,108872597.71428572,92927147.23333332,100676372.3204762,1470946.7738113978,1,8,3,31,2023,0
2023-09-04,Nevada,102562118.29999998,Beverages,102562118.29999998,102218655.97058822,100157881.99411765,92258248.41764703,101531731.31176469,97581914.5235294,741963.4321988451,0,9,3,36,2023,0
2023-12-02,Nevada,96722301.8,Beverages,96722301.8,96787917.71573034,97181613.21011236,98690779.2719101,96919149.547191,97673732.57808988,141746.57852652075,5,12,4,48,2023,0
2023-12-03,Nevada,108721284.6,Beverages,108721284.6,96722301.8,97115997.29438202,98625163.35617976,98577047.73370788,98010269.95288388,4474591.425413811,6,12,4,48,2023,0
2019-03-11,New Hampshire,29026633.6,Beverages,29026633.6,29043669.62586207,29145885.781034485,29537714.37586207,29077741.67758621,29273655.975,36802.02204802537,0,3,1,11,2019,0
2019-06-10,New Hampshire,30388827.3,Beverages,30388827.3,30373858.138461538,30284043.16923077,29939752.45384616,30343919.81538462,30171774.45769231,32337.084800555796,0,6,2,24,2019,0
2019-08-12,New Hampshire,29272283.3,Beverages,29272283.3,29290006.22063492,29396343.744444445,29803970.91904762,29325452.06190476,29529265.649206348,38285.88435144874,0,8,3,33,2019,0
2019-10-11,New Hampshire,29727549.8,Beverages,29727549.8,29719962.025,29674435.375,29499916.55,29704786.475,29617527.0625,16391.467417952183,4,10,4,41,2019,0
2019-10-13,New Hampshire,30666339.0,Beverages,30666339.0,30196944.4,29689610.925,29515092.1,29917879.235714283,29678883.295,376343.5096942919,6,10,4,41,2019,0
2019-10-20,New Hampshire,29490225.1,Beverages,29490225.1,29658241.37142857,30666339.0,29568206.525,29994273.91428572,29783610.461666662,362956.6294139624,6,10,4,42,2019,0
2019-10-27,New Hampshire,29239812.1,Beverages,29239812.1,29275585.38571429,29490225.1,29621320.95,29347131.95714286,29724944.472500004,77279.129548259,6,10,4,43,2019,0
2019-11-17,New Hampshire,29354791.8,Beverages,29354791.8,29349316.576190475,29316465.23333333,29826257.642857146,29338366.12857143,29329307.36571429,11827.835259283787,6,11,4,46,2019,0
2019-11-24,New Hampshire,30142040.200000003,Beverages,30142040.200000003,30029576.142857146,29354791.8,29311358.67142857,29804648.02857143,29414958.81619048,242950.13074457648,6,11,4,47,2019,0
2019-12-15,New Hampshire,30115313.6,Beverages,30115313.6,30116586.295238096,30124222.46666667,29343841.35238096,30119131.68571429,30000849.872539688,2749.3359369020204,6,12,4,50,2019,0
2019-12-22,New Hampshire,32255625.2,Beverages,32255625.2,31949866.4,30115313.6,29917112.085714288,31338348.8,30407630.31809524,660514.4996853473,6,12,4,51,2019,0
2019-12-29,New Hampshire,30736142.0,Beverages,30736142.0,30953211.028571427,32255625.2,30135676.723809525,31387349.085714284,30702587.54095238,468922.6959420854,6,12,4,52,2019,0
2020-01-03,New Hampshire,29922101.6,Beverages,29922101.6,30084909.68,31170280.057142857,30129313.24761905,30418277.404081635,30721897.39460317,364625.2766029902,4,1,1,1,2020,0
2020-01-11,New Hampshire,31051551.9,Beverages,31051551.9,30910370.6125,30063282.887500003,30119131.68571429,30628008.0375,30837585.73452381,304986.4385848132,5,1,1,2,2020,0
2020-01-19,New Hampshire,31135065.5,Beverages,31135065.5,31124626.3,31061991.1,31644107.6,31103747.9,30946769.651666664,22551.24943031824,6,1,1,3,2020,0
2020-01-26,New Hampshire,27847796.6,Beverages,27847796.6,28317406.442857143,31135065.5,31170280.057142857,29256626.12857143,30365729.67595238,1014473.2069923924,6,1,1,4,2020,0
2020-02-02,New Hampshire,29896449.0,Beverages,29896449.0,29603784.37142857,27847796.6,29922101.6,29018455.114285715,30039104.475,632227.8564557566,6,2,1,5,2020,0
2020-02-08,New Hampshire,39238217.0,Beverages,39238217.0,37681255.66666666,29603784.37142857,30769189.325,34567333.0,31025019.98708333,3363420.892926869,5,2,1,6,2020,0
2020-02-16,New Hampshire,29302520.5,Beverages,29302520.5,30544482.5625,37996254.9375,31114187.1,33028406.6875,31715174.808333334,2682944.694774089,6,2,1,7,2020,0
2020-02-23,New Hampshire,30183516.2,Beverages,30183516.2,30057659.67142857,29302520.5,28787016.285714287,29805946.614285715,31640199.96309524,271881.17562456016,6,2,1,8,2020,0
2020-03-05,New Hampshire,32853085.0,Beverages,32853085.0,32610396.92727273,31154268.49090909,33010371.666666668,32125020.781818185,32449463.96833333,524266.1566472605,3,3,1,10,2020,0
2020-03-15,New Hampshire,35697444.5,Beverages,35697444.5,35413008.55,33706392.85,31786444.625,34844136.65,32023318.25375,614451.8790850074,6,3,1,11,2020,0
2020-03-22,New Hampshire,35486245.0,Beverages,35486245.0,35516416.35714286,35697444.5,29931803.14285714,35576759.071428575,33382980.25404762,65177.58071959342,6,3,1,12,2020,0
2020-03-29,New Hampshire,30528128.3,Beverages,30528128.3,31236430.68571429,35486245.0,31396956.563636363,32653035.45714286,33842052.59530303,1530108.0326259644,6,3,1,13,2020,0
2020-04-10,New Hampshire,32924900.9,Beverages,32924900.9,32725169.85,31526783.55,34559700.7,32325707.75,33353609.516666666,431468.3814902115,4,4,2,15,2020,0
2020-04-19,New Hampshire,32103743.1,Beverages,32103743.1,32194982.85555556,32742421.388888888,35546587.71428572,32377462.366666667,32456959.67190476,197100.39904714693,6,4,2,16,2020,0
2020-04-26,New Hampshire,30844385.2,Beverages,30844385.2,31024293.47142857,32103743.1,31944733.07142857,31384110.014285717,31852940.32285714,388646.2855423969,6,4,2,17,2020,0
2020-05-01,New Hampshire,30026948.7,Beverages,30026948.7,30190436.0,31204201.742857143,31127321.45,30519756.453061223,31760349.866666667,357007.3697012008,4,5,2,18,2020,0
2020-05-04,New Hampshire,30876075.3,Beverages,30876075.3,30593033.1,30680897.9,31726514.6,30409688.271428566,31666974.82166667,279984.1431903667,0,5,2,19,2020,0
2020-05-07,New Hampshire,41509380.3,Beverages,41509380.3,37964945.3,30190436.0,32325707.75,33671554.842857145,32250871.68166667,4514807.339284665,3,5,2,19,2020,0
2020-05-17,New Hampshire,34103279.300000004,Beverages,34103279.300000004,34843889.400000006,39287550.0,32286222.611111112,36325109.6,33859709.84185185,1599900.6722406463,6,5,2,20,2020,0
2020-05-24,New Hampshire,37866614.7,Beverages,37866614.7,37328995.35714286,34103279.300000004,31204201.742857143,36253756.671428576,34914959.15238096,1161390.5185018831,6,5,2,21,2020,0
2020-05-31,New Hampshire,37102777.1,Beverages,37102777.1,37211896.75714286,37866614.7,30026948.7,37430136.071428575,36527381.06333334,235725.4010141853,6,5,2,22,2020,0
2020-06-09,New Hampshire,34774831.7,Beverages,34774831.7,35033492.300000004,36585455.9,39287550.0,35550813.5,36411609.44333334,558770.7591649211,1,6,2,24,2020,0
2020-06-12,New Hampshire,30924507.3,Beverages,30924507.3,32207948.76666667,35809474.1,37065719.7,33896448.1,35851771.34,1760533.9161593206,4,6,2,24,2020,0
2020-06-14,New Hampshire,37318375.7,Beverages,37318375.7,34121441.5,35292152.900000006,35584499.5,33981712.5,35836111.61000001,2066449.5178347668,6,6,2,24,2020,0
2020-06-21,New Hampshire,38284286.8,Beverages,38284286.8,38146299.5,37318375.7,36791376.01428572,37870324.9,36421592.24190476,298086.6369911849,6,6,2,25,2020,0
2020-06-28,New Hampshire,38520872.2,Beverages,38520872.2,38487074.28571429,38284286.8,37321016.41428572,38419478.45714285,36623074.25857143,73011.83954441926,6,6,2,26,2020,0
2020-07-06,New Hampshire,37226621.3,Beverages,37226621.3,37388402.6625,38359090.837500006,35550813.5,37711965.3875,36984520.415,349487.6867325747,0,7,3,28,2020,0
2020-07-19,New Hampshire,38178047.5,Beverages,38178047.5,38104860.86923077,37665741.08461538,38008312.2,37958487.60769231,37943861.47833333,158101.19220189645,6,7,3,29,2020,0
2020-07-26,New Hampshire,37873621.900000006,Beverages,37873621.900000006,37917111.27142858,38178047.5,38453276.37142857,38004090.01428572,37866182.84785714,93947.7797885412,6,7,3,30,2020,0
2020-08-03,New Hampshire,32353977.3,Beverages,32353977.3,33043932.875,37183666.325,37550184.025,34423844.025,36980009.62875,1490474.39166532,0,8,3,32,2020,0
2020-08-11,New Hampshire,32060541.9,Beverages,32060541.9,32097221.325,32317297.875,37665741.08461538,32170580.175,35579999.23179487,79236.61413091967,1,8,3,33,2020,0
2020-08-16,New Hampshire,37820711.5,Beverages,37820711.5,36668677.58,32133900.75,38031674.23846154,34534425.93214286,35185223.01230769,2241861.14476566,6,8,3,33,2020,0
2020-08-23,New Hampshire,36552859.3,Beverages,36552859.3,36733981.04285714,37820711.5,37960600.64285715,37096224.52857143,34956981.89238095,391267.68343365367,6,8,3,34,2020,0
2020-08-30,New Hampshire,35836628.9,Beverages,35836628.9,35938947.52857143,36552859.3,34423844.025000006,36143584.78571428,34896834.7075,221033.50012941484,6,8,3,35,2020,0
2020-09-02,New Hampshire,29766584.3,Beverages,29766584.3,31789932.5,36245903.41428571,32353977.3,34190032.12448979,34771434.67,2532545.885563224,2,9,3,36,2020,0
2020-09-08,New Hampshire,38399974.9,Beverages,38399974.9,36961076.46666667,31789932.5,32133900.75,34083279.6,35286860.57083333,3108375.879259539,1,9,3,37,2020,0
2020-09-13,New Hampshire,33724397.7,Beverages,33724397.7,34659513.14,35522178.03333333,35516643.66,36190599.18095238,35644245.585999995,1632752.78609369,6,9,3,37,2020,0
2020-09-20,New Hampshire,33158475.1,Beverages,33158475.1,33239321.18571429,33724397.7,36915102.78571428,33401013.357142866,34741944.688095234,174647.50599835868,6,9,3,38,2020,0
2020-09-27,New Hampshire,33508106.5,Beverages,33508106.5,33458159.15714286,33158475.1,36041266.157142855,33358264.47142857,34041661.150952384,107898.5925436224,6,9,3,39,2020,0
2020-10-05,New Hampshire,34666000.3,Beverages,34666000.3,34521263.575,33652843.225,34083279.6,34231790.12499999,34314889.70666666,312667.06142048864,0,10,4,41,2020,0
2020-10-18,New Hampshire,32058521.7,Beverages,32058521.7,32259096.976923075,33462548.638461538,33320167.27142857,32660247.53076923,33519555.846190475,433292.1200832027,6,10,4,42,2020,0
2020-10-25,New Hampshire,31626287.5,Beverages,31626287.5,31688035.242857143,32058521.7,33408211.814285714,31811530.728571422,33177600.28523809,133390.370056192,6,10,4,43,2020,0
2020-11-10,New Hampshire,33001663.5,Beverages,33001663.5,32915702.5,32399936.5,33462548.638461538,32743780.5,32300458.12717949,185696.9837251114,1,11,4,46,2020,0
2020-11-15,New Hampshire,32130985.4,Beverages,32130985.4,32305121.02,32829741.5,32459672.25384616,32616235.6,32236863.76589744,325392.94430859754,6,11,4,46,2020,0
2020-11-22,New Hampshire,32459420.1,Beverages,32459420.1,32412500.85714286,32130985.4,31749782.985714287,32318662.37142857,32321751.284761906,101357.14890730615,6,11,4,47,2020,0
2020-11-29,New Hampshire,32125005.1,Beverages,32125005.1,32172778.67142857,32459420.1,32056092.5,32268325.814285714,32426521.466666665,103202.7095548672,6,11,4,48,2020,0
2020-12-01,New Hampshire,28974786.1,Beverages,28974786.1,30549895.6,32363872.95714286,32228014.5,31518206.130612247,32265008.59,1284256.2169086954,1,12,4,49,2020,0
2020-12-04,New Hampshire,31487080.7,Beverages,31487080.7,30649649.166666668,32220552.242857143,32485897.5,30824487.567346934,32089979.856666666,1190260.445310149,4,12,4,49,2020,0
2020-12-07,New Hampshire,38339928.8,Beverages,38339928.8,36055646.1,30549895.6,32743780.5,32727238.84285714,32429762.516666666,3466588.160244877,0,12,4,50,2020,0
2020-12-13,New Hampshire,31861669.700000003,Beverages,31861669.700000003,32941379.550000004,36055646.1,32479256.64,35100799.25,32785041.905666664,2332439.8557889317,6,12,4,50,2020,0
2020-12-20,New Hampshire,32669917.0,Beverages,32669917.0,32554453.1,31861669.700000003,32365581.614285715,32323525.300000004,32800703.740238093,249430.53197546813,6,12,4,51,2020,0
2020-12-27,New Hampshire,33244408.3,Beverages,33244408.3,33162338.114285715,32669917.0,32220552.242857143,32998197.74285714,32951869.28404762,177291.8642279398,6,12,4,52,2020,0
2021-01-08,New Hampshire,40501185.9,Beverages,40501185.9,39896454.43333333,36268065.63333333,36180509.1,38686991.5,34575965.10666667,1306369.2758781216,4,1,1,1,2021,0
2021-01-17,New Hampshire,32167009.6,Beverages,32167009.6,33093029.18888889,38649146.722222224,32438989.2,34945068.36666667,35505116.663333334,2000430.9457450188,6,1,1,2,2021,0
2021-01-24,New Hampshire,31240084.5,Beverages,31240084.5,31372502.37142857,32167009.6,33080267.92857143,31637338.114285715,35226995.293809526,286055.29618776625,6,1,1,3,2021,0
2021-01-31,New Hampshire,31471486.1,Beverages,31471486.1,31438428.72857143,31240084.5,36268065.63333333,31372313.985714287,34490543.22666667,71412.08413267361,6,1,1,4,2021,0
2021-02-05,New Hampshire,35119245.1,Beverages,35119245.1,34389693.300000004,31405371.35714286,39291722.96666667,33030088.904081635,33753523.47111111,1430029.9805799886,4,2,1,5,2021,0
2021-02-14,New Hampshire,31543624.5,Beverages,31543624.5,31940915.67777778,34324662.744444445,34019048.777777776,32735498.03333333,32427447.12962963,858247.0349809033,6,2,1,6,2021,0
2021-02-21,New Hampshire,31847487.2,Beverages,31847487.2,31804078.242857143,31543624.5,31504920.242857143,31717260.32857143,32357847.249047626,93774.06507668326,6,2,1,7,2021,0
2021-02-28,New Hampshire,32073494.8,Beverages,32073494.8,32041208.0,31847487.2,31405371.35714286,31976634.4,32508766.27761905,69747.45959327958,6,2,1,8,2021,0
2021-03-01,New Hampshire,31933909.3,Beverages,31933909.3,32073494.8,31879774.0,31438428.72857143,31984368.014285717,32525282.29666667,59460.1887410192,0,3,1,9,2021,0
2021-03-10,New Hampshire,50608159.8,Beverages,50608159.8,48533243.07777777,36083742.744444445,33927371.56666667,44383409.633333325,35126290.77555556,4482332.415837511,2,3,1,10,2021,0
2021-03-14,New Hampshire,38286894.2,Beverages,38286894.2,41367210.6,44383409.63333333,32338206.85555556,45318457.77619048,36456054.13259259,4287777.945105379,6,3,1,10,2021,0
2021-03-21,New Hampshire,38079479.6,Beverages,38079479.6,38109110.25714286,38286894.2,31760669.285714284,38168371.571428575,37966880.93142857,64009.53522241121,6,3,1,11,2021,0
2021-03-28,New Hampshire,33192865.9,Beverages,33192865.9,33890953.57142857,38079479.6,32008921.2,35287128.91428571,38754767.56333334,1508041.727761325,6,3,1,12,2021,0
2021-04-04,New Hampshire,33779494.1,Beverages,33779494.1,33695690.071428575,33192865.9,40233576.188888885,33528082.014285717,38426872.815925926,181037.392884588,6,4,2,13,2021,0
2021-04-07,New Hampshire,42298976.1,Beverages,42298976.1,39459148.766666666,33444277.985714287,46458326.35555555,36141799.78979592,37934446.72925926,3510450.5022535184,2,4,2,14,2021,0
2021-04-18,New Hampshire,33368291.6,Beverages,33368291.6,34180172.00909091,39051454.46363637,38138740.91428572,35803932.82727273,36265904.75857142,1753862.1364785193,6,4,2,15,2021,0
2021-04-25,New Hampshire,34360725.4,Beverages,34360725.4,34218949.14285714,33368291.6,34589041.24285714,33935396.62857143,35647008.21238095,306271.71991147654,6,4,2,16,2021,0
2021-05-09,New Hampshire,38045854.2,Beverages,38045854.2,37782630.71428572,36203289.8,40675215.28181818,37256183.74285714,35859290.5709091,568627.7188818092,6,5,2,18,2021,0
2021-05-12,New Hampshire,48428546.8,Beverages,48428546.8,44967649.266666666,36992960.25714286,38239574.054545455,40786717.66938776,36450910.05121212,4398352.889634352,2,5,2,19,2021,0
2021-05-16,New Hampshire,36880946.8,Beverages,36880946.8,39767846.8,38045854.2,34992052.41818182,42821162.14285714,37117766.55363636,3869010.8152048727,6,5,2,19,2021,0
2021-05-23,New Hampshire,40747387.6,Beverages,40747387.6,40195038.91428572,36880946.8,34077172.885714285,39090341.54285715,38354960.73142857,1193209.5357401613,6,5,2,20,2021,0
2021-05-30,New Hampshire,40502697.3,Beverages,40502697.3,40537653.05714285,40747387.6,35676842.82857143,40607564.571428575,39685670.67047619,75513.06598508022,6,5,2,21,2021,0
2021-06-06,New Hampshire,39191943.2,Beverages,39191943.2,39379193.78571429,40502697.3,37519407.22857143,39753694.95714285,40391260.91380952,404507.49721286935,6,6,2,22,2021,0
2021-06-13,New Hampshire,40628716.3,Beverages,40628716.3,40423463.0,39191943.2,42654746.8,40012956.4,39763356.53,443397.80493062513,6,6,2,23,2021,0
2021-06-20,New Hampshire,41412908.5,Beverages,41412908.5,41300881.04285714,40628716.3,39642690.22857143,41076826.12857143,40369990.69714285,242006.9669478416,6,6,2,24,2021,0
2021-06-27,New Hampshire,40777134.4,Beverages,40777134.4,40867959.27142857,41412908.5,40572608.81428571,41049609.01428572,40476398.52857142,196204.1468977164,6,6,2,25,2021,0
2021-07-02,New Hampshire,32211005.3,Beverages,32211005.3,33924231.12,40958784.14285714,39940945.54285714,37118911.19591837,39701810.06047619,3360627.896400884,4,7,3,26,2021,0
2021-07-03,New Hampshire,34198378.1,Beverages,34198378.1,32211005.3,40867959.27142857,39753694.95714286,36166113.885714285,39516632.83190476,3051838.5780801545,5,7,3,26,2021,0
2021-07-11,New Hampshire,49261485.2,Beverages,49261485.2,47378596.8125,36081266.4875,40218209.7,43612820.0375,40323129.82833333,4067503.801143572,6,7,3,27,2021,0
2021-07-18,New Hampshire,38963245.1,Beverages,38963245.1,40434422.25714286,49261485.2,41188853.58571429,43376776.571428575,40915171.93976191,3178105.8922878583,6,7,3,28,2021,0
2021-07-25,New Hampshire,39836006.0,Beverages,39836006.0,39711325.87142857,38963245.1,40958784.14285714,39461965.61428572,40509098.61738096,269339.8611713973,6,7,3,29,2021,0
2021-08-08,New Hampshire,40625628.4,Beverages,40625628.4,40569226.8,40230817.2,45495708.425,40456423.6,41337917.64375,121841.3815241184,6,8,3,31,2021,0
2021-08-15,New Hampshire,41839783.0,Beverages,41839783.0,41666332.342857145,40625628.4,41905599.41428572,41319431.02857143,40283123.1952381,374696.24430346,6,8,3,32,2021,0
2021-08-22,New Hampshire,39861527.1,Beverages,39861527.1,40144135.08571429,41839783.0,39586645.74285714,40709351.05714286,40579168.61571429,610503.0249043427,6,8,3,33,2021,0
2021-08-29,New Hampshire,38398795.8,Beverages,38398795.8,38607757.41428571,39861527.1,40118014.0,39025680.64285714,40366047.90333333,451408.67936850974,6,8,3,34,2021,0
2021-09-05,New Hampshire,36528984.2,Beverages,36528984.2,36796100.14285714,38398795.8,40512825.2,37330332.02857143,39662947.28333333,577036.3873557176,6,9,3,35,2021,0
2021-09-19,New Hampshire,36264700.5,Beverages,36264700.5,36283577.907142855,36396842.35,40426743.071428575,36321332.72142857,37464046.73119047,40779.860246887765,6,9,3,37,2021,0
2021-09-26,New Hampshire,36027614.2,Beverages,36027614.2,36061483.671428576,36264700.5,38816719.02857143,36129222.61428572,36688236.22547619,73166.420638266,6,9,3,38,2021,0
2021-10-01,New Hampshire,31496746.1,Beverages,31496746.1,32402919.720000003,36095353.14285714,37597447.97142857,34090652.08163266,35886410.28357143,1774902.6279525284,4,10,4,39,2021,0
2021-10-10,New Hampshire,51298673.3,Beverages,51298673.3,49098459.16666666,35897174.36666667,36434597.16428572,44698030.9,37633075.56857143,4753005.759701804,6,10,4,40,2021,0
2021-10-17,New Hampshire,50137668.5,Beverages,50137668.5,50303526.32857143,51298673.3,36302455.31428572,50635241.98571428,40964178.273571424,358293.859923608,6,10,4,41,2021,0
2021-10-24,New Hampshire,49095898.3,Beverages,49095898.3,49244722.61428572,50137668.5,36095353.14285714,49542371.24285714,44078606.93571428,321497.2635007999,6,10,4,42,2021,0
2021-10-31,New Hampshire,47991923.2,Beverages,47991923.2,48149633.92857143,49095898.3,31496746.1,48465055.385714285,47432634.373333335,340694.11240897194,6,10,4,43,2021,0
2021-11-04,New Hampshire,33666212.5,Beverages,33666212.5,37247640.175,48465055.385714285,40297602.63333333,42943188.262244895,47704777.383888885,5866501.197551587,3,11,4,44,2021,0
2021-11-07,New Hampshire,39438284.2,Beverages,39438284.2,37514260.3,47991923.2,46898245.03333333,38385170.99285714,46986400.32388889,3547743.5416805986,6,11,4,44,2021,0
2021-11-14,New Hampshire,50090021.49999999,Beverages,50090021.49999999,48568344.742857136,39438284.2,50469384.157142855,45524991.22857142,45795477.22595238,3287197.4966122755,6,11,4,45,2021,0
2021-11-21,New Hampshire,50209311.0,Beverages,50209311.0,50192269.64285714,50090021.49999999,49393546.92857143,50158186.92857143,45869148.422142856,36813.53892455175,6,11,4,46,2021,0
2021-11-28,New Hampshire,47449320.5,Beverages,47449320.5,47843604.85714286,50209311.0,48307344.657142855,48632173.571428575,45834840.53928571,851751.5600268536,6,11,4,47,2021,0
2021-12-09,New Hampshire,37586040.2,Beverages,37586040.2,38482702.04545455,43862673.11818182,42481637.71428572,40276025.73636364,46317623.57095239,1937010.971515516,3,12,4,49,2021,0
2021-12-12,New Hampshire,49313002.7,Beverages,49313002.7,45404015.2,41172687.581818186,47046667.98571428,41705168.210389614,46305525.96809523,4211256.570226735,6,12,4,49,2021,0
2021-12-19,New Hampshire,52082492.7,Beverages,52082492.7,51686851.27142858,49313002.7,50175228.28571428,50895568.41428572,46535688.7947619,854683.1693727126,6,12,4,50,2021,0
2021-12-26,New Hampshire,50332518.2,Beverages,50332518.2,50582514.55714286,52082492.7,48237889.21428572,51082507.27142857,46937144.8152381,540053.8553959636,6,12,4,51,2021,0
2022-01-05,New Hampshire,52010263.7,Beverages,52010263.7,51842489.150000006,50835841.85,40276025.736363634,51506940.05,49268648.79287879,362434.45144659525,2,1,1,1,2022,0
2022-01-16,New Hampshire,50778007.6,Beverages,50778007.6,50890030.88181818,51562170.57272728,51291209.842857145,51114077.44545455,51287301.37404762,241997.94721495645,6,1,1,2,2022,0
2022-01-23,New Hampshire,47083638.3,Beverages,47083638.3,47611405.34285714,50778007.6,50832510.91428572,48666939.42857143,50628525.17023809,1140107.117973965,6,1,1,3,2022,0
2022-01-30,New Hampshire,49473196.5,Beverages,49473196.5,49131831.04285714,47083638.3,51171390.95,48449100.12857143,50096840.46666667,737433.6703783716,6,1,1,4,2022,0
2022-02-01,New Hampshire,48781954.0,Beverages,48781954.0,49127575.25,47766369.21428571,51506940.05,48837408.16836734,49932287.92333333,458910.64556605904,1,2,1,5,2022,0
2022-02-10,New Hampshire,53158297.1,Beverages,53158297.1,52672036.75555556,49754474.68888889,51338124.00909091,51699516.06666667,49788379.28227273,1050442.401420704,3,2,1,6,2022,0
2022-02-13,New Hampshire,49266744.6,Beverages,49266744.6,50563928.766666666,51213255.722222224,51002054.16363637,51629630.37619048,49733364.41439393,1323514.8104093664,6,2,1,6,2022,0
2022-02-20,New Hampshire,48294873.3,Beverages,48294873.3,48433712.05714285,49266744.6,48139172.385714285,48711389.571428575,49511302.95309524,299925.99464298977,6,2,1,7,2022,0
2022-02-27,New Hampshire,48623462.2,Beverages,48623462.2,48576520.92857143,48294873.3,48790465.58571429,48482638.38571429,49649461.34309524,101404.73605764814,6,2,1,8,2022,0
2022-03-04,New Hampshire,51722980.3,Beverages,51722980.3,51103076.68,48529579.657142855,49268214.344444446,49945121.20408163,49870564.481851846,1218616.238223336,4,3,1,9,2022,0
2022-03-07,New Hampshire,66414079.6,Beverages,66414079.6,61517046.5,49243365.82,50726995.37777778,55389091.282857135,50998195.628518514,6416520.388260813,0,3,1,10,2022,0
2022-03-13,New Hampshire,50181120.1,Beverages,50181120.1,52886613.35,61517046.5,51861112.93333334,58297599.85,51960833.10722222,5844533.404847496,6,3,1,10,2022,0
2022-03-20,New Hampshire,50241875.9,Beverages,50241875.9,50233196.5,50181120.1,48572550.81428571,50215837.7,52208468.07023809,18749.64691770168,6,3,1,11,2022,0
2022-03-27,New Hampshire,50208271.7,Beverages,50208271.7,50213072.3,50241875.9,48529579.657142855,50222673.5,52630189.522619046,10370.481226618856,6,3,1,12,2022,0
2022-04-09,New Hampshire,57734113.50000001,Beverages,57734113.50000001,57155202.5923077,53681737.14615385,58297599.85,55997380.77692308,52237261.438333325,1250590.4934108737,5,4,2,14,2022,0
2022-04-12,New Hampshire,49931624.50000001,Beverages,49931624.50000001,52532454.16666667,55418469.86923078,50181120.1,55008621.57912088,52201845.52,2810521.767732012,1,4,2,15,2022,0
2022-04-17,New Hampshire,54171549.3,Beverages,54171549.3,53323564.34,55133283.83333334,50224517.1,52120282.22380953,52579915.7,1459570.348442259,6,4,2,15,2022,0
2022-04-24,New Hampshire,50093974.7,Beverages,50093974.7,50676485.35714286,54171549.3,50217872.9,51841506.67142857,52955852.49333334,1258366.8410002938,6,4,2,16,2022,0
2022-05-06,New Hampshire,58539377.2,Beverages,58539377.2,57835593.65833334,53612892.40833334,55997380.77692308,56428026.575,53678474.217564106,1520346.213782592,4,5,2,18,2022,0
2022-05-15,New Hampshire,56179143.6,Beverages,56179143.6,56441391.777777776,58014880.844444446,52475579.38,56965888.13333333,54715389.993,566520.8129349691,6,5,2,19,2022,0
2022-05-22,New Hampshire,60562857.6,Beverages,60562857.6,59936612.74285714,56179143.6,51258996.01428571,58684123.02857144,56087845.35690477,1352843.510951067,6,5,2,20,2022,0
2022-05-29,New Hampshire,59898216.9,Beverages,59898216.9,59993165.57142857,60562857.6,53612892.40833334,60183062.91428571,58070657.14750001,205112.5730599458,6,5,2,21,2022,0
2022-06-02,New Hampshire,48683931.6,Beverages,48683931.6,51487502.925,60183062.91428571,56428026.575,55933807.294897966,57739582.12416668,4579476.62334744,3,6,2,22,2022,0
2022-06-03,New Hampshire,49865291.4,Beverages,49865291.4,48683931.6,60088114.24285714,57131810.11666667,54473404.031632654,57497364.83361111,4663132.208648126,4,6,2,22,2022,0
2022-06-11,New Hampshire,52322432.7,Beverages,52322432.7,52015290.0375,50172434.0625,56965888.13333333,51401004.7125,55759879.65777778,663503.9843594327,5,6,2,23,2022,0
2022-06-19,New Hampshire,60192375.79999999,Beverages,60192375.79999999,59208632.9125,53306175.5875,59310367.885714285,57241147.1375,55572567.63642857,2125127.5225965544,6,6,2,24,2022,0
2022-06-26,New Hampshire,60473076.4,Beverages,60473076.4,60432976.31428571,60192375.79999999,60088114.24285714,60352776.14285714,55591897.79404762,86626.08582570481,6,6,2,25,2022,0
2022-07-08,New Hampshire,62601372.5,Beverages,62601372.5,62424014.49166667,61359866.44166666,51401004.7125,62069298.47500001,59067345.00374999,383137.0875965744,4,7,3,27,2022,0
2022-07-17,New Hampshire,61159798.4,Beverages,61159798.4,61319973.3,62281022.7,58224890.02499999,61640323.10000001,61252858.83875,346017.3310961072,6,7,3,28,2022,0
2022-07-24,New Hampshire,61319366.5,Beverages,61319366.5,61296571.05714285,61159798.4,60392876.22857142,61250980.171428576,61512607.91214286,49243.78474241678,6,7,3,29,2022,0
2022-07-31,New Hampshire,61426228.8,Beverages,61426228.8,61410962.75714286,61319366.5,61359866.44166666,61380430.67142857,61636981.57416666,32978.42173171365,6,7,3,30,2022,0
2022-08-05,New Hampshire,55148842.8,Beverages,55148842.8,56404320.0,61395696.71428571,62246656.48333333,58733739.65102041,60931624.36305556,2447652.389366832,4,8,3,31,2022,0
2022-08-14,New Hampshire,61682528.8,Beverages,61682528.8,60956563.688888885,56600773.02222222,61480148.2,59504633.46666666,59940221.626666665,1568263.8804002977,6,8,3,32,2022,0
2022-08-21,New Hampshire,60013247.0,Beverages,60013247.0,60251715.82857143,61682528.8,61273775.61428572,60728653.48571429,59822884.261904754,515151.54754042753,6,8,3,33,2022,0
2022-08-28,New Hampshire,58858242.0,Beverages,58858242.0,59023242.71428572,60013247.0,61395696.71428571,59353244.14285714,59357249.2052381,356442.28144444054,6,8,3,34,2022,0
2022-09-01,New Hampshire,48107985.6,Beverages,48107985.6,50795549.7,59353244.14285714,58915274.4,55089579.30612246,58245052.85333333,4423543.459438774,3,9,3,35,2022,0
2022-09-10,New Hampshire,54403685.50000001,Beverages,54403685.50000001,53704163.288888894,49507030.02222223,59504633.46666666,52305118.86666668,56548355.71222223,1511140.6876623393,5,9,3,36,2022,0
2022-09-18,New Hampshire,54738524.6,Beverages,54738524.6,54696669.712500006,54445540.3875,60490184.657142855,54612959.93750001,54849387.62261905,90416.89094321129,6,9,3,37,2022,0
2022-09-25,New Hampshire,53724330.6,Beverages,53724330.6,53869215.45714286,54738524.6,59188243.42857143,54158985.17142857,53557944.59214286,312987.06342109904,6,9,3,38,2022,0
2022-10-04,New Hampshire,51170028.3,Beverages,51170028.3,51453839.66666666,53156707.86666667,50206552.23333333,52021462.39999999,53417529.99611112,613102.6248749285,1,10,4,40,2022,0
2022-10-07,New Hampshire,60496428.8,Beverages,60496428.8,57387628.63333333,52305273.766666666,52305118.86666668,54077981.04285713,53995733.193888895,3587926.491972375,4,10,4,40,2022,0
2022-10-16,New Hampshire,53561159.7,Beverages,53561159.7,54331745.15555556,58955257.88888889,54654814.825,55872916.06666667,54708331.80041667,1664654.8411396437,6,10,4,41,2022,0
2022-10-23,New Hampshire,52365556.99999999,Beverages,52365556.99999999,52536357.38571428,53561159.7,54014100.31428572,52877958.157142855,54348037.22190476,368971.0036656988,6,10,4,42,2022,0
2022-10-30,New Hampshire,51488264.1,Beverages,51488264.1,51613591.657142855,52365556.99999999,52305273.766666666,51864246.77142857,54051093.85,270738.4667334764,6,10,4,43,2022,0
2022-11-09,New Hampshire,55077630.8,Beverages,55077630.8,54718694.13,52565074.11,58184672.43333333,54000820.79000001,53358177.74611112,775391.8284724754,2,11,4,45,2022,0
2022-11-12,New Hampshire,52725450.400000006,Beverages,52725450.400000006,53509510.53333334,53641884.12,55872916.06666667,54097919.25428571,53044778.64722221,784363.7093103029,5,11,4,45,2022,0
2022-11-13,New Hampshire,52772276.0,Beverages,52772276.0,52725450.400000006,54000820.79,55102330.61111111,53922412.85571429,52967110.16018518,933063.326288566,6,11,4,45,2022,0
2022-11-20,New Hampshire,52552324.2,Beverages,52552324.2,52583745.885714285,52772276.0,52707157.77142857,52646589.25714286,52813424.40119048,67878.59913067466,6,11,4,46,2022,0
2022-11-27,New Hampshire,52622464.6,Beverages,52622464.6,52612444.54285715,52552324.2,51738919.21428572,52592404.42857144,52923325.9002381,21645.797344898423,6,11,4,47,2022,0
2022-12-06,New Hampshire,61071033.7,Beverages,61071033.7,60132303.8,54499924.4,54000820.79,58254844.0,54332495.756333336,2027888.3559138025,1,12,4,49,2022,0
2022-12-18,New Hampshire,54150224.5,Beverages,54150224.5,54726958.6,58187363.2,52615167.571428575,55880426.8,55899835.75285714,1245888.0513427004,6,12,4,50,2022,0
2022-12-25,New Hampshire,57231235.9,Beverages,57231235.9,56791091.41428571,54150224.5,52602424.48571429,55910802.442857146,56677423.25809524,950820.760582113,6,12,4,51,2022,0
2023-01-01,New Hampshire,50635755.4,Beverages,50635755.4,51577966.9,57231235.9,57316114.1,53462389.89999999,56404374.88,2035409.47151901,6,1,1,52,2023,0
2023-01-15,New Hampshire,51751830.9,Beverages,51751830.9,51672111.22142857,51193793.15,55303692.7,51512671.86428572,53058689.045,172214.18845725697,6,1,1,2,2023,0
2023-01-22,New Hampshire,50802223.6,Beverages,50802223.6,50937881.78571428,51751830.9,56350946.92857143,51209198.157142855,52133152.852142856,293055.17507494084,6,1,1,3,2023,0
2023-01-29,New Hampshire,51809478.4,Beverages,51809478.4,51665584.85714286,50802223.6,52520178.4,51377797.77142858,51253127.855,310845.57980893686,6,1,1,4,2023,0
2023-02-04,New Hampshire,52166466.6,Beverages,52166466.6,52106968.56666667,51665584.85714286,50954634.11428572,51987972.5,51471540.80214286,128530.4420284114,5,2,1,5,2023,0
2023-02-19,New Hampshire,51575358.3,Beverages,51575358.3,51614765.52,51851208.84,51073539.97142857,51693579.96,51708638.38285714,85129.32481501123,6,2,1,7,2023,0
2023-02-26,New Hampshire,51669987.6,Beverages,51669987.6,51656469.12857143,51575358.3,51521691.31428571,51629432.18571429,51825185.00857143,29203.23596964787,6,2,1,8,2023,0
2023-03-19,New Hampshire,57543103.2,Beverages,57543103.2,57263431.02857144,55585398.0,51654172.74,56704086.68571429,53809005.344,604160.9411953889,6,3,1,11,2023,0
2023-03-26,New Hampshire,52159633.6,Beverages,52159633.6,52928700.68571429,57543103.2,51642950.657142855,54466834.85714286,54475610.397619046,1661374.787397809,6,3,1,12,2023,0
2023-04-16,New Hampshire,55834718.1,Beverages,55834718.1,55659714.07619048,54609689.93333334,56983758.85714286,55309706.02857144,54395087.11095238,378051.8998276832,6,4,2,15,2023,0
2023-04-23,New Hampshire,54460243.3,Beverages,54460243.3,54656596.84285714,55834718.1,53697767.77142857,55049303.92857143,54207056.56285714,424172.1321556196,6,4,2,16,2023,0
2023-04-30,New Hampshire,55296067.4,Beverages,55296067.4,55176663.95714285,54460243.3,53034653.71904762,54937857.071428575,54742171.1247619,257940.9172159084,6,4,2,17,2023,0
2023-05-02,New Hampshire,50355820.1,Beverages,50355820.1,52825943.75,54699050.18571428,53384661.766666666,54066866.63163265,54628419.26944445,1842042.706424018,1,5,2,18,2023,0
2023-05-03,New Hampshire,53338540.3,Beverages,53338540.3,50355820.1,54818453.62857143,53559665.7904762,53855450.44183674,54621048.4197619,1826263.3338763388,2,5,2,18,2023,0
2023-07-05,New Hampshire,59336660.1,Beverages,59336660.1,59241451.84920635,58670202.344444446,56480412.57619047,59051035.34761906,57956140.46349207,205673.3285785805,2,7,3,27,2023,0
2023-08-01,New Hampshire,50573659.5,Beverages,50573659.5,50898215.07777777,52845548.54444444,59051035.34761905,51547326.23333333,55237738.99492064,701120.1805988437,1,8,3,31,2023,0
2023-09-04,New Hampshire,56189607.7,Beverages,56189607.7,56024432.75294118,55033383.07058824,51234359.28823529,55694082.85882354,53794570.96764706,356818.66725218826,0,9,3,36,2023,0
2023-12-02,New Hampshire,53417135.99999999,Beverages,53417135.99999999,53448287.367415726,53635195.571910106,54351677.02247191,53510590.10224719,53868830.82752808,67294.64486402711,5,12,4,48,2023,0
2023-12-03,New Hampshire,58632570.70000001,Beverages,58632570.70000001,53417135.99999999,53604044.20449437,54320525.65505618,54228951.030176565,54012565.66235955,1942542.40753646,6,12,4,48,2023,0
2019-03-11,New Mexico,35945861.4,Beverages,35945861.4,35924925.08793103,35799307.21551724,35317772.03793103,35883052.4637931,35642284.875,45227.60323298758,0,3,1,11,2019,0
2019-06-10,New Mexico,40091431.4,Beverages,40091431.4,40045875.68571428,39772541.4,38724759.97142857,39954764.25714286,39430873.54285714,98411.59053797972,0,6,2,24,2019,0
2019-08-12,New Mexico,35952022.5,Beverages,35952022.5,36017727.4031746,36411956.82222222,37923169.5952381,36149137.209523804,36904743.59603175,141938.81336335023,0,8,3,33,2019,0
2019-10-11,New Mexico,37278449.6,Beverages,37278449.6,37256342.48166667,37123699.77166667,36615236.05,37212128.245000005,36957896.38416667,47756.83383589384,4,10,4,41,2019,0
2019-10-13,New Mexico,38656091.1,Beverages,38656091.1,37967270.35,37167914.00833333,36659450.28666667,37542076.895238094,37068781.984,562810.8641780245,6,10,4,41,2019,0
2019-10-20,New Mexico,37190916.7,Beverages,37190916.7,37400227.32857143,38656091.1,36814200.115,37818848.58571429,37318674.94333334,452162.63639732567,6,10,4,42,2019,0
2019-10-27,New Mexico,35596520.1,Beverages,35596520.1,35824291.04285715,37190916.7,36968949.943333335,36279832.92857143,37173355.95605556,492041.4730964484,6,10,4,43,2019,0
2019-11-17,New Mexico,37154366.3,Beverages,37154366.3,37080183.147619046,36635084.23333333,37609537.95714286,36931816.84285714,36440440.16095238,160253.9249238907,6,11,4,46,2019,0
2019-11-24,New Mexico,37217286.2,Beverages,37217286.2,37208297.64285714,37154366.3,36052061.98571429,37190320.52857143,36547209.504761904,19417.50269845004,6,11,4,47,2019,0
2019-12-15,New Mexico,36401029.0,Beverages,36401029.0,36439898.39047619,36673114.73333333,37005999.995238096,36517637.171428576,36905032.4715873,83967.48026080572,6,12,4,50,2019,0
2019-12-22,New Mexico,39343626.6,Beverages,39343626.6,38923255.51428571,36401029.0,37199309.08571429,38082513.342857145,37119578.60809524,908105.3345407812,6,12,4,51,2019,0
2019-12-29,New Mexico,35439724.7,Beverages,35439724.7,35997424.97142857,39343626.6,37022939.24761905,37112825.51428572,37114938.76190476,1204770.2821867678,6,12,4,52,2019,0
2020-01-03,New Mexico,38713023.1,Beverages,38713023.1,38058363.42,36555125.24285714,36828592.2952381,36922238.33877551,37197834.20587301,1190095.5201605763,4,1,1,1,2020,0
2020-01-11,New Mexico,39125373.900000006,Beverages,39125373.900000006,39073830.05,38764566.95,36517637.17142857,38970742.35,37808844.97571429,111347.44214859058,5,1,1,2,2020,0
2020-01-19,New Mexico,36269988.6,Beverages,36269988.6,36626911.7625,38768450.7375,38502884.42857143,37340758.0875,37892956.672142856,771042.1551394162,6,1,1,3,2020,0
2020-01-26,New Mexico,36273269.0,Beverages,36273269.0,36272800.37142857,36269988.6,36555125.24285714,36271863.11428572,37469074.36404762,1012.3534992925358,6,1,1,4,2020,0
2020-02-02,New Mexico,37201589.2,Beverages,37201589.2,37068972.02857144,36273269.0,38713023.1,36803737.68571429,37441424.21166667,286485.8333951258,6,2,1,5,2020,0
2020-02-08,New Mexico,45176656.4,Beverages,45176656.4,43847478.53333333,37068972.02857144,39022286.2,41189122.8,38033481.24333333,2871352.3653097856,5,2,1,6,2020,0
2020-02-16,New Mexico,35944339.6,Beverages,35944339.6,37098379.2,44022616.8,36983834.925,39406458.4,38513873.39875,2493010.467764732,6,2,1,7,2020,0
2020-02-23,New Mexico,35819239.0,Beverages,35819239.0,35837110.51428571,35944339.6,36272331.74285714,35872853.54285715,38409076.79904762,38606.883327805335,6,2,1,8,2020,0
2020-03-05,New Mexico,43768993.0,Beverages,43768993.0,43046288.09090909,38710058.63636363,39859944.93333334,41600878.27272727,39513983.72666667,1561221.0390946476,3,3,1,10,2020,0
2020-03-15,New Mexico,46004343.2,Beverages,46004343.2,45780808.18,44439598.06,38252418.8,45333738.14,40528240.09,482890.8338764001,6,3,1,11,2020,0
2020-03-22,New Mexico,42466993.2,Beverages,42466993.2,42972328.91428572,46004343.2,35854982.02857143,43983000.342857145,42374395.36714286,1091649.909976297,6,3,1,12,2020,0
2020-03-29,New Mexico,38029662.4,Beverages,38029662.4,38663566.8,42466993.2,39432763.54545455,39931375.6,42971945.73545455,1369390.014659804,6,3,1,13,2020,0
2020-04-10,New Mexico,42431055.4,Beverages,42431055.4,42064272.65,39863576.15,45110203.120000005,41330707.15,41834726.586,792341.2984659637,4,4,2,15,2020,0
2020-04-19,New Mexico,41407812.9,Beverages,41407812.9,41521506.51111111,42203668.177777775,43477664.62857143,41748893.73333333,40889574.69047619,245606.27089096705,6,4,2,16,2020,0
2020-04-26,New Mexico,40566801.8,Beverages,40566801.8,40686946.24285714,41407812.9,39297471.2,40927235.12857143,40830405.48333333,259541.66016965552,6,4,2,17,2020,0
2020-05-01,New Mexico,35901902.0,Beverages,35901902.0,36834881.96,40807090.68571428,39130010.65,38584722.52040816,40692285.37333333,1843402.8818973904,4,5,2,18,2020,0
2020-05-04,New Mexico,39913693.4,Beverages,39913693.4,38576429.6,39633821.84,40230358.9,37847825.22285714,40563570.71833333,1336403.4287934457,0,5,2,19,2020,0
2020-05-07,New Mexico,49250336.2,Beverages,49250336.2,46138121.93333334,36834881.96,41330707.15,41435079.51428572,41080990.47166667,4906387.326959332,3,5,2,19,2020,0
2020-05-17,New Mexico,43271032.3,Beverages,43271032.3,43868962.69,47456545.03,41635200.12222222,45064823.46999999,42400670.668703705,1291677.2710955814,6,5,2,20,2020,0
2020-05-24,New Mexico,44427197.8,Beverages,44427197.8,44262031.3,43271032.3,40807090.68571428,43931698.3,43045859.69642857,356800.4195200732,6,5,2,21,2020,0
2020-05-31,New Mexico,42166290.9,Beverages,42166290.9,42489277.6,44427197.8,35901902.0,43135251.0,44107649.675,697731.0172443372,6,5,2,22,2020,0
2020-06-09,New Mexico,45977001.0,Beverages,45977001.0,45553588.766666666,43013115.36666667,47456545.03,44706764.3,44115752.59966666,914674.9642551728,1,6,2,24,2020,0
2020-06-12,New Mexico,37379119.0,Beverages,37379119.0,40245079.66666666,44283352.06666666,45662753.86,43157538.514285706,43514192.14133333,3210829.008023201,4,6,2,24,2020,0
2020-06-14,New Mexico,45999645.4,Beverages,45999645.4,41689382.2,45130176.53333333,44466893.08,42850693.766666666,43452769.17633333,3294923.237403201,6,6,2,24,2020,0
2020-06-21,New Mexico,45995632.2,Beverages,45995632.2,45996205.51428571,45999645.4,44096864.8,45997352.14285714,43986396.21,1238.499933784652,6,6,2,25,2020,0
2020-06-28,New Mexico,45735526.5,Beverages,45735526.5,45772684.45714286,45995632.2,42812264.3,45847000.37142856,44484682.376666665,80270.36170134305,6,6,2,26,2020,0
2020-07-06,New Mexico,45905226.6,Beverages,45905226.6,45884014.0875,45756739.0125,44706764.3,45841589.0625,45154778.765,45824.2643455982,0,7,3,28,2020,0
2020-07-19,New Mexico,47877362.5,Beverages,47877362.5,47725659.73846154,46815443.16923077,45996778.82857143,47422254.21538462,46338053.32880953,327715.42025215813,6,7,3,29,2020,0
2020-07-26,New Mexico,44376192.4,Beverages,44376192.4,44876359.55714285,47877362.5,45809842.41428571,45876693.87142857,46328860.9202381,1080484.5504336904,6,7,3,30,2020,0
2020-08-03,New Mexico,41061661.9,Beverages,41061661.9,41475978.2125,43961876.0875,45862801.575,42304610.8375,45453104.89458334,895025.5294774147,0,8,3,32,2020,0
2020-08-11,New Mexico,40897366.8,Beverages,40897366.8,40917903.6875,41041125.0125,46815443.16923077,40958977.4625,44031358.52692308,44364.74754430229,1,8,3,33,2020,0
2020-08-16,New Mexico,47534420.6,Beverages,47534420.6,46207009.84,40938440.575,47573956.97692308,43744752.26964285,43632866.46461538,2587091.5649179914,6,8,3,33,2020,0
2020-08-23,New Mexico,46196595.1,Beverages,46196595.1,46387713.02857143,47534420.6,45376526.71428572,46769948.88571429,43629610.29190476,412861.9126278828,6,8,3,34,2020,0
2020-08-30,New Mexico,45094273.7,Beverages,45094273.7,45251748.18571429,46196595.1,42304610.8375,45566697.15714286,44097880.65291667,340183.76950824866,6,8,3,35,2020,0
2020-09-02,New Mexico,36835605.6,Beverages,36835605.6,39588494.96666667,45724171.64285714,41061661.9,42869632.37346939,43909132.32833333,3459324.83491225,2,9,3,36,2020,0
2020-09-08,New Mexico,46628931.9,Beverages,46628931.9,44996710.85,39588494.96666667,40938440.575,41732268.75,44220851.62458334,3526000.4625109243,1,9,3,37,2020,0
2020-09-13,New Mexico,42603289.1,Beverages,42603289.1,43408417.66,43364489.8,44879599.08,44670481.97857142,44507381.47966667,1382523.2240288702,6,9,3,37,2020,0
2020-09-20,New Mexico,43001754.6,Beverages,43001754.6,42944830.95714286,42603289.1,46578830.95714286,42830983.67142857,43549718.85261905,122969.12298582633,6,9,3,38,2020,0
2020-09-27,New Mexico,41678895.2,Beverages,41678895.2,41867875.11428572,43001754.6,45409222.671428576,42245834.942857146,42700241.46119048,408243.2738968691,6,9,3,39,2020,0
2020-10-05,New Mexico,44112633.2,Beverages,44112633.2,43808415.95,41983112.45,41732268.75,43199981.45,43199285.885,657184.3710770124,0,10,4,41,2020,0
2020-10-18,New Mexico,42993936.3,Beverages,42993936.3,43079989.90769231,43596311.55384615,42887907.31428572,43252097.12307692,43056125.5352381,185897.03920347957,6,10,4,42,2020,0
2020-10-25,New Mexico,40888288.7,Beverages,40888288.7,41189095.5,42993936.3,42056855.02857144,41790709.1,42869935.66380952,649816.957038782,6,10,4,43,2020,0
2020-11-10,New Mexico,43505034.0,Beverages,43505034.0,43341487.41875,42360207.93125,43596311.55384615,43014394.25625,42391819.92705128,353300.995063279,1,11,4,46,2020,0
2020-11-15,New Mexico,41802322.5,Beverages,41802322.5,42142864.8,43177940.8375,43166043.51538461,42751936.70267857,42249362.655256405,637044.8577240683,6,11,4,46,2020,0
2020-11-22,New Mexico,41377704.9,Beverages,41377704.9,41438364.55714285,41802322.5,41489902.3,41559683.87142856,42062238.70166667,131039.83626330936,6,11,4,47,2020,0
2020-11-29,New Mexico,36433804.7,Beverages,36433804.7,37140076.15714286,41377704.9,41706021.60625,38552619.071428575,41425448.93770833,1525720.7254762764,6,11,4,48,2020,0
2020-12-01,New Mexico,36227966.2,Beverages,36227966.2,36330885.45,39965161.98571429,42033114.76875,37398655.6744898,41047321.2275,1190306.7653985815,1,12,4,49,2020,0
2020-12-04,New Mexico,40991191.6,Beverages,40991191.6,39403449.8,37846347.61428572,42523754.5125,37763297.41530613,40751645.414375,1810945.8476030896,4,12,4,49,2020,0
2020-12-07,New Mexico,46679633.3,Beverages,46679633.3,44783486.06666666,36330885.45,43014394.25625,41255539.11428572,40944909.25354166,3766939.953885234,0,12,4,50,2020,0
2020-12-13,New Mexico,39015531.5,Beverages,39015531.5,40292881.8,44783486.06666666,42483407.1,42847582.4,40770147.02166667,2759392.025111046,6,12,4,50,2020,0
2020-12-20,New Mexico,41418275.400000006,Beverages,41418275.400000006,41075026.27142858,39015531.5,41499024.21428572,40388528.01428572,40459240.0602381,741502.8657414187,6,12,4,51,2020,0
2020-12-27,New Mexico,38397644.4,Beverages,38397644.4,38829163.11428572,41418275.400000006,37846347.61428572,39692200.54285715,40417069.450238094,932186.9645982238,6,12,4,52,2020,0
2021-01-08,New Mexico,47483782.3,Beverages,47483782.3,46726604.141666666,42183535.19166666,44124932.7,45212247.825,41470765.22833334,1635691.7688852935,4,1,1,1,2021,0
2021-01-17,New Mexico,40053651.5,Beverages,40053651.5,40879221.58888889,45832642.12222222,40731777.14285715,42530361.766666666,42345790.710714296,1783435.2248165968,6,1,1,2,2021,0
2021-01-24,New Mexico,38188272.9,Beverages,38188272.9,38454755.55714285,40053651.5,39260681.82857143,38987720.87142857,42005862.31547619,575668.333854272,6,1,1,3,2021,0
2021-01-31,New Mexico,37947498.5,Beverages,37947498.5,37981894.842857145,38188272.9,42183535.19166666,38050687.52857143,41531932.67583334,74304.59300238792,6,1,1,4,2021,0
2021-02-05,New Mexico,46213010.4,Beverages,46213010.4,44559908.02,38016291.18571428,45969425.98333333,41494774.50612245,41273888.67138888,3220251.6722300905,4,2,1,5,2021,0
2021-02-14,New Mexico,40163112.4,Beverages,40163112.4,40835323.28888889,44868588.62222222,41704791.677777775,42179745.06666666,40680112.12296296,1452141.4885114403,6,2,1,6,2021,0
2021-02-21,New Mexico,38223577.8,Beverages,38223577.8,38500654.17142857,40163112.4,38721238.21428572,39054806.91428571,40552770.71190476,598553.3722938322,6,2,1,7,2021,0
2021-02-28,New Mexico,39600956.8,Beverages,39600956.8,39404188.37142857,38223577.8,38016291.18571428,39010651.514285706,40752974.471428566,425068.3877335423,6,2,1,8,2021,0
2021-03-01,New Mexico,38562490.2,Beverages,38562490.2,39600956.8,38420346.22857142,37981894.842857145,39030957.79591836,40772327.64999999,394461.7901365147,0,3,1,9,2021,0
2021-03-10,New Mexico,65423332.1,Beverages,65423332.1,62438794.11111111,44531566.17777778,44196377.73333333,56469718.13333334,43914971.94111111,6447338.936845535,2,3,1,10,2021,0
2021-03-14,New Mexico,49556840.7,Beverages,49556840.7,53523463.55,56469718.13333333,41507534.177777775,58477640.31904762,45647095.202962965,5459880.948762282,6,3,1,10,2021,0
2021-03-21,New Mexico,46714557.4,Beverages,46714557.4,47120597.87142857,49556840.7,38777730.54285714,47932678.81428571,47576125.18904761,877147.6694622714,6,3,1,11,2021,0
2021-03-28,New Mexico,40996188.2,Beverages,40996188.2,41813098.08571429,46714557.4,39207419.94285714,43446917.85714286,48687284.44238095,1764727.047759794,6,3,1,12,2021,0
2021-04-04,New Mexico,43942929.0,Beverages,43942929.0,43521966.02857143,40996188.2,50500642.15555556,42680040.08571429,48590527.92703704,909383.953819315,6,4,2,13,2021,0
2021-04-07,New Mexico,50052131.4,Beverages,50052131.4,48015730.6,42259077.11428572,59454256.12222222,45327589.99591837,47745129.1737037,2802288.649967965,2,4,2,14,2021,0
2021-04-18,New Mexico,44962387.2,Beverages,44962387.2,45425091.21818182,48201315.32727273,47526638.342857145,46350499.25454545,45360201.09571429,999554.9206488684,6,4,2,15,2021,0
2021-04-25,New Mexico,44677646.4,Beverages,44677646.4,44718323.657142855,44962387.2,42630007.97142857,44799678.171428576,45308316.20285714,87872.91861677494,6,4,2,16,2021,0
2021-05-09,New Mexico,49506690.0,Beverages,49506690.0,49161758.31428571,47092168.2,49126723.36363636,48471894.942857146,46554048.441818185,745137.6045925859,6,5,2,18,2021,0
2021-05-12,New Mexico,59227225.3,Beverages,59227225.3,55987046.86666667,48126963.25714286,47738611.30909091,51988330.06938776,47332621.59575757,4194013.909314397,2,5,2,19,2021,0
2021-05-16,New Mexico,48205001.0,Beverages,48205001.0,50960557.075,49506690.0,45887795.23636364,53902068.72142857,48100152.77560606,3692005.1410481296,6,5,2,19,2021,0
2021-05-23,New Mexico,48657045.1,Beverages,48657045.1,48592467.37142857,48205001.0,44759000.91428571,48463311.91428571,48921950.370238096,139503.83791922632,6,5,2,20,2021,0
2021-05-30,New Mexico,47681199.2,Beverages,47681199.2,47820605.75714286,48657045.1,46402304.828571424,48099418.87142857,49546542.19547619,301152.58283258724,6,5,2,21,2021,0
2021-06-06,New Mexico,48442416.5,Beverages,48442416.5,48333671.17142857,47681199.2,48816826.62857143,48116180.51428572,49624510.28214286,234916.75887694885,6,6,2,22,2021,0
2021-06-13,New Mexico,50541679.4,Beverages,50541679.4,50241784.7,48442416.5,53716113.15,49641995.3,48647063.47583333,647846.5958418245,6,6,2,23,2021,0
2021-06-20,New Mexico,51622626.3,Beverages,51622626.3,51468205.31428571,50541679.4,48527889.64285714,51159363.34285714,49212273.95571429,333587.45560140314,6,6,2,24,2021,0
2021-06-27,New Mexico,49736722.0,Beverages,49736722.0,50006136.9,51622626.3,47960012.31428572,50544966.7,49724644.86523809,582002.7023953425,6,6,2,25,2021,0
2021-07-02,New Mexico,40691766.900000006,Beverages,40691766.900000006,42500757.92,50275551.8,48007435.18571429,45898800.51428572,49136340.53761905,3581195.404447673,4,7,3,26,2021,0
2021-07-03,New Mexico,43224896.3,Beverages,43224896.3,40691766.900000006,50006136.9,48116180.51428571,44930051.85714286,48973297.730476186,3179622.540118368,5,7,3,26,2021,0
2021-07-11,New Mexico,62953004.3,Beverages,62953004.3,60486990.8,45690909.8,49941890.0,55554963.8,50402102.39333333,5327198.017424344,6,7,3,27,2021,0
2021-07-18,New Mexico,51469304.8,Beverages,51469304.8,53109833.3,62953004.3,51313784.328571424,56390890.3,51699704.267142855,3543946.605615906,6,7,3,28,2021,0
2021-07-25,New Mexico,48189475.3,Beverages,48189475.3,48658022.37142857,51469304.8,50275551.8,49595116.514285706,51366473.46666666,1012177.3583086944,6,7,3,29,2021,0
2021-08-08,New Mexico,50324063.6,Beverages,50324063.6,50171593.00714286,49256769.45,58020977.3,49866651.821428575,51866803.641666666,329374.12547892,6,8,3,31,2021,0
2021-08-15,New Mexico,52731698.3,Beverages,52731698.3,52387750.48571429,50324063.6,54750361.8,51699854.85714286,50143533.47166666,743012.1993894295,6,8,3,32,2021,0
2021-08-22,New Mexico,50253944.900000006,Beverages,50253944.900000006,50607909.671428576,52731698.3,49126569.44285714,51315839.21428572,50287314.08738095,764651.2999994488,6,8,3,33,2021,0
2021-08-29,New Mexico,48371189.1,Beverages,48371189.1,48640154.21428572,50253944.900000006,48951828.26428571,49178084.442857146,50426136.02190476,581031.0542006608,6,8,3,34,2021,0
2021-09-05,New Mexico,48904959.3,Beverages,48904959.3,48828706.41428571,48371189.1,50019122.41428571,48676200.64285714,50219517.02357144,164725.0599383967,6,9,3,35,2021,0
2021-09-19,New Mexico,48316330.1,Beverages,48316330.1,48358375.04285714,48610644.7,50961874.442857146,48442464.92857143,48869885.37904762,90827.4574429273,6,9,3,37,2021,0
2021-09-26,New Mexico,47411061.4,Beverages,47411061.4,47540385.5,48316330.1,48909119.32857143,47799033.7,48419756.49714286,279371.98605089216,6,9,3,38,2021,0
2021-10-01,New Mexico,39597266.4,Beverages,39597266.4,41160025.4,47669709.6,48599947.75714286,44080766.98571428,47454139.63285714,3074154.6693504914,4,10,4,39,2021,0
2021-10-10,New Mexico,66629752.6,Beverages,66629752.6,63626143.02222222,45604485.55555555,48694734.58571428,57618923.86666667,49203519.17809524,6488538.277610612,6,10,4,40,2021,0
2021-10-17,New Mexico,65600558.5,Beverages,65600558.5,65747586.22857143,66629752.6,48400419.98571429,66041641.68571429,53290372.781428576,317616.194779556,6,10,4,41,2021,0
2021-10-24,New Mexico,63451798.1,Beverages,63451798.1,63758763.87142857,65600558.5,47669709.6,64372695.41428571,57100118.57333334,663121.8559705183,6,10,4,42,2021,0
2021-10-31,New Mexico,61159836.0,Beverages,61159836.0,61487259.157142855,63451798.1,39597266.4,62142105.47142857,61314430.88666666,707314.8600313178,6,10,4,43,2021,0
2021-11-04,New Mexico,44895902.6,Beverages,44895902.6,48961885.95,62142105.47142857,51611704.71111111,55491612.56734694,61832909.190740734,6728067.448088128,3,11,4,44,2021,0
2021-11-07,New Mexico,50161186.9,Beverages,50161186.9,48406092.13333333,61159836.0,60622533.44444445,49885398.12857143,60911626.01740741,4088818.818578511,6,11,4,44,2021,0
2021-11-14,New Mexico,65506574.900000006,Beverages,65506574.900000006,63314376.61428572,50161186.9,65894613.95714286,58929980.04285716,59288646.60428572,4735689.549736068,6,11,4,45,2021,0
2021-11-21,New Mexico,64818507.1,Beverages,64818507.1,64916802.5,65506574.900000006,64065729.64285714,65113393.3,59323556.68571429,212342.33307835407,6,11,4,46,2021,0
2021-11-28,New Mexico,57153027.1,Beverages,57153027.1,58248095.671428576,64818507.1,61814682.31428572,60438232.81428572,58773870.83857144,2365618.48613459,6,11,4,47,2021,0
2021-12-09,New Mexico,47013546.6,Beverages,47013546.6,47935317.554545455,53465943.28181818,54545583.47142857,49778859.46363636,58410622.98476191,1991252.8465776823,3,12,4,49,2021,0
2021-12-12,New Mexico,61694362.1,Beverages,61694362.1,56800756.93333334,50700630.41818182,61122178.32857143,51998154.703896105,58197700.67380952,5373301.893500816,6,12,4,49,2021,0
2021-12-19,New Mexico,64698894.4,Beverages,64698894.4,64269675.5,61694362.1,65015097.900000006,63411237.7,57831009.63666667,927218.7979178898,6,12,4,50,2021,0
2021-12-26,New Mexico,61161254.3,Beverages,61161254.3,61666631.45714285,64698894.4,59343164.24285714,62677385.77142857,57875672.432380944,1091739.4367798793,6,12,4,51,2021,0
2022-01-05,New Mexico,68515535.6,Beverages,68515535.6,67780107.47,63367538.69,49778859.46363637,66309251.21,61629655.93045455,1588706.3376145023,2,1,1,1,2022,0
2022-01-16,New Mexico,61749482.8,Beverages,61749482.8,62364578.50909091,66055152.76363636,63840456.6,63594769.92727273,64428197.84166667,1328758.5984399277,6,1,1,2,2022,0
2022-01-23,New Mexico,60744229.9,Beverages,60744229.9,60887837.45714285,61749482.8,62172008.61428572,61175052.571428575,63872963.95690476,310227.7800558432,6,1,1,3,2022,0
2022-01-30,New Mexico,60361172.9,Beverages,60361172.9,60415895.328571424,60744229.9,64838394.95,60525340.18571429,63340024.02666666,118213.9566467153,6,1,1,4,2022,0
2022-02-01,New Mexico,58452376.0,Beverages,58452376.0,59406774.45,60634785.04285714,66309251.20999999,60030319.89081632,62872559.898666665,803945.7212881182,1,2,1,5,2022,0
2022-02-10,New Mexico,70959075.49999999,Beverages,70959075.49999999,69569442.22222221,61231642.55555555,64824961.345454544,66790175.66666666,62442171.74469697,3001950.9797184635,3,2,1,6,2022,0
2022-02-13,New Mexico,62378976.900000006,Beverages,62378976.900000006,65239009.766666666,65400542.38888888,62979674.21818181,67316504.5190476,62606595.72863636,2848212.818966391,6,2,1,6,2022,0
2022-02-20,New Mexico,60394925.3,Beverages,60394925.3,60678361.24285714,62378976.900000006,61031445.01428571,61245233.12857143,62540238.06023809,612291.6167541636,6,2,1,7,2022,0
2022-02-27,New Mexico,62810971.3,Beverages,62810971.3,62465821.87142857,60394925.3,60470617.75714286,61775523.01428572,62803447.41595238,745607.9829240552,6,2,1,8,2022,0
2022-03-04,New Mexico,68359811.0,Beverages,68359811.0,67250043.06,62120672.44285714,59842009.277777776,65139738.39591837,63877552.3374074,2232121.683311622,4,3,1,9,2022,0
2022-03-07,New Mexico,75155138.0,Beverages,75155138.0,72890029.0,63920739.24,64010909.111111104,69350103.33714285,64904427.65407407,3701519.932955913,0,3,1,10,2022,0
2022-03-13,New Mexico,64699095.10000001,Beverages,64699095.10000001,66441768.91666667,72890029.0,68099042.63333333,69927116.55,65082314.00388889,3764605.7092401735,6,3,1,10,2022,0
2022-03-20,New Mexico,66565668.7,Beverages,66565668.7,66299015.32857143,64699095.10000001,60961797.18571428,65765708.585714296,65918934.9397619,576037.1188599167,6,3,1,11,2022,0
2022-03-27,New Mexico,65262781.79999999,Beverages,65262781.79999999,65448908.49999999,66565668.7,62120672.44285714,65821161.89999999,67003034.23404762,402079.6265810439,6,3,1,12,2022,0
2022-04-09,New Mexico,74102329.8,Beverages,74102329.8,73422364.56923077,69342573.18461537,69927116.55000001,72062434.1076923,67690879.985,1468892.7815152796,5,4,2,14,2022,0
2022-04-12,New Mexico,64130870.400000006,Beverages,64130870.400000006,67454690.2,71382468.87692307,64699095.10000001,70670514.05934067,67792172.11333333,3621701.164418551,1,4,2,15,2022,0
2022-04-17,New Mexico,70598093.6,Beverages,70598093.6,69304648.96,70778510.0,66032361.95714286,67377368.88571428,68210863.63095237,2209240.3732053726,6,4,2,15,2022,0
2022-04-24,New Mexico,67452372.0,Beverages,67452372.0,67901760.8,70598093.6,65635035.2,68800538.39999999,68834285.02333333,970790.7618550792,6,4,2,16,2022,0
2022-05-06,New Mexico,72200111.5,Beverages,72200111.5,71804466.54166667,69430596.79166667,72062434.1076923,71013176.625,69485990.84858973,854690.7945288124,4,5,2,18,2022,0
2022-05-15,New Mexico,73606498.4,Beverages,73606498.4,73450233.18888889,72512641.92222223,68011204.32,73137702.76666668,70620940.67033334,337571.4377938627,6,5,2,19,2022,0
2022-05-22,New Mexico,72435035.30000001,Beverages,72435035.30000001,72602387.17142858,73606498.4,68351149.6,72937090.91428572,71434515.93166667,361521.3613704148,6,5,2,20,2022,0
2022-05-29,New Mexico,70972870.00000001,Beverages,70972870.00000001,71181750.75714287,72435035.30000001,69430596.79166667,71599512.27142859,72189379.88916667,451234.0079740528,6,5,2,21,2022,0
2022-06-02,New Mexico,61032853.4,Beverages,61032853.4,63517857.55,71599512.27142859,71013176.625,67512384.39591837,71434799.9475,4116041.794139855,3,6,2,22,2022,0
2022-06-03,New Mexico,66017497.900000006,Beverages,66017497.900000006,61032853.4,71390631.51428573,71408821.58333333,66744793.879591845,71255089.15805556,3757665.916184105,4,6,2,22,2022,0
2022-06-11,New Mexico,66563753.900000006,Beverages,66563753.900000006,66495471.900000006,66085779.900000006,73137702.76666667,66358907.90000001,69592133.11555557,147505.97878451695,5,6,2,23,2022,0
2022-06-19,New Mexico,77783194.30000001,Beverages,77783194.30000001,76380764.25000001,67966183.95,72769739.04285716,73575904.15,69496286.43238096,3029595.167234647,6,6,2,24,2022,0
2022-06-26,New Mexico,73187434.10000001,Beverages,73187434.10000001,73843971.27142859,77783194.30000001,71390631.51428573,75157045.61428572,70230284.1552381,1418282.388963943,6,6,2,25,2022,0
2022-07-08,New Mexico,75824335.7,Beverages,75824335.7,75604593.9,74286143.10000001,66358907.900000006,75165110.3,73465743.92000002,474696.5421309071,4,7,3,27,2022,0
2022-07-17,New Mexico,77655782.1,Beverages,77655782.1,77452288.05555555,76231323.78888889,74978334.20000002,77045299.96666667,75574286.69166666,439597.37856834463,6,7,3,28,2022,0
2022-07-24,New Mexico,74746796.79999998,Beverages,74746796.79999998,75162366.1285714,77655782.1,74500508.44285715,75993504.78571428,75531708.72571428,897732.353559413,6,7,3,29,2022,0
2022-07-31,New Mexico,72120689.00000001,Beverages,72120689.00000001,72495847.25714287,74746796.79999998,74286143.10000001,73246163.77142857,75413656.84333332,810434.4618015055,6,7,3,30,2022,0
2022-08-05,New Mexico,71471273.70000002,Beverages,71471273.70000002,71601156.76000002,72871005.51428571,75384852.10000001,71895962.19387756,74877935.39666668,345219.0768868817,4,8,3,31,2022,0
2022-08-14,New Mexico,77964361.2,Beverages,77964361.2,77242907.03333333,72914182.03333335,77248794.01111111,75799998.70000002,74471594.99851853,1558519.1266498703,6,8,3,32,2022,0
2022-08-21,New Mexico,74119632.19999999,Beverages,74119632.19999999,74668879.19999999,77964361.2,75577935.45714284,75767373.19999999,74245534.05428572,1186509.128791524,6,8,3,33,2022,0
2022-08-28,New Mexico,72488256.80000001,Beverages,72488256.80000001,72721310.42857143,74119632.19999999,72871005.51428571,73187417.68571429,74055405.7452381,503453.3785289587,6,8,3,34,2022,0
2022-09-01,New Mexico,60024762.9,Beverages,60024762.9,63140636.375,73187417.68571429,71860922.88000001,68136889.10510205,73066273.32433334,5147665.96983186,3,9,3,35,2022,0
2022-09-10,New Mexico,70765027.3,Beverages,70765027.3,69571664.58888888,62411488.32222222,75799998.7,67184939.16666666,70904357.92833333,2577958.096619783,5,9,3,36,2022,0
2022-09-18,New Mexico,72357988.10000001,Beverages,72357988.10000001,72158868.0,70964147.4,75218126.19999999,71760627.8,69570248.59166667,430148.57864423393,6,9,3,37,2022,0
2022-09-25,New Mexico,71436619.3,Beverages,71436619.3,71568243.41428572,72357988.10000001,72954364.05714287,71831491.64285715,69134567.7092857,284340.58477687044,6,9,3,38,2022,0
2022-10-04,New Mexico,69547315.9,Beverages,69547315.9,69757238.5,71016774.1,63604851.03333333,70177083.7,70542725.44444445,453484.6457763132,1,10,4,40,2022,0
2022-10-07,New Mexico,74360319.89999999,Beverages,74360319.89999999,72755985.23333333,70387006.3,67184939.16666666,71102393.55714287,71219166.32222222,1813079.1236181888,4,10,4,40,2022,0
2022-10-16,New Mexico,69638194.4,Beverages,69638194.4,70162875.01111111,73310958.67777777,71959747.9,71212236.23333333,71490685.38666667,1133439.6633633836,6,10,4,41,2022,0
2022-10-23,New Mexico,67549879.7,Beverages,67549879.7,67848210.37142858,69638194.4,71699867.52857143,68444871.71428572,70650074.29047619,644467.9079689694,6,10,4,42,2022,0
2022-10-30,New Mexico,66018212.0,Beverages,66018212.0,66237021.67142857,67549879.7,70387006.3,66674641.01428572,69639519.85333334,472682.9142764045,6,10,4,43,2022,0
2022-11-09,New Mexico,72981593.4,Beverages,72981593.4,72285255.26,68107226.42,72786278.06666666,70892578.98,69000556.0788889,1504262.3079164831,2,11,4,45,2022,0
2022-11-12,New Mexico,67537463.5,Beverages,67537463.5,69352173.46666667,70196240.84,71212236.23333333,70829266.45142858,68762081.74111111,1846855.3409282556,5,11,4,45,2022,0
2022-11-13,New Mexico,67992393.0,Beverages,67992393.0,67537463.5,70892578.98,70687555.62222223,70414954.16857144,68672242.98703703,2133366.187154083,6,11,4,45,2022,0
2022-11-20,New Mexico,70157411.9,Beverages,70157411.9,69848123.48571429,67992393.0,68146541.04285714,69229546.65714286,68708567.82904762,668139.3380011504,6,11,4,46,2022,0
2022-11-27,New Mexico,65043938.1,Beverages,65043938.1,65774434.35714286,70157411.9,66455831.342857145,67235426.87142858,68734655.98238096,1578052.2745664096,6,11,4,47,2022,0
2022-12-06,New Mexico,76599554.8,Beverages,76599554.8,75315597.38888888,67611852.92222223,70892578.98,72747682.56666666,69711100.676,2773665.016402912,1,12,4,49,2022,0
2022-12-18,New Mexico,70135624.0,Beverages,70135624.0,70674284.9,73906250.3,69538835.07142858,71751606.7,71033538.57619047,1163640.5390892446,6,12,4,50,2022,0
2022-12-25,New Mexico,69624448.69999999,Beverages,69624448.69999999,69697473.74285713,70135624.0,66504930.61428572,69843523.82857142,71335855.76857142,157752.1224087861,6,12,4,51,2022,0
2023-01-01,New Mexico,62124093.8,Beverages,62124093.8,63195573.07142857,69624448.69999999,71463725.15555556,65338531.61428571,70738265.67444444,2314659.7739489013,6,1,1,52,2023,0
2023-01-15,New Mexico,65975308.2,Beverages,65975308.2,65700221.45714286,64049701.0,71212945.8,65150047.97142857,66190190.60666666,594255.2833411979,6,1,1,2,2023,0
2023-01-22,New Mexico,65131373.0,Beverages,65131373.0,65251935.17142857,65975308.2,69770498.78571428,65493059.51428572,65125482.71809524,260444.05701931816,6,1,1,3,2023,0
2023-01-29,New Mexico,64550347.9,Beverages,64550347.9,64633351.48571429,65131373.0,64267052.34285714,64799358.657142855,64532933.84238096,179308.2386807832,6,1,1,4,2023,0
2023-02-04,New Mexico,69116706.9,Beverages,69116706.9,68355647.06666668,64633351.48571429,63224440.77142857,66833527.4,65423514.98904762,1644077.1452684724,5,2,1,5,2023,0
2023-02-19,New Mexico,68032026.7,Beverages,68032026.7,68104338.71333334,68538210.79333334,65372497.342857145,68248962.74,67177877.48571429,156211.80259183346,6,2,1,7,2023,0
2023-02-26,New Mexico,66997848.50000001,Beverages,66997848.50000001,67145588.24285714,68032026.7,64716355.07142857,67441067.72857143,67754289.3095238,319154.32143295364,6,2,1,8,2023,0
2023-03-19,New Mexico,74754102.69999999,Beverages,74754102.69999999,74384757.26190475,72168684.63333333,68176650.72666667,73646066.38571428,70016581.80711111,797877.3374762654,6,3,1,11,2023,0
2023-03-26,New Mexico,66997769.2,Beverages,66997769.2,68105816.84285715,74754102.69999999,67293327.98571429,70321912.12857142,70622347.87809524,2393656.484945909,6,3,1,12,2023,0
2023-04-16,New Mexico,75076161.3,Beverages,75076161.3,74691475.96190476,72383363.93333334,74015411.82380952,73922105.28571428,71240257.03873016,831015.3088896533,6,4,2,15,2023,0
2023-04-23,New Mexico,73888832.49999999,Beverages,73888832.49999999,74058450.89999999,75076161.3,69213864.48571429,74397687.7,71723428.8747619,366417.6226885133,6,4,2,16,2023,0
2023-04-30,New Mexico,73958961.80000001,Beverages,73958961.80000001,73948943.32857144,73888832.49999999,68921195.8904762,73928906.38571428,73111416.62761904,21642.371768038804,6,4,2,17,2023,0
2023-05-02,New Mexico,65781090.4,Beverages,65781090.4,69870026.10000001,73908869.44285713,69690566.56666666,72192248.68367347,72999905.58444445,3208090.300031743,1,5,2,18,2023,0
2023-05-03,New Mexico,71026572.5,Beverages,71026572.5,65781090.4,73918887.9142857,70075251.90476191,71779060.76734695,73031616.27095239,3134047.127704938,2,5,2,18,2023,0
2023-07-05,New Mexico,79488159.5,Beverages,79488159.5,79353848.59523809,78547983.16666667,75458832.35714285,79085226.78571428,77540651.38095237,290144.7155684523,2,7,3,27,2023,0
2023-08-01,New Mexico,63821677.7,Beverages,63821677.7,64401917.766666666,67883358.16666667,79085226.78571428,65562397.90000001,72163703.56952381,1253461.804964076,1,8,3,31,2023,0
2023-09-04,New Mexico,73606502.10000001,Beverages,73606502.10000001,73318713.14705883,71591979.42941177,64972833.51176471,72743135.24117647,69433562.28235295,621695.193289503,0,9,3,36,2023,0
2023-12-02,New Mexico,67950099.5,Beverages,67950099.5,68013654.58539326,68394985.09775281,69856752.06179775,68140764.75617978,68871648.23820224,137294.67615963632,5,12,4,48,2023,0
2023-12-03,New Mexico,77737211.9,Beverages,77737211.9,67950099.5,68331430.01235954,69793196.9764045,69484447.88298556,69136448.73565544,3640745.186908636,6,12,4,48,2023,0
2019-03-11,New York,238220084.1,Beverages,238220084.1,238264827.68793103,238533289.2155172,239562391.737931,238354314.8637931,238868866.125,96657.1970974433,0,3,1,11,2019,0
2019-06-10,New York,258592907.1,Beverages,258592907.1,258369029.92417583,257025766.86923075,251876591.8252747,257921275.57252747,255346688.05054945,483629.9749381994,0,6,2,24,2019,0
2019-08-12,New York,240233769.1,Beverages,240233769.1,240525183.9888889,242273673.32222223,248976215.76666665,241108013.76666665,244459284.9888889,629528.110180951,0,8,3,33,2019,0
2019-10-11,New York,245240119.6,Beverages,245240119.6,245156680.425,244656045.375,242736944.35,244989802.075,244030251.5625,180249.2190898346,4,10,4,41,2019,0
2019-10-13,New York,252546938.6,Beverages,252546938.6,248893529.1,244822923.725,242903822.7,246686667.7071429,244554126.945,2952353.800141189,6,10,4,41,2019,0
2019-10-20,New York,235475052.5,Beverages,235475052.5,237913893.37142852,252546938.6,243487896.925,242791575.1142857,244450059.2783333,5268498.430802532,6,10,4,42,2019,0
2019-10-27,New York,235756719.5,Beverages,235756719.5,235716481.35714287,235475052.5,244071971.15,235636005.07142857,242540074.6158333,86924.323332496,6,10,4,43,2019,0
2019-11-17,New York,239914025.0,Beverages,239914025.0,239716058.07142857,238528256.5,240352734.2428572,239320124.2142857,237315415.0457143,427657.44364278833,6,11,4,46,2019,0
2019-11-24,New York,249630625.3,Beverages,249630625.3,248242539.5428572,239914025.0,235676243.2142857,245466368.02857143,239545308.2352381,2998607.953065676,6,11,4,47,2019,0
2019-12-15,New York,247147491.1,Beverages,247147491.1,247265735.58571428,247975202.5,239518091.1428572,247502224.55714288,247094110.47904763,255437.28364982572,6,12,4,50,2019,0
2019-12-22,New York,255211106.1,Beverages,255211106.1,254059161.1,247147491.1,246854453.7857143,251755271.1,249169623.9214286,2488485.614610177,6,12,4,51,2019,0
2019-12-29,New York,248394540.0,Beverages,248394540.0,249368335.15714285,255211106.1,249039402.87142852,251315925.4714286,249668252.3961905,2103637.968937231,6,12,4,52,2019,0
2020-01-03,New York,243570108.0,Beverages,243570108.0,244534994.4,250342130.31428573,248448180.44285715,246466039.87959185,249137454.29380956,2086456.5287013664,4,1,1,1,2020,0
2020-01-11,New York,242029203.0,Beverages,242029203.0,242221816.125,243377494.875,247502224.55714285,242607042.375,247747392.60857144,416091.9060793959,5,1,1,2,2020,0
2020-01-19,New York,247951897.4,Beverages,247951897.4,247211560.6,242769539.8,252907216.1,245730887.0,246683122.9933333,1599310.2767637311,6,1,1,3,2020,0
2020-01-26,New York,224104617.3,Beverages,224104617.3,227511371.6,247951897.4,250342130.31428573,234324880.2,242334966.02857143,7359430.413828467,6,1,1,4,2020,0
2020-02-02,New York,240088802.6,Beverages,240088802.6,237805347.55714285,224104617.3,243570108.0,233238437.47142857,239248525.46666667,4932826.676409326,6,2,1,5,2020,0
2020-02-08,New York,303165564.8,Beverages,303165564.8,292652771.1,237805347.55714285,242414429.25,271627183.7,246046049.16416663,22710229.99518567,5,2,1,6,2020,0
2020-02-16,New York,232977877.4,Beverages,232977877.4,241751338.325,294392103.875,246471223.8,259298260.175,251296269.67,18952841.760846395,6,2,1,7,2020,0
2020-02-23,New York,235085112.1,Beverages,235085112.1,234784078.57142857,232977877.4,230918125.9,234182011.5142857,249811351.34,650306.7467237345,6,2,1,8,2020,0
2020-03-05,New York,254010484.6,Beverages,254010484.6,252289996.1909091,241967065.7363636,261114390.0,248849019.37272725,253260932.36,3716679.751311691,3,3,1,10,2020,0
2020-03-15,New York,290204863.6,Beverages,290204863.6,286585425.70000005,264868798.3,250524799.25,279346549.90000004,251755523.16416663,7818879.501298472,6,3,1,11,2020,0
2020-03-22,New York,288087082.90000004,Beverages,288087082.90000004,288389623.00000006,290204863.6,234483045.0428572,288994703.2,264383150.3890476,653561.3130192579,6,3,1,12,2020,0
2020-03-29,New York,240171904.5,Beverages,240171904.5,247016929.9857143,288087082.90000004,243687554.14545453,260706980.9571429,269511376.7021212,14786945.082303109,6,3,1,13,2020,0
2020-04-10,New York,264421970.0,Beverages,264421970.0,262401131.2083333,250276098.4583333,275727112.0,258359453.625,267556763.195,4365510.734026975,4,4,2,15,2020,0
2020-04-19,New York,248987202.7,Beverages,248987202.7,250702176.8444444,260992021.7111111,288692163.1,254132125.1333333,258124591.5283333,3704767.578207872,6,4,2,16,2020,0
2020-04-26,New York,244370860.1,Beverages,244370860.1,245030337.6142857,248987202.7,253861955.47142857,246349292.64285716,251798201.8745238,1424634.255508428,6,4,2,17,2020,0
2020-05-01,New York,245424005.3,Beverages,245424005.3,245213376.26,245689815.12857145,246234420.875,244916419.1163265,251971007.0533333,363208.0893123395,4,5,2,18,2020,0
2020-05-04,New York,252079999.8,Beverages,252079999.8,249861334.96666667,244581489.14,252296937.25,247145178.83714288,251929530.70416668,2851860.9970096154,0,5,2,19,2020,0
2020-05-07,New York,322977709.3,Beverages,322977709.3,299345139.4666667,245213376.26,258359453.625,270434775.51428574,256230183.1675,30357884.99255912,3,5,2,19,2020,0
2020-05-17,New York,258711535.8,Beverages,258711535.8,265138153.15,303697857.25,252417150.9888889,277991387.85,265769357.53981483,13883080.204413991,6,5,2,20,2020,0
2020-05-24,New York,290287214.2,Beverages,290287214.2,285776403.0,258711535.8,245689815.12857145,276754780.6,272521032.00214285,9744465.90889257,6,5,2,21,2020,0
2020-05-31,New York,275277516.79999995,Beverages,275277516.79999995,277421759.28571427,290287214.2,245424005.3,281710244.25714284,281106257.86833334,4632093.181477555,6,5,2,22,2020,0
2020-06-09,New York,277206444.1,Beverages,277206444.1,276992118.84444445,275706167.3111111,303697857.25,276563468.3333333,278077905.8883333,462995.4688160833,1,6,2,24,2020,0
2020-06-12,New York,237551612.1,Beverages,237551612.1,250769889.4333333,276349143.07777774,284418005.20000005,265692784.73809525,274070432.57666665,15910230.515569702,4,6,2,24,2020,0
2020-06-14,New York,288739607.5,Beverages,288739607.5,263145609.8,276777793.5888889,271564770.5,265484778.36349207,274148067.87499994,17393028.777464367,6,6,2,24,2020,0
2020-06-21,New York,283288685.2,Beverages,283288685.2,284067388.3857143,288739607.5,281265591.8,285624794.75714284,277958202.12,1682191.142556367,6,6,2,25,2020,0
2020-06-28,New York,305546964.29999995,Beverages,305546964.29999995,302367210.1428571,283288685.2,279566001.7714285,296007701.8285714,280515464.1828572,6869054.059045822,6,6,2,26,2020,0
2020-07-06,New York,287660278.3,Beverages,287660278.3,289896114.05,303311128.54999995,276563468.3333333,294367785.55,285682811.52111113,4829957.2466647765,0,7,3,28,2020,0
2020-07-19,New York,301434293.20000005,Beverages,301434293.20000005,300374753.59230775,294017515.9461539,284846091.57142854,298255674.37692314,294643244.5328571,2288867.152393103,6,7,3,29,2020,0
2020-07-26,New York,293590908.40000004,Beverages,293590908.40000004,294711391.9428572,301434293.20000005,299187455.98571426,296952359.0285715,296215601.2414285,2420521.099373424,6,7,3,30,2020,0
2020-08-03,New York,261730061.5,Beverages,261730061.5,265712667.3625,289608302.5375,292131949.8,273677879.08750004,289919269.46333337,8603411.966275036,0,8,3,32,2020,0
2020-08-11,New York,256085338.5,Beverages,256085338.5,256790928.875,261024471.125,294017515.9461539,258202109.625,281341630.9496154,1524249.4198896354,1,8,3,33,2020,0
2020-08-16,New York,291656928.5,Beverages,291656928.5,284542610.5,257496519.25,299315213.98461545,271431104.26785713,278046990.5714103,13758596.11325263,6,8,3,33,2020,0
2020-08-23,New York,278739405.4,Beverages,278739405.4,280584765.8428571,291656928.5,295831875.4857143,284275486.7285714,274638828.81976193,3986434.1750894594,6,8,3,34,2020,0
2020-08-30,New York,276545914.3,Beverages,276545914.3,276859270.17142856,278739405.4,273677879.08750004,277485981.9142857,272834966.1195833,676926.0497014233,6,8,3,35,2020,0
2020-09-02,New York,241490835.1,Beverages,241490835.1,253175861.5,277799337.78571427,261730061.5,266798768.13265303,271581285.5333333,14421537.512453746,2,9,3,36,2020,0
2020-09-08,New York,293584275.8,Beverages,293584275.8,284902035.68333334,253175861.5,257496519.25,267537555.45,274104921.5975,18755782.29247736,1,9,3,37,2020,0
2020-09-13,New York,268753108.8,Beverages,268753108.8,273719342.2,276219795.56666666,277428292.5,281702027.06904763,276425244.50166667,8598037.849748665,6,9,3,37,2020,0
2020-09-20,New York,259300455.2,Beverages,259300455.2,260650834.28571427,268753108.8,282430126.28571427,263351592.4571429,270980490.2464286,2917152.2330238875,6,9,3,38,2020,0
2020-09-27,New York,262863201.2,Beverages,262863201.2,262354237.4857143,259300455.2,277172626.0428572,261336310.05714288,267014933.9207143,1099487.2857307135,6,9,3,39,2020,0
2020-10-05,New York,266107943.2,Beverages,266107943.2,265702350.45,263268793.95,267537555.45,264891164.95,267948541.7083333,876180.4806404377,0,10,4,41,2020,0
2020-10-18,New York,246736837.9,Beverages,246736837.9,248226922.92307693,257167433.0615385,262001213.37142852,251207092.9692308,259687264.43285716,3218951.5510465475,6,10,4,42,2020,0
2020-10-25,New York,247228482.7,Beverages,247228482.7,247158247.7285714,246736837.9,261845273.77142856,247017777.78571424,256521811.87619048,151724.87922359983,6,10,4,43,2020,0
2020-11-10,New York,260363050.6,Beverages,260363050.6,259542140.10625,254616677.14375,257167433.0615385,257900319.11875004,251829121.52115387,1773369.3488659018,1,11,4,46,2020,0
2020-11-15,New York,252229856.1,Beverages,252229856.1,253856495.0,258721229.6125,249717007.94615385,256760122.8866072,252293447.5057692,3036822.7197692567,6,11,4,46,2020,0
2020-11-22,New York,257463052.7,Beverages,257463052.7,256715453.18571427,252229856.1,247088012.75714284,255220254.15714288,254188124.31261903,1614999.5327800503,6,11,4,47,2020,0
2020-11-29,New York,260037359.4,Beverages,260037359.4,259669601.3,257463052.7,251333035.16875,258934085.1,256511317.45812505,794448.2952820305,6,11,4,48,2020,0
2020-12-01,New York,240445415.4,Beverages,240445415.4,250241387.4,258198568.9,252974856.15625,255313716.97142857,256029917.4908333,7390006.012360906,1,12,4,49,2020,0
2020-12-04,New York,255897518.0,Beverages,255897518.0,250746817.13333333,259301843.2,255437587.6375,251804887.84285715,255642931.4897917,7274698.541655212,4,12,4,49,2020,0
2020-12-07,New York,301481909.6,Beverages,301481909.6,286287112.40000004,250241387.4,257900319.11875,264506743.42857143,258563701.8672917,22674989.164931096,0,12,4,50,2020,0
2020-12-13,New York,254187772.3,Beverages,254187772.3,262070128.51666668,286287112.40000004,255483133.9,277834840.95,261677243.145,17027835.57756741,6,12,4,50,2020,0
2020-12-20,New York,254085288.5,Beverages,254085288.5,254099929.0428572,254187772.3,255967853.67142856,254129210.12857145,261692404.6978572,31627.18732806792,6,12,4,51,2020,0
2020-12-27,New York,258533686.9,Beverages,258533686.9,257898201.4142857,254085288.5,259301843.2,256627230.4428572,261338420.43833336,1372805.5501733269,6,12,4,52,2020,0
2021-01-08,New York,301849752.40000004,Beverages,301849752.40000004,298240080.27500004,276582047.52500004,285717197.1666667,291020736.02500004,267443299.30166668,7797783.016134588,4,1,1,1,2021,0
2021-01-17,New York,250502307.6,Beverages,250502307.6,256207579.24444443,290439209.1111112,254114569.58571428,267618122.53333333,271614834.89309525,12324795.380541904,6,1,1,2,2021,0
2021-01-24,New York,241055112.2,Beverages,241055112.2,242404711.5428572,250502307.6,257262715.92857143,245103910.2285714,269200949.2021429,2915467.7959321854,6,1,1,3,2021,0
2021-01-31,New York,245213128.5,Beverages,245213128.5,244619126.17142856,241055112.2,276582047.52500004,243431121.5142857,263893364.06583336,1283191.6885716242,6,1,1,4,2021,0
2021-02-05,New York,265315458.0,Beverages,265315458.0,261294992.1,244025123.84285715,294630408.15000004,253743555.0959184,258870607.7825,7958262.22997601,4,2,1,5,2021,0
2021-02-14,New York,245769665.5,Beverages,245769665.5,247941420.2222222,260971948.55555555,261912850.8888889,252284929.66666663,250097929.9848148,4691526.405088767,6,2,1,6,2021,0
2021-02-21,New York,240380606.6,Beverages,240380606.6,241150472.15714285,245769665.5,243754310.88571423,242690203.27142856,248759729.59142855,1663099.6828241216,6,2,1,7,2021,0
2021-02-28,New York,248778098.2,Beverages,248778098.2,247578456.5428572,240380606.6,244025123.84285715,245179173.2285714,249380022.68904763,2591522.170316324,6,2,1,8,2021,0
2021-03-01,New York,248280769.1,Beverages,248280769.1,248778098.2,241580248.25714284,244619126.17142856,246136390.49183676,249502077.45333332,2256461.268280171,0,3,1,9,2021,0
2021-03-10,New York,403887299.9,Beverages,403887299.9,386597685.3666667,282859998.1666666,258800193.8333333,352018456.3,272770676.4777778,37349836.18865408,2,3,1,10,2021,0
2021-03-14,New York,302978824.9,Beverages,302978824.9,328205943.65,352018456.29999995,250113174.94444445,360438724.0285714,284430502.6107407,35053359.91876787,6,3,1,10,2021,0
2021-03-21,New York,298280258.3,Beverages,298280258.3,298951482.1,302978824.9,241920337.7142857,300293929.7,297465371.87857145,1450009.1328205755,6,3,1,11,2021,0
2021-03-28,New York,252738721.8,Beverages,252738721.8,259244655.58571428,298280258.3,246378814.88571423,272256523.1571429,304277602.72809523,14054423.288742566,6,3,1,12,2021,0
2021-04-04,New York,260397143.6,Beverages,260397143.6,259303083.34285715,252738721.8,317439227.23333335,257114962.8285714,300582542.53555554,2363440.278325708,6,4,2,13,2021,0
2021-04-07,New York,324347057.29999995,Beverages,324347057.29999995,303030419.4,256020902.57142857,369308070.8333333,277730781.5795919,295683738.84555554,26693192.73282671,2,4,2,14,2021,0
2021-04-18,New York,251939168.9,Beverages,251939168.9,258521704.2090909,298016916.0636364,299622705.9,271686774.8272727,278176456.68,14219901.49211162,6,4,2,15,2021,0
2021-04-25,New York,259017715.6,Beverages,259017715.6,258006494.6428572,251939168.9,265750589.37142852,255984052.7285714,271537934.8128571,2184486.937346951,6,4,2,16,2021,0
2021-05-09,New York,295669694.3,Beverages,295669694.3,293051695.8214286,277343704.95,311181986.6818181,287815698.8642857,273248333.9659091,5655523.096153068,6,5,2,18,2021,0
2021-05-12,New York,373755426.7,Beverages,373755426.7,347726849.23333335,285197700.3857143,291434380.75454545,315735904.8612245,278219327.2828788,33571319.6285104,2,5,2,19,2021,0
2021-05-16,New York,272939159.3,Beverages,272939159.3,298143226.15,295669694.3,265104239.5181818,326594512.28571427,282988289.5619697,33851934.60579188,6,5,2,19,2021,0
2021-05-23,New York,305640440.40000004,Beverages,305640440.40000004,300968828.81428576,272939159.3,256995273.68571427,291625605.6428572,291523429.8130952,10091834.443566376,6,5,2,20,2021,0
2021-05-30,New York,295447775.3,Beverages,295447775.3,296903870.31428576,305640440.40000004,272107707.9928572,299816060.3428572,299767751.712381,3145524.739952292,6,5,2,21,2021,0
2021-06-06,New York,287621786.6,Beverages,287621786.6,288739784.9857143,295447775.3,290433697.3428571,290975781.7571429,301726837.0107143,2415152.546360121,6,6,2,22,2021,0
2021-06-13,New York,310781451.7,Beverages,310781451.7,307472928.1142857,287621786.6,323347293.0,300855880.94285715,295133189.5416667,7147227.817864418,6,6,2,23,2021,0
2021-06-20,New York,299271436.8,Beverages,299271436.8,300915724.64285713,310781451.7,296297217.2285715,304204300.32857144,299252447.7604762,3552067.714376262,6,6,2,24,2021,0
2021-06-27,New York,303611432.3,Beverages,303611432.3,302991432.94285715,299271436.8,298359965.32857144,301751434.2285715,299228780.8804762,1339351.688963642,6,6,2,25,2021,0
2021-07-02,New York,252825597.5,Beverages,252825597.5,262982764.46,302371433.5857143,292093780.14285713,281757503.1918368,295685870.07714283,19712378.145398185,4,7,3,26,2021,0
2021-07-03,New York,265880961.6,Beverages,265880961.6,252825597.5,302991432.94285715,290975781.7571429,276456007.28571427,294849376.0719048,17962511.429969016,5,7,3,26,2021,0
2021-07-11,New York,387419581.6,Beverages,387419581.6,372227254.1,281073289.1,304164404.5285714,341842599.1,305516554.1071428,32819178.377598755,6,7,3,27,2021,0
2021-07-18,New York,300180174.9,Beverages,300180174.9,312642947.28571427,387419581.6,302560012.4857143,337568492.05714285,312699291.56476194,26922665.405032724,6,7,3,28,2021,0
2021-07-25,New York,304886897.3,Beverages,304886897.3,304214508.3857143,300180174.9,302371433.5857143,302869730.55714285,313174084.1680953,1452526.0673414138,6,7,3,29,2021,0
2021-08-08,New York,303039914.6,Beverages,303039914.6,303171841.9357143,303963405.95000005,357034926.6,303435696.60714287,316575952.865,284995.6180263077,6,8,3,31,2021,0
2021-08-15,New York,313023910.1,Beverages,313023910.1,311597625.0285714,303039914.6,325105719.67142856,308745054.88571435,304956360.4078571,3081127.9033230194,6,8,3,32,2021,0
2021-08-22,New York,294983605.6,Beverages,294983605.6,297560791.9571429,313023910.1,303542119.4714286,302715164.6714286,304796237.81785715,5567358.837377082,6,8,3,33,2021,0
2021-08-29,New York,295457101.8,Beverages,295457101.8,295389459.4857143,294983605.6,304227260.6214286,295254174.85714287,302636979.2128572,146124.09984714744,6,8,3,34,2021,0
2021-09-05,New York,274095647.9,Beverages,274095647.9,277147284.17142856,295457101.8,303303769.2714286,283250556.71428573,297865547.1478571,6592287.793663214,6,9,3,35,2021,0
2021-09-19,New York,279297071.79999995,Beverages,279297071.79999995,278925541.5214285,276696359.85,300137978.31428576,278182480.9642857,283947575.6135714,802597.1323511421,6,9,3,37,2021,0
2021-09-26,New York,277853468.0,Beverages,277853468.0,278059697.1142857,279297071.79999995,295321817.17142856,278472155.3428572,279975176.51785713,445505.8047312967,6,9,3,38,2021,0
2021-10-01,New York,250105856.8,Beverages,250105856.8,255655379.04,278265926.2285714,286302192.98571426,265991095.93061227,274879058.4292857,10869508.366169738,4,10,4,39,2021,0
2021-10-10,New York,403148965.4,Beverages,403148965.4,386144175.5555555,284115436.48888886,275953299.2928571,352134595.8666667,292393213.4723809,36734544.53758987,6,10,4,40,2021,0
2021-10-17,New York,383288005.7,Beverages,383288005.7,386125285.6571428,403148965.4,278554011.2428571,391799845.5714286,319077312.6773809,6129225.230361813,6,10,4,41,2021,0
2021-10-24,New York,380250399.1,Beverages,380250399.1,380684342.9,383288005.7,278265926.2285714,381552230.5,343052348.6071428,937425.7485999354,6,10,4,42,2021,0
2021-10-31,New York,373302522.6,Beverages,373302522.6,374295076.3857143,380250399.1,250105856.8,376280183.9571429,368786469.14666665,2144161.238190351,6,10,4,43,2021,0
2021-11-04,New York,263431939.9,Beverages,263431939.9,290899585.57500005,376280183.9571429,318125016.17777777,334488408.97244895,370388546.0801852,44894922.99815529,3,11,4,44,2021,0
2021-11-07,New York,302761906.1,Beverages,302761906.1,289651917.3666667,373302522.6,369139385.7111111,298212769.39285713,364140278.2301852,27388757.997089088,6,11,4,44,2021,0
2021-11-14,New York,391749072.1,Beverages,391749072.1,379036619.81428576,302761906.1,388962565.6142857,353611715.2428572,354567052.83357143,27462035.6348682,6,11,4,45,2021,0
2021-11-21,New York,397448170.0,Beverages,397448170.0,396634013.1571429,391749072.1,381118286.7,395005699.4714286,357423577.2816667,1758779.7955191515,6,11,4,46,2021,0
2021-11-28,New York,379356773.1,Beverages,379356773.1,381941258.3714286,397448170.0,375287630.1714286,387110228.9142857,359506016.3378572,5583126.29434426,6,11,4,47,2021,0
2021-12-09,New York,286048551.3,Beverages,286048551.3,294531116.91818184,345426510.6272727,328186810.6714286,311496248.1545454,363983583.6547619,18324436.07622448,3,12,4,49,2021,0
2021-12-12,New York,389500262.3,Beverages,389500262.3,355016358.6333333,319978813.7727273,366324167.5285714,322876953.5441559,364124047.9938095,36880417.02317803,6,12,4,49,2021,0
2021-12-19,New York,399508747.6,Beverages,399508747.6,398078963.9857143,389500262.3,395819856.3142857,395219396.7571429,364950460.4019048,3088685.619704988,6,12,4,50,2021,0
2021-12-26,New York,394759409.2000001,Beverages,394759409.2000001,395437886.1142858,399508747.6,384525743.64285713,396794839.9428572,366117397.91904765,1465677.650515871,6,12,4,51,2021,0
2022-01-05,New York,409395896.9,Beverages,409395896.9,407932248.13,399150355.5100001,311496248.1545455,405004950.59,384027895.2634849,3161842.717338444,2,1,1,1,2022,0
2022-01-16,New York,391697962.7,Beverages,391697962.7,393306865.8090909,402960284.46363634,396649180.3714286,396524672.0272727,400013787.5411905,3475627.9529888784,6,1,1,2,2022,0
2022-01-23,New York,363372584.3,Beverages,363372584.3,367419066.92857146,391697962.7,396116363.0285715,375512032.1857143,394801451.8554762,8741401.552136846,6,1,1,3,2022,0
2022-01-30,New York,373188823.9,Beverages,373188823.9,371786503.9571428,363372584.3,402077653.0500001,368981864.0714286,388032251.04333335,3029357.3086450635,6,1,1,4,2022,0
2022-02-01,New York,377001512.3,Beverages,377001512.3,375095168.1,366177224.1857143,405004950.59,372002514.35306126,386150598.643,3349489.148144349,1,2,1,5,2022,0
2022-02-10,New York,420702847.9,Beverages,420702847.9,415847143.9444444,386712920.2111111,399742478.24545455,406135736.0333333,384988436.2496969,10489519.41474042,3,2,1,6,2022,0
2022-02-13,New York,381278050.6,Beverages,381278050.6,394419649.7,401280032.07777774,394915768.9181818,405276588.13809526,384777934.0169697,13429609.06378559,6,2,1,6,2022,0
2022-02-20,New York,368925237.8,Beverages,368925237.8,370689925.3428572,381278050.6,371465549.55714285,374219300.4285714,382669190.6976191,3812160.7930100863,6,2,1,7,2022,0
2022-02-27,New York,377390305.1,Beverages,377390305.1,376181009.7714286,368925237.8,370384184.0142857,373762419.11428577,384257442.7619048,2612376.4841193147,6,2,1,8,2022,0
2022-03-04,New York,402829223.8,Beverages,402829223.8,397741440.06,374971714.4428572,381857216.2555556,388119942.35306126,387068744.6648148,10159490.409565482,4,3,1,9,2022,0
2022-03-07,New York,505790144.8,Beverages,505790144.8,471469837.8,382478088.84,396424328.12222224,427885672.3085714,395058866.0281481,45566776.89646314,0,3,1,10,2022,0
2022-03-13,New York,394353050.7,Beverages,394353050.7,412925899.7166667,471469837.8,407561248.8,450071597.75,401131952.385,40121939.50256892,6,3,1,10,2022,0
2022-03-20,New York,393035586.00000006,Beverages,393035586.00000006,393223795.2428572,394353050.7,372454612.8857143,393600213.7285714,404451414.2497619,406578.433577856,6,3,1,11,2022,0
2022-03-27,New York,394467218.8,Beverages,394467218.8,394262699.8285714,393035586.00000006,374971714.4428572,393853661.8857144,409604575.9540476,441811.4741364778,6,3,1,12,2022,0
2022-04-09,New York,454228372.2000001,Beverages,454228372.2000001,449631360.4000001,422049289.6,450071597.75,440437336.8000001,409911891.55500007,9930680.487787705,5,4,2,14,2022,0
2022-04-12,New York,390891170.6,Beverages,390891170.6,412003571.1333334,435840325.00000006,394353050.7,432191733.0571429,409819658.6966667,22864927.21682169,1,4,2,15,2022,0
2022-04-17,New York,415468707.1,Beverages,415468707.1,410553199.8,433115971.6666668,393412004.4857143,404440457.7476191,411794536.9514286,9033021.289691914,6,4,2,15,2022,0
2022-04-24,New York,390688799.3999999,Beverages,390688799.3999999,394228786.2142857,415468707.1,394058180.85714287,401308759.8428572,413616411.0542857,7647245.5397366015,6,4,2,16,2022,0
2022-05-06,New York,452815638.2,Beverages,452815638.2,447638401.6333333,416574982.2333333,440437336.8000001,437283928.5,417144820.7,11184109.240972508,4,5,2,18,2022,0
2022-05-15,New York,432556480.2000001,Beverages,432556480.2000001,434807497.7555556,448313603.0888889,405637692.5,439309532.86666673,423377274.15333337,4862753.695067258,6,5,2,19,2022,0
2022-05-22,New York,463629758.0,Beverages,463629758.0,459190718.31428576,432556480.2000001,397768773.02857137,450312638.9428572,433441368.5671429,9589421.717700295,6,5,2,20,2022,0
2022-05-29,New York,449893991.8,Beverages,449893991.8,451856244.1142857,463629758.0,416574982.2333333,455780748.7428571,445922872.23666674,4238949.477947133,6,5,2,21,2022,0
2022-06-02,New York,378756475.0,Beverages,378756475.0,396540854.2,455780748.7428572,437283928.5,425328701.077551,442711534.92333335,29674910.61109472,3,6,2,22,2022,0
2022-06-03,New York,390502426.00000006,Beverages,390502426.00000006,378756475.0,453818496.42857146,442461165.06666666,416283548.1591837,440979576.95444447,29189322.75129713,4,6,2,22,2022,0
2022-06-11,New York,414658872.5,Beverages,414658872.5,411639316.6875,393521981.81250006,439309532.86666673,405600205.0625,429734474.18388885,6522986.081743456,5,6,2,23,2022,0
2022-06-19,New York,455675393.0,Beverages,455675393.0,450548327.9375,419785937.5625,454751678.62857145,440294197.8125,428669635.2738095,11075726.404654495,6,6,2,24,2022,0
2022-06-26,New York,471218053.8,Beverages,471218053.8,468997673.6857143,455675393.0,453818496.42857146,464556913.4571429,430015065.6938095,4796569.257559371,6,6,2,25,2022,0
2022-07-08,New York,471705695.3,Beverages,471705695.3,471665058.5083333,471421237.7583333,405600205.0625,471583784.925,454881599.3954167,87785.50492101209,4,7,3,27,2022,0
2022-07-17,New York,472504381.6,Beverages,472504381.6,472415638.6777778,471883181.14444447,445421262.875,472238152.8333334,468841770.65625006,191706.62336966983,6,7,3,28,2022,0
2022-07-24,New York,470465101.3,Beverages,470465101.3,470756427.05714285,472504381.6,466777293.5714286,471339078.5714286,471557342.73452383,629335.5638426263,6,7,3,29,2022,0
2022-07-31,New York,467768086.8,Beverages,467768086.8,468153374.5857143,470465101.3,471421237.7583333,468923950.1571429,471075746.1591666,832316.7446712389,6,7,3,30,2022,0
2022-08-05,New York,423986354.6,Beverages,423986354.6,432742701.04,468538662.3714286,471624421.7166667,449059528.3979592,466068396.0502778,17161611.754402008,4,8,3,31,2022,0
2022-08-14,New York,471032963.8,Beverages,471032963.8,465805562.7777778,434441156.64444447,472326895.7555556,455350760.7333334,459512223.20592594,11292476.850550516,6,8,3,32,2022,0
2022-08-21,New York,456045796.8,Beverages,456045796.8,458186820.6571429,471032963.8,471047752.81428576,462468868.3714286,457319224.42857146,4625140.149113935,6,8,3,33,2022,0
2022-08-28,New York,451314586.1,Beverages,451314586.1,451990473.3428572,456045796.8,468538662.3714286,453342247.8285714,453506824.9861905,1460083.3208676127,6,8,3,34,2022,0
2022-09-01,New York,379375721.3,Beverages,379375721.3,397360437.5,453342247.8285714,450255393.92,425911800.3469387,446180911.2106667,29407124.855357327,3,9,3,35,2022,0
2022-09-10,New York,423193050.8,Beverages,423193050.8,418324458.6333333,389112905.6333333,455350760.73333335,408587274.3000001,435565794.1111111,10517361.13283196,5,9,3,36,2022,0
2022-09-18,New York,433258418.1,Beverages,433258418.1,432000247.1875,424451221.7125,460327844.51428574,429483905.3625,425911541.1035715,2717959.8127750857,6,9,3,37,2022,0
2022-09-25,New York,426238755.1,Beverages,426238755.1,427241564.1,433258418.1,452666360.5857143,429247182.1,419925107.16642857,2166315.03306573,6,9,3,38,2022,0
2022-10-04,New York,408505909.4,Beverages,408505909.4,410476225.5888889,422298122.7222222,393981497.8,414416857.9666667,421639427.455,4256369.4380472,1,10,4,40,2022,0
2022-10-07,New York,469314535.5,Beverages,469314535.5,449044993.4666666,416387174.1555556,408587274.3,427568645.0190476,426172058.5883333,23318788.907885697,4,10,4,40,2022,0
2022-10-16,New York,411644554.6,Beverages,411644554.6,418052330.2555556,456498984.1888889,430742076.275,430867881.5666667,430002980.0929167,13842377.492417429,6,10,4,41,2022,0
2022-10-23,New York,407301139.6,Beverages,407301139.6,407921627.4571429,411644554.6,428244373.1,409162603.1714286,424923966.8066667,1340406.969628091,6,10,4,42,2022,0
2022-10-30,New York,404190797.4,Beverages,404190797.4,404635132.0,407301139.6,416387174.1555556,405523801.2,421042208.6911112,959872.442081204,6,10,4,43,2022,0
2022-11-09,New York,436726666.9,Beverages,436726666.9,433473079.95,413951558.25,450091208.53333336,426965906.05,416321468.3094444,7028551.120907954,2,11,4,45,2022,0
2022-11-12,New York,417981284.50000006,Beverages,417981284.50000006,424229745.3,423712319.1,430867881.56666666,428582054.5428572,415016877.1172223,6197637.891560147,5,11,4,45,2022,0
2022-11-13,New York,415690860.5,Beverages,415690860.5,417981284.50000006,426965906.05,424460105.9111111,426971333.75,414724568.9368519,7914904.613041053,6,11,4,45,2022,0
2022-11-20,New York,413445518.9,Beverages,413445518.9,413766281.9857143,415690860.5,408542115.31428576,414407808.1571428,415465979.5069047,692927.4615334823,6,11,4,46,2022,0
2022-11-27,New York,426665131.5,Beverages,426665131.5,424776615.4142857,413445518.9,405079466.6,420999583.2428571,418863767.395,4079661.018789842,6,11,4,47,2022,0
2022-12-06,New York,463353692.3,Beverages,463353692.3,459277185.5444445,434818145.0111112,426965906.05,451124172.03333336,428669335.45166665,8806261.07937033,1,12,4,49,2022,0
2022-12-18,New York,421615746.1,Beverages,421615746.1,425093908.28333336,445962881.3833333,414087045.0714285,432050232.65,436219517.6128571,7513689.072413073,6,12,4,50,2022,0
2022-12-25,New York,442906401.2000001,Beverages,442906401.2000001,439864879.0428572,421615746.1,422888099.3285714,433781834.7285715,440009707.8271429,6570438.809653527,6,12,4,51,2022,0
2023-01-01,New York,398803114.4,Beverages,398803114.4,405103583.9428572,442906401.2000001,447047665.2777778,417704523.0285715,435943596.3422222,13610569.795165408,6,1,1,52,2023,0
2023-01-15,New York,403348511.1000001,Beverages,403348511.1000001,403023839.9071429,401075812.75,428572070.4666667,402374497.52142864,414148274.5177778,701369.9378378508,6,1,1,2,2023,0
2023-01-22,New York,393187482.5,Beverages,393187482.5,394639058.01428574,403348511.1000001,436823356.8857144,397542209.0428572,406894416.0530953,3135761.504106587,6,1,1,3,2023,0
2023-01-29,New York,394145632.9,Beverages,394145632.9,394008754.2714285,393187482.5,411404053.4857143,393734997.0142857,398672707.2530953,295691.6332276999,6,1,1,4,2023,0
2023-02-04,New York,413078347.7000001,Beverages,413078347.7000001,409922895.2333334,394008754.2714285,400101799.17142856,403611990.3000001,399631788.297381,6816556.407552141,5,2,1,5,2023,0
2023-02-19,New York,397662727.9,Beverages,397662727.9,398690435.88666666,404856683.80666673,396090633.5285714,400745851.8600001,401598669.1971429,2220102.99179378,6,2,1,7,2023,0
2023-02-26,New York,399007848.8,Beverages,399007848.8,398815688.67142856,397662727.9,393871875.64285713,398431368.4142858,402705417.412381,415113.3221403077,6,2,1,8,2023,0
2023-03-19,New York,457965796.5,Beverages,457965796.5,455158275.1809524,438313147.26666665,399718143.8733333,449543232.5428572,420435833.0728889,6064939.224690517,6,3,1,11,2023,0
2023-03-26,New York,406905861.1999999,Beverages,406905861.1999999,414200137.6714285,457965796.5,398623528.5428572,428788690.6142857,427568220.7090476,15757438.131282894,6,3,1,12,2023,0
2023-04-16,New York,438996451.1,Beverages,438996451.1,437468327.7714286,428299587.8,452350753.8619048,434412081.1142857,427088816.0026984,3301123.682590856,6,4,2,15,2023,0
2023-04-23,New York,422336065.4,Beverages,422336065.4,424716120.5,438996451.1,421494414.1428571,429476230.7,424181972.9290476,5141506.650364009,6,4,2,16,2023,0
2023-04-30,New York,427489274.7,Beverages,427489274.7,426753101.9428572,422336065.4,414546477.8428571,425280756.4285714,427462244.2690476,1590314.9161624156,6,4,2,17,2023,0
2023-05-02,New York,398935374.6999999,Beverages,398935374.6999999,413212324.6999999,423808410.9142857,417602724.5,420318906.4755102,426744590.06,10610653.082642443,1,5,2,18,2023,0
2023-05-03,New York,426576705.9,Beverages,426576705.9,398935374.6999999,424544583.67142856,419130847.8285714,420609209.6510204,426992785.3290476,10772105.391381666,2,5,2,18,2023,0
2023-07-05,New York,448720269.8,Beverages,448720269.8,448368784.65873015,446259873.8111111,438175715.5619047,447665814.3761905,443623735.2515873,759294.6868254934,2,7,3,27,2023,0
2023-08-01,New York,401146601.7,Beverages,401146601.7,402908589.4074074,413480515.65185183,447665814.3761905,406432564.8222222,426484076.1725397,3806328.481851219,1,8,3,31,2023,0
2023-09-04,New York,437785678.4,Beverages,437785678.4,436708058.4970588,430242339.07941175,405457081.3117647,434552818.6911765,422160189.8073529,2327925.0541887763,0,9,3,36,2023,0
2023-12-02,New York,416142347.6,Beverages,416142347.6,416385531.0921348,417844632.0449438,423437852.36404496,416871898.0764045,419668508.2359551,525336.3850726414,5,12,4,48,2023,0
2023-12-03,New York,462900602.7000001,Beverages,462900602.7000001,416142347.6,417601448.552809,423194668.8719101,423343205.8117175,420992039.36355805,17448115.985676605,6,12,4,48,2023,0
2019-03-11,North Carolina,188325661.0,Beverages,188325661.0,188222485.08620688,187603429.60344827,185230383.58620688,188016133.25862068,186829610.25,222885.447872663,0,3,1,11,2019,0
2019-06-10,North Carolina,212919687.8,Beverages,212919687.8,212649423.7692308,211027839.5846154,204811766.87692308,212108895.70769235,209000859.35384616,583837.0345104797,0,6,2,24,2019,0
2019-08-12,North Carolina,190647025.1,Beverages,190647025.1,191000559.42857143,193121765.4,201253054.9571429,191707628.08571428,195773272.8642857,763721.4371530015,0,8,3,33,2019,0
2019-10-11,North Carolina,188606220.9,Beverages,188606220.9,188640234.3033333,188844314.72333333,189626623.0,188708261.11,189099415.2483333,73477.34909728417,4,10,4,41,2019,0
2019-10-13,North Carolina,201468060.6,Beverages,201468060.6,195037140.75,188776287.9166667,189558596.19333333,191410919.9833333,189677881.767,5029148.358941407,6,10,4,41,2019,0
2019-10-20,North Carolina,192796951.6,Beverages,192796951.6,194035681.4571429,201468060.6,189320502.37,196513141.1714286,191332354.77166665,2675962.333173011,6,10,4,42,2019,0
2019-10-27,North Carolina,185626410.7,Beverages,185626410.7,186650773.68571427,192796951.6,189082408.54666668,188699499.65714285,191219199.9817778,2212876.9638204994,6,10,4,43,2019,0
2019-11-17,North Carolina,187088912.7,Beverages,187088912.7,187019269.74761903,186601412.03333333,195274411.3142857,186879983.84285712,187399042.5785714,150445.97195233474,6,11,4,46,2019,0
2019-11-24,North Carolina,188661091.3,Beverages,188661091.3,188436494.35714287,187088912.7,187675136.67142856,187987300.4714286,186747681.1461905,485184.8494377719,6,11,4,47,2019,0
2019-12-15,North Carolina,180282479.1,Beverages,180282479.1,180681460.63333333,183075349.8333333,186949626.79523808,181479423.7,185324582.29492065,861898.6203288739,6,12,4,50,2019,0
2019-12-22,North Carolina,202939686.0,Beverages,202939686.0,199702942.15714285,180282479.1,188211897.4142857,193229454.4714286,186647398.3352381,6992165.850908498,6,12,4,51,2019,0
2019-12-29,North Carolina,179605853.79999998,Beverages,179605853.79999998,182939258.4,202939686.0,186666183.63333336,189606067.6,187074870.13666663,7200976.9518267205,6,12,4,52,2019,0
2020-01-03,North Carolina,191518854.6,Beverages,191518854.6,189136254.44,186272663.0,184671275.96666667,185187626.2285714,187288939.34444445,4188106.09246677,4,1,1,1,2020,0
2020-01-11,North Carolina,206272025.4,Beverages,206272025.4,204427879.05,193363000.95,181479423.7,200739586.35,191806713.7733333,3983811.434755208,5,1,1,2,2020,0
2020-01-19,North Carolina,182962942.3,Beverages,182962942.3,185876577.6875,203358390.0125,196466198.31428573,191703848.46250004,193582626.91357145,6294171.812031008,6,1,1,3,2020,0
2020-01-26,North Carolina,179715822.29999998,Beverages,179715822.29999998,180179696.58571428,182962942.3,186272663.0,181107445.15714285,190263031.145,1002082.9874592468,6,1,1,4,2020,0
2020-02-02,North Carolina,186628119.5,Beverages,186628119.5,185640648.47142857,179715822.29999998,191518854.6,183665706.4142857,189907916.52166665,2133181.227787852,6,2,1,5,2020,0
2020-02-08,North Carolina,234057032.9,Beverages,234057032.9,226152214.0,185640648.47142857,202583732.7,210342576.2,193172240.28666663,17076360.519591317,5,2,1,6,2020,0
2020-02-16,North Carolina,180716589.6,Beverages,180716589.6,187384145.0125,227389477.4875,188790213.075,200719255.8375,194681525.44125,14403565.906892892,6,2,1,7,2020,0
2020-02-23,North Carolina,179535689.9,Beverages,179535689.9,179704389.85714287,180716589.6,180643570.8714285,180041789.7714286,194134739.14785716,364433.5593599716,6,2,1,8,2020,0
2020-03-05,North Carolina,218258710.8,Beverages,218258710.8,214738436.1727273,193616788.4090909,202437757.3,207697886.91818184,199624890.975,7604662.348846113,3,3,1,10,2020,0
2020-03-15,North Carolina,232460480.1,Beverages,232460480.1,231040303.17,222519241.59,194051700.425,228199949.31,203210693.88208333,3067932.809729267,6,3,1,11,2020,0
2020-03-22,North Carolina,214675669.5,Beverages,214675669.5,217216356.7285714,232460480.1,179873089.81428573,222297731.18571427,212775058.38357145,5488511.708042086,6,3,1,12,2020,0
2020-03-29,North Carolina,198659312.4,Beverages,198659312.4,200947363.4142857,214675669.5,197137063.0363637,205523465.44285712,217073112.03136364,4942755.109437713,6,3,1,13,2020,0
2020-04-10,North Carolina,219051175.5,Beverages,219051175.5,217351853.575,207155922.025,226779772.38,213953209.725,214417603.139,3670954.91968055,4,4,2,15,2020,0
2020-04-19,North Carolina,204203390.2,Beverages,204203390.2,205853144.1222222,215751667.65555555,219757043.9571429,209152651.96666667,209474559.8759524,3563875.795367032,6,4,2,16,2020,0
2020-04-26,North Carolina,203758326.6,Beverages,203758326.6,203821907.1142857,204203390.2,203235414.42857143,203949068.14285716,208031022.15880957,137349.608833624,6,4,2,17,2020,0
2020-05-01,North Carolina,178890817.79999998,Beverages,178890817.79999998,183864319.56,203885487.62857145,203757278.175,193109905.75918368,205977974.22666663,9718938.250306511,4,5,2,18,2020,0
2020-05-04,North Carolina,201730136.2,Beverages,201730136.2,194117030.06666663,198784824.84,208855243.95,189679338.85142857,204674085.03083333,7560711.62014363,0,5,2,19,2020,0
2020-05-07,North Carolina,241370136.6,Beverages,241370136.6,228156803.13333333,183864319.56,213953209.725,206530331.0571428,206264376.5641667,22709868.756102536,3,5,2,19,2020,0
2020-05-17,North Carolina,221743633.3,Beverages,221743633.3,223706283.63,235482185.61,207502898.04444444,227631584.29,211815540.51240745,4239809.290123698,6,5,2,20,2020,0
2020-05-24,North Carolina,226324934.6,Beverages,226324934.6,225670462.9857143,221743633.3,203885487.62857145,224361519.75714287,216495902.53547615,1413820.2755484537,6,5,2,21,2020,0
2020-05-31,North Carolina,220754539.1,Beverages,220754539.1,221550309.8857143,226324934.6,178890817.79999998,223141851.45714283,223503356.5316667,1719061.3725252503,6,5,2,22,2020,0
2020-06-09,North Carolina,236127507.2,Beverages,236127507.2,234419399.63333333,224170754.2333333,235482185.61,231003184.5,226320012.69766667,3689934.074850126,1,6,2,24,2020,0
2020-06-12,North Carolina,195796595.3,Beverages,195796595.3,209240232.6,229295076.9333333,229594234.62,223140297.3142857,224088347.46266663,15222860.386473363,4,6,2,24,2020,0
2020-06-14,North Carolina,225712157.5,Beverages,225712157.5,210754376.4,232711292.06666663,225668933.96,219247734.07619047,223527214.651,14668248.568494275,6,6,2,24,2020,0
2020-06-21,North Carolina,221508792.7,Beverages,221508792.7,222109273.38571423,225712157.5,225015991.37142852,223310234.75714284,223500097.50619048,1297186.5395026885,6,6,2,25,2020,0
2020-06-28,North Carolina,234828042.7,Beverages,234828042.7,232925292.7,221508792.7,222346080.67142856,229119792.7,224571932.17619047,4110409.787964052,6,6,2,26,2020,0
2020-07-06,North Carolina,227809116.9,Beverages,227809116.9,228686482.625,233950676.975,231003184.5,230441214.075,226049826.61,1895326.5871293023,0,7,3,28,2020,0
2020-07-19,North Carolina,239036601.9,Beverages,239036601.9,238172949.20769235,232991033.0538461,222709754.07142857,236445643.82307693,231153556.8395238,1865703.0507725785,6,7,3,29,2020,0
2020-07-26,North Carolina,230211946.2,Beverages,230211946.2,231472611.3,239036601.9,231022542.7,233993941.5,233095367.2033333,2723347.873542048,6,7,3,30,2020,0
2020-08-03,North Carolina,196435895.4,Beverages,196435895.4,200657901.75,225989939.85,229563848.35,209101914.45,227475581.52416664,9120576.127127366,0,8,3,32,2020,0
2020-08-11,North Carolina,205375019.5,Beverages,205375019.5,204257628.9875,197553285.9125,232991033.0538461,202022847.9625,219816455.33038464,2413839.3901263257,1,8,3,33,2020,0
2020-08-16,North Carolina,228995926.6,Beverages,228995926.6,224271745.18,203140238.475,237309296.5153846,215338638.18392852,217144050.76858976,9432361.27652504,6,8,3,33,2020,0
2020-08-23,North Carolina,222834290.7,Beverages,222834290.7,223714524.4,228995926.6,232733276.4,225474991.8,214638796.05166668,1901522.121231192,6,8,3,34,2020,0
2020-08-30,North Carolina,233981320.7,Beverages,233981320.7,232388887.84285712,222834290.7,209101914.45,229204022.12857145,216472594.7733333,3440048.142254183,6,8,3,35,2020,0
2020-09-02,North Carolina,184957410.2,Beverages,184957410.2,201298713.7,227611589.27142856,196435895.4,218609546.67959183,216536675.96833333,18797147.56299124,2,9,3,36,2020,0
2020-09-08,North Carolina,229864947.3,Beverages,229864947.3,222380357.78333333,201298713.7,203140238.475,207411178.75,218698018.23125,16168561.297179706,1,9,3,37,2020,0
2020-09-13,North Carolina,218369409.6,Beverages,218369409.6,220668517.14,214895768.26666668,219547563.76,223869061.2119048,220722529.161,3980971.024547571,6,9,3,37,2020,0
2020-09-20,North Carolina,213160624.9,Beverages,213160624.9,213904737.0,218369409.6,224594758.1,215392961.2,218146093.465,1607465.8568825012,6,9,3,38,2020,0
2020-09-27,North Carolina,213896721.7,Beverages,213896721.7,213791565.0142857,213160624.9,230796454.9857143,213581251.64285716,215161493.46642855,227164.40427519093,6,9,3,39,2020,0
2020-10-05,North Carolina,214465563.7,Beverages,214465563.7,214394458.45,213967826.95,207411178.75,214252247.95,216617741.64166668,153604.8958502904,0,10,4,41,2020,0
2020-10-18,North Carolina,206647392.9,Beverages,206647392.9,207248790.6538461,210857177.17692307,214648849.1,208451586.16153845,212306427.28333333,1299167.6330959173,6,10,4,42,2020,0
2020-10-25,North Carolina,207366034.7,Beverages,207366034.7,207263371.58571428,206647392.9,213686408.3285714,207058045.3571429,210805109.97714284,221777.6743393801,6,10,4,43,2020,0
2020-11-10,North Carolina,214391730.8,Beverages,214391730.8,213952624.79375,211317988.75625,210857177.17692307,213074412.78125,209538079.75602564,948577.3885410812,1,11,4,46,2020,0
2020-11-15,North Carolina,202009932.7,Beverages,202009932.7,204486292.32,213513518.7875,207850188.4076923,209022516.47053573,209189691.09346157,4755228.870952482,6,11,4,46,2020,0
2020-11-22,North Carolina,210278427.5,Beverages,210278427.5,209097213.9571429,202009932.7,207160708.47142857,206734786.87142852,209138704.8711905,2551712.8935694546,6,11,4,47,2020,0
2020-11-29,North Carolina,195949554.4,Beverages,195949554.4,197996536.27142856,210278427.5,209561564.73125,202090500.0142857,207691615.87854165,4421986.241024347,6,11,4,48,2020,0
2020-12-01,North Carolina,183461142.4,Beverages,183461142.4,189705348.4,206184463.75714287,210439776.74375,196197725.93061227,206115817.3225,7305516.894223593,1,12,4,49,2020,0
2020-12-04,North Carolina,205079929.3,Beverages,205079929.3,197873667.0,200043518.1428572,211757094.7625,194390511.78163263,204771385.146875,7036730.313128957,4,12,4,49,2020,0
2020-12-07,North Carolina,227165538.9,Beverages,227165538.9,219803669.03333333,189705348.4,213074412.78125,205213307.2142857,205488221.37270835,15735619.318951791,0,12,4,50,2020,0
2020-12-13,North Carolina,201006437.8,Beverages,201006437.8,205366287.9833333,219803669.03333333,206962651.94,214085988.35,205530270.389,9418352.84069662,6,12,4,50,2020,0
2020-12-20,North Carolina,211981451.3,Beverages,211981451.3,210413592.22857144,201006437.8,207916000.4142857,207277874.0857143,206086304.6202381,3386962.6978593734,6,12,4,51,2020,0
2020-12-27,North Carolina,192971374.5,Beverages,192971374.5,195687099.75714284,211981451.3,200043518.1428572,201118550.27142856,205011864.65404764,5866637.066554112,6,12,4,52,2020,0
2021-01-08,North Carolina,259772020.1,Beverages,259772020.1,254205299.63333333,220804976.8333333,218445838.53333333,243071858.7,214627350.44,12025490.628328225,4,1,1,1,2021,0
2021-01-17,North Carolina,198861442.4,Beverages,198861442.4,205629284.36666667,246236336.16666663,208845733.15714288,219164968.3,220449362.60761905,14620209.624589738,6,1,1,2,2021,0
2021-01-24,North Carolina,194192189.8,Beverages,194192189.8,194859225.8857143,198861442.4,198402825.0142857,196193298.05714288,218175584.7819048,1440962.6360028605,6,1,1,3,2021,0
2021-01-31,North Carolina,194920348.2,Beverages,194920348.2,194816325.57142857,194192189.8,220804976.8333333,194608280.31428573,215683645.06333333,224714.56087650135,6,1,1,4,2021,0
2021-02-05,North Carolina,234669454.0,Beverages,234669454.0,226719632.84,194712302.94285715,248638579.16666663,211940818.88163263,212561090.63777775,15535534.3825919,4,2,1,5,2021,0
2021-02-14,North Carolina,193478579.0,Beverages,193478579.0,198055342.8888889,225515926.2222222,212397126.3333333,207208870.66666663,204667384.82555556,9886940.000575645,6,2,1,6,2021,0
2021-02-21,North Carolina,197170474.9,Beverages,197170474.9,196643061.2,193478579.0,195526261.97142857,195588233.8,204011559.4628572,1139343.8101698705,6,2,1,7,2021,0
2021-02-28,North Carolina,205260322.1,Beverages,205260322.1,204104629.6428572,197170474.9,194712302.94285715,201793244.7285714,205710893.09571427,2496581.0472852383,6,2,1,8,2021,0
2021-03-01,North Carolina,197454738.3,Beverages,197454738.3,205260322.1,198326167.35714287,194816325.57142857,201668754.8632653,205798840.18666664,2710812.608773724,0,3,1,9,2021,0
2021-03-10,North Carolina,339832032.6999999,Beverages,339832032.6999999,324012333.3222222,229094137.05555555,220939162.3333333,292372934.56666666,223254237.9011111,34174456.53137971,2,3,1,10,2021,0
2021-03-14,North Carolina,250149444.2,Beverages,250149444.2,272570091.325,292372934.5666666,202632106.7777778,301022665.64523804,233158659.5379629,31060983.480862115,6,3,1,10,2021,0
2021-03-21,North Carolina,231871132.6,Beverages,231871132.6,234482319.97142857,250149444.2,196115647.5,239704694.7142857,243528487.5583333,5640809.423061912,6,3,1,11,2021,0
2021-03-28,North Carolina,214576034.4,Beverages,214576034.4,217046762.71428573,231871132.6,202948937.18571427,221988219.34285715,248759028.82309523,5337383.180368685,6,3,1,12,2021,0
2021-04-04,North Carolina,218644432.7,Beverages,218644432.7,218063232.94285715,214576034.4,260733535.8111111,216900833.42857143,247541368.72240737,1255534.9733512602,6,4,2,13,2021,0
2021-04-07,North Carolina,262767858.1,Beverages,262767858.1,248060049.63333333,216319633.67142856,308192633.9444444,230752954.4510204,243110080.22907403,18288839.172810163,2,4,2,14,2021,0
2021-04-18,North Carolina,222625361.6,Beverages,222625361.6,226274679.4636364,248170586.64545453,237093507.34285712,233573315.1909091,231078281.0323809,7883427.600098842,6,4,2,15,2021,0
2021-04-25,North Carolina,219968570.0,Beverages,219968570.0,220348111.65714285,222625361.6,219517491.02857143,221107194.97142857,229715020.1638095,819903.6880758208,6,4,2,16,2021,0
2021-05-09,North Carolina,255605153.9,Beverages,255605153.9,253059683.62142852,237786861.95,255469222.37272727,247968743.06428573,234319614.0513636,5498844.27697433,6,5,2,18,2021,0
2021-05-12,North Carolina,316615926.6,Beverages,316615926.6,296279002.3666667,245423272.7857143,244521268.78181812,270854971.5755102,239130455.6234848,26624174.8323014,2,5,2,19,2021,0
2021-05-16,North Carolina,230922246.5,Beverages,230922246.5,252345666.525,255605153.9,229923997.3272727,277295216.1785714,242818375.94545457,28907935.263140984,6,5,2,19,2021,0
2021-05-23,North Carolina,237750009.0,Beverages,237750009.0,236774614.35714287,230922246.5,220727653.31428573,234823825.07142857,245732810.98857144,2107093.25299207,6,5,2,20,2021,0
2021-05-30,North Carolina,243956229.9,Beverages,243956229.9,243069626.9142857,237750009.0,232695921.3928572,241296420.94285712,249423923.0140476,1915281.3509487675,6,5,2,21,2021,0
2021-06-06,North Carolina,245680592.3,Beverages,245680592.3,245434254.81428573,243956229.9,250514213.34285715,244941579.84285715,249905471.05904764,532149.7897311226,6,6,2,22,2021,0
2021-06-13,North Carolina,244831126.4,Beverages,244831126.4,244952478.6714286,245680592.3,273769086.55,245195183.2142857,241568899.21750003,262150.86808399734,6,6,2,23,2021,0
2021-06-20,North Carolina,240639005.6,Beverages,240639005.6,241237880.0,244831126.4,235799219.7142857,242435628.8,243053543.7652381,1293716.5657700878,6,6,2,24,2021,0
2021-06-27,North Carolina,246422545.0,Beverages,246422545.0,245596325.08571428,240639005.6,242183023.92857143,243943885.25714287,244087993.22047615,1784839.008113988,6,6,2,25,2021,0
2021-07-02,North Carolina,197921621.7,Beverages,197921621.7,207621806.36,244770105.17142856,244695242.35714287,225518403.5979592,239629239.34285715,18783626.642844632,4,7,3,26,2021,0
2021-07-03,North Carolina,213801184.3,Beverages,213801184.3,197921621.7,245596325.08571428,244941579.84285715,220976240.62857145,238591226.15809524,16865642.41721116,5,7,3,26,2021,0
2021-07-11,North Carolina,314989401.40000004,Beverages,314989401.40000004,302340874.26250005,226449711.4375,245073830.94285715,277043819.9875,245353593.1407143,27323941.531636752,6,7,3,27,2021,0
2021-07-18,North Carolina,255252518.7,Beverages,255252518.7,263786359.08571428,314989401.40000004,241836754.4,280854039.85714287,254054331.7383333,18435202.23380389,6,7,3,28,2021,0
2021-07-25,North Carolina,250374721.5,Beverages,250374721.5,251071549.67142856,255252518.7,244770105.17142856,252465206.0142857,256380706.06452385,1505320.8967887163,6,7,3,29,2021,0
2021-08-08,North Carolina,250510025.4,Beverages,250510025.4,250500360.83571428,250442373.45,289692347.125,250481031.7071429,261894195.90041667,20877.844898213327,6,8,3,31,2021,0
2021-08-15,North Carolina,252832997.6,Beverages,252832997.6,252501144.42857143,250510025.4,272320199.4714286,251837438.0857143,251847275.55785716,716884.7846525533,6,8,3,32,2021,0
2021-08-22,North Carolina,247922536.5,Beverages,247922536.5,248624030.94285715,252832997.6,251768377.84285715,250027019.8285714,250691945.22738096,1515401.1951754112,6,8,3,33,2021,0
2021-08-29,North Carolina,254935959.8,Beverages,254935959.8,253934042.1857143,247922536.5,250423044.32142857,251930206.9571429,251026831.94619048,2164389.419782736,6,8,3,34,2021,0
2021-09-05,North Carolina,232823525.6,Beverages,232823525.6,235982444.77142856,254935959.8,250490696.27142856,242300283.1142857,249122500.7378572,6824045.345752938,6,9,3,35,2021,0
2021-09-19,North Carolina,236472548.3,Beverages,236472548.3,236211903.8214286,234648036.95,249325525.3857143,235690614.8642857,241435234.2197619,563056.4267080969,6,9,3,37,2021,0
2021-09-26,North Carolina,229811508.5,Beverages,229811508.5,230763085.6142857,236472548.3,252932124.57142857,232666239.84285715,237351089.7111905,2055641.5107453235,6,9,3,38,2021,0
2021-10-01,North Carolina,198023452.5,Beverages,198023452.5,204381063.7,231714662.72857144,245459202.2857143,216323995.5163265,230650056.64928573,12586842.091256848,4,10,4,39,2021,0
2021-10-10,North Carolina,329225662.8,Beverages,329225662.8,314647639.43333334,227179499.2333333,234126747.9928572,285491592.7,241314963.6957143,31492129.778231777,6,10,4,40,2021,0
2021-10-17,North Carolina,326334722.29999995,Beverages,326334722.29999995,326747713.79999995,329225662.8,235951259.34285715,327573696.8,262875983.5707143,892163.6073294032,6,10,4,41,2021,0
2021-10-24,North Carolina,321305791.3,Beverages,321305791.3,322024210.01428574,326334722.29999995,231714662.72857144,323461047.44285715,283657776.7438095,1551961.8000276913,6,10,4,42,2021,0
2021-10-31,North Carolina,318918241.90000004,Beverages,318918241.90000004,319259320.3857143,321305791.3,198023452.5,319941477.35714287,307835189.17333335,736813.7411827612,6,10,4,43,2021,0
2021-11-04,North Carolina,227854029.9,Beverages,227854029.9,250620082.9,319941477.35714287,256335545.96666667,286541485.5367347,311506468.9711111,36994585.82096278,3,11,4,44,2021,0
2021-11-07,North Carolina,243558258.0,Beverages,243558258.0,238323515.3,318918241.90000004,300069616.06666666,251854711.92857143,306789661.2311112,24520435.83020831,6,11,4,44,2021,0
2021-11-14,North Carolina,319937028.3,Beverages,319937028.3,309025775.40000004,243558258.0,327160705.29999995,287203269.6,297676866.0133333,23571000.246549565,6,11,4,45,2021,0
2021-11-21,North Carolina,323170370.3999999,Beverages,323170370.3999999,322708464.38571423,319937028.3,322742628.7285714,321784652.3571428,296960626.0004762,997831.0351639268,6,11,4,46,2021,0
2021-11-28,North Carolina,301100477.8,Beverages,301100477.8,304253319.6,323170370.3999999,319600398.8714286,310559003.1999999,294599634.0628571,6810916.722961949,6,11,4,47,2021,0
2021-12-09,North Carolina,237152612.4,Beverages,237152612.4,242966054.7090909,277846708.5636364,265380763.8,254592939.3272727,294846542.16,12558470.723457078,3,12,4,49,2021,0
2021-12-12,North Carolina,304892072.0,Beverages,304892072.0,282312252.1333333,260406381.6363637,298114522.5,261489694.26493508,294357440.4133333,24031113.15838793,6,12,4,49,2021,0
2021-12-19,North Carolina,324501073.0,Beverages,324501073.0,321699787.14285713,304892072.0,322246558.3714285,316097215.4285714,293594239.4995238,6051469.087413766,6,12,4,50,2021,0
2021-12-26,North Carolina,311816527.49999994,Beverages,311816527.49999994,313628605.4285714,324501073.0,307406161.4,317252761.2857142,293805281.8066666,3914535.7267834,6,12,4,51,2021,0
2022-01-05,North Carolina,359106865.40000004,Beverages,359106865.40000004,354377831.61,326003628.86999995,254592939.3272728,344919764.03000003,312918229.6992424,10215880.58232718,2,1,1,1,2022,0
2022-01-16,North Carolina,317739309.0,Beverages,317739309.0,321499995.94545454,344064117.6181818,318898501.28571427,329021369.8363637,331573416.7864286,8124012.313787071,6,1,1,2,2022,0
2022-01-23,North Carolina,303277161.7,Beverages,303277161.7,305343182.7428572,317739309.0,315440683.3571428,309475224.82857144,329066800.7059524,4463115.552063231,6,1,1,3,2022,0
2022-01-30,North Carolina,305642940.4,Beverages,305642940.4,305304972.0142857,303277161.7,335461696.45,304629035.2428571,324964799.68666667,730095.1573184606,6,1,1,4,2022,0
2022-02-01,North Carolina,307769918.7,Beverages,307769918.7,306706429.54999995,303953098.4714286,344919764.03000003,305615909.4846938,322610328.1526667,1229946.479870713,1,2,1,5,2022,0
2022-02-10,North Carolina,366438629.4,Beverages,366438629.4,359919883.76666665,320807409.96666664,336542743.72727275,346882392.5,320092746.8334848,14082100.042833012,3,2,1,6,2022,0
2022-02-13,North Carolina,305513058.4,Beverages,305513058.4,325821582.06666666,340363646.8666667,325260682.8909091,343443827.14285713,319772768.0565151,21085919.38635381,6,2,1,6,2022,0
2022-02-20,North Carolina,304085029.8000001,Beverages,304085029.8000001,304289033.88571435,305513058.4,307409203.78571427,304697042.0571429,317637226.72642857,440699.19357475184,6,2,1,7,2022,0
2022-02-27,North Carolina,320728629.4,Beverages,320728629.4,318350972.3142857,304085029.8000001,304967003.6285714,313595658.14285713,319807024.33547616,5136326.347408356,6,2,1,8,2022,0
2022-03-04,North Carolina,335983497.0,Beverages,335983497.0,332932523.48,315973315.2285714,314288664.3333333,326926764.5020408,323463518.4955556,6438157.993562198,4,3,1,9,2022,0
2022-03-07,North Carolina,391066707.2,Beverages,391066707.2,372705637.1333333,323779602.92,333844901.2333333,349106436.8971428,328001466.6488889,24646304.006111708,0,3,1,10,2022,0
2022-03-13,North Carolina,327342069.90000004,Beverages,327342069.90000004,337962842.78333336,372705637.1333333,346130105.7333333,359204388.55,328342407.1905556,22943491.69118527,6,3,1,10,2022,0
2022-03-20,North Carolina,324796946.1,Beverages,324796946.1,325160535.21428573,327342069.90000004,304493037.97142863,325887713.4428572,332521544.6211904,785442.2567546701,6,3,1,11,2022,0
2022-03-27,North Carolina,331119761.6,Beverages,331119761.6,330216502.2428572,324796946.1,315973315.2285714,328409983.5285715,337001738.47880954,1951263.2256586747,6,3,1,12,2022,0
2022-04-09,North Carolina,387763950.8,Beverages,387763950.8,383406705.4769231,357263233.5384616,359204388.55,374692214.8307692,343167954.41166675,9412725.699395442,5,4,2,14,2022,0
2022-04-12,North Carolina,329838245.8,Beverages,329838245.8,349146814.1333333,370334969.50769234,327342069.90000004,367478967.6659341,344286351.54666674,20836369.586184345,1,4,2,15,2022,0
2022-04-17,North Carolina,346129560.2,Beverages,346129560.2,342871297.32,368455382.4666667,325524124.32857144,339578604.59047616,346513306.8604762,6983240.8933464335,6,4,2,15,2022,0
2022-04-24,North Carolina,338935745.1,Beverages,338935745.1,339963432.9714286,346129560.2,329313242.8857143,342018808.71428573,350067992.1547619,2220059.5378472987,6,4,2,16,2022,0
2022-05-06,North Carolina,360594346.4,Beverages,360594346.4,358789462.9583333,347960162.30833334,374692214.8307693,355179696.0749999,349928908.0560257,3898993.85874628,4,5,2,18,2022,0
2022-05-15,North Carolina,349324173.29999995,Beverages,349324173.29999995,350576414.7555555,358089863.48888886,339613034.44,353080897.6666666,349338020.67566663,2705150.721725786,6,5,2,19,2022,0
2022-05-22,North Carolina,375923742.1,Beverages,375923742.1,372123803.7,349324173.29999995,340991120.8428572,364523926.9,354252492.27071434,8208805.146765349,6,5,2,20,2022,0
2022-05-29,North Carolina,377415582.6,Beverages,377415582.6,377202462.5285714,375923742.1,347960162.30833334,376776222.3857144,362145238.9875,460391.9733443958,6,5,2,21,2022,0
2022-06-02,North Carolina,307446659.1,Beverages,307446659.1,324938889.975,376776222.3857143,355179696.075,352335344.17653066,359640256.92083335,28214779.858276565,3,6,2,22,2022,0
2022-06-03,North Carolina,327412712.90000004,Beverages,327412712.90000004,307446659.1,376989342.4571429,356984579.51666665,345252968.52551025,358654528.0336111,27198775.76655613,4,6,2,22,2022,0
2022-06-11,North Carolina,336065450.2,Beverages,336065450.2,334983858.0375,328494305.0625,353080897.6666666,332820673.71250004,352040734.8288889,2336506.115507682,5,6,2,23,2022,0
2022-06-19,North Carolina,374160521.2000001,Beverages,374160521.2000001,369398637.3250001,340827334.075,368323865.3,359874869.5750001,352194142.64000005,10286844.87659469,6,6,2,24,2022,0
2022-06-26,North Carolina,372911004.5,Beverages,372911004.5,373089506.8857143,374160521.2000001,376989342.4571429,373446511.6571429,351636226.7809524,385609.2250796412,6,6,2,25,2022,0
2022-07-08,North Carolina,385628351.4,Beverages,385628351.4,384568572.4916667,378209899.0416666,332820673.7125,382449014.675,367887446.18875,2289384.10081204,4,7,3,27,2022,0
2022-07-17,North Carolina,373161786.6,Beverages,373161786.6,374546960.4666667,382858003.6666666,364636753.4500001,377317308.2,377453396.2525,2992317.550664728,6,7,3,28,2022,0
2022-07-24,North Carolina,375550449.7000001,Beverages,375550449.7000001,375209212.1142858,373161786.6,373268009.2714286,374526736.9428572,377786827.2478572,737157.4364113411,6,7,3,29,2022,0
2022-07-31,North Carolina,388253575.7000001,Beverages,388253575.7000001,386438843.4142858,375550449.7000001,378209899.0416666,382809378.8428573,379560608.3941667,3920269.793558951,6,7,3,30,2022,0
2022-08-05,North Carolina,354025894.79999995,Beverages,354025894.79999995,360871430.98,384624111.1285715,383508793.5833333,373325322.13061225,377281896.9597223,13042872.117157765,4,8,3,31,2022,0
2022-08-14,North Carolina,383416220.6,Beverages,383416220.6,380150628.84444445,360557078.3111111,375932134.3333334,373619445.3333333,374027702.518889,7054484.46485993,6,8,3,32,2022,0
2022-08-21,North Carolina,374279033.0,Beverages,374279033.0,375584345.51428574,383416220.6,374867974.5285715,378194970.5428572,374985320.8504762,2819797.3117943653,6,8,3,33,2022,0
2022-08-28,North Carolina,390886096.1,Beverages,390886096.1,388513658.51428574,374279033.0,384624111.1285715,383768783.3428573,376006940.4771429,5125050.938706327,6,8,3,34,2022,0
2022-09-01,North Carolina,307415597.1,Beverages,307415597.1,328283221.85,383768783.3428572,374562503.34,360058444.634694,370147112.9746667,32760409.332071733,3,9,3,35,2022,0
2022-09-10,North Carolina,346157532.6,Beverages,346157532.6,341852873.1,316024916.1,373619445.3333333,333243554.1,359650545.0677778,9299127.338140586,5,9,3,36,2022,0
2022-09-18,North Carolina,362873266.4,Beverages,362873266.4,360783799.675,348246999.32500005,376889658.0285714,356604866.225,353201470.4371429,4513764.014210343,6,9,3,37,2022,0
2022-09-25,North Carolina,364029671.7,Beverages,364029671.7,363864470.9428572,362873266.4,386141220.92857146,363534069.4285714,349464583.0604762,356874.4232000508,6,9,3,38,2022,0
2022-10-04,North Carolina,345884804.9,Beverages,345884804.9,347900901.21111107,359997479.07777774,320329575.6,351933093.8333333,352904585.4433333,4355265.805094756,1,10,4,40,2022,0
2022-10-07,North Carolina,364210620.1,Beverages,364210620.1,358102015.03333336,353949190.1444444,333243554.1,352848834.65238094,355820897.4866667,6322339.097747556,4,10,4,40,2022,0
2022-10-16,North Carolina,348578177.6,Beverages,348578177.6,350315115.6555556,360736743.9888889,358694332.95,353788991.7666667,357599255.8958333,3752215.049066941,6,10,4,41,2022,0
2022-10-23,North Carolina,341495601.8,Beverages,341495601.8,342507398.3428572,348578177.6,363699270.18571424,344530991.4285714,353306440.2480953,2185730.3445762345,6,10,4,42,2022,0
2022-10-30,North Carolina,339188862.3999999,Beverages,339188862.3999999,339518396.5999999,341495601.8,353949190.1444444,340177464.99999994,348754480.19888884,711875.233750534,6,10,4,43,2022,0
2022-11-09,North Carolina,359529906.0,Beverages,359529906.0,357495801.64,345291175.48,358999805.93333334,353427592.92,347141556.5077778,4394167.636872458,2,11,4,45,2022,0
2022-11-12,North Carolina,331479549.6000001,Beverages,331479549.6000001,340829668.40000004,351393488.55999994,353788991.7666667,349772000.4342857,345671930.3655555,10127151.479186025,5,11,4,45,2022,0
2022-11-13,North Carolina,337474741.70000005,Beverages,337474741.70000005,331479549.6000001,353427592.92,352052053.7111111,347493021.68857145,345186019.9651852,10930524.458191551,6,11,4,45,2022,0
2022-11-20,North Carolina,347135354.8,Beverages,347135354.8,345755267.21428573,337474741.70000005,343519194.8857143,342995092.0428572,344331300.33809525,2981329.928018009,6,11,4,46,2022,0
2022-11-27,North Carolina,327820083.9,Beverages,327820083.9,330579408.3142857,347135354.8,339847930.79999995,336098057.14285713,343202913.79999995,5960822.010583161,6,11,4,47,2022,0
2022-12-06,North Carolina,365018163.3,Beverages,365018163.3,360885043.3666667,336086323.76666665,353427592.92,352618803.5,344082478.274,8928559.521111133,1,12,4,49,2022,0
2022-12-18,North Carolina,349522958.1,Beverages,349522958.1,350814225.20000005,358561827.8,344375179.62857145,353396759.40000004,348714909.99714285,2789455.749139555,6,12,4,50,2022,0
2022-12-25,North Carolina,344835446.70000005,Beverages,344835446.70000005,345505091.1857143,349522958.1,333338732.7285714,346844380.15714294,350072681.0404762,1446597.4239737384,6,12,4,51,2022,0
2023-01-01,North Carolina,329375263.79999995,Beverages,329375263.79999995,331583861.3571428,344835446.70000005,348485683.56666666,336001056.4714285,349823037.1933334,4771116.024984889,6,1,1,52,2023,0
2023-01-15,North Carolina,337781731.6,Beverages,337781731.6,337181269.6142857,333578497.7,352105492.3,335980345.64285713,338485248.04666674,1297146.142857208,6,1,1,2,2023,0
2023-01-22,North Carolina,319300279.9,Beverages,319300279.9,321940487.28571427,337781731.6,346174735.6714286,327220902.05714285,333573214.9761905,5703499.818940199,6,1,1,3,2023,0
2023-01-29,North Carolina,324629871.9,Beverages,324629871.9,323868501.6142857,319300279.9,333792458.9142857,322345761.0428571,329407598.9519047,1644747.7990490098,6,1,1,4,2023,0
2023-02-04,North Carolina,350781557.1,Beverages,350781557.1,346422942.90000004,323868501.6142857,331777111.7428571,337705714.5,331235776.59809524,9415682.811528306,5,2,1,5,2023,0
2023-02-19,North Carolina,332000463.9,Beverages,332000463.9,333252536.78,340764974.06,324580694.67142856,335756682.54,334948194.4995238,2704786.556914803,6,2,1,7,2023,0
2023-02-26,North Carolina,339919144.40000004,Beverages,339919144.40000004,338787904.32857144,332000463.9,323107131.3285714,336525424.1857143,338498702.7771429,2443757.856842171,6,2,1,8,2023,0
2023-03-19,North Carolina,362190665.3000001,Beverages,362190665.3000001,361130116.6857144,354766825.00000006,334504609.66,359009019.45714295,346807324.4093334,2291046.8557154587,6,3,1,11,2023,0
2023-03-26,North Carolina,347895364.70000005,Beverages,347895364.70000005,349937550.50000006,362190665.3000001,337656664.2571429,354021922.1,351338308.8576192,4411625.542575189,6,3,1,12,2023,0
2023-04-16,North Carolina,360726490.2000001,Beverages,360726490.2000001,360115484.2238096,356449448.36666673,360069568.07142866,358893472.27142864,354947309.1961906,1319923.76556621,6,4,2,15,2023,0
2023-04-23,North Carolina,364452659.7,Beverages,364452659.7,363920349.7714286,360726490.2000001,351979736.3000001,362855729.9142858,356158935.46000004,1149920.8726830469,6,4,2,16,2023,0
2023-04-30,North Carolina,368494193.6,Beverages,368494193.6,367916831.6142857,364452659.7,350950394.58095247,366762107.64285713,360187599.6319048,1247244.4394415335,6,4,2,17,2023,0
2023-05-02,North Carolina,324210091.79999995,Beverages,324210091.79999995,346352142.7,365607383.67142856,352172406.5333334,358179940.3775511,359081880.54555553,16914814.805414964,1,5,2,18,2023,0
2023-05-03,North Carolina,352498464.90000004,Beverages,352498464.90000004,324210091.79999995,366184745.6571429,352783412.50952387,356224757.4122449,359072382.2919048,16623822.426726516,2,5,2,18,2023,0
2023-07-05,North Carolina,373088425.3,Beverages,373088425.3,372761600.531746,370800651.9222223,363283682.25238097,372107950.9952381,368349466.1603174,706022.1921525394,2,7,3,27,2023,0
2023-08-01,North Carolina,322909955.0,Beverages,322909955.0,324768416.86296296,335919188.0407407,372107950.9952381,328485340.58888894,349639123.3498413,4014736.4772404777,1,8,3,31,2023,0
2023-09-04,North Carolina,359940244.2,Beverages,359940244.2,358851118.0470588,352316361.12941176,327266459.6117647,356672865.7411765,344147914.982353,2352781.3949893746,0,9,3,36,2023,0
2023-12-02,North Carolina,331090097.1,Beverages,331090097.1,331414256.0561798,333359209.7932584,340814865.78539324,332062573.96853936,335790401.9646067,700263.3799743621,5,12,4,48,2023,0
2023-12-03,North Carolina,382671103.4,Beverages,382671103.4,331090097.1,333035050.8370787,340490706.8292135,339153438.6203852,337196415.18363297,19197470.41577543,6,12,4,48,2023,0
2019-03-11,Ohio,198087098.4,Beverages,198087098.4,198024434.02068967,197648447.7448276,196207167.02068967,197899105.262069,197178464.9,135370.5311114424,0,3,1,11,2019,0
2019-06-10,Ohio,219232698.5,Beverages,219232698.5,219000329.26813188,217606113.87692308,212261621.54395604,218535590.8043956,215863344.6379121,501974.9126729273,0,6,2,24,2019,0
2019-08-12,Ohio,196752183.0,Beverages,196752183.0,197109016.57936507,199250018.05555555,207457190.3809524,197822683.7380952,201926269.90079364,770848.6334501782,0,8,3,33,2019,0
2019-10-11,Ohio,198142591.7,Beverages,198142591.7,198119418.22166663,197980377.35166663,197447387.35,198073071.265,197806576.26416665,50060.43472311623,4,10,4,41,2019,0
2019-10-13,Ohio,211680283.1,Beverages,211680283.1,204911437.4,198026724.3083333,197493734.30666667,201010420.60238096,198527490.443,5346827.292293147,6,10,4,41,2019,0
2019-10-20,Ohio,201987064.1,Beverages,201987064.1,203371809.67142856,211680283.1,197655948.655,206141300.8142857,200523627.38166663,2991392.3272323376,6,10,4,42,2019,0
2019-10-27,Ohio,197831851.4,Beverages,197831851.4,198425453.21428573,201987064.1,197818163.00333333,199612656.84285715,200958564.04572225,1282326.4788301452,6,10,4,43,2019,0
2019-11-17,Ohio,200628465.6,Beverages,200628465.6,200495293.4952381,199696260.86666667,204756555.2428572,200228949.2857143,199595970.24238092,287684.626407498,6,11,4,46,2019,0
2019-11-24,Ohio,204767242.8,Beverages,204767242.8,204175988.9142857,200628465.6,199019055.02857143,202993481.14285716,200081443.60714287,1277254.373413178,6,11,4,47,2019,0
2019-12-15,Ohio,202276981.0,Beverages,202276981.0,202395564.8952381,203107068.26666668,200362121.3904762,202632732.68571427,203159911.536508,256170.49201350863,6,12,4,50,2019,0
2019-12-22,Ohio,214289030.9,Beverages,214289030.9,212573023.77142856,202276981.0,203584735.02857143,209141009.5142857,204854983.91047615,3706999.078963519,6,12,4,51,2019,0
2019-12-29,Ohio,199101095.5,Beverages,199101095.5,201270800.55714285,214289030.9,204174323.3238096,205610210.6714286,205130676.8242857,4687098.622455624,6,12,4,52,2019,0
2020-01-03,Ohio,207137431.1,Beverages,207137431.1,205530163.98,203440505.6142857,203581403.84761903,202855197.19387755,205148064.36126983,2832448.324506205,4,1,1,1,2020,0
2020-01-11,Ohio,212163691.7,Beverages,212163691.7,211535409.125,207765713.675,202632732.68571427,210278843.975,206992578.0595238,1357245.484634125,5,1,1,2,2020,0
2020-01-19,Ohio,201220135.8,Beverages,201220135.8,202588080.2875,210795747.2125,210857016.6428572,205323969.2625,207117638.90738097,2955097.837767788,6,1,1,3,2020,0
2020-01-26,Ohio,185511872.5,Beverages,185511872.5,187755910.1142857,201220135.8,203440505.6142857,192243985.34285715,203115847.71023807,4847675.298552928,6,1,1,4,2020,0
2020-02-02,Ohio,194171999.4,Beverages,194171999.4,192934838.4142857,185511872.5,207137431.1,190460516.44285712,200223755.535,2672573.1835331894,6,2,1,5,2020,0
2020-02-08,Ohio,238840787.2,Beverages,238840787.2,231395989.2333333,192934838.4142857,210907126.55,216506393.3,202402229.96916667,16082601.72466686,5,2,1,6,2020,0
2020-02-16,Ohio,193373326.8,Beverages,193373326.8,199056759.35,233157354.65,203956024.775,210423624.45,203674506.93625,12277617.544480288,6,2,1,7,2020,0
2020-02-23,Ohio,198453917.1,Beverages,198453917.1,197728118.4857143,193373326.8,189999947.72857144,196276521.25714284,203597417.53380957,1567904.2061493816,6,2,1,8,2020,0
2020-03-05,Ohio,223836359.8,Beverages,223836359.8,221528865.00909093,207683896.26363635,209061595.3333333,216913875.42727277,210868015.9966667,4984758.467602694,3,3,1,10,2020,0
2020-03-15,Ohio,240524149.5,Beverages,240524149.5,238855370.53,228842696.71,204740191.9,235517812.59,214393330.68666664,3604974.5958414422,6,3,1,11,2020,0
2020-03-22,Ohio,228133662.0,Beverages,228133662.0,229903731.6428572,240524149.5,197002319.87142852,233443870.92857143,223190777.25785717,3823787.457826265,6,3,1,12,2020,0
2020-03-29,Ohio,199404366.3,Beverages,199404366.3,203508551.4,228133662.0,209991391.05454543,211716921.6,225155924.19954547,8866053.137122937,6,3,1,13,2020,0
2020-04-10,Ohio,227625341.3,Beverages,227625341.3,225273593.38333336,211163105.88333336,233849033.62,220570097.55,221483273.4993333,5080356.145312271,4,4,2,15,2020,0
2020-04-19,Ohio,213052314.5,Beverages,213052314.5,214671539.7,224386890.9,231673801.2857143,217909990.1,216403583.8547619,3497926.217842244,6,4,2,16,2020,0
2020-04-26,Ohio,209183034.3,Beverages,209183034.3,209735788.6142857,213052314.5,207612736.5,210841297.2428572,214361788.97333336,1194085.79360356,6,4,2,17,2020,0
2020-05-01,Ohio,194707669.4,Beverages,194707669.4,197602742.38,210288542.92857143,206459610.05,203058271.3877551,213936874.73,5754651.857228557,4,5,2,18,2020,0
2020-05-04,Ohio,210675230.1,Beverages,210675230.1,205352709.86666667,206287961.32,213514853.8,201751320.72571427,213355835.12833336,5270328.906958134,0,5,2,19,2020,0
2020-05-07,Ohio,267702631.1,Beverages,267702631.1,248693497.4333333,197602742.38,220570097.55,222406613.0428571,216403349.90833333,27362053.898347564,3,5,2,19,2020,0
2020-05-17,Ohio,225003095.3,Beverages,225003095.3,229273048.88,254892770.36,216290764.9,237812956.04,223680649.92333332,9224153.982072491,6,5,2,20,2020,0
2020-05-24,Ohio,240369773.2,Beverages,240369773.2,238174533.5,225003095.3,210288542.92857143,233784054.1,228740458.8138095,4742259.755516418,6,5,2,21,2020,0
2020-05-31,Ohio,236247660.7,Beverages,236247660.7,236836533.9142857,240369773.2,194707669.4,238014280.34285712,236896860.9033333,1272111.5353393927,6,5,2,22,2020,0
2020-06-09,Ohio,233961924.0,Beverages,233961924.0,234215894.74444443,235739719.2111111,254892770.36,234723836.2333333,236069309.8726667,548639.51323757,1,6,2,24,2020,0
2020-06-12,Ohio,203933465.5,Beverages,203933465.5,213942951.66666663,234977806.97777772,242082909.62,225600053.63809523,232828318.7193333,12343110.566837236,4,6,2,24,2020,0
2020-06-14,Ohio,238503356.8,Beverages,238503356.8,221218411.15,234469865.4888889,233543002.46,224246920.2420635,232440512.36766663,12416887.245110149,6,6,2,24,2020,0
2020-06-21,Ohio,237637395.5,Beverages,237637395.5,237761104.25714287,238503356.8,235979293.8,238008521.77142856,234235160.24166667,267241.45904818777,6,6,2,25,2020,0
2020-06-28,Ohio,247324697.3,Beverages,247324697.3,245940797.0428572,237637395.5,237425407.12857145,243172996.52857143,235256856.94880956,2989566.2396670324,6,6,2,26,2020,0
2020-07-06,Ohio,241583578.5,Beverages,241583578.5,242301218.35,246607057.45,234723836.2333333,243736498.05,237507715.9694444,1550279.2608970194,0,7,3,28,2020,0
2020-07-19,Ohio,248164572.6,Beverages,248164572.6,247658342.28461537,244620960.3923077,237884813.0142857,246645881.65384617,243900849.9485714,1093582.4692253447,6,7,3,29,2020,0
2020-07-26,Ohio,236520987.2,Beverages,236520987.2,238184356.5428572,248164572.6,244556896.7857143,241511095.2285714,244108639.46476188,3593288.4655790348,6,7,3,30,2020,0
2020-08-03,Ohio,210814995.5,Beverages,210814995.5,214028244.4625,233307738.2375,243018858.2,220454742.3875,237920229.2533333,6941411.108463607,0,8,3,32,2020,0
2020-08-11,Ohio,214492818.9,Beverages,214492818.9,214033090.975,211274723.425,244620960.3923077,213113635.125,229888664.7475641,993125.8245820266,1,8,3,33,2020,0
2020-08-16,Ohio,240222406.0,Beverages,240222406.0,235076488.58,213573363.05,247152111.9692308,225454109.38214284,227187151.3844872,10129065.123592695,6,8,3,33,2020,0
2020-08-23,Ohio,235466938.8,Beverages,235466938.8,236146291.25714287,240222406.0,239847725.88571423,237504996.1714286,225548475.8997619,1467569.039189356,6,8,3,34,2020,0
2020-08-30,Ohio,234735308.1,Beverages,234735308.1,234839826.77142856,235466938.8,220454742.3875,235048864.1142857,226756159.34958333,225786.13588895815,6,8,3,35,2020,0
2020-09-02,Ohio,194908906.1,Beverages,194908906.1,208184373.4333333,235153382.7857143,210814995.5,223445923.53265303,226171772.2466667,16203569.419672787,2,9,3,36,2020,0
2020-09-08,Ohio,238780800.8,Beverages,238780800.8,231468818.35,208184373.4333333,213573363.05,216844853.45,227787132.53416663,15795687.41658638,1,9,3,37,2020,0
2020-09-13,Ohio,229873377.6,Beverages,229873377.6,231654862.24,224156835.9,229930571.16,233918764.7928572,229930527.97766668,3228574.0440220376,6,9,3,37,2020,0
2020-09-20,Ohio,226091818.1,Beverages,226091818.1,226632040.8857143,229873377.6,236825643.71428573,227712486.45714283,227522753.5602381,1167014.597861489,6,9,3,38,2020,0
2020-09-27,Ohio,224932590.2,Beverages,224932590.2,225098194.18571427,226091818.1,234944345.44285715,225429402.15714288,225210275.93071428,357745.4966777704,6,9,3,39,2020,0
2020-10-05,Ohio,226238936.7,Beverages,226238936.7,226075643.3875,225095883.5125,216844853.45,225749056.7625,227964023.02,352753.8720309597,0,10,4,41,2020,0
2020-10-18,Ohio,217012144.4,Beverages,217012144.4,217721897.6538461,221980417.17692307,227172263.67142856,219141404.16153845,223752919.53119043,1533242.2660089566,6,10,4,42,2020,0
2020-10-25,Ohio,212195347.9,Beverages,212195347.9,212883461.6857143,217012144.4,225263798.17142856,214259689.25714287,221056884.0345238,1486495.6720708094,6,10,4,43,2020,0
2020-11-10,Ohio,222210218.0,Beverages,222210218.0,221584288.61875,217828712.33125,221980417.17692307,220332429.85625,217135320.53935897,1352162.005131328,1,11,4,46,2020,0
2020-11-15,Ohio,219089700.8,Beverages,219089700.8,219713804.24,220958359.2375,218431650.9076923,220783435.00267857,217216445.58346155,1122838.6831503257,6,11,4,46,2020,0
2020-11-22,Ohio,222840501.4,Beverages,222840501.4,222304672.7428572,219089700.8,213571575.47142857,221233015.42857143,218521713.9411905,1157522.1952387749,6,11,4,47,2020,0
2020-11-29,Ohio,206662430.2,Beverages,206662430.2,208973583.2285714,222840501.4,215324994.80625,213595889.28571424,218512605.11437505,4992661.164170387,6,11,4,48,2020,0
2020-12-01,Ohio,195597050.7,Beverages,195597050.7,201129740.45,218218195.34285715,216576853.56875,207592924.63367343,217319238.89416665,7155829.671851924,1,12,4,49,2020,0
2020-12-04,Ohio,214025157.8,Beverages,214025157.8,207882455.4333333,211284736.25714284,218454641.7125,205144310.12551025,216324613.204375,6085404.0839137,4,12,4,49,2020,0
2020-12-07,Ohio,244679995.9,Beverages,244679995.9,234461716.53333333,201129740.45,220332429.85625,217518509.5142857,217800134.81020832,17816751.549837627,0,12,4,50,2020,0
2020-12-13,Ohio,212194947.1,Beverages,212194947.1,217609121.9,234461716.53333333,220337907.68,228437471.5,218691581.65633336,11695954.324884688,6,12,4,50,2020,0
2020-12-20,Ohio,221969823.1,Beverages,221969823.1,220573412.2428572,212194947.1,221768844.08571428,217780590.5285714,218097404.81642857,3016592.224527862,6,12,4,51,2020,0
2020-12-27,Ohio,211281604.4,Beverages,211281604.4,212808492.7857143,221969823.1,211284736.25714284,215862269.55714288,217642588.18928573,3298455.901074712,6,12,4,52,2020,0
2021-01-08,Ohio,258370632.3,Beverages,258370632.3,254446546.64166668,230902032.69166663,233851646.3,246598375.325,225274093.065,8476993.876666298,4,1,1,1,2021,0
2021-01-17,Ohio,211318771.8,Beverages,211318771.8,216546756.3,247914663.3,219177001.3857143,227002725.3,229503781.4864286,11293737.306598278,6,1,1,2,2021,0
2021-01-24,Ohio,206193705.9,Beverages,206193705.9,206925858.1714286,211318771.8,214335381.17142856,208390162.7142857,227145185.2845238,1581629.674290998,6,1,1,3,2021,0
2021-01-31,Ohio,210181156.4,Beverages,210181156.4,209611520.6142857,206193705.9,230902032.69166663,208472249.04285717,224476729.9258333,1230553.9399135138,6,1,1,4,2021,0
2021-02-05,Ohio,241188312.5,Beverages,241188312.5,234986881.28,209041884.82857144,250522460.9833333,223388561.044898,222161923.32472223,12209640.504203511,4,2,1,5,2021,0
2021-02-14,Ohio,209649079.9,Beverages,209649079.9,213153439.07777777,234179594.14444444,221774740.8,220162157.4333333,216760943.6733333,7570281.048420787,6,2,1,6,2021,0
2021-02-21,Ohio,205054556.1,Beverages,205054556.1,205710916.6428572,209649079.9,207658010.44285715,207023637.7285714,215950555.70904765,1417900.8276376517,6,2,1,7,2021,0
2021-02-28,Ohio,215469980.1,Beverages,215469980.1,213982062.3857143,205054556.1,209041884.82857144,211006226.9571429,216764254.3204762,3214269.628949749,6,2,1,8,2021,0
2021-03-01,Ohio,206189547.5,Beverages,206189547.5,215469980.1,206542473.8142857,209611520.6142857,210955808.9122449,216650188.55,3297642.857741164,0,3,1,9,2021,0
2021-03-10,Ohio,350738186.8000001,Beverages,350738186.8000001,334677226.8777778,238311467.34444445,230675234.96666667,302555307.0333334,234043586.3788889,34695638.874481104,2,3,1,10,2021,0
2021-03-14,Ohio,256382315.0,Beverages,256382315.0,279971282.95000005,302555307.0333334,216657798.2555556,310156392.6190477,243357110.3659259,32799340.196320336,6,3,1,10,2021,0
2021-03-21,Ohio,244453800.9,Beverages,244453800.9,246157874.34285715,256382315.0,206367277.18571427,249566021.2285714,252882431.6414286,3681219.37140092,6,3,1,11,2021,0
2021-03-28,Ohio,218687883.4,Beverages,218687883.4,222368728.75714287,244453800.9,212494144.67142856,229730419.4714286,257874295.5528572,7951534.770194202,6,3,1,12,2021,0
2021-04-04,Ohio,230104965.5,Beverages,230104965.5,228473953.77142856,218687883.4,270433387.1888889,225211930.31428573,256390099.98592597,3523388.02964547,6,4,2,13,2021,0
2021-04-07,Ohio,285647803.8,Beverages,285647803.8,267133524.36666667,223580918.58571428,318616266.9555556,244576337.81836733,252847921.7192593,23700204.19490945,2,4,2,14,2021,0
2021-04-18,Ohio,225595013.7,Beverages,225595013.7,231054358.25454545,263810425.5818182,247861947.7857143,241973047.36363637,241947259.9347619,11793532.147091772,6,4,2,15,2021,0
2021-04-25,Ohio,229411899.9,Beverages,229411899.9,228866630.44285715,225595013.7,226049574.1142857,227776091.52857143,239839414.64523807,1177916.6541712205,6,4,2,16,2021,0
2021-05-09,Ohio,260169045.8,Beverages,260169045.8,257972106.80714285,244790472.85,274729114.6909091,253578228.82142857,242125645.36045456,4745930.647644234,6,5,2,18,2021,0
2021-05-12,Ohio,318626998.1,Beverages,318626998.1,299141014.0,251381289.82857144,258351081.0272728,274988227.32040817,245658704.20227277,25318519.75474843,2,5,2,19,2021,0
2021-05-16,Ohio,236972446.5,Beverages,236972446.5,257386084.4,260169045.8,236513702.8090909,281113522.2,248710728.6968182,27535401.856512308,6,5,2,19,2021,0
2021-05-23,Ohio,257609253.8,Beverages,257609253.8,254661138.47142857,236972446.5,228321360.9857143,248764907.81428573,253662424.44309524,6368656.997826075,6,5,2,20,2021,0
2021-05-30,Ohio,260805091.0,Beverages,260805091.0,260348542.82857144,257609253.8,240396594.8642857,259435446.4857143,259587624.79857144,986256.7717981456,6,5,2,21,2021,0
2021-06-06,Ohio,255965467.2,Beverages,255965467.2,256656842.02857143,260805091.0,255775167.81428573,258039591.68571427,261653847.66357145,1493540.3297998805,6,6,2,22,2021,0
2021-06-13,Ohio,260247808.4,Beverages,260247808.4,259636045.37142852,255965467.2,277799722.3,258412519.31428573,255564192.9333333,1321559.185689659,6,6,2,23,2021,0
2021-06-20,Ohio,261049328.5,Beverages,261049328.5,260934825.62857145,260247808.4,251713023.1428572,260705819.8857143,258947467.7957143,247354.47302860132,6,6,2,24,2021,0
2021-06-27,Ohio,255681941.5,Beverages,255681941.5,256448711.07142857,261049328.5,259891994.65714285,257982250.2142857,258904496.71761903,1656411.589292484,6,6,2,25,2021,0
2021-07-02,Ohio,208721326.6,Beverages,208721326.6,218113449.58,257215480.6428572,258730966.5142857,235665502.19591835,253508070.21571428,18473592.01945356,4,7,3,26,2021,0
2021-07-03,Ohio,225933533.4,Beverages,225933533.4,208721326.6,256448711.07142857,258039591.68571427,231306191.1,252437868.2728572,16214118.875597116,5,7,3,26,2021,0
2021-07-11,Ohio,330215048.2,Beverages,330215048.2,317179858.85,238968722.75,259024282.34285715,291109480.15,259696560.81571427,28159227.377333093,6,7,3,27,2021,0
2021-07-18,Ohio,255957268.4,Beverages,255957268.4,266565522.65714288,330215048.2,260820322.75714287,287782031.17142856,266084353.4609524,22916448.36777538,6,7,3,28,2021,0
2021-07-25,Ohio,257077480.9,Beverages,257077480.9,256917450.5428572,255957268.4,257215480.6428572,256597389.8285714,265432769.31904763,345705.08287976467,6,7,3,29,2021,0
2021-08-08,Ohio,257301256.0,Beverages,257301256.0,257285272.06428573,257189368.45,304144669.5,257253304.1928572,268627129.99666667,34529.247978228224,6,8,3,31,2021,0
2021-08-15,Ohio,260135445.3,Beverages,260135445.3,259730561.1142857,257301256.0,277173776.9142857,258920792.7428572,257730437.16357145,874649.8068495645,6,8,3,32,2021,0
2021-08-22,Ohio,254931699.6,Beverages,254931699.6,255675091.84285715,260135445.3,256757420.1857143,257161876.3285714,257577888.69309524,1605910.7877305138,6,8,3,33,2021,0
2021-08-29,Ohio,263053999.1,Beverages,263053999.1,261893670.6,254931699.6,257157400.57857144,259573013.6,258157522.0338095,2506596.0444964594,6,8,3,34,2021,0
2021-09-05,Ohio,239651791.0,Beverages,239651791.0,242994963.58571428,263053999.1,257269288.12857145,249681308.75714284,256398182.2688095,7222078.212682024,6,9,3,35,2021,0
2021-09-19,Ohio,245657727.6,Beverages,245657727.6,245228732.12857145,242654759.3,256418484.08571428,244370741.18571427,249185221.54809523,926736.1370559146,6,9,3,37,2021,0
2021-09-26,Ohio,239275636.0,Beverages,239275636.0,240187363.37142852,245657727.6,260733342.1,242010818.1142857,245565405.21,1969556.227297454,6,9,3,38,2021,0
2021-10-01,Ohio,206010974.7,Beverages,206010974.7,212663906.96,241099090.7428572,253024481.34285715,225149599.35306123,238983190.69714287,13155479.14009967,4,10,4,39,2021,0
2021-10-10,Ohio,347613232.1,Beverages,347613232.1,331879647.9444445,237478143.0111111,241796768.35714287,300412479.6333333,251608189.78761905,33988426.389578335,6,10,4,40,2021,0
2021-10-17,Ohio,338945509.49999994,Beverages,338945509.49999994,340183755.5857142,347613232.1,244799736.65714285,342660247.7571429,274742605.8742857,2674917.267447661,6,10,4,41,2021,0
2021-10-24,Ohio,328756526.6,Beverages,328756526.6,330212095.5857143,338945509.49999994,241099090.7428572,333123233.55714285,295621387.4657143,3144388.3883559257,6,10,4,42,2021,0
2021-10-31,Ohio,327228674.4,Beverages,327228674.4,327446939.0,328756526.6,206010974.7,327883468.2,319592623.53,471505.4254335557,6,10,4,43,2021,0
2021-11-04,Ohio,228406974.9,Beverages,228406974.9,253112399.775,327883468.2,268945311.32222223,292028752.2642857,322275313.81314814,40078541.88191775,3,11,4,44,2021,0
2021-11-07,Ohio,258660828.7,Beverages,258660828.7,248576210.76666665,327228674.4,316146063.78888893,258227011.59285712,317091686.9264815,24980537.094155207,6,11,4,44,2021,0
2021-11-14,Ohio,338932007.0,Beverages,338932007.0,327464695.8142857,258660828.7,341422001.67142856,304530073.44285715,308182525.7545238,24772223.43418921,6,11,4,45,2021,0
2021-11-21,Ohio,343745435.6,Beverages,343745435.6,343057802.94285715,338932007.0,331667664.5714286,341682537.62857145,309507675.27452385,1485456.3155751012,6,11,4,46,2021,0
2021-11-28,Ohio,313850753.5,Beverages,313850753.5,318121422.3714286,343745435.6,327665203.6,326662760.11428577,309079743.095,9225699.188164946,6,11,4,47,2021,0
2021-12-09,Ohio,244404074.7,Beverages,244404074.7,250717409.13636363,288597415.75454545,281595451.07142854,263344078.0090909,309802740.76809525,13638361.141467763,3,12,4,49,2021,0
2021-12-12,Ohio,329606167.3,Beverages,329606167.3,301205469.76666665,269657412.44545454,315997384.62857145,274158959.24545455,309470280.4004762,30694563.278102,6,12,4,49,2021,0
2021-12-19,Ohio,350739795.4,Beverages,350739795.4,347720705.67142856,329606167.3,342370170.2857143,341682526.21428573,310150495.5947619,6521979.22536826,6,12,4,50,2021,0
2021-12-26,Ohio,329634201.40000004,Beverages,329634201.40000004,332649286.2571429,350739795.4,322392091.2428572,338679455.9714286,311126689.2057143,6513327.714281845,6,12,4,51,2021,0
2022-01-05,Ohio,363505082.5,Beverages,363505082.5,360117994.39,339795465.73,263344078.0090909,353343818.17,330031145.73530304,7316946.587859273,2,1,1,1,2022,0
2022-01-16,Ohio,333776107.90000004,Beverages,333776107.90000004,336478741.9545455,352694546.2818182,344701615.94285715,341884010.0636364,345734353.7607143,5838356.836734327,6,1,1,2,2022,0
2022-01-23,Ohio,312961229.4,Beverages,312961229.4,315934783.4714286,333776107.90000004,335664371.1142857,321881891.61428577,340609021.6302382,6423610.963208815,6,1,1,3,2022,0
2022-01-30,Ohio,325142325.4,Beverages,325142325.4,323402168.8285714,312961229.4,346569641.95000005,319921855.68571424,336548760.74666667,3759167.838021084,6,1,1,4,2022,0
2022-02-01,Ohio,317556878.4,Beverages,317556878.4,321349601.9,316441542.5428571,353343818.17,321030934.5122448,334402291.8156666,2721622.0441280208,1,2,1,5,2022,0
2022-02-10,Ohio,371926158.1,Beverages,371926158.1,365885127.0222222,329638940.5555555,347289278.1727273,353803064.8666667,331909929.8515151,13050118.655368568,3,2,1,6,2022,0
2022-02-13,Ohio,327062387.8,Beverages,327062387.8,342016977.90000004,347762033.7888889,339181376.00909096,353929911.3761905,331923226.6351516,15137256.623831542,6,2,1,6,2022,0
2022-02-20,Ohio,317667281.6,Beverages,317667281.6,319009439.62857145,327062387.8,318908337.5428571,321693755.6857143,330500700.35238093,2899392.7198203546,6,2,1,7,2022,0
2022-02-27,Ohio,336017692.0,Beverages,336017692.0,333396204.8,317667281.6,321662012.25714284,328153230.40000004,333076303.8309524,5663059.595799592,6,2,1,8,2022,0
2022-03-04,Ohio,355092499.5,Beverages,355092499.5,351277538.0,330774717.6,323597909.4777778,343818111.32857144,337285103.78074074,7973002.589840461,4,3,1,9,2022,0
2022-03-07,Ohio,422656740.8,Beverages,422656740.8,400135327.03333336,339832653.5,341721002.7111111,371126601.4428572,343730639.3207408,30290551.756681573,0,3,1,10,2022,0
2022-03-13,Ohio,342923345.00000006,Beverages,342923345.00000006,356212244.3000001,400135327.03333336,356971568.0,382790042.9,347086689.71333337,28707303.510185964,6,3,1,10,2022,0
2022-03-20,Ohio,342949048.20000005,Beverages,342949048.20000005,342945376.31428576,342923345.00000006,320351597.6571429,342938032.5428572,350963599.49761903,7932.182160505866,6,3,1,11,2022,0
2022-03-27,Ohio,345210330.5,Beverages,345210330.5,344887290.17142856,342949048.20000005,330774717.6,344241209.51428574,355808700.4766667,697846.8682286489,6,3,1,12,2022,0
2022-04-09,Ohio,391219461.2000001,Beverages,391219461.2000001,387680297.3000001,366445313.9,382790042.9,380601969.50000006,356289654.6233334,7645467.841693954,5,4,2,14,2022,0
2022-04-12,Ohio,338187046.6000001,Beverages,338187046.6000001,355864518.13333344,377062805.6000001,342923345.00000006,373033773.6857144,356254882.0066667,19301238.821856037,1,4,2,15,2022,0
2022-04-17,Ohio,364386081.2000001,Beverages,364386081.2000001,359146274.2800001,373541989.6666668,342941704.42857146,351940557.3619048,358083566.4571429,9114423.574804395,6,4,2,15,2022,0
2022-04-24,Ohio,344406838.6,Beverages,344406838.6,347261016.11428577,364386081.2000001,344564249.8428572,352969371.1428572,360260244.04238105,6165728.125774919,6,4,2,16,2022,0
2022-05-06,Ohio,379192216.9,Beverages,379192216.9,376293435.375,358900746.225,380601969.50000006,370495872.325,360997980.1083334,6262083.801625596,4,5,2,18,2022,0
2022-05-15,Ohio,374421962.4,Beverages,374421962.4,374951990.67777777,378132160.3444444,353906467.3600001,376012047.2333333,364739455.1743333,1144991.9437331287,6,5,2,19,2022,0
2022-05-22,Ohio,392819352.6,Beverages,392819352.6,390191154.0,374421962.4,350115193.62857145,384934756.8,371135895.1354762,5677557.876846776,6,5,2,20,2022,0
2022-05-29,Ohio,389766405.2,Beverages,389766405.2,390202540.5428571,392819352.6,358900746.225,391074811.2285714,380480558.73583335,942160.0222022736,6,5,2,21,2022,0
2022-06-02,Ohio,323243634.3,Beverages,323243634.3,339874327.025,391074811.2285714,370495872.325,366195187.8826531,378086155.1825,27108219.186674517,3,6,2,22,2022,0
2022-06-03,Ohio,341919689.70000005,Beverages,341919689.70000005,323243634.3,390638675.8857143,373394653.85,359235332.7132653,377036989.7108334,26018813.396095134,4,6,2,22,2022,0
2022-06-11,Ohio,352545429.6,Beverages,352545429.6,351217212.1125,343247907.18750006,376012047.2333333,348560777.1375,369159155.95444447,2869277.7092028093,5,6,2,23,2022,0
2022-06-19,Ohio,385777555.4,Beverages,385777555.4,381623539.675,356699445.32500005,387562955.4,373315508.225,366943130.6166667,8973699.590282595,6,6,2,24,2022,0
2022-06-26,Ohio,393034379.1,Beverages,393034379.1,391997690.0,385777555.4,390638675.8857143,389924311.8,366573295.3880952,2239504.414012422,6,6,2,25,2022,0
2022-07-08,Ohio,398641730.4,Beverages,398641730.4,398174451.125,395370775.475,348560777.13750005,397239892.575,383529671.81625,1009438.6050629542,4,7,3,27,2022,0
2022-07-17,Ohio,384440093.0,Beverages,384440093.0,386018052.7111111,395485810.9777778,377469523.95,389173972.1333333,392216633.2308333,3408782.5734304725,6,7,3,28,2022,0
2022-07-24,Ohio,384467291.50000006,Beverages,384467291.50000006,384463406.00000006,384440093.0,390961000.9,384455635.0,391528307.77833337,8393.645093329505,6,7,3,29,2022,0
2022-07-31,Ohio,393398134.9,Beverages,393398134.9,392122300.1285714,384467291.50000006,395370775.475,389570630.5857144,390521016.4575,2756118.109232597,6,7,3,30,2022,0
2022-08-05,Ohio,362430700.5,Beverages,362430700.5,368624187.38,390846465.35714287,397707171.85,379944115.1897959,386861859.9508333,11862501.247817757,4,8,3,31,2022,0
2022-08-14,Ohio,388633202.6,Beverages,388633202.6,385721813.4777778,368253478.7444444,387596012.4222222,379899035.2333333,381853973.037037,6289319.324436318,6,8,3,32,2022,0
2022-08-21,Ohio,386809037.8,Beverages,386809037.8,387069632.7714286,388633202.6,384459520.50000006,387590822.7142858,382534601.8966667,562949.4791384874,6,8,3,33,2022,0
2022-08-28,Ohio,391441091.6999999,Beverages,391441091.6999999,390779369.7142857,386809037.8,390846465.35714287,389455925.7428571,383060828.68428576,1429482.8679877282,6,8,3,34,2022,0
2022-09-01,Ohio,317735764.1,Beverages,317735764.1,336162096.0,389455925.7428571,381011161.14,364834165.277551,377319655.4713333,29531285.28372815,3,9,3,35,2022,0
2022-09-10,Ohio,367820684.8,Beverages,367820684.8,362255693.6111111,328865746.4777778,379899035.23333335,351125711.2333333,369601340.2611112,12021754.961372046,5,9,3,36,2022,0
2022-09-18,Ohio,377247508.6,Beverages,377247508.6,376069155.625,368999037.775,387330227.7428572,373712449.675,365886795.482381,2545533.360738597,6,9,3,37,2022,0
2022-09-25,Ohio,366224652.7000001,Beverages,366224652.7000001,367799346.4000001,377247508.6,390117647.72857136,370948733.8000001,361846510.3904762,3401727.1830487046,6,9,3,38,2022,0
2022-10-04,Ohio,354698621.79999995,Beverages,354698621.79999995,355979291.9,363663312.50000006,334430737.6666667,358540632.1,364782276.09555554,2766563.612774886,1,10,4,40,2022,0
2022-10-07,Ohio,384253587.5,Beverages,384253587.5,374401932.26666665,359821302.20000005,351125711.23333335,364240614.9428572,367666397.3177778,11138415.075860636,4,10,4,40,2022,0
2022-10-16,Ohio,361905756.9,Beverages,361905756.9,364388849.1888889,379287402.9222222,374890802.65,369355033.7666667,368603281.73083335,5364092.418174298,6,10,4,41,2022,0
2022-10-23,Ohio,351248017.2,Beverages,351248017.2,352770551.44285715,361905756.9,369374040.1000001,355815619.9285714,364429132.99,3289049.8774718894,6,10,4,42,2022,0
2022-10-30,Ohio,351473786.29999995,Beverages,351473786.29999995,351441533.57142854,351248017.2,359821302.20000005,351377028.11428565,361552532.5133333,69673.85698594525,6,10,4,43,2022,0
2022-11-09,Ohio,374480053.7,Beverages,374480053.7,372179426.96,358375666.52,376804310.6333333,367578173.48,360010059.8577778,4969921.781927378,2,11,4,45,2022,0
2022-11-12,Ohio,349988156.40000004,Beverages,349988156.40000004,358152122.1666667,365277546.74,369355033.76666665,365510402.98,358641459.4688889,8602544.660682982,5,11,4,45,2022,0
2022-11-13,Ohio,353850999.29999995,Beverages,353850999.29999995,349988156.40000004,367578173.48,366871941.4777778,363549378.0971429,358207428.06296295,9563553.53262642,6,11,4,45,2022,0
2022-11-20,Ohio,364957301.3,Beverages,364957301.3,363370686.7285714,353850999.29999995,354293085.68571424,360197457.58571434,358487322.26809525,3427479.2085869047,6,11,4,46,2022,0
2022-11-27,Ohio,348892641.5,Beverages,348892641.5,351187592.9,364957301.3,351409280.8428571,355777495.7,359477323.0790476,4957661.646285183,6,11,4,47,2022,0
2022-12-06,Ohio,374709729.8,Beverages,374709729.8,371841164.4333333,354629772.23333335,367578173.48,366104033.7,360859651.156,6196809.43927124,1,12,4,49,2022,0
2022-12-18,Ohio,371400664.2,Beverages,371400664.2,371676419.6666666,373330952.4666667,361784072.1571429,372227930.6,365429916.8042857,595699.8919419271,6,12,4,50,2022,0
2022-12-25,Ohio,373152315.2,Beverages,373152315.2,372902079.3428571,371400664.2,353482544.3,372401607.62857145,368367284.4666666,540571.2345995244,6,12,4,51,2022,0
2023-01-01,Ohio,334633506.2,Beverages,334633506.2,340136193.2,373152315.2,363235468.3333333,351141567.1999999,367381252.73333335,11887162.530500043,6,1,1,52,2023,0
2023-01-15,Ohio,340904510.99999994,Beverages,340904510.99999994,340456582.0857142,337769008.6,371952175.1333333,339560724.25714284,351326031.0155556,967637.048248428,6,1,1,2,2023,0
2023-01-22,Ohio,335002264.2,Beverages,335002264.2,335845442.3142857,340904510.99999994,372651843.4857143,337531798.5428571,343288985.91809523,1821472.9070734796,6,1,1,3,2023,0
2023-01-29,Ohio,340561717.3,Beverages,340561717.3,339767509.71428573,335002264.2,345638880.2,338179094.5428572,337888252.46,1715684.4745615337,6,1,1,4,2023,0
2023-02-04,Ohio,359887955.29999995,Beverages,359887955.29999995,356666915.6333333,339767509.71428573,336425221.8571428,350224836.3,340995889.9085714,6958240.9529839,5,2,1,5,2023,0
2023-02-19,Ohio,347650674.1,Beverages,347650674.1,348466492.8466667,353361405.32666665,336688620.4285714,350098130.34000003,348317819.5004762,1762369.918014296,6,2,1,7,2023,0
2023-02-26,Ohio,353624113.1000001,Beverages,353624113.1000001,352770764.6714286,347650674.1,338973302.12857145,351064067.8142858,351640363.94714284,1843443.2969881503,6,2,1,8,2023,0
2023-03-19,Ohio,378725666.0,Beverages,378725666.0,377530353.9571428,370358481.7000001,349282311.59333336,375139729.8714286,361859636.6215556,2582169.134495117,6,3,1,11,2023,0
2023-03-26,Ohio,350900425.40000004,Beverages,350900425.40000004,354875459.7714286,378725666.0,351917416.2428572,362825528.5142857,364946567.81238097,8587055.676164508,6,3,1,12,2023,0
2023-04-16,Ohio,374911717.9,Beverages,374911717.9,373768323.0190476,366907953.73333335,376335041.9142857,371481533.2571429,364302262.3485714,2470015.246460244,6,4,2,15,2023,0
2023-04-23,Ohio,369690370.50000006,Beverages,369690370.50000006,370436277.27142864,374911717.9,358850494.1428572,371928090.81428576,364743522.39238095,1611342.7902934009,6,4,2,16,2023,0
2023-04-30,Ohio,381198122.8,Beverages,381198122.8,379554158.1857143,369690370.50000006,356617399.80476195,376266228.9571429,369958011.3028572,3551369.4608600666,6,4,2,17,2023,0
2023-05-02,Ohio,343769115.99999994,Beverages,343769115.99999994,362483619.4,372978299.7285715,358904189.56666666,370829100.46530616,369610936.3411111,13414080.959278747,1,5,2,18,2023,0
2023-05-03,Ohio,370462700.1999999,Beverages,370462700.1999999,343769115.99999994,374622264.3428572,360047584.4476191,370234877.0163265,369958106.86619055,13309769.934736744,2,5,2,18,2023,0
2023-07-05,Ohio,385825886.4,Beverages,385825886.4,385582026.3015873,384118865.7111111,378510083.447619,385094306.1047619,382289914.97301584,526798.0216178565,2,7,3,27,2023,0
2023-08-01,Ohio,330617116.49999994,Beverages,330617116.49999994,332661885.7555555,344930501.2888888,385094306.1047619,336751424.2666666,360037407.7701587,4417206.444435839,1,8,3,31,2023,0
2023-09-04,Ohio,373981009.8,Beverages,373981009.8,372705601.1735294,365053149.4147059,335718751.0058823,370154783.9205883,355487584.71617645,2755197.530903016,0,9,3,36,2023,0
2023-12-02,Ohio,351100216.9,Beverages,351100216.9,351357304.46067417,352899829.8247191,358812843.72022474,351871479.5820225,354827986.52977526,555372.6058341429,5,12,4,48,2023,0
2023-12-03,Ohio,396326367.5,Beverages,396326367.5,351100216.9,352642742.26404494,358555756.15955055,358111997.47287315,356087006.90779024,16856672.275596093,6,12,4,48,2023,0
2019-03-11,Oklahoma,78606323.7,Beverages,78606323.7,78591440.01034483,78502137.8724138,78159813.01034483,78561672.63103448,78390510.2,32152.44442997236,0,3,1,11,2019,0
2019-06-10,Oklahoma,85463185.5,Beverages,85463185.5,85387835.37032968,84935734.59230769,83202681.6098901,85237135.110989,84370608.61978023,162774.88399587598,0,6,2,24,2019,0
2019-08-12,Oklahoma,79333315.5,Beverages,79333315.5,79430615.02380952,80014412.16666667,82252301.21428572,79625214.07142857,80744158.5952381,210190.99463147728,0,8,3,33,2019,0
2019-10-11,Oklahoma,79735846.69999999,Beverages,79735846.69999999,79729137.84666665,79688884.72666666,79534581.1,79715720.13999999,79638568.32666665,14492.77964279798,4,10,4,41,2019,0
2019-10-13,Oklahoma,80326242.9,Beverages,80326242.9,80031044.8,79702302.43333332,79547998.80666666,79852776.09523809,79680834.95799999,238520.60299529892,6,10,4,41,2019,0
2019-10-20,Oklahoma,77607881.19999999,Beverages,77607881.19999999,77996218.58571428,80326242.9,79594960.77999999,78772893.35714285,79493715.42333333,838904.6334379523,6,10,4,42,2019,0
2019-10-27,Oklahoma,75895542.9,Beverages,75895542.9,76140162.65714286,77607881.19999999,79641922.75333333,76629402.17142858,78795490.15155554,528439.0719182139,6,10,4,43,2019,0
2019-11-17,Oklahoma,78375342.60000001,Beverages,78375342.60000001,78257256.9,77548742.7,78384555.97142856,78021085.5,77103137.08619048,255094.26729917305,6,11,4,46,2019,0
2019-11-24,Oklahoma,78566415.69999999,Beverages,78566415.69999999,78539119.54285714,78375342.60000001,76384782.41428572,78484527.22857141,77417053.1252381,58966.438845435456,6,11,4,47,2019,0
2019-12-15,Oklahoma,75511948.5,Beverages,75511948.5,75657399.31904761,76530104.23333333,78139171.2,75948300.95714286,77410662.68666667,314209.6808755145,6,12,4,50,2019,0
2019-12-22,Oklahoma,79011299.7,Beverages,79011299.7,78511392.38571429,75511948.5,78511823.38571428,77511577.75714286,77199405.66809525,1079923.2257083503,6,12,4,51,2019,0
2019-12-29,Oklahoma,74528180.6,Beverages,74528180.6,75168626.18571427,79011299.7,77839161.6047619,76449517.35714285,76779098.00285713,1383520.590818672,6,12,4,52,2019,0
2020-01-03,Oklahoma,82141565.8,Beverages,82141565.8,80618888.75999999,75809071.77142857,77111907.50952381,77882552.19795918,77061331.76492064,2862618.384037449,4,1,1,1,2020,0
2020-01-11,Oklahoma,81182719.6,Beverages,81182719.6,81302575.375,82021710.02499999,75948300.95714286,81542286.925,78433288.02857143,258918.06632697373,5,1,1,2,2020,0
2020-01-19,Oklahoma,75239593.2,Beverages,75239593.2,75982484.0,80439828.8,78011485.07142857,77468265.60000001,78789525.95619048,1604827.5473446962,6,1,1,3,2020,0
2020-01-26,Oklahoma,72603774.6,Beverages,72603774.6,72980320.11428571,75239593.2,75809071.77142857,73733411.14285715,77894904.99619049,813431.2797465404,6,1,1,4,2020,0
2020-02-02,Oklahoma,76740453.69999999,Beverages,76740453.69999999,76149499.54285713,72603774.6,82141565.8,74967591.22857141,77214747.43666667,1276606.8856972903,6,2,1,5,2020,0
2020-02-08,Oklahoma,90586372.8,Beverages,90586372.8,88278719.61666666,76149499.54285713,81422431.14999999,83663413.24999999,77833781.2875,4985100.634346205,5,2,1,6,2020,0
2020-02-16,Oklahoma,76079558.6,Beverages,76079558.6,77892910.375,88773021.02499999,76725374.8,81519613.92499998,78681428.37833333,3917287.549590893,6,2,1,7,2020,0
2020-02-23,Oklahoma,75792846.5,Beverages,75792846.5,75833805.37142856,76079558.6,73356865.62857142,75915723.11428571,79002701.75547619,88481.27502182573,6,2,1,8,2020,0
2020-03-05,Oklahoma,88871582.3,Beverages,88871582.3,87682606.31818181,80548750.42727272,81355760.06666666,85304654.35454546,81717122.62333332,2568481.678265883,3,3,1,10,2020,0
2020-03-15,Oklahoma,90347233.9,Beverages,90347233.9,90199668.74,89314277.78,79706262.14999999,89904538.41999999,83146938.79583333,318777.1793544248,6,3,1,11,2020,0
2020-03-22,Oklahoma,88597026.2,Beverages,88597026.2,88847055.87142858,90347233.9,75874764.24285714,89347115.21428573,86202736.38238096,540125.8224759845,6,3,1,12,2020,0
2020-03-29,Oklahoma,80631132.8,Beverages,80631132.8,81769117.57142857,88597026.2,81737726.4090909,84045087.11428571,87532405.90575758,2458328.074121583,6,3,1,13,2020,0
2020-04-10,Oklahoma,88335873.4,Beverages,88335873.4,87693811.68333334,83841441.38333334,89756973.26,86409688.25,86396778.948,1387011.8326962716,4,4,2,15,2020,0
2020-04-19,Oklahoma,83048164.10000001,Beverages,83048164.10000001,83635687.35555556,87160826.8888889,89097085.54285714,84810733.86666667,85066613.78238097,1269195.2911793485,6,4,2,16,2020,0
2020-04-26,Oklahoma,83200719.60000001,Beverages,83200719.60000001,83178925.95714286,83048164.10000001,82907102.34285714,83135338.67142858,84352878.08904763,47079.64939997032,6,4,2,17,2020,0
2020-05-01,Oklahoma,74745582.4,Beverages,74745582.4,76436609.84,83157132.31428573,82557317.95,79573975.99387756,83769283.66666667,3296567.6550728264,4,5,2,18,2020,0
2020-05-04,Oklahoma,83714875.2,Beverages,83714875.2,80725110.93333334,81509692.16000001,84483503.1,78757689.57714286,83457650.62166667,2957946.0896826726,0,5,2,19,2020,0
2020-05-07,Oklahoma,99205082.8,Beverages,99205082.8,94041680.26666668,76436609.84,86409688.25,85577993.71428572,84285055.99499999,8889069.609100895,3,5,2,19,2020,0
2020-05-17,Oklahoma,86966075.6,Beverages,86966075.6,88189976.32,95533380.64,84223210.61111112,90637777.76,86276869.01851852,2643927.735637374,6,5,2,20,2020,0
2020-05-24,Oklahoma,89019568.89999999,Beverages,89019568.89999999,88726212.7142857,86966075.6,83157132.31428573,88139500.34285712,87434366.54523809,633721.7906267337,6,5,2,21,2020,0
2020-05-31,Oklahoma,86013312.39999999,Beverages,86013312.39999999,86442777.61428571,89019568.89999999,74745582.4,87301708.04285714,89237504.02333333,927750.897588964,6,5,2,22,2020,0
2020-06-09,Oklahoma,94396915.3,Beverages,94396915.3,93465403.86666666,87876335.26666667,95533380.64,91602381.0,89286357.63733332,2012294.6856773973,1,6,2,24,2020,0
2020-06-12,Oklahoma,80958929.6,Beverages,80958929.6,85438258.16666666,90670869.56666666,91861678.48,89759052.44285713,88521625.53399998,4873071.725454335,4,6,2,24,2020,0
2020-06-14,Oklahoma,92684021.3,Beverages,92684021.3,86821475.44999999,92533892.43333334,89413877.03999999,89097512.91666666,88503420.26566666,4924508.955172505,6,6,2,24,2020,0
2020-06-21,Oklahoma,90904541.5,Beverages,90904541.5,91158752.9,92684021.3,88432856.52857143,91667175.7,89412868.83880952,549159.3886554305,6,6,2,25,2020,0
2020-06-28,Oklahoma,90695834.9,Beverages,90695834.9,90725650.12857144,90904541.5,86872242.82857142,90785280.5857143,90049379.37880951,64408.25504457129,6,6,2,26,2020,0
2020-07-06,Oklahoma,94400100.4,Beverages,94400100.4,93937067.2125,91158868.0875,91602381.0,93011000.8375,91187318.36,1000266.0076455768,0,7,3,28,2020,0
2020-07-19,Oklahoma,93341989.5,Beverages,93341989.5,93423382.64615384,93911741.52307692,91412964.3,93586168.93846153,92653022.04500002,175829.2916009858,6,7,3,29,2020,0
2020-07-26,Oklahoma,89731977.5,Beverages,89731977.5,90247693.5,93341989.5,90755465.35714288,91279125.5,92746858.87928572,1114073.890004723,6,7,3,30,2020,0
2020-08-03,Oklahoma,85093040.3,Beverages,85093040.3,85672907.45,89152110.35,93474034.025,86832641.75,91468872.58708334,1252656.2128908213,0,8,3,32,2020,0
2020-08-11,Oklahoma,86781883.9,Beverages,86781883.9,86570778.45,85304145.75,93911741.52307692,86148567.55,89312726.07564102,456039.8938218645,1,8,3,33,2020,0
2020-08-16,Oklahoma,94816278.0,Beverages,94816278.0,93209399.18,86359673.0,93504775.79230767,90195037.7357143,88968552.4548718,3175702.1949560107,6,8,3,33,2020,0
2020-08-23,Oklahoma,90109169.8,Beverages,90109169.8,90781613.82857142,94816278.0,90763409.5,92126501.88571428,88940083.57333332,1452645.12778633,6,8,3,34,2020,0
2020-08-30,Oklahoma,90142387.2,Beverages,90142387.2,90137641.85714288,90109169.8,86832641.75,90128151.17142858,89305267.13833334,10251.112013893448,6,8,3,35,2020,0
2020-09-02,Oklahoma,76848767.3,Beverages,76848767.3,81279973.93333334,90123405.82857142,85093040.3,86340142.64897959,88865973.78666666,5380507.427397979,2,9,3,36,2020,0
2020-09-08,Oklahoma,93480651.4,Beverages,93480651.4,90708670.71666668,81279973.93333334,86359673.0,85164709.35000001,89009731.85,5988162.676559562,1,9,3,37,2020,0
2020-09-13,Oklahoma,89514979.8,Beverages,89514979.8,90308114.12,87936690.03333333,91602520.36,91385080.61666667,89415287.02433333,1386985.4168258766,6,9,3,37,2020,0
2020-09-20,Oklahoma,88421652.5,Beverages,88421652.5,88577842.11428571,89514979.8,91454057.85714284,88890221.34285714,88422325.11261906,337408.1299857377,6,9,3,38,2020,0
2020-09-27,Oklahoma,85283479.5,Beverages,85283479.5,85731789.92857143,88421652.5,90132896.51428571,86628410.78571428,87585360.53690477,968461.2133204472,6,9,3,39,2020,0
2020-10-05,Oklahoma,87590117.0,Beverages,87590117.0,87301787.3125,85571809.1875,85164709.35,86725127.9375,88297012.8,622863.3134456626,0,10,4,41,2020,0
2020-10-18,Oklahoma,85645823.9,Beverages,85645823.9,85795384.90769231,86692750.95384616,88734031.72857143,86094506.92307691,86703584.80547619,323088.7031471505,6,10,4,42,2020,0
2020-10-25,Oklahoma,80946231.80000001,Beverages,80946231.80000001,81617602.10000001,85645823.9,86180100.35714285,82960342.70000002,85648228.07928571,1450325.608971031,6,10,4,43,2020,0
2020-11-10,Oklahoma,87882414.0,Beverages,87882414.0,87448902.6125,84847834.28750001,86692750.95384616,86581879.83749999,84582706.82871795,936491.6307307506,1,11,4,46,2020,0
2020-11-15,Oklahoma,83683256.7,Beverages,83683256.7,84523088.16,87015391.225,85944945.91538462,86020844.95892857,84435848.77692309,1566433.6099705251,6,11,4,46,2020,0
2020-11-22,Oklahoma,85284484.7,Beverages,85284484.7,85055737.84285715,83683256.7,82288972.4,84598244.12857144,84522113.28,494149.688905973,6,11,4,47,2020,0
2020-11-29,Oklahoma,81307553.5,Beverages,81307553.5,81875686.52857143,85284484.7,83113788.73750001,83011952.5857143,84764980.09291667,1227307.6134577682,6,11,4,48,2020,0
2020-12-01,Oklahoma,76919151.4,Beverages,76919151.4,79113352.45,84148218.64285715,83980811.5125,81178800.23367347,84381793.16666669,2367833.17115736,1,12,4,49,2020,0
2020-12-04,Oklahoma,84529308.4,Beverages,84529308.4,81992589.4,82443819.55714285,85281345.67500001,80741930.29693878,84096268.67791668,2464195.887951063,4,12,4,49,2020,0
2020-12-07,Oklahoma,91139684.9,Beverages,91139684.9,88936226.06666668,79113352.45,86581879.8375,84243656.82857144,84375054.43958333,5123333.222788364,0,12,4,50,2020,0
2020-12-13,Oklahoma,82702749.7,Beverages,82702749.7,84108905.56666666,88936226.06666668,85362919.62,86921217.3,84253516.94366667,3037643.8511369764,6,12,4,50,2020,0
2020-12-20,Oklahoma,81442286.5,Beverages,81442286.5,81622352.67142858,82702749.7,84826990.98571429,81982485.01428571,83714302.40642858,388987.3885295561,6,12,4,51,2020,0
2020-12-27,Oklahoma,79754543.0,Beverages,79754543.0,79995649.21428572,81442286.5,82443819.55714285,80477861.64285715,82884448.43595238,520848.9518555383,6,12,4,52,2020,0
2021-01-08,Oklahoma,97749346.0,Beverages,97749346.0,96249779.08333331,87252377.58333333,88327373.16666667,93250645.25,85016369.86999999,3239434.782275127,4,1,1,1,2021,0
2021-01-17,Oklahoma,80475327.2,Beverages,80475327.2,82394662.62222223,93910675.15555556,81802418.84285714,86233333.46666667,86460147.53904763,4146238.394896995,6,1,1,2,2021,0
2021-01-24,Oklahoma,78059157.2,Beverages,78059157.2,78404324.34285715,80475327.2,80236755.42857143,79094658.62857142,86026918.60380954,745646.2501578536,6,1,1,3,2021,0
2021-01-31,Oklahoma,79728180.8,Beverages,79728180.8,79489748.85714285,78059157.2,87252377.58333333,79012884.97142856,85096044.73166667,515071.8652945695,6,1,1,4,2021,0
2021-02-05,Oklahoma,94001880.6,Beverages,94001880.6,91147140.64,79251316.91428572,94750212.16666669,85811419.00816326,84519598.45611112,5616064.061655516,4,2,1,5,2021,0
2021-02-14,Oklahoma,84187147.10000001,Beverages,84187147.10000001,85277673.04444446,91820828.71111111,84313998.04444444,87458724.93333335,83600935.21074075,2355805.290276564,6,2,1,6,2021,0
2021-02-21,Oklahoma,73866344.5,Beverages,73866344.5,75340744.87142858,84187147.10000001,78749491.48571429,78289545.61428571,83199525.23142858,3185068.830955476,6,2,1,7,2021,0
2021-02-28,Oklahoma,85254958.7,Beverages,85254958.7,83628013.81428573,73866344.5,79251316.91428572,80374124.04285714,83608962.61857145,3514602.644972056,6,2,1,8,2021,0
2021-03-01,Oklahoma,79645363.0,Beverages,79645363.0,85254958.7,75493289.38571429,79489748.85714285,80967277.41632652,83614149.75666666,2839023.298844116,0,3,1,9,2021,0
2021-03-10,Oklahoma,139578544.8,Beverages,139578544.8,132919302.3777778,92963847.84444444,90730302.76666668,119600817.53333332,90941533.2788889,14385607.795419356,2,3,1,10,2021,0
2021-03-14,Oklahoma,95931309.8,Beverages,95931309.8,106843118.55,119600817.53333332,86368198.98888889,121136285.54761906,94180871.28148147,15345662.632389016,6,3,1,10,2021,0
2021-03-21,Oklahoma,94265847.7,Beverages,94265847.7,94503770.85714288,95931309.8,76815145.24285714,94979617.17142858,97399963.6190476,513972.7625261403,6,3,1,11,2021,0
2021-03-28,Oklahoma,86437960.1,Beverages,86437960.1,87556229.75714286,94265847.7,82001068.92857143,89792769.07142857,100253510.2304762,2415738.559613188,6,3,1,12,2021,0
2021-04-04,Oklahoma,90092014.4,Beverages,90092014.4,89570006.64285715,86437960.1,106282332.68888888,88525991.12857142,99786167.76925926,1127665.6388665072,6,4,2,13,2021,0
2021-04-07,Oklahoma,101861975.8,Beverages,101861975.8,97938655.33333331,88003983.37142856,126260059.95555556,93007425.29387756,97619951.54925926,5160939.084387694,2,4,2,14,2021,0
2021-04-18,Oklahoma,87746181.5,Beverages,87746181.5,89029435.52727273,96728959.69090907,94741694.01428571,91595943.5818182,92220129.13190477,2772145.5336470148,6,4,2,15,2021,0
2021-04-25,Oklahoma,89062162.5,Beverages,89062162.5,88874165.21428572,87746181.5,88674499.4142857,88498170.64285715,91425541.8752381,406120.5535725419,6,4,2,16,2021,0
2021-05-09,Oklahoma,102611165.5,Beverages,102611165.5,101643379.57142857,95836664.0,99295467.74545456,99707807.71428572,93462925.68272728,2090656.5515450037,6,5,2,18,2021,0
2021-05-12,Oklahoma,128954974.9,Beverages,128954974.9,120173705.1,98740021.78571428,95445705.66363636,109308437.38979591,95807400.22363636,11392162.285931809,2,5,2,19,2021,0
2021-05-16,Oklahoma,91205564.5,Beverages,91205564.5,100642917.1,102611165.5,90312689.55454545,111709641.27142856,97557269.9309091,12751807.033243926,6,5,2,19,2021,0
2021-05-23,Oklahoma,93113160.2,Beverages,93113160.2,92840646.52857144,91205564.5,88686167.92857143,92295619.18571427,98482031.61380953,588696.8137650115,6,5,2,20,2021,0
2021-05-30,Oklahoma,91015535.2,Beverages,91015535.2,91315195.91428572,93113160.2,93901092.14285716,91914517.34285714,98669954.6890476,647341.1289272017,6,5,2,21,2021,0
2021-06-06,Oklahoma,98464486.4,Beverages,98464486.4,97400350.51428571,91015535.2,100675593.64285712,95272078.74285714,98086584.6957143,2298796.247727547,6,6,2,22,2021,0
2021-06-13,Oklahoma,102717507.3,Beverages,102717507.3,102109932.88571428,98464486.4,110080269.7,100894784.05714284,95149582.56333332,1312510.7446551528,6,6,2,23,2021,0
2021-06-20,Oklahoma,102288532.8,Beverages,102288532.8,102349814.87142856,102717507.3,92568132.85714288,102472379.01428571,97327670.69428572,132384.40476949548,6,6,2,24,2021,0
2021-06-27,Oklahoma,96237763.0,Beverages,96237763.0,97102158.68571427,102288532.8,91614856.62857144,98830950.05714284,98820735.80714288,1867308.099977513,6,6,2,25,2021,0
2021-07-02,Oklahoma,84110541.7,Beverages,84110541.7,86535985.96000001,97966554.37142856,94207942.85714288,91163867.54081632,98255569.10952382,4900495.998647892,4,7,3,26,2021,0
2021-07-03,Oklahoma,90099344.2,Beverages,90099344.2,84110541.7,97102158.68571427,95272078.74285714,90163465.47142856,98083144.6247619,4142331.153571814,5,7,3,26,2021,0
2021-07-11,Oklahoma,133270329.7,Beverages,133270329.7,127873956.5125,95495717.3875,101502358.47142856,117081210.13750002,102130714.2445238,11657498.446675329,6,7,3,27,2021,0
2021-07-18,Oklahoma,100015738.7,Beverages,100015738.7,104766394.55714284,133270329.7,102411096.94285716,114267706.2714286,104876654.18738095,10262589.58583774,6,7,3,28,2021,0
2021-07-25,Oklahoma,97954900.7,Beverages,97954900.7,98249306.12857144,100015738.7,97966554.37142856,98838116.98571429,104501712.27119048,635988.4142547053,6,7,3,29,2021,0
2021-08-08,Oklahoma,102015570.4,Beverages,102015570.4,101725522.56428573,99985235.55,122477583.325,101145426.89285716,105156956.05208331,626574.937794776,6,8,3,31,2021,0
2021-08-15,Oklahoma,104210130.1,Beverages,104210130.1,103896621.57142857,102015570.4,109517050.41428572,103269604.51428571,100711993.87690476,677255.826798323,6,8,3,32,2021,0
2021-08-22,Oklahoma,98328221.1,Beverages,98328221.1,99168493.81428573,104210130.1,98543711.55714284,100849039.24285711,100895278.18928573,1815196.525742714,6,8,3,33,2021,0
2021-08-29,Oklahoma,99095058.9,Beverages,99095058.9,98985510.64285716,98328221.1,99405139.87857144,98766414.12857144,100929793.8904762,236651.28282477672,6,8,3,34,2021,0
2021-09-05,Oklahoma,96078346.0,Beverages,96078346.0,96509304.98571429,99095058.9,101435474.72857144,97371222.95714286,100184501.96214288,930977.8126854711,6,9,3,35,2021,0
2021-09-19,Oklahoma,97937979.2,Beverages,97937979.2,97805148.25714286,97008162.6,100008766.52857144,97539486.37142858,97650142.2504762,286947.6324532998,6,9,3,37,2021,0
2021-09-26,Oklahoma,93647772.6,Beverages,93647772.6,94260659.25714286,97937979.2,98875962.38571428,95486432.57142857,96904275.04142858,1323986.5008177103,6,9,3,38,2021,0
2021-10-01,Oklahoma,82319645.60000001,Beverages,82319645.60000001,84585271.0,94873545.9142857,97802181.94285716,88880416.26530612,94953424.69714288,4538723.022003075,4,10,4,39,2021,0
2021-10-10,Oklahoma,138432303.7,Beverages,138432303.7,132197563.9111111,94789125.17777778,96742500.71428572,119728084.33333331,100025316.99190477,13468577.297944533,6,10,4,40,2021,0
2021-10-17,Oklahoma,133311603.4,Beverages,133311603.4,134043132.01428571,138432303.7,97672317.31428573,135506189.24285716,108946202.10190476,1580282.4208777505,6,10,4,41,2021,0
2021-10-24,Oklahoma,129819103.7,Beverages,129819103.7,130318032.22857144,133311603.4,94873545.9142857,131315889.28571428,117045252.14857145,1077808.8068953452,6,10,4,42,2021,0
2021-10-31,Oklahoma,128210997.1,Beverages,128210997.1,128440726.61428572,129819103.7,82319645.60000001,128900185.64285716,126383198.33666666,496272.4709365822,6,10,4,43,2021,0
2021-11-04,Oklahoma,90326404.1,Beverages,90326404.1,99797552.35,128900185.64285712,107258604.75555556,114779240.82040817,127266749.19037037,15429726.807759125,3,11,4,44,2021,0
2021-11-07,Oklahoma,98249578.7,Beverages,98249578.7,95608520.5,128210997.1,125962824.1222222,100708295.34285714,124854792.80703704,9991697.101428105,6,11,4,44,2021,0
2021-11-14,Oklahoma,132050715.0,Beverages,132050715.0,127221981.24285714,98249578.7,134774660.62857142,117564513.72857144,120559230.78047618,10431257.127230072,6,11,4,45,2021,0
2021-11-21,Oklahoma,132271455.2,Beverages,132271455.2,132239920.88571428,132050715.0,130816960.75714286,132176852.25714286,120519535.4909524,68121.90452713493,6,11,4,46,2021,0
2021-11-28,Oklahoma,124661602.0,Beverages,124661602.0,125748723.88571428,132271455.2,128670456.12857142,127922967.65714283,120175337.55380954,2348451.6829560986,6,11,4,47,2021,0
2021-12-09,Oklahoma,98084759.2,Beverages,98084759.2,100500835.81818184,114997295.52727272,107907046.21428572,105332989.05454545,121482718.06761906,5219322.023307237,3,12,4,49,2021,0
2021-12-12,Oklahoma,128121754.5,Beverages,128121754.5,118109422.73333332,107749065.67272729,122393247.48571429,108737680.67272729,121537208.96809524,10729910.216318192,6,12,4,49,2021,0
2021-12-19,Oklahoma,128793170.5,Beverages,128793170.5,128697253.92857143,128121754.5,132208386.57142857,128505420.78571428,120855164.28619048,207203.47600007252,6,12,4,50,2021,0
2021-12-26,Oklahoma,128582524.0,Beverages,128582524.0,128612616.35714284,128793170.5,126835845.77142856,128672801.07142857,120560090.4095238,65006.92109954039,6,12,4,51,2021,0
2022-01-05,Oklahoma,137163267.4,Beverages,137163267.4,136305193.06,131156747.02,105332989.05454546,134589044.38000005,126303255.24515152,1853652.4324943884,2,1,1,1,2022,0
2022-01-16,Oklahoma,130810459.7,Beverages,130810459.7,131387987.67272729,134853155.5090909,128601337.35714284,132543043.61818182,132063281.86095238,1247603.0124341045,6,1,1,2,2022,0
2022-01-23,Oklahoma,123087657.8,Beverages,123087657.8,124190915.21428572,130810459.7,128642708.71428572,126397430.04285714,131522519.15190476,2383308.4085242203,6,1,1,3,2022,0
2022-01-30,Oklahoma,126661785.4,Beverages,126661785.4,126151195.74285714,123087657.8,132872895.7,125130016.42857143,130286893.80333333,1102999.7237376913,6,1,1,4,2022,0
2022-02-01,Oklahoma,122812645.5,Beverages,122812645.5,124737215.45,124108837.11428572,134589044.38,125107555.9112245,129594555.35433334,1253760.7610116084,1,2,1,5,2022,0
2022-02-10,Oklahoma,144114760.0,Beverages,144114760.0,141747858.3888889,127546448.72222222,133698099.56363636,137014055.1666667,129329798.21590908,5113091.866749811,3,2,1,6,2022,0
2022-02-13,Oklahoma,133213655.8,Beverages,133213655.8,136847357.2,134647153.55555555,131965515.64545456,138971385.9904762,129760229.57409091,3607955.422894444,6,2,1,6,2022,0
2022-02-20,Oklahoma,122053637.5,Beverages,122053637.5,123647925.82857142,133213655.8,125294172.62857142,126836502.48571429,129365350.66547616,3444056.418654404,6,2,1,7,2022,0
2022-02-27,Oklahoma,130023889.8,Beverages,130023889.8,128885282.32857142,122053637.5,125640606.0857143,126608067.38571428,129894709.49309523,2459673.2598632225,6,2,1,8,2022,0
2022-03-04,Oklahoma,141210549.59999996,Beverages,141210549.59999996,138973217.64,127746674.85714284,125179547.1111111,134655514.36122447,131832610.79962964,4590638.860750242,4,3,1,9,2022,0
2022-03-07,Oklahoma,153118813.0,Beverages,153118813.0,149149391.86666664,132261221.76,132280251.94444443,142695197.4628571,133756214.95296296,6772962.954829316,0,3,1,10,2022,0
2022-03-13,Oklahoma,136461942.20000002,Beverages,136461942.20000002,139238087.33333334,149149391.86666664,140481058.6,144790377.6,134523814.54333332,5997158.916758271,6,3,1,10,2022,0
2022-03-20,Oklahoma,134978035.4,Beverages,134978035.4,135190022.08571428,136461942.20000002,125242214.15714286,135613995.4571429,135759914.58095238,457943.58052370703,6,3,1,11,2022,0
2022-03-27,Oklahoma,132847810.0,Beverages,132847810.0,133152127.91428572,134978035.4,127746674.85714284,133760763.74285714,137869130.6909524,657401.830775602,6,3,1,12,2022,0
2022-04-09,Oklahoma,156360684.99999997,Beverages,156360684.99999997,154552002.3076923,143699906.15384614,144790377.60000002,150934636.9230769,139831641.04666665,3907201.1781788594,5,4,2,14,2022,0
2022-04-12,Oklahoma,133222494.2,Beverages,133222494.2,140935224.46666667,149125954.23076922,136461942.20000002,148199473.89230767,140001354.76,8290235.322946396,1,4,2,15,2022,0
2022-04-17,Oklahoma,140765828.4,Beverages,140765828.4,139257161.56,148647954.73333332,135402008.7714286,137557170.32380953,140321773.52285713,2976139.7915847725,6,4,2,15,2022,0
2022-04-24,Oklahoma,133940730.8,Beverages,133940730.8,134915744.74285713,140765828.4,133456445.82857142,136865772.62857142,140907338.27714285,2106270.8469918286,6,4,2,16,2022,0
2022-05-06,Oklahoma,142131462.00000003,Beverages,142131462.00000003,141448901.0666667,137353535.46666667,150934636.9230769,140083779.20000002,139793102.82410255,1474500.1399256757,4,5,2,18,2022,0
2022-05-15,Oklahoma,143855272.20000002,Beverages,143855272.20000002,143663737.73333335,142514530.93333337,137748494.72,143280668.8,139547137.65866667,413761.737734967,6,5,2,19,2022,0
2022-05-22,Oklahoma,139771358.7,Beverages,139771358.7,140354774.91428572,143855272.20000002,135890758.68571427,141521607.34285715,140261281.9447619,1260323.0680032389,6,5,2,20,2022,0
2022-05-29,Oklahoma,135755043.59999996,Beverages,135755043.59999996,136328802.89999998,139771358.7,137353535.46666667,137476321.49999997,140712472.17666668,1239461.7488589382,6,5,2,21,2022,0
2022-06-02,Oklahoma,127526645.3,Beverages,127526645.3,129583744.875,137476321.49999997,140083779.20000002,133062226.7642857,139586119.75833333,3601780.137204772,3,6,2,22,2022,0
2022-06-03,Oklahoma,137714108.69999996,Beverages,137714108.69999996,127526645.3,136902562.19999996,140766340.13333336,133178161.9785714,139484378.71055555,3755765.865266779,4,6,2,22,2022,0
2022-06-11,Oklahoma,138164353.70000002,Beverages,138164353.70000002,138108073.07500002,137770389.32499996,143280668.8,137995511.82500002,138262632.48499998,121580.0455773311,5,6,2,23,2022,0
2022-06-19,Oklahoma,152890845.2,Beverages,152890845.2,151050033.7625,140005165.13750002,140938191.12857142,147368410.8875,139264889.49714285,3976607.200364593,6,6,2,24,2022,0
2022-06-26,Oklahoma,147588859.7,Beverages,147588859.7,148346286.2,152890845.2,136902562.19999996,149861139.2,141886604.05666667,1636228.2481951271,6,6,2,25,2022,0
2022-07-08,Oklahoma,157651928.4,Beverages,157651928.4,156813339.34166667,151781804.99166667,137995511.825,155136161.225,149047083.26416668,1811559.4131884144,4,7,3,27,2022,0
2022-07-17,Oklahoma,152584163.00000003,Beverages,152584163.00000003,153147248.04444447,156525758.31111112,149209222.325,154273418.13333336,152765788.16375002,1216402.721391091,6,7,3,28,2022,0
2022-07-24,Oklahoma,148155010.59999996,Beverages,148155010.59999996,148787746.65714282,152584163.00000003,149103712.7,150053218.77142856,152543748.96166664,1366866.1056185456,6,7,3,29,2022,0
2022-07-31,Oklahoma,152306096.7,Beverages,152306096.7,151713084.39999998,148155010.59999996,151781804.99166667,150527059.79999998,152784786.90583333,1281052.9824149103,6,7,3,30,2022,0
2022-08-05,Oklahoma,141285993.20000002,Beverages,141285993.20000002,143490013.9,151120072.1,155974750.28333333,147498479.15714285,151350863.97805557,4197881.55007369,4,8,3,31,2022,0
2022-08-14,Oklahoma,159549606.89999998,Beverages,159549606.89999998,157520316.48888886,145344574.02222222,153710333.0888889,153461735.66666666,150038518.0448148,4383768.318723288,6,8,3,32,2022,0
2022-08-21,Oklahoma,150724443.0,Beverages,150724443.0,151985180.7,159549606.89999998,149420482.7142857,154506656.09999996,150784698.29523808,2723504.7074654046,6,8,3,33,2022,0
2022-08-28,Oklahoma,149157621.50000003,Beverages,149157621.50000003,149381453.14285716,150724443.0,151120072.1,149829116.42857143,150857725.6366667,483531.61246555246,6,8,3,34,2022,0
2022-09-01,Oklahoma,125894613.5,Beverages,125894613.5,131710365.5,149829116.42857143,147898055.3,140945332.20408162,148739514.09,9511815.235342396,3,9,3,35,2022,0
2022-09-10,Oklahoma,147640274.59999996,Beverages,147640274.59999996,145224090.0333333,130726982.63333333,153461735.66666666,140391720.89999998,146105471.67222223,5219555.218685554,5,9,3,36,2022,0
2022-09-18,Oklahoma,151038592.09999996,Beverages,151038592.09999996,150613802.41249996,148065064.28749996,153245918.4,149764223.03749996,144272695.24166667,917650.6053380952,6,9,3,37,2022,0
2022-09-25,Oklahoma,145687931.6,Beverages,145687931.6,146452311.67142856,151038592.09999996,149605284.7857143,147981071.8142857,143702466.52976188,1651249.6793140557,6,9,3,38,2022,0
2022-10-04,Oklahoma,141755939.29999998,Beverages,141755939.29999998,142192827.3333333,144814155.53333333,133143167.2,143066603.4,145780414.34166664,943786.0194143136,1,10,4,40,2022,0
2022-10-07,Oklahoma,151769463.5,Beverages,151769463.5,148431622.1,143503491.4333333,140391720.89999998,144991421.67142856,146826022.91833332,3772054.3890178,4,10,4,40,2022,0
2022-10-16,Oklahoma,141443211.20000002,Beverages,141443211.20000002,142590572.5666667,149474740.76666668,150189012.72499996,144885295.3,146288003.21374995,2478583.834908873,6,10,4,41,2022,0
2022-10-23,Oklahoma,134986428.20000002,Beverages,134986428.20000002,135908825.7714286,141443211.20000002,147216691.74285713,137753620.91428572,143584526.2957143,1992606.493752597,6,10,4,42,2022,0
2022-10-30,Oklahoma,132940052.7,Beverages,132940052.7,133232392.05714288,134986428.20000002,143503491.4333333,133817070.7714286,141007623.45000002,631525.189849165,6,10,4,43,2022,0
2022-11-09,Oklahoma,153309864.4,Beverages,153309864.4,151272883.23000002,139050996.21,148327379.4,147198920.89000002,140276634.02833334,4400382.256767549,2,11,4,45,2022,0
2022-11-12,Oklahoma,136075676.6,Beverages,136075676.6,141820405.86666667,145161939.72,144885295.3,146639826.88285714,139855408.94833335,5897613.776187567,5,11,4,45,2022,0
2022-11-13,Oklahoma,137896120.8,Beverages,137896120.8,136075676.6,147198920.89000002,143737933.93333334,145310855.44142857,139660681.8438889,6738789.998064796,6,11,4,45,2022,0
2022-11-20,Oklahoma,135567426.7,Beverages,135567426.7,135900097.28571427,137896120.8,136831223.34285715,136565438.45714286,138945488.27738097,718650.6013236017,6,11,4,46,2022,0
2022-11-27,Oklahoma,132993117.1,Beverages,132993117.1,133360875.61428572,135567426.7,133524731.41428572,134096392.64285716,138853236.40690476,794449.1902306434,6,11,4,47,2022,0
2022-12-06,Oklahoma,147942448.99999997,Beverages,147942448.99999997,146281412.1222222,136315190.85555553,147198920.89000002,142959338.36666664,139449783.973,3588249.765120976,1,12,4,49,2022,0
2022-12-18,Oklahoma,137614795.70000002,Beverages,137614795.70000002,138475433.47500002,143639260.125,136232767.87142858,140196709.025,139666887.58119047,1859190.0850052168,6,12,4,50,2022,0
2022-12-25,Oklahoma,139698732.7,Beverages,139698732.7,139401027.41428572,137614795.70000002,133728634.12857142,138805616.84285715,140595255.51880953,643116.9204069761,6,12,4,51,2022,0
2023-01-01,Oklahoma,128027304.7,Beverages,128027304.7,129694651.55714284,139698732.7,141298301.48888886,133029345.27142856,139760931.70277777,3601880.878480691,6,1,1,52,2023,0
2023-01-15,Oklahoma,135596806.5,Beverages,135596806.5,135056127.8,131812055.6,139336071.25,133974770.4,134269616.4425,1167999.485277689,6,1,1,2,2023,0
2023-01-22,Oklahoma,130499779.3,Beverages,130499779.3,131227926.04285714,135596806.5,139103322.12857142,132684219.5285714,132941608.1004762,1572976.743611232,6,1,1,3,2023,0
2023-01-29,Oklahoma,131289925.0,Beverages,131289925.0,131177047.04285714,130499779.3,131361998.41428572,130951291.12857144,131744135.3385714,243844.2569083578,6,1,1,4,2023,0
2023-02-04,Oklahoma,141704836.1,Beverages,141704836.1,139969017.5833333,131177047.04285714,130190019.5,136497380.54999998,133375927.89833334,3749796.5686684255,5,2,1,5,2023,0
2023-02-19,Oklahoma,135360155.3,Beverages,135360155.3,135783134.02,138321006.34,131956072.78571428,136629091.46,135913119.23976192,913738.4684128402,6,2,1,7,2023,0
2023-02-26,Oklahoma,135256254.8,Beverages,135256254.8,135271097.72857144,135360155.3,131064169.08571428,135300783.5857143,136952643.03642857,32064.390187852296,6,2,1,8,2023,0
2023-03-19,Oklahoma,145942880.7,Beverages,145942880.7,145433993.75238094,142380672.06666666,136206112.74,144416219.85714287,139206100.33733335,1099321.450765944,6,3,1,11,2023,0
2023-03-26,Oklahoma,137653756.8,Beverages,137653756.8,138837917.35714287,145942880.7,135285940.65714288,141206238.47142857,140563508.5842857,2558079.17203829,6,3,1,12,2023,0
2023-04-16,Oklahoma,147173330.9,Beverages,147173330.9,146720017.84761906,144000139.53333333,144925106.8047619,145813391.74285716,142508825.05507937,979268.1158848944,6,4,2,15,2023,0
2023-04-23,Oklahoma,144161747.1,Beverages,144161747.1,144591973.35714287,147173330.9,140022077.91428572,145452425.87142858,143003428.77190477,929394.9380526796,6,4,2,16,2023,0
2023-04-30,Oklahoma,146135675.29999998,Beverages,146135675.29999998,145853685.55714285,144161747.1,139920322.06190476,145289706.07142857,144519021.72380954,609167.4676734288,6,4,2,17,2023,0
2023-05-02,Oklahoma,135216389.00000003,Beverages,135216389.00000003,140676032.15,144725726.58571428,140826948.1666667,143392985.74591836,144342082.9861111,4057249.502401393,1,5,2,18,2023,0
2023-05-03,Oklahoma,149196560.6,Beverages,149196560.6,135216389.00000003,145007716.3285714,141280261.21904764,143991392.07040817,144605959.63214287,4606790.937960758,2,5,2,18,2023,0
2023-07-05,Oklahoma,154636605.6,Beverages,154636605.6,154550255.67936507,154032156.15555555,152046107.98095238,154377555.83809522,153384531.75079364,186537.1482542979,2,7,3,27,2023,0
2023-08-01,Oklahoma,135062546.7,Beverages,135062546.7,135787511.84444442,140137302.7111111,154377555.83809522,137237442.1333333,145493409.7879365,1566103.705507523,1,8,3,31,2023,0
2023-09-04,Oklahoma,150712861.99999997,Beverages,150712861.99999997,150252558.6088235,147490738.26176468,136903760.26470587,149331951.82647055,144038462.82794115,994368.973594498,0,9,3,36,2023,0
2023-12-02,Oklahoma,139263300.6,Beverages,139263300.6,139391947.35730338,140163827.90112358,143122703.3191011,139649240.87191013,141128678.58089888,277908.7585730746,5,12,4,48,2023,0
2023-12-03,Oklahoma,151437048.5,Beverages,151437048.5,139263300.6,140035181.14382023,142994056.56179774,141278079.06565008,141410111.6455056,4485068.95937714,6,12,4,48,2023,0
2019-03-11,Oregon,60796877.4,Beverages,60796877.4,60753096.3137931,60490409.79655172,59483444.8137931,60665534.1413793,60162051.65,94577.95573343834,0,3,1,11,2019,0
2019-06-10,Oregon,63944984.5,Beverages,63944984.5,63910389.91648352,63702822.41538461,62907146.994505495,63841200.74945056,63443363.039010994,74732.84177768938,0,6,2,24,2019,0
2019-08-12,Oregon,59857037.9,Beverages,59857037.9,59921925.94126984,60311254.188888885,61803679.13809524,60051702.02380952,60797914.4984127,140174.18996644323,0,8,3,33,2019,0
2019-10-11,Oregon,61552924.6,Beverages,61552924.6,61524659.821666665,61355071.15166667,60704981.25,61468130.265,61143085.314166665,61058.89975864023,4,10,4,41,2019,0
2019-10-13,Oregon,62778734.8,Beverages,62778734.8,62165829.7,61411600.708333336,60761510.806666665,61775219.959523804,61258078.903,509300.77079527033,6,10,4,41,2019,0
2019-10-20,Oregon,61126836.7,Beverages,61126836.7,61362822.14285714,62778734.8,60959364.255,61834793.02857143,61482130.961666666,509786.8212519645,6,10,4,42,2019,0
2019-10-27,Oregon,59546507.4,Beverages,59546507.4,59772268.72857143,61126836.7,61157217.70333333,60223791.38571429,61284116.83238889,487700.2100666288,6,10,4,43,2019,0
2019-11-17,Oregon,61015742.0,Beverages,61015742.0,60945778.44761905,60525997.13333333,61598807.58571429,60805851.34285714,60356481.15142857,151138.54710714085,6,11,4,46,2019,0
2019-11-24,Oregon,60959598.8,Beverages,60959598.8,60967619.25714286,61015742.0,59998030.05714285,60983660.17142857,60428087.77761905,17326.167677673388,6,11,4,47,2019,0
2019-12-15,Oregon,59979190.9,Beverages,59979190.9,60025876.99047619,60305993.53333333,60875814.895238094,60119249.17142857,60607140.98492064,100853.48220043552,6,12,4,50,2019,0
2019-12-22,Oregon,65582615.4,Beverages,65582615.4,64782126.18571428,59979190.9,60975639.71428571,63181147.75714285,61118744.675238095,1729254.3432192546,6,12,4,51,2019,0
2019-12-29,Oregon,58675368.8,Beverages,58675368.8,59662118.31428571,65582615.4,60726168.34761904,61635617.34285714,61299558.031904764,2131622.5787885413,6,12,4,52,2019,0
2020-01-03,Oregon,64230389.7,Beverages,64230389.7,63119385.52,60648867.828571424,60492737.895238094,61197056.25918367,61536603.24253968,2014509.326117033,4,1,1,1,2020,0
2020-01-11,Oregon,65902982.5,Beverages,65902982.5,65693908.4,64439463.8,60119249.17142857,65275760.2,62840222.61904762,451651.6762836459,5,1,1,2,2020,0
2020-01-19,Oregon,56795066.3,Beverages,56795066.3,57933555.825,64764492.975,63981636.97142857,60210534.875,62648799.732857145,2459418.466459573,6,1,1,3,2020,0
2020-01-26,Oregon,58377816.9,Beverages,58377816.9,58151709.67142857,56795066.3,60648867.828571424,57699495.21428571,61329462.75380953,488447.4394698112,6,1,1,4,2020,0
2020-02-02,Oregon,60557263.2,Beverages,60557263.2,60245913.72857143,58377816.9,64230389.7,59623214.78571428,60962233.07666668,672591.7303052618,6,2,1,5,2020,0
2020-02-08,Oregon,80871404.4,Beverages,80871404.4,77485714.2,60245913.72857143,65484834.3,70714333.8,62451239.04666666,7313926.757113413,5,2,1,6,2020,0
2020-02-16,Oregon,56802263.9,Beverages,56802263.9,59810906.4625,77862761.8375,59072045.35,65828191.5875,63636358.94916666,6499410.767251898,6,2,1,7,2020,0
2020-02-23,Oregon,59501128.3,Beverages,59501128.3,59115576.24285714,56802263.9,57925602.44285714,58344472.12857143,63846883.710714296,832887.6360274404,6,2,1,8,2020,0
2020-03-05,Oregon,73277376.0,Beverages,73277376.0,72024989.84545454,64510672.91818181,67328643.60000001,69520217.53636363,66247092.725,2705463.307294796,3,3,1,10,2020,0
2020-03-15,Oregon,72106967.8,Beverages,72106967.8,72224008.62,72926253.53999999,62819549.025,72458090.26,66284362.92208333,252837.06851201027,6,3,1,11,2020,0
2020-03-22,Oregon,70139254.89999999,Beverages,70139254.89999999,70420356.74285713,72106967.8,58730024.18571428,70982560.42857142,69300034.6647619,607249.3844657391,6,3,1,12,2020,0
2020-03-29,Oregon,62638431.3,Beverages,62638431.3,63709977.52857143,70139254.89999999,65763059.07272727,65853069.98571428,70168813.04939394,2314804.4179093204,6,3,1,13,2020,0
2020-04-10,Oregon,70735757.6,Beverages,70735757.6,70060980.40833333,66012317.258333325,72575131.08,68711426.025,68375777.519,1457685.3361300663,4,4,2,15,2020,0
2020-04-19,Oregon,68700500.5,Beverages,68700500.5,68926640.17777778,70283478.24444444,70701458.58571428,69378919.53333333,67742347.6997619,488517.5377649226,6,4,2,16,2020,0
2020-04-26,Oregon,67450879.60000001,Beverages,67450879.60000001,67629396.87142858,68700500.5,64781523.75714285,67986431.41428572,67766425.27261905,385641.3821037949,6,4,2,17,2020,0
2020-05-01,Oregon,59870249.2,Beverages,59870249.2,61386375.28,67807914.14285715,64662762.875,64227540.46734695,67639763.30333333,2992422.882399191,4,5,2,18,2020,0
2020-05-04,Oregon,65216666.0,Beverages,65216666.0,63434527.06666667,65934753.52000001,66687094.45,62697333.49714286,67381984.28416666,1857344.2147395725,0,5,2,19,2020,0
2020-05-07,Oregon,79284076.9,Beverages,79284076.9,74594939.93333334,61386375.28,68711426.02499999,67708378.6,68037813.39416666,7174444.5035960125,3,5,2,19,2020,0
2020-05-17,Oregon,69490828.5,Beverages,69490828.5,70470153.34,76346102.38000001,69152779.85555555,72428803.02,69370365.70592593,2115583.449182729,6,5,2,20,2020,0
2020-05-24,Oregon,71299206.3,Beverages,71299206.3,71040866.61428571,69490828.5,67807914.14285715,70524187.24285713,69877613.25904761,558077.5050727618,6,5,2,21,2020,0
2020-05-31,Oregon,73202192.69999999,Beverages,73202192.69999999,72930337.49999999,71299206.3,59870249.2,72386627.1,71781400.14,587274.3529026554,6,5,2,22,2020,0
2020-06-09,Oregon,77441416.3,Beverages,77441416.3,76970391.45555556,74144242.38888888,76346102.38000001,76028341.76666667,72913105.79466666,1017529.9597823188,1,6,2,24,2020,0
2020-06-12,Oregon,64691824.1,Beverages,64691824.1,68941688.16666667,75557316.92222221,73408127.86,73394940.09047619,72368529.34133333,4853643.611581705,4,6,2,24,2020,0
2020-06-14,Oregon,76096146.89999999,Beverages,76096146.89999999,70393985.5,76499366.6111111,71449478.18,72532429.23650794,72455591.04800001,4758670.0051718205,6,6,2,24,2020,0
2020-06-21,Oregon,73685177.5,Beverages,73685177.5,74029601.7,76096146.89999999,70782526.92857143,74718450.1,73513555.41714285,744041.3101501397,6,6,2,25,2020,0
2020-06-28,Oregon,75752558.0,Beverages,75752558.0,75457217.92857143,73685177.5,72658482.3,74866537.78571428,74218616.48666666,638007.4735901856,6,6,2,26,2020,0
2020-07-06,Oregon,75237395.6,Beverages,75237395.6,75301790.89999999,75688162.7,76028341.76666667,75430581.49999999,74500783.98888889,139109.74715350915,0,7,3,28,2020,0
2020-07-19,Oregon,77462421.39999999,Beverages,77462421.39999999,77291265.56923077,76264330.58461538,74374025.89999999,76948953.9076923,75638136.67666666,369738.85273999855,6,7,3,29,2020,0
2020-07-26,Oregon,77350341.3,Beverages,77350341.3,77366352.74285714,77462421.39999999,75161877.85714285,77398375.62857142,76345398.7309524,34588.6697283408,6,7,3,30,2020,0
2020-08-03,Oregon,65194564.1,Beverages,65194564.1,66714036.25,75830869.14999999,75366186.19999999,69752980.55,75003029.07666667,3282435.000867221,0,8,3,32,2020,0
2020-08-11,Oregon,67079891.8,Beverages,67079891.8,66844225.8375,65430230.0625,76264330.58461538,66372893.9125,72485784.2401282,509096.6648009853,1,8,3,33,2020,0
2020-08-16,Oregon,77714158.0,Beverages,77714158.0,75587304.76,66608559.875,77120109.73846152,71603767.89107142,71932893.1473077,4195038.994290607,6,8,3,33,2020,0
2020-08-23,Oregon,75260646.30000001,Beverages,75260646.30000001,75611147.97142859,77714158.0,77382364.18571427,76312151.31428573,71678207.7097619,757170.1489599578,6,8,3,34,2020,0
2020-08-30,Oregon,76088845.6,Beverages,76088845.6,75970531.4142857,75260646.30000001,69752980.55,75733903.04285714,72060241.14333335,255587.852845722,6,8,3,35,2020,0
2020-09-02,Oregon,59559349.400000006,Beverages,59559349.400000006,65069181.46666667,75615588.85714287,65194564.1,71264720.24081632,71895755.665,6611935.782152944,2,9,3,36,2020,0
2020-09-08,Oregon,77553113.5,Beverages,77553113.5,74554152.81666666,65069181.46666667,66608559.875,68556231.45,72703019.02958335,6478495.517801011,1,9,3,37,2020,0
2020-09-13,Oregon,71781835.89999999,Beverages,71781835.89999999,72936091.41999999,71555192.13333334,73460451.52,74651285.8595238,73453913.10366668,1971731.8485160165,6,9,3,37,2020,0
2020-09-20,Oregon,66947711.7,Beverages,66947711.7,67638300.87142858,71781835.89999999,75961649.64285715,69019479.21428572,71671300.66404763,1491843.1163850734,6,9,3,38,2020,0
2020-09-27,Oregon,66149796.4,Beverages,66149796.4,66263784.3,66947711.7,75852217.22857143,66491760.1,69554386.7354762,246242.00755009195,6,9,3,39,2020,0
2020-10-05,Oregon,77387146.0,Beverages,77387146.0,75982477.3,67554465.1,68556231.45,73173139.9,70748643.75833334,3034431.2039561127,0,10,4,41,2020,0
2020-10-18,Oregon,65409368.8,Beverages,65409368.8,66330736.27692308,71858941.13846153,68328890.04285714,68173471.23076923,70066107.84238096,1990381.2352945656,6,10,4,42,2020,0
2020-10-25,Oregon,64629346.7,Beverages,64629346.7,64740778.42857143,65409368.8,66377772.2,64963641.88571429,69637132.53,240720.0461476382,6,10,4,43,2020,0
2020-11-10,Oregon,68755330.7,Beverages,68755330.7,68497456.7,66950212.7,71858941.13846153,67981708.7,66703340.100512825,557071.5089524627,1,11,4,46,2020,0
2020-11-15,Oregon,64517127.8,Beverages,64517127.8,65364768.38,68239582.7,67252103.75384615,66902118.885714285,66222935.1425641,1609499.984832906,6,11,4,46,2020,0
2020-11-22,Oregon,66592956.7,Beverages,66592956.7,66296409.71428572,64517127.8,64852210.157142855,65703315.74285715,66316526.37761904,640614.7064356115,6,11,4,47,2020,0
2020-11-29,Oregon,62889297.900000006,Beverages,62889297.900000006,63418392.01428572,66592956.7,65918716.7,64476580.24285715,66148229.48,1142973.9199129692,6,11,4,48,2020,0
2020-12-01,Oregon,58578362.0,Beverages,58578362.0,60733829.95,65534768.47142857,66434464.7,62721374.65612245,65704934.031666666,2288778.4354577987,1,12,4,49,2020,0
2020-12-04,Oregon,67070539.0,Beverages,67070539.0,64239813.333333336,63947486.12857144,67208086.7,62619903.1234694,65433894.095,2723350.4972940474,4,12,4,49,2020,0
2020-12-07,Oregon,75629013.6,Beverages,75629013.6,72776188.73333333,60733829.95,67981708.7,67089481.17142857,65939129.498333335,6138948.520663548,0,12,4,50,2020,0
2020-12-13,Oregon,64893024.1,Beverages,64893024.1,66682355.68333334,72776188.73333333,66212408.96,70261018.85,66256649.486,3865398.005018001,6,12,4,50,2020,0
2020-12-20,Oregon,68988949.5,Beverages,68988949.5,68403817.3,64893024.1,65999862.72857143,67233552.9,66713953.8304762,1264030.0208291283,6,12,4,51,2020,0
2020-12-27,Oregon,64198266.9,Beverages,64198266.9,64882650.12857143,68988949.5,63947486.12857144,66251416.58571429,66908693.09380952,1478436.7475698674,6,12,4,52,2020,0
2021-01-08,Oregon,87403941.3,Beverages,87403941.3,85470135.1,73867297.9,72050350.43333334,81602522.7,70863965.28999999,4177498.847723765,4,1,1,1,2021,0
2021-01-17,Oregon,63206424.7,Beverages,63206424.7,65895037.65555556,82026715.38888888,67818685.1,71272263.56666666,72933888.6,5808067.8011116525,6,1,1,2,2021,0
2021-01-24,Oregon,62798389.7,Beverages,62798389.7,62856680.41428572,63206424.7,65567033.35714286,62973261.842857145,71891924.16761903,125922.33480630856,6,1,1,3,2021,0
2021-01-31,Oregon,63397751.7,Beverages,63397751.7,63312128.55714286,62798389.7,73867297.9,63140882.27142857,70655485.21333334,184967.1288816403,6,1,1,4,2021,0
2021-02-05,Oregon,77119513.60000001,Beverages,77119513.60000001,74375161.22000001,63226505.41428572,83536328.9,69266274.922449,69315833.93666667,5372169.438322253,4,2,1,5,2021,0
2021-02-14,Oregon,63689992.7,Beverages,63689992.7,65182161.68888889,74135175.62222223,68583650.6111111,68166499.66666667,66566084.441851854,3223453.431731249,6,2,1,6,2021,0
2021-02-21,Oregon,63403369.5,Beverages,63403369.5,63444315.67142857,63689992.7,62914971.12857143,63526208.01428572,66580225.473809525,88453.8398787493,6,2,1,7,2021,0
2021-02-28,Oregon,66943352.2,Beverages,66943352.2,66437640.385714285,63403369.5,63226505.41428572,65426216.75714286,67148630.5252381,1092462.3788357049,6,2,1,8,2021,0
2021-03-01,Oregon,65702534.6,Beverages,65702534.6,66943352.2,63909081.31428572,63312128.55714286,65682424.36938775,67228310.72666667,863712.8679263854,0,3,1,9,2021,0
2021-03-10,Oregon,109358124.2,Beverages,109358124.2,104507503.13333333,75403776.73333333,72643006.63333334,94806261.0,72749758.61444445,10478539.119766414,2,3,1,10,2021,0
2021-03-14,Oregon,76233386.5,Beverages,76233386.5,84514570.925,94806261.0,66674330.67777778,95449023.13571428,75382102.47796296,11695735.983483812,6,3,1,10,2021,0
2021-03-21,Oregon,74480606.69999999,Beverages,74480606.69999999,74731003.81428571,76233386.5,63485261.842857145,75231798.04285714,78045924.51071429,540919.5897673055,6,3,1,11,2021,0
2021-03-28,Oregon,66604606.900000006,Beverages,66604606.900000006,67729749.72857143,74480606.69999999,65931928.571428575,69980035.38571428,79326259.10452381,2430586.30688107,6,3,1,12,2021,0
2021-04-04,Oregon,72067411.8,Beverages,72067411.8,71287011.1,66604606.900000006,85105018.86666667,69726209.7,78582378.82611111,1685858.1925180256,6,4,2,13,2021,0
2021-04-07,Oregon,88375865.2,Beverages,88375865.2,82939714.06666666,68945809.0,99656882.06666666,76058055.02857143,77395724.13277777,7196921.424166833,2,4,2,14,2021,0
2021-04-18,Oregon,75450877.9,Beverages,75450877.9,76625876.74545455,83675869.81818183,74981400.92857142,78975874.43636365,75685302.05714287,2538287.612771633,6,4,2,15,2021,0
2021-04-25,Oregon,73646636.1,Beverages,73646636.1,73904384.92857142,75450877.9,68854892.55714285,74419882.5857143,76225357.94095238,556801.1077584488,6,4,2,16,2021,0
2021-05-09,Oregon,85701988.2,Beverages,85701988.2,84840891.62142858,79674312.15,86025867.50909092,83118698.46428572,78792169.45954545,1860181.213999613,6,5,2,18,2021,0
2021-05-12,Oregon,99250312.9,Beverages,99250312.9,94734204.66666669,82257601.88571429,82500870.97272727,88834855.33265306,79898002.94439393,6153726.475386369,2,5,2,19,2021,0
2021-05-16,Oregon,78986877.6,Beverages,78986877.6,84052736.425,85701988.2,77800875.5909091,90077896.76428571,80834308.54151514,6866966.974263353,6,5,2,19,2021,0
2021-05-23,Oregon,75666448.2,Beverages,75666448.2,76140795.25714286,78986877.6,74162133.75714286,77089489.37142858,81306359.00428572,1024706.7594619646,6,5,2,20,2021,0
2021-05-30,Oregon,79225585.1,Beverages,79225585.1,78717136.97142857,75666448.2,77952118.99285714,77700240.71428572,81813060.16404763,1098373.4932841533,6,5,2,21,2021,0
2021-06-06,Oregon,81955738.39999999,Beverages,81955738.39999999,81565716.49999999,79225585.1,83979795.04285714,80785672.7,81670532.55571428,842543.6001947594,6,6,2,22,2021,0
2021-06-13,Oregon,76750662.2,Beverages,76750662.2,77494244.51428571,81955738.39999999,89118595.25,78981409.14285715,78831243.25083332,1606321.388933432,6,6,2,23,2021,0
2021-06-20,Oregon,82203801.4,Beverages,82203801.4,81424781.51428571,76750662.2,76615142.31428571,79866741.74285714,79104856.45190476,1682875.292736648,6,6,2,24,2021,0
2021-06-27,Oregon,87618933.39999999,Beverages,87618933.39999999,86845343.11428571,82203801.4,78208688.84285714,85298162.54285714,81082220.83238095,1671146.0161701457,6,6,2,25,2021,0
2021-07-02,Oregon,66162742.2,Beverages,66162742.2,70453980.44,86071752.82857142,80395650.8,78312909.98775509,80274436.98666666,8238060.547133869,4,7,3,26,2021,0
2021-07-03,Oregon,70618337.4,Beverages,70618337.4,66162742.2,86845343.11428571,80785672.69999999,75994766.31428571,79935525.81,7702611.581827985,5,7,3,26,2021,0
2021-07-11,Oregon,101452515.4,Beverages,101452515.4,97598243.15,74472609.65,78237826.82857142,89889698.65,81948138.92380953,8326179.677772071,6,7,3,27,2021,0
2021-07-18,Oregon,85334684.8,Beverages,85334684.8,87637232.02857143,101452515.4,80645761.62857144,92242326.48571429,85148564.57047619,4974070.511401294,6,7,3,28,2021,0
2021-07-25,Oregon,84134566.4,Beverages,84134566.4,84306011.88571429,85334684.8,86071752.82857142,84648902.85714285,85358260.43047619,370364.5789263753,6,7,3,29,2021,0
2021-08-08,Oregon,85425511.8,Beverages,85425511.8,85333301.41428572,84780039.1,93743970.9,85148880.64285715,87495179.46833332,199197.1998077324,6,8,3,31,2021,0
2021-08-15,Oregon,87451793.0,Beverages,87451793.0,87162324.25714286,85425511.8,89939779.25714286,86583386.77142857,85305465.47761904,625323.9542399859,6,8,3,32,2021,0
2021-08-22,Oregon,81419882.5,Beverages,81419882.5,82281584.0,87451793.0,84477457.37142858,84004987.0,85004173.82619047,1861487.993639944,6,8,3,33,2021,0
2021-08-29,Oregon,79469684.9,Beverages,79469684.9,79748284.55714287,81419882.5,84595618.32857144,80305483.87142858,84058901.19380951,601844.0455283672,6,8,3,34,2021,0
2021-09-05,Oregon,80320037.5,Beverages,80320037.5,80198558.55714285,79469684.9,85241091.02857143,79955600.67142858,82890167.38047619,262424.5096407354,6,9,3,35,2021,0
2021-09-19,Oregon,74940260.8,Beverages,74940260.8,75324530.56428571,77630149.15,83143285.5,76093070.09285714,78988708.60166667,830117.5668541136,6,9,3,37,2021,0
2021-09-26,Oregon,74560309.60000001,Beverages,74560309.60000001,74614588.34285715,74940260.8,80026884.21428572,74723145.82857144,77536713.15690477,117255.48594066055,6,9,3,38,2021,0
2021-10-01,Oregon,64053359.8,Beverages,64053359.8,66154749.76,74668867.0857143,79834121.72857143,70065085.22040817,75634206.51642857,4111464.4114791737,4,10,4,39,2021,0
2021-10-10,Oregon,105944044.3,Beverages,105944044.3,101289523.8,73362400.8,78398688.67857143,91980482.8,77952414.62714286,10054913.478640402,6,10,4,40,2021,0
2021-10-17,Oregon,103410413.7,Beverages,103410413.7,103772360.92857143,105944044.3,75708800.32857142,104496255.38571428,84400498.63880953,781895.3782769631,6,10,4,41,2021,0
2021-10-24,Oregon,99799035.6,Beverages,99799035.6,100314946.75714286,103410413.7,74668867.0857143,101346769.07142857,90576347.61476187,1114495.477609248,6,10,4,42,2021,0
2021-10-31,Oregon,102488326.6,Beverages,102488326.6,102104142.17142856,99799035.6,64053359.8,101335773.31428573,97872841.50333332,829933.2206321012,6,10,4,43,2021,0
2021-11-04,Oregon,73834808.2,Beverages,73834808.2,80998187.8,101335773.31428573,82671441.8,92090276.7020408,99058203.71,11426009.185358817,3,11,4,44,2021,0
2021-11-07,Oregon,83128993.9,Beverages,83128993.9,80030932.0,102488326.6,96635003.3,82630329.48571429,97863248.63,7202309.407483518,6,11,4,44,2021,0
2021-11-14,Oregon,101451948.59999998,Beverages,101451948.59999998,98834383.64285712,83128993.9,104134308.15714286,93599253.7285714,95318921.79428571,5654586.582825691,6,11,4,45,2021,0
2021-11-21,Oregon,102440117.4,Beverages,102440117.4,102298950.42857143,101451948.59999998,100830857.9142857,102016616.48571429,95239593.11523809,304955.512296807,6,11,4,46,2021,0
2021-11-28,Oregon,95648671.5,Beverages,95648671.5,96618878.05714284,102440117.4,101719957.74285714,98559291.17142858,94741030.16238096,2095885.7069074644,6,11,4,47,2021,0
2021-12-09,Oregon,80871146.3,Beverages,80871146.3,82214557.68181819,90275025.97272728,88364123.81428571,84901380.44545455,94952856.07761905,2902100.2722823066,3,12,4,49,2021,0
2021-12-12,Oregon,100207545.2,Beverages,100207545.2,93762078.9,86244791.82727273,96216818.68571427,87547327.17012987,94969138.59476192,7010507.856524835,6,12,4,49,2021,0
2021-12-19,Oregon,105713197.1,Beverages,105713197.1,104926675.4,100207545.2,102157783.45714286,103353632.0,95429533.40095238,1699081.0637830475,6,12,4,50,2021,0
2021-12-26,Oregon,100450342.1,Beverages,100450342.1,101202178.52857144,105713197.1,97589084.61428572,102705851.38571428,95981346.84190474,1624152.3137220426,6,12,4,51,2021,0
2022-01-05,Oregon,112386988.6,Beverages,112386988.6,111193323.95,104031336.05,84901380.44545454,108805994.65,101350042.33984847,2578610.359163083,2,1,1,1,2022,0
2022-01-16,Oregon,99784455.2,Beverages,99784455.2,100930140.05454546,107804249.18181816,104140153.7,103221509.76363637,105345916.105,2474962.15479577,6,1,1,2,2022,0
2022-01-23,Oregon,98759328.4,Beverages,98759328.4,98905775.0857143,99784455.2,101954014.95714284,99198668.45714286,104227995.02595238,316360.9987171929,6,1,1,3,2022,0
2022-01-30,Oregon,97891572.1,Beverages,97891572.1,98015537.28571428,98759328.4,106418665.35,98263467.65714283,103095830.78333332,267795.4080416871,6,1,1,4,2022,0
2022-02-01,Oregon,99078287.5,Beverages,99078287.5,98484929.8,98511398.02857144,108805994.65,98322961.37959184,102467327.205,391303.55754122126,1,2,1,5,2022,0
2022-02-10,Oregon,112015850.8,Beverages,112015850.8,110578343.76666668,101953301.56666666,105512879.47272728,107703329.70000002,101552323.2881818,3105370.111719208,3,2,1,6,2022,0
2022-02-13,Oregon,98688554.5,Beverages,98688554.5,103130986.6,106265822.66666669,102075824.9090909,106975902.97142856,101543270.97181818,4608240.685132995,6,2,1,6,2022,0
2022-02-20,Oregon,97925864.3,Beverages,97925864.3,98034820.04285714,98688554.5,99052221.77142856,98252731.5285714,101220902.6295238,235371.30564159312,6,2,1,7,2022,0
2022-02-27,Oregon,99904232.5,Beverages,99904232.5,99621608.47142856,97925864.3,98139502.47142856,99056360.4142857,101347311.13619047,610537.6814191602,6,2,1,8,2022,0
2022-03-04,Oregon,110649233.0,Beverages,110649233.0,108500232.9,99338984.44285716,100515794.53333332,104468857.8530612,102606312.56222224,4247162.242480394,4,3,1,9,2022,0
2022-03-07,Oregon,131648179.4,Beverages,131648179.4,124648530.6,102053232.6,104828315.63333333,114806931.88571428,104732084.76222222,10243540.780852156,0,3,1,10,2022,0
2022-03-13,Oregon,105051111.2,Beverages,105051111.2,109483955.9,124648530.6,107573418.7,118349645.3,106182809.27333334,9576039.019001933,6,3,1,10,2022,0
2022-03-20,Oregon,105717900.8,Beverages,105717900.8,105622645.14285712,105051111.2,98143775.78571428,105432133.82857144,107662707.91809525,205775.73793526375,6,3,1,11,2022,0
2022-03-27,Oregon,104959455.9,Beverages,104959455.9,105067805.17142858,105717900.8,99338984.44285716,105284503.71428572,109234779.90904762,234061.17760687237,6,3,1,12,2022,0
2022-04-09,Oregon,124544283.7,Beverages,124544283.7,123037758.4846154,113998607.1923077,118349645.3,120024708.05384617,110167835.06,3254466.425501129,5,4,2,14,2022,0
2022-04-12,Oregon,103950592.9,Beverages,103950592.9,110815156.5,118518182.83846156,105051111.2,117369064.71538462,110300955.12,7428543.494095101,1,4,2,15,2022,0
2022-04-17,Oregon,112502885.6,Beverages,112502885.6,110792427.06,117679720.1,105527389.48571429,108596513.14285716,110925136.8447619,3080637.705508008,6,4,2,15,2022,0
2022-04-24,Oregon,107413332.3,Beverages,107413332.3,108140411.34285714,112502885.6,105176154.44285716,109594569.42857142,111887042.68238094,1570670.2479918532,6,4,2,16,2022,0
2022-05-06,Oregon,120036709.4,Beverages,120036709.4,118984761.30833334,112673072.75833334,120024708.05384617,116880865.125,112838083.74346152,2272467.603417761,4,5,2,18,2022,0
2022-05-15,Oregon,114214156.1,Beverages,114214156.1,114861106.46666668,118742808.66666669,109081968.52,116155007.2,113756228.517,1397572.5236897152,6,5,2,19,2022,0
2022-05-22,Oregon,112911917.4,Beverages,112911917.4,113097951.5,114214156.1,108867490.38571428,113470019.70000002,114402447.94642857,401879.5876799094,6,5,2,20,2022,0
2022-05-29,Oregon,117192390.4,Beverages,117192390.4,116580894.25714286,112911917.4,112673072.75833334,115357901.9714286,115705970.85583334,1320982.6466315945,6,5,2,21,2022,0
2022-06-02,Oregon,101836177.4,Beverages,101836177.4,105675230.65,115357901.97142856,116880865.125,111445958.83877552,114678212.76083334,5956357.997113516,3,6,2,22,2022,0
2022-06-03,Oregon,104964034.5,Beverages,104964034.5,101836177.4,115969398.11428572,117932813.21666668,109873764.0367347,114245920.13694446,6015541.930756114,4,6,2,22,2022,0
2022-06-11,Oregon,106220543.1,Beverages,106220543.1,106063479.525,105121098.075,116155007.2,105749352.375,110902946.64666666,339296.1008750899,5,6,2,23,2022,0
2022-06-19,Oregon,119427323.5,Beverages,119427323.5,117776475.95,107871390.65,113283985.6,114474780.85,110780655.58666667,3566238.3013792997,6,6,2,24,2022,0
2022-06-26,Oregon,127766543.0,Beverages,127766543.0,126575225.92857143,119427323.5,115969398.11428572,124192591.78571428,113100863.7352381,2573539.0098302905,6,6,2,25,2022,0
2022-07-08,Oregon,128095152.1,Beverages,128095152.1,128067768.00833333,127903463.45833331,105749352.375,128012999.82499996,121068930.4275,59156.39873764367,4,7,3,27,2022,0
2022-07-17,Oregon,126747931.40000002,Beverages,126747931.40000002,126897622.58888891,127795769.72222222,116125628.4,127197004.96666668,126266889.41666669,323369.9266066202,6,7,3,28,2022,0
2022-07-24,Oregon,125456577.4,Beverages,125456577.4,125641056.54285716,126747931.40000002,125383908.85714284,126010014.82857144,127262220.44261906,398520.4963196583,6,7,3,29,2022,0
2022-07-31,Oregon,131034950.09999998,Beverages,131034950.09999998,130238039.7142857,125456577.4,127903463.45833331,128644218.94285712,127493030.01916666,1721523.1898809045,6,7,3,30,2022,0
2022-08-05,Oregon,117390519.2,Beverages,117390519.2,120119405.38,129441129.3285714,128040383.91666666,125073492.51632652,126636809.32361113,5187120.565974972,4,8,3,31,2022,0
2022-08-14,Oregon,127640453.8,Beverages,127640453.8,126501572.17777777,119668282.44444443,127047313.7777778,124223808.93333332,125274366.46629629,2460265.493259645,6,8,3,32,2022,0
2022-08-21,Oregon,120792093.1,Beverages,120792093.1,121770430.34285714,127640453.8,125825535.68571427,123727104.82857142,124656756.79809524,2113449.995507702,6,8,3,33,2022,0
2022-08-28,Oregon,122367501.1,Beverages,122367501.1,122142442.81428573,120792093.1,129441129.3285714,121692326.24285714,123373827.03047618,486181.46387324814,6,8,3,34,2022,0
2022-09-01,Oregon,98739519.5,Beverages,98739519.5,104646514.9,121692326.24285714,125577177.74,113832482.69183671,120548620.99466668,9461371.652095623,3,9,3,35,2022,0
2022-09-10,Oregon,112790064.1,Beverages,112790064.1,111228892.47777778,101861862.74444444,124223808.93333334,108106549.23333332,116224972.76444444,3372516.156440488,5,9,3,36,2022,0
2022-09-18,Oregon,111186796.9,Beverages,111186796.9,111387205.3,112589655.7,122748767.58571428,111788022.1,112627435.54809524,432931.6246892438,6,9,3,37,2022,0
2022-09-25,Oregon,110628293.2,Beverages,110628293.2,110708079.44285716,111186796.9,121917384.52857144,110867651.92857143,110166592.22380953,172357.9836581693,6,9,3,38,2022,0
2022-10-04,Oregon,108260090.9,Beverages,108260090.9,108523224.48888887,110102026.02222222,103423034.36666666,109049491.66666669,110277193.71555556,568433.519516151,1,10,4,40,2022,0
2022-10-07,Oregon,125109130.4,Beverages,125109130.4,119492783.9,109312625.25555556,108106549.23333332,113299645.26190476,111571934.34444444,6643248.012643257,4,10,4,40,2022,0
2022-10-16,Oregon,109322609.9,Beverages,109322609.9,111076667.73333332,121601014.73333332,111587613.7,114584783.4,112932970.52666669,3789197.995943454,6,10,4,41,2022,0
2022-10-23,Oregon,105871720.8,Beverages,105871720.8,106364704.95714286,109322609.9,110787865.68571427,107350673.2714286,112071087.8547619,1064967.4969419949,6,10,4,42,2022,0
2022-10-30,Oregon,105092490.0,Beverages,105092490.0,105203808.68571427,105871720.8,109312625.25555556,105426446.05714288,110986230.77444445,240475.84561199823,6,10,4,43,2022,0
2022-11-09,Oregon,117844181.9,Beverages,117844181.9,116569012.71,108917997.57,119846956.9,114018674.33,109758185.58833334,2754680.28898996,2,11,4,45,2022,0
2022-11-12,Oregon,104626576.1,Beverages,104626576.1,109032444.7,112743505.14,114584783.4,112974720.93714286,109027545.935,4628655.918812497,5,11,4,45,2022,0
2022-11-13,Oregon,105789953.2,Beverages,105789953.2,104626576.1,114018674.33,112830725.56666668,111799189.34714285,108792853.52277778,5313577.903277134,6,11,4,45,2022,0
2022-11-20,Oregon,107960777.8,Beverages,107960777.8,107650660.0,105789953.2,106857689.11428572,107030424.4,108446033.72357143,669931.015899444,6,11,4,46,2022,0
2022-11-27,Oregon,103586066.0,Beverages,103586066.0,104211024.82857142,107960777.8,105315127.37142856,105460942.48571429,108389411.98785712,1350065.371707627,6,11,4,47,2022,0
2022-12-06,Oregon,120298431.7,Beverages,120298431.7,118441502.17777778,107299925.04444444,114018674.33,114727643.13333334,109529010.53766666,4011426.242909144,1,12,4,49,2022,0
2022-12-18,Oregon,110611155.6,Beverages,110611155.6,111418428.60833332,116262066.65833332,107340542.2,113032974.625,111676278.115,1743909.01326759,6,12,4,50,2022,0
2022-12-25,Oregon,109236205.2,Beverages,109236205.2,109432626.68571427,110611155.6,104835983.65714286,109825469.65714283,112434189.55595236,424318.9054666801,6,12,4,51,2022,0
2023-01-01,Oregon,101850450.5,Beverages,101850450.5,102905558.31428573,109236205.2,112870713.6111111,105015773.94285716,111818491.35388888,2279293.3844105517,6,1,1,52,2023,0
2023-01-15,Oregon,102630801.3,Beverages,102630801.3,102575061.95714286,102240625.9,112225701.61666666,102463583.27142856,105255907.58027776,120410.74248110736,6,1,1,2,2023,0
2023-01-22,Oregon,101274697.3,Beverages,101274697.3,101468426.44285716,102630801.3,109629048.17142858,101855884.72857144,103284312.68619046,418502.7801643895,6,1,1,3,2023,0
2023-01-29,Oregon,101267058.7,Beverages,101267058.7,101268149.92857143,101274697.3,103960666.12857144,101270332.38571428,101946615.55380954,2357.317968555059,6,1,1,4,2023,0
2023-02-04,Oregon,110131689.8,Beverages,110131689.8,108654251.28333332,101268149.92857143,102073407.87142856,105699374.25,102810394.1140476,3191631.9747813824,5,2,1,5,2023,0
2023-02-19,Oregon,105809682.9,Beverages,105809682.9,106097816.69333334,107826619.45333332,101662155.58571428,106674084.28,105588776.77642857,622440.1336581854,6,2,1,7,2023,0
2023-02-26,Oregon,106451748.4,Beverages,106451748.4,106360024.75714286,105809682.9,101269241.15714286,106176577.4714286,106726636.79261903,198145.71502040472,6,2,1,8,2023,0
2023-03-19,Oregon,115111039.0,Beverages,115111039.0,114698691.82857142,112224608.8,106385950.48666666,113873997.48571429,109529415.16311112,890771.6985653985,6,3,1,11,2023,0
2023-03-26,Oregon,106516210.0,Beverages,106516210.0,107744042.71428572,115111039.0,106268301.11428572,110199708.14285716,110498288.10523812,2652421.8140969714,6,3,1,12,2023,0
2023-04-16,Oregon,114781668.7,Beverages,114781668.7,114388075.42857143,112026515.8,114286344.65714286,113600888.88571428,110965604.78428572,850258.6442368666,6,4,2,15,2023,0
2023-04-23,Oregon,112632064.6,Beverages,112632064.6,112939150.9,114781668.7,108971875.42857143,113553323.5,111229799.09714286,663382.2274205656,6,4,2,16,2023,0
2023-04-30,Oregon,120727821.1,Beverages,120727821.1,119571284.45714286,112632064.6,108484176.35714284,117258211.17142858,113498541.64428572,2498404.696848098,6,4,2,17,2023,0
2023-05-02,Oregon,105298609.9,Beverages,105298609.9,113013215.5,114945137.88571428,109271362.9,115769366.3530612,113503964.74,5253555.838090693,1,5,2,18,2023,0
2023-05-03,Oregon,112224783.8,Beverages,112224783.8,105298609.9,116101674.52857144,109664956.17142858,115215524.82040818,113589292.32761905,5414572.117790669,2,5,2,18,2023,0
2023-07-05,Oregon,124363371.2,Beverages,124363371.2,124170695.2095238,123014639.26666668,118583091.48571429,123785343.22857144,121569569.33809523,416227.7109841884,2,7,3,27,2023,0
2023-08-01,Oregon,103066966.0,Beverages,103066966.0,103855721.74814814,108588256.23703703,123785343.22857144,105433233.24444446,114405781.17428572,1703907.159367381,1,8,3,31,2023,0
2023-09-04,Oregon,118297200.1,Beverages,118297200.1,117849252.03823528,115161563.66764703,104858758.24705882,116953355.91470589,111801953.20441176,967678.4115332464,0,9,3,36,2023,0
2023-12-02,Oregon,108981500.1,Beverages,108981500.1,109086170.88651684,109714195.60561796,112121623.69550562,109295512.45955054,110499226.50449435,226114.7419720596,5,12,4,48,2023,0
2023-12-03,Oregon,117522383.7,Beverages,117522383.7,108981500.1,109609524.81910113,112016952.90898876,110425920.87110756,110682740.86419477,3134347.6638095845,6,12,4,48,2023,0
2019-03-11,Pennsylvania,198030518.3,Beverages,198030518.3,198013864.00689656,197913938.24827588,197530889.50689656,197980555.42068964,197789031.05,35977.385038140295,0,3,1,11,2019,0
2019-06-10,Pennsylvania,213784017.6,Beverages,213784017.6,213610902.2230769,212572209.9615385,208590556.2923077,213264671.46923077,211273844.6346154,373971.9562432563,0,6,2,24,2019,0
2019-08-12,Pennsylvania,195489101.8,Beverages,195489101.8,195779497.2888889,197521870.22222224,204200966.46666667,196360288.26666668,199699836.3888889,627325.9544948365,0,8,3,33,2019,0
2019-10-11,Pennsylvania,200157093.4,Beverages,200157093.4,200079293.54,199612494.38,197823097.6,199923693.82,199028995.43,168066.90635351624,4,10,4,41,2019,0
2019-10-13,Pennsylvania,207743594.5,Beverages,207743594.5,203950343.95,199768094.1,197978697.32,201671629.55,199556140.219,3056920.971998804,6,10,4,41,2019,0
2019-10-20,Pennsylvania,198963635.6,Beverages,198963635.6,200217915.44285715,207743594.5,198523296.34,202726475.12857145,200591341.8383333,2709554.141599477,6,10,4,42,2019,0
2019-10-27,Pennsylvania,195191439.8,Beverages,195191439.8,195730324.9142857,198963635.6,199067895.36,196808095.14285716,200118515.02300003,1164124.8973075096,6,10,4,43,2019,0
2019-11-17,Pennsylvania,202076104.8,Beverages,202076104.8,201748263.60952383,199781216.46666667,201472195.28571427,201092581.22857144,198386325.5947619,708217.915247563,6,11,4,46,2019,0
2019-11-24,Pennsylvania,205134229.4,Beverages,205134229.4,204697354.4571429,202076104.8,196269210.02857143,203823604.57142857,199747951.58380952,943757.740765338,6,11,4,47,2019,0
2019-12-15,Pennsylvania,205556319.6,Beverages,205556319.6,205536220.06666663,205415622.86666667,201420422.4190476,205496021.0,204768380.3336508,43419.95461600051,6,12,4,50,2019,0
2019-12-22,Pennsylvania,213752119.9,Beverages,213752119.9,212581291.2857143,205556319.6,204260479.5142857,210239634.0571428,206465694.39523807,2529278.883821519,6,12,4,51,2019,0
2019-12-29,Pennsylvania,203141883.7,Beverages,203141883.7,204657631.7285714,213752119.9,205234727.06666663,207689127.7857143,207066350.0833333,3274389.9790987647,6,12,4,52,2019,0
2020-01-03,Pennsylvania,200422699.6,Beverages,200422699.6,200966536.42,206173379.75714284,205335224.7333333,202193054.51836732,206435574.6788889,1429584.505374523,4,1,1,1,2020,0
2020-01-11,Pennsylvania,205040628.2,Beverages,205040628.2,204463387.125,200999940.675,205496021.0,203308904.975,205794137.82666668,1246983.2425165912,5,1,1,2,2020,0
2020-01-19,Pennsylvania,203680243.0,Beverages,203680243.0,203850291.15,204870580.05,211410462.67142856,204190387.45,204869157.98619047,367345.9888032231,6,1,1,3,2020,0
2020-01-26,Pennsylvania,182683922.4,Beverages,182683922.4,185683396.77142856,203680243.0,206173379.75714284,191682345.5142857,200516445.59761903,6479605.210916525,6,1,1,4,2020,0
2020-02-02,Pennsylvania,192603194.7,Beverages,192603194.7,191186155.8,182683922.4,200422699.6,188352078.0,197286884.41,3061153.8901531426,6,2,1,5,2020,0
2020-02-08,Pennsylvania,240341150.5,Beverages,240341150.5,232384824.53333333,191186155.8,203886146.05,216472172.6,200888342.85416663,17187628.500658643,5,2,1,6,2020,0
2020-02-16,Pennsylvania,190861364.0,Beverages,190861364.0,197046337.3125,234156177.1875,204020339.3,209416283.9375,203018122.56666663,13361069.421628486,6,2,1,7,2020,0
2020-02-23,Pennsylvania,193068295.3,Beverages,193068295.3,192753019.4,190861364.0,188682871.1428572,192122467.6,201815377.22071427,681073.7854570214,6,2,1,8,2020,0
2020-03-05,Pennsylvania,213421496.9,Beverages,213421496.9,211571205.8454545,200469459.51818183,208515846.63333333,207870623.73636365,206814151.40166664,3997085.5136979455,3,3,1,10,2020,0
2020-03-15,Pennsylvania,238885113.6,Beverages,238885113.6,236338751.93,221060581.91,203231310.625,231246028.59,208430009.77541667,5500769.9025449455,6,3,1,11,2020,0
2020-03-22,Pennsylvania,228595535.3,Beverages,228595535.3,230065475.05714285,238885113.6,192437743.5,233005354.57142857,217899803.84833333,3175432.802774482,6,3,1,12,2020,0
2020-03-29,Pennsylvania,198403019.4,Beverages,198403019.4,202716235.9571429,228595535.3,202319750.5727273,211342669.0714286,221249188.06439397,9317612.694307605,6,3,1,13,2020,0
2020-04-10,Pennsylvania,219759186.2,Beverages,219759186.2,217979505.63333333,207301422.2333333,228699666.92,214420144.5,219011658.896,3844549.426187531,4,4,2,15,2020,0
2020-04-19,Pennsylvania,209189861.6,Beverages,209189861.6,210364231.0,217410447.4,231535414.81428573,212712969.8,212756568.78857145,2536927.8551818104,6,4,2,16,2020,0
2020-04-26,Pennsylvania,203316194.0,Beverages,203316194.0,204155289.37142852,209189861.6,207029452.5142857,205833480.1142857,209553032.8652381,1812653.1744882336,6,4,2,17,2020,0
2020-05-01,Pennsylvania,196391974.4,Beverages,196391974.4,197776818.32,204994384.7428572,203742061.1,200468542.08163264,209179763.34,2869925.331692941,4,5,2,18,2020,0
2020-05-04,Pennsylvania,206165823.5,Beverages,206165823.5,202907873.8,201931350.08,209081102.8,200371511.78857145,208740408.49666664,3281040.999378842,0,5,2,19,2020,0
2020-05-07,Pennsylvania,256800832.3,Beverages,256800832.3,239922496.03333333,197776818.32,214420144.5,217840440.5571428,211468611.70666665,23031926.44743797,3,5,2,19,2020,0
2020-05-17,Pennsylvania,219999445.9,Beverages,219999445.9,223679584.54,245760416.38,211538600.4,231039861.82,218342952.39666668,7950008.086676965,6,5,2,20,2020,0
2020-05-24,Pennsylvania,234224919.1,Beverages,234224919.1,232192708.6428572,219999445.9,204994384.7428572,228128287.7285714,223142320.5323809,4390076.339111782,6,5,2,21,2020,0
2020-05-31,Pennsylvania,225286540.6,Beverages,225286540.6,226563451.8142857,234224919.1,196391974.4,229117274.2428572,229827024.7033333,2758443.491557994,6,5,2,22,2020,0
2020-06-09,Pennsylvania,227652613.0,Beverages,227652613.0,227389716.06666663,225812334.46666667,245760416.38,226863922.2,228580239.798,567922.2851132328,1,6,2,24,2020,0
2020-06-12,Pennsylvania,199752212.5,Beverages,199752212.5,209052346.0,226601025.26666665,234720000.46,219455729.77142856,225645460.488,11117104.750304582,4,6,2,24,2020,0
2020-06-14,Pennsylvania,234741227.0,Beverages,234741227.0,217246719.75,227126819.13333333,227359723.18,219169616.2595238,225431739.213,12012259.746650316,6,6,2,24,2020,0
2020-06-21,Pennsylvania,227804731.5,Beverages,227804731.5,228795659.42857143,234741227.0,230160498.18571427,230777515.2857143,226807845.55309525,2140648.9852935835,6,6,2,25,2020,0
2020-06-28,Pennsylvania,241926052.0,Beverages,241926052.0,239908720.5,227804731.5,227840363.02857143,235874057.5,227898840.46880957,4357934.118076342,6,6,2,26,2020,0
2020-07-06,Pennsylvania,234140846.3,Beverages,234140846.3,235113997.0125,240952901.2875,226863922.2,237060298.4375,230941671.0933333,2102245.809393606,0,7,3,28,2020,0
2020-07-19,Pennsylvania,245054945.4,Beverages,245054945.4,244215399.31538463,239178122.80769232,229786587.35714287,242536307.14615387,237610782.6459524,1813626.826250285,6,7,3,29,2020,0
2020-07-26,Pennsylvania,236671014.2,Beverages,236671014.2,237868718.65714285,245054945.4,237891389.0,240264127.57142857,239476278.38166663,2587337.340022418,6,7,3,30,2020,0
2020-08-03,Pennsylvania,209827934.8,Beverages,209827934.8,213183319.725,233315629.275,236087147.725,219894089.575,234796922.9404167,7248459.880757504,0,8,3,32,2020,0
2020-08-11,Pennsylvania,212199642.9,Beverages,212199642.9,211903179.3875,210124398.3125,239178122.80769232,211310252.3625,228049115.47243592,640434.3836894917,1,8,3,33,2020,0
2020-08-16,Pennsylvania,236828322.5,Beverages,236828322.5,231902586.58,211606715.875,243375853.23076925,222712439.3696428,225595797.07217947,9668796.48470724,6,8,3,33,2020,0
2020-08-23,Pennsylvania,232430387.0,Beverages,232430387.0,233058663.5,236828322.5,239066423.1142857,234315216.5,223716697.42690477,1357232.3611345117,6,8,3,34,2020,0
2020-08-30,Pennsylvania,229315041.7,Beverages,229315041.7,229760091.02857143,232430387.0,219894089.575,230650189.68571427,223949607.35416663,961416.4321581244,6,8,3,35,2020,0
2020-09-02,Pennsylvania,197142390.1,Beverages,197142390.1,207866607.3,231095239.0142857,209827934.8,220504326.38163263,223417936.11166668,13351003.192380743,2,9,3,36,2020,0
2020-09-08,Pennsylvania,234559739.1,Beverages,234559739.1,228323514.26666665,207866607.3,211606715.875,215851064.6,225038660.09625,13471785.360601936,1,9,3,37,2020,0
2020-09-13,Pennsylvania,224021082.8,Beverages,224021082.8,226128814.06,222087289.4333333,226976850.66,229152282.85238096,226736212.09933332,3618140.112070941,6,9,3,37,2020,0
2020-09-20,Pennsylvania,218799935.3,Beverages,218799935.3,219545813.5142857,224021082.8,233686940.0,221037569.9428572,223530032.61666667,1611281.0997940295,6,9,3,38,2020,0
2020-09-27,Pennsylvania,216568175.3,Beverages,216568175.3,216886998.15714288,218799935.3,230205140.35714284,217524643.87142855,220253608.0009524,688736.0886274977,6,9,3,39,2020,0
2020-10-05,Pennsylvania,218076034.8,Beverages,218076034.8,217887552.3625,216756657.7375,215851064.6,217510587.4875,221180651.2083333,407168.6012217784,0,10,4,41,2020,0
2020-10-18,Pennsylvania,209727399.8,Beverages,209727399.8,210369602.4923077,214222818.64615387,220291691.72857144,211654007.87692308,215896567.78214285,1387316.3748915428,6,10,4,42,2020,0
2020-10-25,Pennsylvania,207682355.0,Beverages,207682355.0,207974504.25714287,209727399.8,217205821.0142857,208558802.77142856,213641519.0135714,631114.5269325689,6,10,4,43,2020,0
2020-11-10,Pennsylvania,215291299.1,Beverages,215291299.1,214815740.09375,211962386.05625,214222818.64615387,213864622.08125,210969445.9796154,1027324.868770213,1,11,4,46,2020,0
2020-11-15,Pennsylvania,212590605.3,Beverages,212590605.3,213130744.06,214340181.0875,211011805.1846154,214065921.8991072,211198558.0214103,979928.1249311488,6,11,4,46,2020,0
2020-11-22,Pennsylvania,218627512.1,Beverages,218627512.1,217765096.84285715,212590605.3,208266653.5142857,216040266.3285714,212796228.08357143,1863029.885299985,6,11,4,47,2020,0
2020-11-29,Pennsylvania,210388605.1,Beverages,210388605.1,211565591.8142857,218627512.1,210060150.03125,213919565.2428572,214004059.3285417,2542581.900253843,6,11,4,48,2020,0
2020-12-01,Pennsylvania,195521619.1,Beverages,195521619.1,202955112.1,216273538.67142856,211011268.04375,208884231.977551,213235051.1325,7094611.255883084,1,12,4,49,2020,0
2020-12-04,Pennsylvania,211887569.3,Beverages,211887569.3,206432252.56666663,212742578.52857143,212437945.0625,205675383.68775508,212682037.78354168,6173158.74695988,4,12,4,49,2020,0
2020-12-07,Pennsylvania,236554855.0,Beverages,236554855.0,228332426.4333333,202955112.1,213864622.08125,214259379.44285712,214176374.11937505,14853647.06759839,0,12,4,50,2020,0
2020-12-13,Pennsylvania,215637350.6,Beverages,215637350.6,219123601.3333333,228332426.4333333,213670882.82,226096102.8,216144293.43866667,7531162.337456363,6,12,4,50,2020,0
2020-12-20,Pennsylvania,216383075.2,Beverages,216383075.2,216276543.1142857,215637350.6,216902681.58571428,216063478.9428572,216505418.36809525,230135.60787180005,6,12,4,51,2020,0
2020-12-27,Pennsylvania,214323880.1,Beverages,214323880.1,214618050.8285714,216383075.2,212742578.52857143,215206392.2857143,216324397.61047617,635481.4043158323,6,12,4,52,2020,0
2021-01-08,Pennsylvania,253933315.8,Beverages,253933315.8,250632529.49166667,230827811.64166668,229582353.53333333,244030956.875,224390129.955,7130513.388388712,4,1,1,1,2021,0
2021-01-17,Pennsylvania,209376109.7,Beverages,209376109.7,214326910.37777776,244031714.44444445,216170011.02857143,224228511.7333333,227702202.30880955,10694951.81406024,6,1,1,2,2021,0
2021-01-24,Pennsylvania,197658987.5,Beverages,197658987.5,199332862.1,209376109.7,214912221.55714285,202680611.3,224655597.1659524,3615982.414750552,6,1,1,3,2021,0
2021-01-31,Pennsylvania,203994430.6,Beverages,203994430.6,203089367.3,197658987.5,230827811.64166668,201279240.7,219951649.1275,1955160.187648633,6,1,1,4,2021,0
2021-02-05,Pennsylvania,228313605.0,Beverages,228313605.0,223449770.12,202184304.0,247331743.1833333,214287639.15714288,216260943.23972225,9663480.03624914,4,2,1,5,2021,0
2021-02-14,Pennsylvania,204289441.1,Beverages,204289441.1,206958792.64444444,222974901.91111112,219277711.05555555,212297495.73333332,209301776.1925926,5766458.397480095,6,2,1,6,2021,0
2021-02-21,Pennsylvania,200342851.0,Beverages,200342851.0,200906649.58571428,204289441.1,201006736.7,202034246.75714284,208260585.45,1217944.1467162198,6,2,1,7,2021,0
2021-02-28,Pennsylvania,208783567.5,Beverages,208783567.5,207577750.85714287,200342851.0,202184304.0,205166117.57142857,209503921.66333333,2604861.6640614704,6,2,1,8,2021,0
2021-03-01,Pennsylvania,203326021.2,Beverages,203326021.2,208783567.5,201548667.6428572,203089367.3,205420025.222449,209511810.1266667,2256861.860234218,0,3,1,9,2021,0
2021-03-10,Pennsylvania,341687182.90000004,Beverages,341687182.90000004,326313720.4888889,234072946.02222225,220305550.36666667,295566795.6666667,228041516.35222223,33210474.507710684,2,3,1,10,2021,0
2021-03-14,Pennsylvania,249366612.4,Beverages,249366612.4,272446755.025,295566795.6666667,209628144.18888888,302126923.8309524,237422136.99648148,32164700.001110077,6,3,1,10,2021,0
2021-03-21,Pennsylvania,240470032.6,Beverages,240470032.6,241740972.57142857,249366612.4,201470448.17142856,244282852.5142857,246946853.9011905,2745544.1326938663,6,3,1,11,2021,0
2021-03-28,Pennsylvania,211715951.3,Beverages,211715951.3,215823677.2,240470032.6,206371934.2142857,224039129.0,251854283.82690477,8873702.139345905,6,3,1,12,2021,0
2021-04-04,Pennsylvania,219439092.1,Beverages,219439092.1,218335786.27142856,211715951.3,264819870.84444445,216129174.6142857,249393556.28796297,2383412.995342539,6,4,2,13,2021,0
2021-04-07,Pennsylvania,271012301.5,Beverages,271012301.5,253821231.7,215025868.7857143,310940258.0777778,233228604.07551023,245218999.89129636,21692732.35063835,2,4,2,14,2021,0
2021-04-18,Pennsylvania,214838317.5,Beverages,214838317.5,219945043.3181818,250585398.22727272,243011912.5428572,230158494.95454544,232298141.2690476,11031788.61516798,6,4,2,15,2021,0
2021-04-25,Pennsylvania,217674934.6,Beverages,217674934.6,217269703.58571428,214838317.5,219931403.1,216459241.55714288,228707121.64333332,875399.0421926731,6,4,2,16,2021,0
2021-05-09,Pennsylvania,247774679.9,Beverages,247774679.9,245624698.09285715,232724807.25,260798849.8636364,241324734.4785714,230193295.0668182,4644491.532797982,6,5,2,18,2021,0
2021-05-12,Pennsylvania,313904168.3,Beverages,313904168.3,291861005.5,239174752.67142856,245478672.4090909,264825977.8938776,234320855.7940909,28378691.915604908,2,5,2,19,2021,0
2021-05-16,Pennsylvania,234583162.0,Beverages,234583162.0,254413413.575,247774679.9,225051769.13636363,276128167.70714283,238536413.32727277,26575326.62524122,6,5,2,19,2021,0
2021-05-23,Pennsylvania,250456818.2,Beverages,250456818.2,248189153.02857143,234583162.0,216864472.57142857,243653822.68571427,244887191.50285715,4898716.655614635,6,5,2,20,2021,0
2021-05-30,Pennsylvania,244453366.4,Beverages,244453366.4,245311002.37142852,250456818.2,228424843.6357143,247026274.31428573,250674354.23309523,1852705.4481561088,6,5,2,21,2021,0
2021-06-06,Pennsylvania,242433792.9,Beverages,242433792.9,242722303.4,244453366.4,243474716.2857143,243299324.4,252138416.72476196,623253.9131013963,6,6,2,22,2021,0
2021-06-13,Pennsylvania,254850786.3,Beverages,254850786.3,253076930.1,242433792.9,274243665.15,249529217.7,245785234.97583333,3831967.356156501,6,6,2,23,2021,0
2021-06-20,Pennsylvania,246575818.5,Beverages,246575818.5,247757956.75714287,254850786.3,245921487.85714284,250122233.27142856,247616177.3009524,2553710.504740105,6,6,2,24,2021,0
2021-06-27,Pennsylvania,249632548.5,Beverages,249632548.5,249195872.7857143,246575818.5,246168638.34285715,248322521.35714287,247622581.5290476,943327.357867775,6,6,2,25,2021,0
2021-07-02,Pennsylvania,206907756.3,Beverages,206907756.3,215452714.74,248759197.07142857,243587834.9,231259541.0265306,244242413.56,16598775.914262408,4,7,3,26,2021,0
2021-07-03,Pennsylvania,218227303.9,Beverages,218227303.9,206907756.3,249195872.7857143,243299324.4,226835459.75714284,243406679.54333332,15078880.999104736,5,7,3,26,2021,0
2021-07-11,Pennsylvania,325928182.6,Beverages,325928182.6,312465572.76250005,231689913.7375,251303073.9,285540353.08750004,252190968.465,29082561.160224456,6,7,3,27,2021,0
2021-07-18,Pennsylvania,256160105.2,Beverages,256160105.2,266126973.4,325928182.6,248940095.0142857,286060709.8,260123481.6169048,21530896.126469538,6,7,3,28,2021,0
2021-07-25,Pennsylvania,254291472.7,Beverages,254291472.7,254558420.2,256160105.2,248759197.07142857,255092315.2,261852921.71452385,576672.5092111336,6,7,3,29,2021,0
2021-08-08,Pennsylvania,248997322.3,Beverages,248997322.3,249375475.9,251644397.5,299002962.925,250131783.1,264894647.33875,816905.1419335976,6,8,3,31,2021,0
2021-08-15,Pennsylvania,256219967.6,Beverages,256219967.6,255188161.12857145,248997322.3,276093841.6,253124548.1857143,253339320.4033333,2228956.730759816,6,8,3,32,2021,0
2021-08-22,Pennsylvania,247056895.8,Beverages,247056895.8,248365906.05714285,256219967.6,254825367.7,250983926.57142857,251932790.2,2827785.3493693704,6,8,3,33,2021,0
2021-08-29,Pennsylvania,250825139.2,Beverages,250825139.2,250286818.7142857,247056895.8,252400704.7,249210177.74285716,250927333.26,1162905.1601922538,6,8,3,34,2021,0
2021-09-05,Pennsylvania,231070674.1,Beverages,231070674.1,233892740.5428572,250825139.2,249753629.5,239536873.42857143,248278715.99,6096360.283279724,6,9,3,35,2021,0
2021-09-19,Pennsylvania,238000028.2,Beverages,238000028.2,237505074.33571428,234535351.15,249674916.31428573,236515166.60714287,240120391.77357143,1069222.5507107282,6,9,3,37,2021,0
2021-09-26,Pennsylvania,233962531.6,Beverages,233962531.6,234539316.8285714,238000028.2,249748498.2285714,235692887.2857143,237155995.86880952,1245998.501687209,6,9,3,38,2021,0
2021-10-01,Pennsylvania,203602342.7,Beverages,203602342.7,209674380.48,235116102.05714285,242358939.8714285,221033419.9612245,231891899.68357143,11958466.602653213,4,10,4,39,2021,0
2021-10-10,Pennsylvania,339686180.3,Beverages,339686180.3,324565753.9,233843195.5,233545443.42142856,294324901.1,245520149.64285716,32663854.2492539,6,10,4,40,2021,0
2021-10-17,Pennsylvania,328811497.79999995,Beverages,328811497.79999995,330365023.87142855,339686180.3,237010120.47142857,333472076.0142857,268374406.9745238,3355999.8790532383,6,10,4,41,2021,0
2021-10-24,Pennsylvania,323821416.99999994,Beverages,323821416.99999994,324534285.68571424,328811497.79999995,235116102.05714285,325960023.0571428,289203296.8509524,1539972.368053092,6,10,4,42,2021,0
2021-10-31,Pennsylvania,319568516.70000005,Beverages,319568516.70000005,320176073.8857143,323821416.99999994,203602342.7,321391188.2571429,312620109.4533333,1312473.526700579,6,10,4,43,2021,0
2021-11-04,Pennsylvania,218655024.9,Beverages,218655024.9,243883397.85,321391188.25714284,264084048.3,283788365.5653061,314632666.20333326,41098327.56785369,3,11,4,44,2021,0
2021-11-07,Pennsylvania,250707017.0,Beverages,250707017.0,240023019.63333333,319568516.70000005,309445327.5,249437056.60000005,309202478.0566667,25416287.72734304,6,11,4,44,2021,0
2021-11-14,Pennsylvania,332654785.0999999,Beverages,332654785.0999999,320947961.0857142,250707017.0,331918549.9428571,297534313.0571428,300647819.61571425,25289630.279493548,6,11,4,45,2021,0
2021-11-21,Pennsylvania,336849628.20000005,Beverages,336849628.20000005,336250364.90000004,332654785.0999999,325247154.3714285,335051838.3,302408549.2061904,1294556.685801449,6,11,4,46,2021,0
2021-11-28,Pennsylvania,314228014.0,Beverages,314228014.0,317459673.17142856,336849628.20000005,320783631.0714286,323922991.5142857,302712266.2295238,6981181.705221728,6,11,4,47,2021,0
2021-12-09,Pennsylvania,240001312.3,Beverages,240001312.3,246749194.27272728,287236486.1090909,274120665.0285714,260244958.21818185,305672581.2619048,14577091.109568112,3,12,4,49,2021,0
2021-12-12,Pennsylvania,331752966.29999995,Beverages,331752966.29999995,301169081.6333333,266992840.1909091,309241137.0714285,271999969.4194805,306036058.1195238,33078977.13995736,6,12,4,49,2021,0
2021-12-19,Pennsylvania,342758305.7,Beverages,342758305.7,341186114.35714287,331752966.29999995,335651101.6,338041731.67142856,307383608.13666666,3396321.4737857,6,12,4,50,2021,0
2021-12-26,Pennsylvania,334393037.7,Beverages,334393037.7,335588075.98571426,342758305.7,320691332.3428572,337978152.55714285,309282735.5157143,2581577.751469353,6,12,4,51,2021,0
2022-01-05,Pennsylvania,352640397.6,Beverages,352640397.6,350815661.61,339867245.67,260244958.21818185,347166189.63,327339495.7922727,3941880.2647534735,2,1,1,1,2022,0
2022-01-16,Pennsylvania,333199494.9,Beverages,333199494.9,334966849.6909091,345570978.43636364,339613923.0142857,338501559.2727273,341882710.06023806,3817922.707328919,6,1,1,2,2022,0
2022-01-23,Pennsylvania,303324799.90000004,Beverages,303324799.90000004,307592613.47142863,333199494.9,336783114.2714286,316128240.61428577,336318953.7278572,9219531.035192745,6,1,1,3,2022,0
2022-01-30,Pennsylvania,315496929.40000004,Beverages,315496929.40000004,313758053.7571429,303324799.90000004,343516717.65,310280302.4714286,329740446.2366667,3756400.716047266,6,1,1,4,2022,0
2022-02-01,Pennsylvania,312074299.1,Beverages,312074299.1,313785614.25,306802551.1857143,347166189.63,312279400.5602041,327518855.23933333,2341161.033491832,1,2,1,5,2022,0
2022-02-10,Pennsylvania,358529094.7,Beverages,358529094.7,353367450.74444443,322397587.01111114,342036268.8545455,343044162.8333333,324511113.575303,11150425.351154905,3,2,1,6,2022,0
2022-02-13,Pennsylvania,318755302.2,Beverages,318755302.2,332013233.0333333,337882518.87777776,336734204.48181814,342740887.7380952,323862280.9513636,13471833.720593292,6,2,1,6,2022,0
2022-02-20,Pennsylvania,310961557.29999995,Beverages,310961557.29999995,312074949.4285714,318755302.2,311860427.0428572,314301733.68571424,321527798.2940476,2405201.893643319,6,2,1,7,2022,0
2022-02-27,Pennsylvania,323065179.1,Beverages,323065179.1,321336090.2714286,310961557.29999995,312019178.11428577,317877912.61428565,323911826.3202381,3735258.780830776,6,2,1,8,2022,0
2022-03-04,Pennsylvania,341882199.79999995,Beverages,341882199.79999995,338118795.66,319607001.44285715,317235943.0555556,330882603.8530612,327226030.25481486,7683113.837523804,4,3,1,9,2022,0
2022-03-07,Pennsylvania,400773833.0,Beverages,400773833.0,381143288.6,326828583.24,332720874.92222226,355482605.73714286,332584436.0181481,26765971.82578856,0,3,1,10,2022,0
2022-03-13,Pennsylvania,333847257.8,Beverages,333847257.8,345001687.0,381143288.6,345271163.8666667,367310545.4,335387762.2511111,24096321.0946503,6,3,1,10,2022,0
2022-03-20,Pennsylvania,331014707.2,Beverages,331014707.2,331419357.28571427,333847257.8,313188341.5571428,332228657.4571429,338646310.1809524,874144.0930409335,6,3,1,11,2022,0
2022-03-27,Pennsylvania,333173254.1,Beverages,333173254.1,332864890.2571429,331014707.2,319607001.44285715,332248162.5714286,342711527.2590476,666142.0354493802,6,3,1,12,2022,0
2022-04-09,Pennsylvania,378016231.9,Beverages,378016231.9,374566772.06923074,353870013.0846154,367310545.4,367667852.4076923,344383198.30333334,7451684.904266112,5,4,2,14,2022,0
2022-04-12,Pennsylvania,329211860.29999995,Beverages,329211860.29999995,345479984.1666666,364218392.5769231,333847257.8,361115445.8736264,344431028.02000004,17664714.374281,1,4,2,15,2022,0
2022-04-17,Pennsylvania,355710750.1,Beverages,355710750.1,350410972.14,361748108.0333333,331824007.37142855,342892545.052381,346510675.7928571,9122723.099261137,6,4,2,15,2022,0
2022-04-24,Pennsylvania,334455035.3,Beverages,334455035.3,337491565.9857143,355710750.1,332556526.4142857,343564627.35714287,349271320.2385714,6559655.998959572,6,4,2,16,2022,0
2022-05-06,Pennsylvania,373086334.0,Beverages,373086334.0,369867059.10833335,350551409.7583333,367667852.4076923,363428509.325,351840416.5419231,6954428.603265148,4,5,2,18,2022,0
2022-05-15,Pennsylvania,361080993.8,Beverages,361080993.8,362414920.4888889,370418480.62222224,345111194.18,365082773.8666667,355779609.46300006,2881610.993798795,6,5,2,19,2022,0
2022-05-22,Pennsylvania,382457635.9,Beverages,382457635.9,379403829.8857143,361080993.8,340528096.67142856,373296217.85714287,361577809.8811905,6596974.973945343,6,5,2,20,2022,0
2022-05-29,Pennsylvania,373202807.6,Beverages,373202807.6,374524925.92857146,382457635.9,350551409.7583333,377169162.5857143,369833584.4458333,2856102.020037827,6,5,2,21,2022,0
2022-06-02,Pennsylvania,318740774.7,Beverages,318740774.7,332356282.925,377169162.5857143,363428509.325,354318703.7051021,367242176.4525001,22634546.795153823,3,6,2,22,2022,0
2022-06-03,Pennsylvania,325893348.2,Beverages,325893348.2,318740774.7,375847044.2571429,366647784.2166667,347182461.4112245,365883695.2519444,22590506.71506465,4,6,2,22,2022,0
2022-06-11,Pennsylvania,347145075.6,Beverages,347145075.6,344488609.675,328549814.125,365082773.8666667,339175677.825,357527715.99388885,5738622.278027189,5,6,2,23,2022,0
2022-06-19,Pennsylvania,369264643.0,Beverages,369264643.0,366499697.075,349910021.52500004,376350023.87142855,360969805.225,355469110.5745238,5972965.861684744,6,6,2,24,2022,0
2022-06-26,Pennsylvania,376228591.4,Beverages,376228591.4,375233741.6285714,369264643.0,375847044.2571429,373244042.0857143,354082124.71595234,2149121.134180549,6,6,2,25,2022,0
2022-07-08,Pennsylvania,380580837.9,Beverages,380580837.9,380218150.69166666,378042027.44166666,339175677.825,379492776.275,368863516.0258333,783493.917325991,4,7,3,27,2022,0
2022-07-17,Pennsylvania,385936571.3,Beverages,385936571.3,385341489.8111111,381771000.87777776,363734751.15,384151326.8333333,378117051.39416665,1285522.9413361556,6,7,3,28,2022,0
2022-07-24,Pennsylvania,380559275.8,Beverages,380559275.8,381327460.8714286,385936571.3,374238891.85714287,382863831.01428574,380884935.2426191,1659469.4187963617,6,7,3,29,2022,0
2022-07-31,Pennsylvania,379297749.4,Beverages,379297749.4,379477967.4571428,380559275.8,378042027.44166666,379838403.5714286,381579042.8041667,389315.4992656207,6,7,3,30,2022,0
2022-08-05,Pennsylvania,354632333.7,Beverages,354632333.7,359565416.84,379658185.5142857,379855463.4833333,368752602.3938775,379140444.6230555,9661552.76100113,4,8,3,31,2022,0
2022-08-14,Pennsylvania,383793267.1,Beverages,383793267.1,380553163.3888889,361112541.12222224,384746408.32222223,374072955.9666667,375672729.1137037,6999423.995890836,6,8,3,32,2022,0
2022-08-21,Pennsylvania,376642047.1,Beverages,376642047.1,377663649.9571429,383793267.1,382095645.9428572,379706855.6714286,374623057.3857143,2206914.4046474006,6,8,3,33,2022,0
2022-08-28,Pennsylvania,379061293.5,Beverages,379061293.5,378715686.87142855,376642047.1,379658185.5142857,378024473.61428577,374096106.4019048,746595.6478511497,6,8,3,34,2022,0
2022-09-01,Pennsylvania,312566272.1,Beverages,312566272.1,329190027.45000005,378024473.6142857,369431583.12,355164954.444898,369010628.2106667,26751415.33998263,3,9,3,35,2022,0
2022-09-10,Pennsylvania,356804664.20000005,Beverages,356804664.20000005,351889287.3000001,322397025.90000004,374072955.9666667,342058533.50000006,361002494.1688889,10618427.707948036,5,9,3,36,2022,0
2022-09-18,Pennsylvania,365882492.0,Beverages,365882492.0,364747763.525,357939392.6750001,378685252.81428576,362478306.575,356002019.36523813,2451293.6698665647,6,9,3,37,2022,0
2022-09-25,Pennsylvania,358012519.90000004,Beverages,358012519.90000004,359136801.62857145,365882492.0,378370080.2428572,361385365.0857144,352235270.152381,2428726.118284449,6,9,3,38,2022,0
2022-10-04,Pennsylvania,343808865.7,Beverages,343808865.7,345387049.5,354856152.3,327312402.8,348543417.1,354772561.1366667,3409266.660745412,1,10,4,40,2022,0
2022-10-07,Pennsylvania,374859759.50000006,Beverages,374859759.50000006,364509461.5666667,350121600.90000004,342058533.50000006,354033278.61428577,357509191.6333333,11567917.586456778,4,10,4,40,2022,0
2022-10-16,Pennsylvania,352411073.1,Beverages,352411073.1,354905371.58888894,369871162.5222223,363613035.05,359893968.5666667,358881500.24750006,5388300.576976532,6,10,4,41,2022,0
2022-10-23,Pennsylvania,345996550.00000006,Beverages,345996550.00000006,346912910.4428572,352411073.1,360261083.35714287,348745631.32857144,355482864.5709524,1979564.805483745,6,10,4,42,2022,0
2022-10-30,Pennsylvania,343415691.6,Beverages,343415691.6,343784385.6571429,345996550.00000006,350121600.90000004,344521773.7714286,353086639.65,796470.1938053385,6,10,4,43,2022,0
2022-11-09,Pennsylvania,363329343.8,Beverages,363329343.8,361337978.58,349389787.26,367376864.03333336,357355248.14,351614491.8244445,4301840.542219807,2,11,4,45,2022,0
2022-11-12,Pennsylvania,349630225.3,Beverages,349630225.3,354196598.1333333,355363882.92,359893968.5666667,357708425.46857136,350795324.9322223,4587648.051636365,5,11,4,45,2022,0
2022-11-13,Pennsylvania,351470196.9,Beverages,351470196.9,349630225.3,357355248.14,357399670.0777778,356867703.8628572,350597675.8262964,5165948.76078297,6,11,4,45,2022,0
2022-11-20,Pennsylvania,353253113.20000005,Beverages,353253113.20000005,352998410.8714286,351470196.9,347829270.88571435,352489006.21428573,350990897.1580953,550219.9156074128,6,11,4,46,2022,0
2022-11-27,Pennsylvania,350124371.50000006,Beverages,350124371.50000006,350571334.6000001,353253113.20000005,344153079.71428573,351465260.8000001,352420731.35857147,965550.6509646388,6,11,4,47,2022,0
2022-12-06,Pennsylvania,373881703.0,Beverages,373881703.0,371241999.5,355403778.50000006,357355248.14,365962592.5,356521993.23800004,5702411.301397233,1,12,4,49,2022,0
2022-12-18,Pennsylvania,360122296.6,Beverages,360122296.6,361268913.8,368148617.0,352743708.5428572,363562148.2,361118621.50238097,2476976.25118686,6,12,4,50,2022,0
2022-12-25,Pennsylvania,373269582.4,Beverages,373269582.4,371391398.7142857,360122296.6,351018297.70000005,367635031.3428572,364706374.03,4057340.483703987,6,12,4,51,2022,0
2023-01-01,Pennsylvania,330275163.40000004,Beverages,330275163.40000004,336417223.2571429,373269582.4,363322889.0,348701342.9714286,363039583.52,13268365.762748484,6,1,1,52,2023,0
2023-01-15,Pennsylvania,341977684.1,Beverages,341977684.1,341141789.76428574,336126423.75,362415531.0,339470001.09285724,348245567.4483334,1805738.147013687,6,1,1,2,2023,0
2023-01-22,Pennsylvania,325217205.0,Beverages,325217205.0,327611559.1571429,341977684.1,369513215.0285714,332400267.4714286,340799781.5688095,5172396.144199096,6,1,1,3,2023,0
2023-01-29,Pennsylvania,330353612.1,Beverages,330353612.1,329619839.6571429,325217205.0,342559283.1142857,328152294.7714286,333406050.5069048,1585129.64459525,6,1,1,4,2023,0
2023-02-04,Pennsylvania,352480720.6,Beverages,352480720.6,348792869.18333334,329619839.6571429,333618740.7428572,341417166.35,335519869.4647619,7966669.588558462,5,2,1,5,2023,0
2023-02-19,Pennsylvania,337598544.70000005,Beverages,337598544.70000005,338590689.76000005,344543560.12000006,330005913.3142857,340574979.88000005,339253826.0569048,2143278.289691178,6,2,1,7,2023,0
2023-02-26,Pennsylvania,342074421.70000005,Beverages,342074421.70000005,341435010.70000005,337598544.70000005,328886067.21428573,340156188.7000001,342292890.8935715,1381285.630239892,6,2,1,8,2023,0
2023-03-19,Pennsylvania,373630832.7,Beverages,373630832.7,372128146.4619048,363112029.03333336,339582834.82000005,369122773.9857143,352932197.7353333,3246173.286732121,6,3,1,11,2023,0
2023-03-26,Pennsylvania,341287098.3000001,Beverages,341287098.3000001,345907631.7857143,373630832.7,340795599.70000005,355148698.7571429,356674456.68000007,9981493.136410495,6,3,1,12,2023,0
2023-04-16,Pennsylvania,370426791.9,Beverages,370426791.9,369039187.4428572,360713560.7,370625460.2238096,366263978.5285714,357312185.47873014,2997568.2262454717,6,4,2,15,2023,0
2023-04-23,Pennsylvania,359074414.7,Beverages,359074414.7,360696182.87142855,370426791.9,350528165.27142864,363939719.2142857,357411281.9495238,3503419.663996829,6,4,2,16,2023,0
2023-04-30,Pennsylvania,361037223.2,Beverages,361037223.2,360756821.9857143,359074414.7,348225120.58571434,360196019.55714285,360975543.56476194,605735.853820371,6,4,2,17,2023,0
2023-05-02,Pennsylvania,335036733.2,Beverages,335036733.2,348036978.2,359635217.1285714,351000329.50000006,355065116.46530616,360390898.79333335,9981050.241796425,1,5,2,18,2023,0
2023-05-03,Pennsylvania,354015328.90000004,Beverages,354015328.90000004,335036733.2,359915618.3428571,352387933.9571429,354222217.9734694,360445145.29142857,9749611.308243142,2,5,2,18,2023,0
2023-07-05,Pennsylvania,370133894.1,Beverages,370133894.1,369878043.8587302,368342942.4111111,362458386.8619048,369366343.3761906,366424065.60158736,552699.6905131944,2,7,3,27,2023,0
2023-08-01,Pennsylvania,330468914.90000004,Beverages,330468914.90000004,331937988.20370376,340752428.02592593,369366343.3761905,334876134.81111115,351597985.4492064,3173561.0494200583,1,8,3,31,2023,0
2023-09-04,Pennsylvania,364103216.1999999,Beverages,364103216.1999999,363113972.0441176,357178507.1088235,334425891.5235294,361135483.73235285,349759175.93970585,2137011.620577758,0,9,3,36,2023,0
2023-12-02,Pennsylvania,345049290.8,Beverages,345049290.8,345263379.8494382,346547914.14606744,351471962.283146,345691557.9483146,348153582.0168539,462485.2052974838,5,12,4,48,2023,0
2023-12-03,Pennsylvania,382958014.8,Beverages,382958014.8,345049290.8,346333825.0966292,351257873.23370785,350923585.0487962,349210253.40239704,14130586.809696931,6,12,4,48,2023,0
2019-03-11,Rhode Island,13856302.8,Beverages,13856302.8,13856226.672413794,13855769.906896552,13854018.972413791,13856074.41724138,13855198.95,164.45438201598947,0,3,1,11,2019,0
2019-06-10,Rhode Island,14853670.9,Beverages,14853670.9,14842710.810989011,14776950.276923075,14524868.22967033,14820790.63296703,14694749.60934066,23676.49830395861,0,6,2,24,2019,0
2019-08-12,Rhode Island,14346931.0,Beverages,14346931.0,14354974.490476193,14403235.433333334,14588235.714285716,14371061.471428571,14463561.611904765,17375.92536208478,0,8,3,33,2019,0
2019-10-11,Rhode Island,14151731.9,Beverages,14151731.9,14154985.218333334,14174505.128333334,14249331.45,14161491.855,14198905.015833337,7027.970842377274,4,10,4,41,2019,0
2019-10-13,Rhode Island,13852111.1,Beverages,13852111.1,14001921.5,14167998.491666667,14242824.813333334,14092175.04047619,14177742.671000002,120902.2783985391,6,10,4,41,2019,0
2019-10-20,Rhode Island,13265842.2,Beverages,13265842.2,13349594.9,13852111.1,14220051.585,13517100.3,14011443.381666666,180926.51049715164,6,10,4,42,2019,0
2019-10-27,Rhode Island,13320632.1,Beverages,13320632.1,13312804.971428571,13265842.2,14197278.356666667,13297150.714285716,13799136.27561111,16908.530227773088,6,10,4,43,2019,0
2019-11-17,Rhode Island,13802172.1,Beverages,13802172.1,13779241.623809524,13641658.766666666,13433347.6,13733380.671428572,13490856.873333331,49535.49009377557,6,11,4,46,2019,0
2019-11-24,Rhode Island,14064840.2,Beverages,14064840.2,14027316.185714286,13802172.1,13304977.842857145,13952268.157142855,13644317.609047618,81061.13551635873,6,11,4,47,2019,0
2019-12-15,Rhode Island,13660736.3,Beverages,13660736.3,13679979.342857145,13795437.6,13756311.147619048,13718465.428571433,13872126.404126983,41569.72366841497,6,12,4,50,2019,0
2019-12-22,Rhode Island,14871015.3,Beverages,14871015.3,14698118.3,13660736.3,13989792.17142857,14352324.3,13982497.592857145,373500.2081775552,6,12,4,51,2019,0
2019-12-29,Rhode Island,14479431.0,Beverages,14479431.0,14535371.614285717,14871015.3,13968624.985714285,14647252.842857145,14129266.198095238,120845.5385651985,6,12,4,52,2019,0
2020-01-03,Rhode Island,14290557.4,Beverages,14290557.4,14328332.12,14591312.228571428,13872409.771428572,14406476.687755102,14205134.695238097,85978.82637618664,4,1,1,1,2020,0
2020-01-11,Rhode Island,14239756.5,Beverages,14239756.5,14246106.6125,14284207.2875,13718465.42857143,14258806.8375,14332112.24595238,13717.81083964252,5,1,1,2,2020,0
2020-01-19,Rhode Island,13821908.9,Beverages,13821908.9,13874139.85,14187525.55,14525221.3,13978601.75,14335467.688333334,112831.74779382627,6,1,1,3,2020,0
2020-01-26,Rhode Island,13665331.0,Beverages,13665331.0,13687699.271428572,13821908.9,14591312.228571428,13732435.814285714,14103532.682142856,48320.9889999862,6,1,1,4,2020,0
2020-02-02,Rhode Island,13718696.9,Beverages,13718696.9,13711073.2,13665331.0,14290557.4,13695825.8,13937714.141666668,16469.074287247044,6,2,1,5,2020,0
2020-02-08,Rhode Island,18638116.5,Beverages,18638116.5,17818213.233333334,13711073.2,14252456.725,16178406.7,14401719.407083333,1771193.4896814232,5,2,1,6,2020,0
2020-02-16,Rhode Island,13245522.0,Beverages,13245522.0,13919596.3125,17964042.1875,13926370.8,15267744.9375,14802076.226666665,1456166.9435900217,6,2,1,7,2020,0
2020-02-23,Rhode Island,13451280.6,Beverages,13451280.6,13421886.514285712,13245522.0,13710067.542857142,13363098.342857145,14704463.53404762,63498.48252656545,6,2,1,8,2020,0
2020-03-05,Rhode Island,15581453.3,Beverages,15581453.3,15387801.236363636,14225888.854545455,15358503.433333334,15000497.10909091,14958603.811666667,418336.2700462786,3,3,1,10,2020,0
2020-03-15,Rhode Island,16069507.9,Beverages,16069507.9,16020702.44,15727869.68,14593670.625,15923091.52,14665025.427083336,105431.8436422834,6,3,1,11,2020,0
2020-03-22,Rhode Island,17031395.099999998,Beverages,17031395.099999998,16893982.64285714,16069507.9,13392492.42857143,16619157.728571428,15415040.91047619,296844.8344913789,6,3,1,12,2020,0
2020-03-29,Rhode Island,14606409.6,Beverages,14606409.6,14952836.1,17031395.099999998,14419540.918181818,15645689.099999998,15831223.331515152,748366.772519009,6,3,1,13,2020,0
2020-04-10,Rhode Island,15666299.6,Beverages,15666299.6,15577975.433333334,15048030.433333334,15874286.06,15401327.1,15733510.894666666,190802.00718991287,4,4,2,15,2020,0
2020-04-19,Rhode Island,13908239.3,Beverages,13908239.3,14103579.333333334,15275619.533333331,16756570.185714284,14494259.400000002,15260593.21809524,421982.70135055546,6,4,2,16,2020,0
2020-04-26,Rhode Island,14217015.9,Beverages,14217015.9,14172904.957142858,13908239.3,15299262.6,14084683.07142857,14750820.743333334,95290.52753974324,6,4,2,17,2020,0
2020-05-01,Rhode Island,14508723.1,Beverages,14508723.1,14450381.66,14128794.014285715,14871382.1,14335731.708163263,14685880.13,122811.82943481675,4,5,2,18,2020,0
2020-05-04,Rhode Island,15614828.4,Beverages,15614828.4,15246126.633333333,14275357.34,15136354.6,14774746.237142855,14705689.75,492518.6735265783,0,5,2,19,2020,0
2020-05-07,Rhode Island,19947247.6,Beverages,19947247.6,18503107.866666667,14450381.66,15401327.1,16536632.37142857,15024700.243333334,2047464.6898747184,3,5,2,19,2020,0
2020-05-17,Rhode Island,15895281.5,Beverages,15895281.5,16300478.11,18731657.77,14298919.366666667,17110871.330000002,15899972.239444444,875324.7204280077,6,5,2,20,2020,0
2020-05-24,Rhode Island,16903671.8,Beverages,16903671.8,16759616.042857144,15895281.5,14128794.014285715,16471504.528571429,16469500.653571429,311196.0027186368,6,5,2,21,2020,0
2020-05-31,Rhode Island,17519944.1,Beverages,17519944.1,17431905.200000003,16903671.8,14508723.1,17255827.400000002,17150856.315,190185.76075788029,6,5,2,22,2020,0
2020-06-09,Rhode Island,17064047.700000003,Beverages,17064047.700000003,17114702.855555557,17418633.78888889,18731657.77,17216013.166666668,17042247.923666667,109427.64273134749,1,6,2,24,2020,0
2020-06-12,Rhode Island,14258436.5,Beverages,14258436.5,15193640.233333334,17266668.322222225,17516067.94,16305863.204761906,16769485.492000002,1173065.8865421556,4,6,2,24,2020,0
2020-06-14,Rhode Island,17243949.5,Beverages,17243949.5,15751193.0,17165358.011111114,16705674.72,16107830.536507936,16742105.373666668,1125651.1848119074,6,6,2,24,2020,0
2020-06-21,Rhode Island,17104333.0,Beverages,17104333.0,17124278.214285713,17243949.5,16615560.285714284,17164168.64285714,16952644.60809524,43086.58732078248,6,6,2,25,2020,0
2020-06-28,Rhode Island,17784393.1,Beverages,17784393.1,17687241.65714286,17104333.0,17343866.3,17492938.771428574,17050922.643333334,209871.10321129745,6,6,2,26,2020,0
2020-07-06,Rhode Island,17506767.400000002,Beverages,17506767.400000002,17541470.6125,17749689.887500003,17216013.166666668,17610877.0375,17118191.760555558,74967.50720529335,0,7,3,28,2020,0
2020-07-19,Rhode Island,17530223.6,Beverages,17530223.6,17528419.27692308,17517593.33846154,17144223.42857143,17524810.630769234,17515239.378809527,3897.783343076418,6,7,3,29,2020,0
2020-07-26,Rhode Island,17701063.5,Beverages,17701063.5,17676657.8,17530223.6,17590090.214285716,17627846.4,17588151.94357143,52722.33775514801,6,7,3,30,2020,0
2020-08-03,Rhode Island,15533226.0,Beverages,15533226.0,15804205.6875,17430083.8125,17576173.825000003,16346165.0625,17268285.722083334,585383.0297411082,0,8,3,32,2020,0
2020-08-11,Rhode Island,15522272.2,Beverages,15522272.2,15523641.425,15531856.775,17517593.33846154,15526379.875,16737945.14551282,2957.8640773909437,1,8,3,33,2020,0
2020-08-16,Rhode Island,17104953.2,Beverages,17104953.2,16788417.0,15525010.65,17526614.953846157,16200759.660714284,16562757.560897436,617565.0248389742,6,8,3,33,2020,0
2020-08-23,Rhode Island,16266952.8,Beverages,16266952.8,16386667.142857144,17104953.2,17652252.1,16626095.828571428,16339651.708333334,258612.53797929117,6,8,3,34,2020,0
2020-08-30,Rhode Island,16170663.9,Beverages,16170663.9,16184419.457142858,16266952.8,16346165.0625,16211930.57142857,16128490.725416666,29715.399669739258,6,8,3,35,2020,0
2020-09-02,Rhode Island,14421601.4,Beverages,14421601.4,15004622.233333334,16225686.128571428,15533226.0,15682722.23469388,16048532.38,718195.1479403843,2,9,3,36,2020,0
2020-09-08,Rhode Island,18287971.0,Beverages,18287971.0,17643576.066666666,15004622.233333334,15525010.65,16354786.2,16278242.370833334,1392052.1567670803,1,9,3,37,2020,0
2020-09-13,Rhode Island,15562258.1,Beverages,15562258.1,16107400.68,16999181.133333333,16471880.8,17027751.90952381,16403268.0,969802.6884543536,6,9,3,37,2020,0
2020-09-20,Rhode Island,14909112.4,Beverages,14909112.4,15002418.92857143,15562258.1,16506381.485714288,15189031.985714288,16026628.094761906,201565.1390469891,6,9,3,38,2020,0
2020-09-27,Rhode Island,15194352.7,Beverages,15194352.7,15153604.085714284,14909112.4,16198175.014285715,15072106.857142856,15750718.00857143,88027.06766913382,6,9,3,39,2020,0
2020-10-05,Rhode Island,15969128.7,Beverages,15969128.7,15872281.7,15291199.7,16354786.2,15678587.7,15768757.666666666,209213.43147317736,0,10,4,41,2020,0
2020-10-18,Rhode Island,14269881.0,Beverages,14269881.0,14400592.361538462,15184860.53076923,15095725.457142858,14662015.084615383,15205384.404285712,282368.8134891081,6,10,4,42,2020,0
2020-10-25,Rhode Island,14485540.1,Beverages,14485540.1,14454731.657142855,14269881.0,15112855.471428571,14393114.771428572,15061500.432857145,66553.84316066536,6,10,4,43,2020,0
2020-11-10,Rhode Island,14882505.7,Beverages,14882505.7,14857695.35,14708833.25,15184860.53076923,14808074.65,14617625.273076924,53596.481663501865,1,11,4,46,2020,0
2020-11-15,Rhode Island,14661991.8,Beverages,14661991.8,14706094.58,14832885.0,14531303.723076925,14784455.407142855,14610537.092051284,81951.7847755536,6,11,4,46,2020,0
2020-11-22,Rhode Island,14731989.6,Beverages,14731989.6,14721989.914285714,14661991.8,14423923.214285716,14701990.542857142,14691601.385238094,21601.790063086257,6,11,4,47,2020,0
2020-11-29,Rhode Island,15360321.6,Beverages,15360321.6,15270559.885714283,14731989.6,14609591.85,15091036.457142858,14821505.641666664,193907.46497709796,6,11,4,48,2020,0
2020-12-01,Rhode Island,13460213.4,Beverages,13460213.4,14410267.5,14911513.028571429,14659212.55,14824924.53673469,14774067.846666668,676778.9912160344,1,12,4,49,2020,0
2020-12-04,Rhode Island,15083521.2,Beverages,15083521.2,14542418.6,15180798.17142857,14733643.6,14589802.597959183,14757426.381666668,702098.5688307445,4,12,4,49,2020,0
2020-12-07,Rhode Island,17818041.3,Beverages,17818041.3,16906534.6,14410267.5,14808074.65,15401010.42857143,14969753.411666667,1582472.4830883932,0,12,4,50,2020,0
2020-12-13,Rhode Island,14656353.3,Beverages,14656353.3,15183301.3,16906534.6,14750197.36,16237197.3,15199298.522666669,1138337.7831815882,6,12,4,50,2020,0
2020-12-20,Rhode Island,15210313.7,Beverages,15210313.7,15131176.5,14656353.3,14711990.228571428,14972902.099999998,15265374.323809523,170955.89093308477,6,12,4,51,2020,0
2020-12-27,Rhode Island,15734816.4,Beverages,15734816.4,15659887.442857144,15210313.7,15180798.17142857,15510029.528571429,15402369.43952381,161865.04734870873,6,12,4,52,2020,0
2021-01-08,Rhode Island,19169356.0,Beverages,19169356.0,18883144.366666667,17165874.566666666,16764145.3,18310721.1,16210330.893333334,618287.7935004379,4,1,1,1,2021,0
2021-01-17,Rhode Island,14687264.4,Beverages,14687264.4,15185274.57777778,18173335.644444443,15052039.3,16181294.933333335,16672258.236666668,1075824.9424486435,6,1,1,2,2021,0
2021-01-24,Rhode Island,14649492.0,Beverages,14649492.0,14654888.057142856,14687264.4,15584958.485714288,14665680.171428572,16510350.508095238,11656.815717811183,6,1,1,3,2021,0
2021-01-31,Rhode Island,14322677.0,Beverages,14322677.0,14369364.857142856,14649492.0,17165874.566666666,14462740.57142857,16072924.63,100857.29863637892,6,1,1,4,2021,0
2021-02-05,Rhode Island,16583193.9,Beverages,16583193.9,16131090.52,14416052.714285716,18596932.73333333,15298139.651020408,15682004.242222222,874008.8398354757,4,2,1,5,2021,0
2021-02-14,Rhode Island,14493827.1,Beverages,14493827.1,14725978.966666669,16118890.166666666,15683284.755555555,15190282.7,15032277.69925926,501505.3501727974,6,2,1,6,2021,0
2021-02-21,Rhode Island,14463611.6,Beverages,14463611.6,14467928.1,14493827.1,14660284.114285717,14476561.1,14969211.285238096,9324.705748900456,6,2,1,7,2021,0
2021-02-28,Rhode Island,14868786.3,Beverages,14868786.3,14810904.2,14463611.6,14416052.714285716,14695140.0,15003026.545238096,125039.62706030485,6,2,1,8,2021,0
2021-03-01,Rhode Island,14645229.7,Beverages,14645229.7,14868786.3,14521493.7,14369364.857142856,14712816.57142857,15012222.04,103247.45542658906,0,3,1,9,2021,0
2021-03-10,Rhode Island,23725178.200000003,Beverages,23725178.200000003,22716295.03333333,16662996.033333331,15886738.3,20698528.7,16216639.593333334,2179436.7327184267,2,3,1,10,2021,0
2021-03-14,Rhode Island,17329532.0,Beverages,17329532.0,18928443.55,20698528.700000003,14958130.833333332,21008640.342857145,16806178.352222223,2240822.9536112687,6,3,1,10,2021,0
2021-03-21,Rhode Island,18108324.7,Beverages,18108324.7,17997068.599999998,17329532.0,14472244.6,17774556.4,17566101.71,240340.64507219175,6,3,1,11,2021,0
2021-03-28,Rhode Island,15849364.2,Beverages,15849364.2,16172072.842857145,18108324.7,14753022.1,16817490.12857143,18086255.1,697130.345164145,6,3,1,12,2021,0
2021-04-04,Rhode Island,16257945.9,Beverages,16257945.9,16199577.085714286,15849364.2,18680762.366666667,16082839.457142858,18072428.617777776,126091.05008680254,6,4,2,13,2021,0
2021-04-07,Rhode Island,19914189.8,Beverages,19914189.8,18695441.833333336,16024470.642857142,21707411.866666667,17252556.602040816,17872119.931111112,1523034.0445962427,2,4,2,14,2021,0
2021-04-18,Rhode Island,15576967.9,Beverages,15576967.9,15971260.8,18337018.2,17885812.5,16759846.6,17184226.076666668,851770.0147077953,6,4,2,15,2021,0
2021-04-25,Rhode Island,16104315.9,Beverages,16104315.9,16028980.471428571,15576967.9,16494781.485714285,15878309.614285711,16828952.081428573,162743.12599188433,6,4,2,16,2021,0
2021-05-09,Rhode Island,18013918.7,Beverages,18013918.7,17877518.5,17059117.3,19125604.0,17604718.099999998,16843928.88,294658.10913712066,6,5,2,18,2021,0
2021-05-12,Rhode Island,22869123.200000003,Beverages,22869123.200000003,21250721.700000003,17468317.9,17942725.3,19284205.52857143,17135299.23,2066970.3121871408,2,5,2,19,2021,0
2021-05-16,Rhode Island,17397104.299999997,Beverages,17397104.299999997,18765109.025,18013918.7,16365553.7,20221230.092857145,17467581.675,1833023.8931293632,6,5,2,19,2021,0
2021-05-23,Rhode Island,18587101.8,Beverages,18587101.8,18417102.15714286,17397104.299999997,15953645.042857144,18077102.87142857,18000135.69071429,367241.2013931307,6,5,2,20,2021,0
2021-05-30,Rhode Island,18426785.8,Beverages,18426785.8,18449688.085714288,18587101.8,16786316.9,18495492.65714286,18492388.015,49474.59170567371,6,5,2,21,2021,0
2021-06-06,Rhode Island,18711193.700000003,Beverages,18711193.700000003,18670564.000000004,18426785.8,17741118.3,18589304.6,18785778.29166667,87770.18345171075,6,6,2,22,2021,0
2021-06-13,Rhode Island,19207114.6,Beverages,19207114.6,19136268.75714286,18711193.700000003,20133113.75,18994577.07142857,18508585.124166667,153044.51237260265,6,6,2,23,2021,0
2021-06-20,Rhode Island,18857726.7,Beverages,18857726.7,18907639.257142857,19207114.6,18247102.51428572,19007464.37142857,18753735.82857143,107823.44681268388,6,6,2,24,2021,0
2021-06-27,Rhode Island,18958249.0,Beverages,18958249.0,18943888.67142857,18857726.7,18472590.37142857,18915168.014285717,18847402.409523807,31021.85527264597,6,6,2,25,2021,0
2021-07-02,Rhode Island,15657541.8,Beverages,15657541.8,16317683.24,18929528.34285714,18548674.9,17541608.724489797,18597019.540000003,1285845.2584418107,4,7,3,26,2021,0
2021-07-03,Rhode Island,16310885.2,Beverages,16310885.2,15657541.8,18943888.67142857,18589304.6,17165465.37142857,18521072.226666667,1188717.2891906593,5,7,3,26,2021,0
2021-07-11,Rhode Island,23698831.4,Beverages,23698831.4,22775338.125,17234378.474999998,19065422.91428572,20928351.575,18957821.93857143,1994973.4839994884,6,7,3,27,2021,0
2021-07-18,Rhode Island,17901415.6,Beverages,17901415.6,18729617.85714286,23698831.4,18957551.814285714,20386022.37142857,19260218.22523809,1789121.358126322,6,7,3,28,2021,0
2021-07-25,Rhode Island,19150496.0,Beverages,19150496.0,18972055.942857143,17901415.6,18929528.34285714,18615175.82857143,19194779.105714284,385474.58018402767,6,7,3,29,2021,0
2021-08-08,Rhode Island,19610357.5,Beverages,19610357.5,19577510.25,19380426.75,21851844.85,19511815.75,19701282.0725,70958.16996863195,6,8,3,31,2021,0
2021-08-15,Rhode Island,18919592.9,Beverages,18919592.9,19018273.557142857,19610357.5,19557820.114285715,19215634.87142857,19100087.1202381,213174.5836304848,6,8,3,32,2021,0
2021-08-22,Rhode Island,18521346.9,Beverages,18521346.9,18578239.18571429,18919592.9,18793615.885714285,18692023.757142857,19167735.58642857,122901.38381812171,6,8,3,33,2021,0
2021-08-29,Rhode Island,17802863.299999997,Beverages,17802863.299999997,17905503.81428571,18521346.9,19314732.25,18110784.84285714,18914660.69333333,221728.8527457384,6,8,3,34,2021,0
2021-09-05,Rhode Island,17442899.8,Beverages,17442899.8,17494323.15714286,17802863.299999997,19544663.0,17597169.87142857,18483238.705,111087.14782837876,6,9,3,35,2021,0
2021-09-19,Rhode Island,16507186.7,Beverages,16507186.7,16574023.35,16975043.25,18635131.47142857,16707696.650000002,17474600.601190474,144383.66593361946,6,9,3,37,2021,0
2021-09-26,Rhode Island,16466648.0,Beverages,16466648.0,16472439.242857143,16507186.7,18008144.328571428,16484021.728571428,17048648.57547619,12510.51442869192,6,9,3,38,2021,0
2021-10-01,Rhode Island,14421114.7,Beverages,14421114.7,14830221.36,16478230.485714285,17648593.228571426,15590818.191836732,16628256.016428571,799556.4215574715,4,10,4,39,2021,0
2021-10-10,Rhode Island,23868670.7,Beverages,23868670.7,22818942.255555555,16520571.588888887,17108716.55,20719485.366666667,17319446.806666665,2267672.6173958285,6,10,4,40,2021,0
2021-10-17,Rhode Island,22798438.4,Beverages,22798438.4,22951328.728571422,23868670.7,16640860.0,23257109.385714285,18816452.675,330280.8582552177,6,10,4,41,2021,0
2021-10-24,Rhode Island,22549741.6,Beverages,22549741.6,22585269.71428572,22798438.4,16478230.485714285,22656325.942857143,20251919.564761903,76749.49872947263,6,10,4,42,2021,0
2021-10-31,Rhode Island,22111739.3,Beverages,22111739.3,22174311.057142857,22549741.6,14421114.7,22299454.57142857,21817268.05333333,135170.44436205865,6,10,4,43,2021,0
2021-11-04,Rhode Island,16436425.2,Beverages,16436425.2,17855253.725,22299454.57142857,18620028.47777778,20111657.874489795,22019832.343518514,2324131.6537534758,3,11,4,44,2021,0
2021-11-07,Rhode Island,18920025.3,Beverages,18920025.3,18092158.6,22111739.3,21769213.81111111,18362163.964285716,21757099.666851856,1403497.931990334,6,11,4,44,2021,0
2021-11-14,Rhode Island,23191646.8,Beverages,23191646.8,22581415.15714286,18920025.3,23104219.057142857,21360951.87142857,21283401.38595238,1318251.0144401847,6,11,4,45,2021,0
2021-11-21,Rhode Island,23742343.9,Beverages,23742343.9,23663672.885714285,23191646.8,22620797.828571428,23506330.85714286,21461244.00547619,169948.81468888768,6,11,4,46,2021,0
2021-11-28,Rhode Island,22516816.3,Beverages,22516816.3,22691891.67142857,23742343.9,22236882.814285714,23042042.41428572,21606215.80357143,378206.028302024,6,11,4,47,2021,0
2021-12-09,Rhode Island,17732145.3,Beverages,17732145.3,18167115.39090909,20776935.93636364,20140488.585714288,19037055.572727274,21822382.79238095,939642.7902482057,3,12,4,49,2021,0
2021-12-12,Rhode Island,23300977.8,Beverages,23300977.8,21444700.3,19472025.663636364,21971183.51428572,19696071.80649351,21830757.635238096,1995430.6409698948,6,12,4,49,2021,0
2021-12-19,Rhode Island,24223428.1,Beverages,24223428.1,24091649.485714287,23300977.8,23585001.87142857,23828092.25714286,21960267.122857142,284674.34292706486,6,12,4,50,2021,0
2021-12-26,Rhode Island,24309916.700000003,Beverages,24309916.700000003,24297561.18571429,24223428.1,22866967.042857144,24272850.15714286,22174211.96904762,26690.96142706295,6,12,4,51,2021,0
2022-01-05,Rhode Island,25106484.6,Beverages,25106484.6,25026827.81,24548887.070000004,19037055.572727274,24867514.23,23434077.81409091,172078.33361919492,2,1,1,1,2022,0
2022-01-16,Rhode Island,22890137.399999995,Beverages,22890137.399999995,23091623.509090904,24300540.163636364,23959870.87142857,23494595.727272723,24285952.217857145,435259.742449757,6,1,1,2,2022,0
2022-01-23,Rhode Island,22572808.9,Beverages,22572808.9,22618141.54285714,22890137.399999995,24285205.67142857,22708806.82857142,23930755.451190475,97929.70117684276,6,1,1,3,2022,0
2022-01-30,Rhode Island,23319591.9,Beverages,23319591.9,23212908.61428571,22572808.9,24708200.65,22999542.042857144,23585584.82,230462.23718946,6,1,1,4,2022,0
2022-02-01,Rhode Island,22264586.7,Beverages,22264586.7,22792089.3,22786175.47142857,24867514.23,22941114.663265307,23432294.964333333,348812.15992596693,1,2,1,5,2022,0
2022-02-10,Rhode Island,24908515.3,Beverages,24908515.3,24614745.45555556,22852126.388888888,23897567.94545454,24027205.76666667,23169386.31636364,634615.3956186802,3,2,1,6,2022,0
2022-02-13,Rhode Island,22953702.300000004,Beverages,22953702.300000004,23605306.633333337,23733435.922222223,23293109.618181814,24098194.57619048,23180457.4069697,652700.4512134275,6,2,1,6,2022,0
2022-02-20,Rhode Island,22272307.0,Beverages,22272307.0,22369649.18571429,22953702.300000004,22663474.18571428,22564333.557142857,23120386.62809524,210283.15487683407,6,2,1,7,2022,0
2022-02-27,Rhode Island,22907790.8,Beverages,22907790.8,22817007.4,22272307.0,23106225.328571428,22635440.6,23080147.960476197,196114.5583732693,6,2,1,8,2022,0
2022-03-04,Rhode Island,25065171.8,Beverages,25065171.8,24633695.6,22726224.0,22558356.54444445,23819413.6,23308933.42518519,859291.649510512,4,3,1,9,2022,0
2022-03-07,Rhode Island,31263263.4,Beverages,31263263.4,29197232.866666667,23339267.0,23439666.077777777,26466218.371428568,23914067.088518515,2846771.08886738,0,3,1,10,2022,0
2022-03-13,Rhode Island,23462551.6,Beverages,23462551.6,24762670.23333333,29197232.866666667,24256910.96666667,27362907.5,24394577.091111112,2808577.246600599,6,3,1,10,2022,0
2022-03-20,Rhode Island,23950719.3,Beverages,23950719.3,23880981.057142857,23462551.6,22466991.37142857,23741504.57142857,24605348.569523808,150651.82290674525,6,3,1,11,2022,0
2022-03-27,Rhode Island,23741770.5,Beverages,23741770.5,23771620.328571428,23950719.3,22726224.0,23831319.985714287,24920481.826666668,64482.99962151573,6,3,1,12,2022,0
2022-04-09,Rhode Island,28296567.4,Beverages,28296567.4,27946198.407692306,25843984.45384616,27362907.5,27245460.42307692,24927479.246666662,756883.5293028953,5,4,2,14,2022,0
2022-04-12,Rhode Island,24246398.5,Beverages,24246398.5,25596454.8,26895091.43076923,23462551.6,26839060.006593406,25010857.703333333,1435586.5004892386,1,4,2,15,2022,0
2022-04-17,Rhode Island,23816899.3,Beverages,23816899.3,23902799.14,26946511.1,23811242.814285714,24255192.6,25063679.81190476,609363.5611531909,6,4,2,15,2022,0
2022-04-24,Rhode Island,23825887.0,Beverages,23825887.0,23824603.042857144,23816899.3,23801470.15714286,23822035.12857143,25050903.02761905,2773.664448742821,6,4,2,16,2022,0
2022-05-06,Rhode Island,28181142.3,Beverages,28181142.3,27818204.35833333,25640576.70833333,27245460.42307692,27092328.475,25384850.129102565,784035.5631852102,4,5,2,18,2022,0
2022-05-15,Rhode Island,26284223.300000004,Beverages,26284223.300000004,26494992.07777778,27759604.744444445,23988698.98,26916529.633333337,25761314.449666668,455312.598699433,6,5,2,19,2022,0
2022-05-22,Rhode Island,27833789.9,Beverages,27833789.9,27612423.242857143,26284223.300000004,23823319.085714284,27169689.92857143,26540126.956428573,478206.6347387858,6,5,2,20,2022,0
2022-05-29,Rhode Island,27658680.9,Beverages,27658680.9,27683696.47142857,27833789.9,25640576.70833333,27733727.614285715,27270530.26083333,54039.81061737975,6,5,2,21,2022,0
2022-06-02,Rhode Island,23357314.200000003,Beverages,23357314.200000003,24432655.875,27733727.61428571,27092328.475,26133199.46632653,27060184.280833337,1751393.0266336915,3,6,2,22,2022,0
2022-06-03,Rhode Island,24059181.200000003,Beverages,24059181.200000003,23357314.200000003,27708712.04285714,27455266.416666668,25611837.917346943,26946981.440277778,1747419.6233025033,4,6,2,22,2022,0
2022-06-11,Rhode Island,25600521.3,Beverages,25600521.3,25407853.7875,24251848.7125,26916529.633333337,25022518.7625,26238628.904444445,416209.3965066876,5,6,2,23,2022,0
2022-06-19,Rhode Island,27233550.0,Beverages,27233550.0,27029421.4125,25804649.8875,27391056.585714284,26621164.2375,26169502.469761908,440968.14824000624,6,6,2,24,2022,0
2022-06-26,Rhode Island,27730958.6,Beverages,27730958.6,27659900.22857143,27233550.0,27708712.04285714,27517783.485714287,26115654.31404762,153503.6265601536,6,6,2,25,2022,0
2022-07-08,Rhode Island,30340205.9,Beverages,30340205.9,30122768.625,28818144.975,25022518.762500003,29687894.075,27691081.865416665,469718.1991478888,4,7,3,27,2022,0
2022-07-17,Rhode Island,27964640.1,Beverages,27964640.1,28228591.85555556,29812302.388888888,26825292.825,28756495.366666667,28593436.352083333,570200.9615484227,6,7,3,28,2022,0
2022-07-24,Rhode Island,29127141.0,Beverages,29127141.0,28961069.442857143,27964640.1,27588841.85714286,28628926.32857143,28890299.262619045,358755.5664079799,6,7,3,29,2022,0
2022-07-31,Rhode Island,29307271.000000004,Beverages,29307271.000000004,29281538.142857146,29127141.0,28818144.975,29230072.42857143,29133742.464166664,55589.32485795699,6,7,3,30,2022,0
2022-08-05,Rhode Island,26216068.9,Beverages,26216068.9,26834309.32,29255805.285714287,29905331.35,27978793.97755102,28797424.620833334,1202003.2387928127,4,8,3,31,2022,0
2022-08-14,Rhode Island,28191072.700000003,Beverages,28191072.700000003,27971627.833333336,26654958.633333333,28492543.611111112,27532738.1,28142953.70185185,474055.09282118105,6,8,3,32,2022,0
2022-08-21,Rhode Island,28164175.6,Beverages,28164175.6,28168018.042857144,28191072.700000003,28794997.885714285,28175702.92857143,28100367.524761908,8300.62527277873,6,8,3,33,2022,0
2022-08-28,Rhode Island,27354433.1,Beverages,27354433.1,27470110.6,28164175.6,29255805.285714287,27701465.6,27760379.221428573,249891.96071347577,6,8,3,34,2022,0
2022-09-01,Rhode Island,22772786.500000004,Beverages,22772786.500000004,23918198.15,27701465.6,28070790.16,25767706.814285714,27180878.755333334,1906219.6322506317,3,9,3,35,2022,0
2022-09-10,Rhode Island,25367581.3,Beverages,25367581.3,25079270.766666666,23349407.56666667,27532738.1,24502649.7,26364924.386666667,622821.9357176371,5,9,3,36,2022,0
2022-09-18,Rhode Island,25401322.0,Beverages,25401322.0,25397104.4125,25371798.8875,28171860.485714287,25388669.2375,25640920.159761906,9111.030318778496,6,9,3,37,2022,0
2022-09-25,Rhode Island,24647726.6,Beverages,24647726.6,24755383.085714288,25401322.0,27585788.1,24970696.057142857,24953485.60166667,232564.5894719776,6,9,3,38,2022,0
2022-10-04,Rhode Island,25080892.000000004,Beverages,25080892.000000004,25032762.511111114,24743985.57777778,23637718.1,24936503.53333333,24992118.405,103971.57914510342,1,10,4,40,2022,0
2022-10-07,Rhode Island,29295751.8,Beverages,29295751.8,27890798.53333333,24888374.04444445,24502649.700000003,26243883.80952381,25359764.341666665,1741603.292272007,4,10,4,40,2022,0
2022-10-16,Rhode Island,24305333.9,Beverages,24305333.9,24859824.777777776,28186770.04444445,25392886.825,25968806.53333333,25732357.91708333,1197837.1995034437,6,10,4,41,2022,0
2022-10-23,Rhode Island,24293166.500000004,Beverages,24293166.500000004,24294904.700000003,24305333.9,24863039.57142857,24298381.1,25528973.86952381,3754.9411614008927,6,10,4,42,2022,0
2022-10-30,Rhode Island,23709243.8,Beverages,23709243.8,23792661.32857143,24293166.500000004,24888374.04444445,23959496.38571429,25340733.525555555,180202.45745785045,6,10,4,43,2022,0
2022-11-09,Rhode Island,26219164.5,Beverages,26219164.5,25968172.43,24462220.01,27632279.166666668,25466188.289999995,24761717.027222224,542204.8410088599,2,11,4,45,2022,0
2022-11-12,Rhode Island,25189011.9,Beverages,25189011.9,25532396.1,25215196.22,25968806.53333333,25709699.125714283,24662626.896111112,345410.72628650203,5,11,4,45,2022,0
2022-11-13,Rhode Island,24777328.0,Beverages,24777328.0,25189011.9,25466188.29,25414315.65555556,25611290.512857143,24641393.97425926,492963.8293639162,6,11,4,45,2022,0
2022-11-20,Rhode Island,24545419.0,Beverages,24545419.0,24578548.85714286,24777328.0,24296642.9,24644808.57142857,24702990.801666666,71568.6711728116,6,11,4,46,2022,0
2022-11-27,Rhode Island,25523522.9,Beverages,25523522.9,25383793.77142857,24545419.0,23876078.85714286,25104335.514285717,24933914.39595238,301849.41676196485,6,11,4,47,2022,0
2022-12-06,Rhode Island,28026795.3,Beverages,28026795.3,27748653.922222223,26079805.65555556,25466188.29,27192371.166666668,25658370.343,600854.0489584864,1,12,4,49,2022,0
2022-12-18,Rhode Island,25134439.5,Beverages,25134439.5,25375469.15,26821647.05,24611678.71428572,25857528.45,26153453.848571427,520683.55409265787,6,12,4,50,2022,0
2022-12-25,Rhode Island,27164718.6,Beverages,27164718.6,26874678.72857143,25134439.5,25244064.64285714,26294598.985714287,26490626.95238095,626557.7329760157,6,12,4,51,2022,0
2023-01-01,Rhode Island,23545998.5,Beverages,23545998.5,24062958.51428572,27164718.6,26914229.78888889,25096878.542857144,26256663.551111117,1116761.2680103318,6,1,1,52,2023,0
2023-01-15,Rhode Island,23889254.3,Beverages,23889254.3,23864736.02857143,23717626.4,25616498.8,23815699.485714287,24748954.961666662,52965.5198351962,6,1,1,2,2023,0
2023-01-22,Rhode Island,23757840.800000004,Beverages,23757840.800000004,23776614.157142863,23889254.3,26584638.85714286,23814160.87142857,24287835.690952383,40555.08656215452,6,1,1,3,2023,0
2023-01-29,Rhode Island,24385607.0,Beverages,24385607.0,24295926.114285715,23757840.800000004,24579918.52857143,24116564.342857145,23844747.700476192,193732.8553062653,6,1,1,4,2023,0
2023-02-04,Rhode Island,25506948.4,Beverages,25506948.4,25320058.166666664,24295926.114285715,23644071.585714284,24946277.7,24118087.80619048,403729.0470995455,5,2,1,5,2023,0
2023-02-19,Rhode Island,24154150.800000004,Beverages,24154150.800000004,24244337.306666672,24785456.346666668,23795387.51428572,24424710.320000004,24612352.915238097,194825.12140094355,6,2,1,7,2023,0
2023-02-26,Rhode Island,24253797.9,Beverages,24253797.9,24239562.6,24154150.800000004,24206245.22857143,24211092.0,24672645.307142857,30751.762690129704,6,2,1,8,2023,0
2023-03-19,Rhode Island,27579679.8,Beverages,27579679.8,27421304.471428573,26471052.5,24334523.813333336,27104553.81428572,25459686.296888888,342129.8124988035,6,3,1,11,2023,0
2023-03-26,Rhode Island,25041536.6,Beverages,25041536.6,25404128.485714287,27579679.8,24225327.3,26129312.25714286,25910433.436666667,783287.9968870227,6,3,1,12,2023,0
2023-04-16,Rhode Island,26660281.7,Beverages,26660281.7,26583198.6,26120700.0,27262929.14285714,26429032.4,26052821.15904762,166518.52777648353,6,4,2,15,2023,0
2023-04-23,Rhode Island,26266039.0,Beverages,26266039.0,26322359.385714285,26660281.7,25766720.37142857,26435000.15714285,25972304.362857144,121665.93861620135,6,4,2,16,2023,0
2023-04-30,Rhode Island,26462619.0,Beverages,26462619.0,26434536.14285714,26266039.0,25426952.1,26378370.42857143,26233604.31,60665.90507112941,6,4,2,17,2023,0
2023-05-02,Rhode Island,24833608.500000004,Beverages,24833608.500000004,25648113.75,26322204.71428572,25581118.3,26073426.954081632,26213489.935,616503.6194952229,1,5,2,18,2023,0
2023-05-03,Rhode Island,26251442.6,Beverages,26251442.6,24833608.500000004,26350287.57142857,25658201.4,26059306.24387756,26233264.641666666,610205.1956325296,2,5,2,18,2023,0
2023-07-05,Rhode Island,28258431.6,Beverages,28258431.6,28226574.63174603,28035432.822222225,27302722.55238096,28162860.69523809,27796505.56031746,68818.9168963018,2,7,3,27,2023,0
2023-08-01,Rhode Island,24992025.1,Beverages,24992025.1,25113003.11851852,25838871.229629632,28162860.6952381,25354959.155555565,26730922.86984127,261342.3894086412,1,8,3,31,2023,0
2023-09-04,Rhode Island,27104665.0,Beverages,27104665.0,27042528.532352943,26669709.72647059,25240570.97058824,26918255.597058825,26203686.21911765,134230.1115782969,0,9,3,36,2023,0
2023-12-02,Rhode Island,24628162.9,Beverages,24628162.9,24655988.76629213,24822943.964044943,25462938.88876404,24711640.4988764,25031637.96123595,60110.741383385386,5,12,4,48,2023,0
2023-12-03,Rhode Island,27144883.0,Beverages,27144883.0,24628162.9,24795118.09775281,25435113.02247191,25047321.19919743,25088630.29382022,926157.8014537424,6,12,4,48,2023,0
2019-03-11,South Carolina,101518325.3,Beverages,101518325.3,101452732.05689657,101059172.59827586,99550528.00689656,101321545.57068966,100567223.275,141697.60004118038,0,3,1,11,2019,0
2019-06-10,South Carolina,114383016.8,Beverages,114383016.8,114241646.56373626,113393425.14615384,110141909.71208791,113958906.0912088,112333148.37417582,305394.614567194,0,6,2,24,2019,0
2019-08-12,South Carolina,99273972.8,Beverages,99273972.8,99513798.89523809,100952755.46666668,106468755.65714283,99993451.08571428,102751451.1809524,518083.5786486026,0,8,3,33,2019,0
2019-10-11,South Carolina,101041837.0,Beverages,101041837.0,101012372.59666666,100835586.17666666,100157904.9,100953443.79,100614603.15166669,63650.3859359895,4,10,4,41,2019,0
2019-10-13,South Carolina,107997409.2,Beverages,107997409.2,104519623.1,100894514.98333332,100216833.70666666,102490224.75238097,101018364.128,2763338.4323418094,6,10,4,41,2019,0
2019-10-20,South Carolina,102885416.1,Beverages,102885416.1,103615700.82857142,107997409.2,100423084.53,105076270.28571428,102124732.55333333,1577595.320626008,6,10,4,42,2019,0
2019-10-27,South Carolina,98847770.6,Beverages,98847770.6,99424577.1,102885416.1,100629335.35333334,100578190.1,102133423.74322222,1246044.453218102,6,10,4,43,2019,0
2019-11-17,South Carolina,98576579.7,Beverages,98576579.7,98589493.55238096,98666976.66666669,104345985.55714284,98615321.25714289,99445617.67761904,27897.10952887997,6,11,4,46,2019,0
2019-11-24,South Carolina,100831192.6,Beverages,100831192.6,100509105.04285714,98576579.7,100001383.6,99864929.92857143,99004897.99666668,695788.6466742594,6,11,4,47,2019,0
2019-12-15,South Carolina,97227123.6,Beverages,97227123.6,97398745.93333332,98428479.93333332,98602407.40476193,97741990.6,99134362.27841268,370746.6134599504,6,12,4,50,2019,0
2019-12-22,South Carolina,106241374.7,Beverages,106241374.7,104953624.54285714,97227123.6,100187017.48571429,102378124.22857144,99859915.09476192,2781858.284258759,6,12,4,51,2019,0
2019-12-29,South Carolina,97728797.2,Beverages,97728797.2,98944879.7,106241374.7,99973080.93333332,101377044.70000002,100083828.00333332,2627038.450123629,6,12,4,52,2019,0
2020-01-03,South Carolina,102674942.3,Beverages,102674942.3,101685713.28,100160962.2,99114969.26666668,100022299.74285714,100290206.3911111,1754962.1182383972,4,1,1,1,2020,0
2020-01-11,South Carolina,108607870.5,Beverages,108607870.5,107866254.475,103416558.325,97741990.6,106383022.42499998,102335418.56333332,1602073.7186028364,5,1,1,2,2020,0
2020-01-19,South Carolina,96976761.3,Beverages,96976761.3,98430649.95,107153981.85,103665874.38571428,101338427.25,102964580.71142858,3140758.448335903,6,1,1,3,2020,0
2020-01-26,South Carolina,93453835.0,Beverages,93453835.0,93957110.18571427,96976761.3,100160962.2,94963660.55714284,100984080.33333331,1087198.659518278,6,1,1,4,2020,0
2020-02-02,South Carolina,97486877.2,Beverages,97486877.2,96910728.31428573,93453835.0,102674942.3,95758430.54285714,99989177.52,1244623.8439962831,6,2,1,5,2020,0
2020-02-08,South Carolina,125876672.5,Beverages,125876672.5,121145039.95,96910728.31428573,107124638.45,111681774.85,101744576.0675,10221494.545565508,5,2,1,6,2020,0
2020-02-16,South Carolina,98121231.8,Beverages,98121231.8,101590661.8875,122407242.4125,99884538.6,108529522.0625,103228716.41833332,7494825.58944736,6,2,1,7,2020,0
2020-02-23,South Carolina,96624311.5,Beverages,96624311.5,96838157.25714286,98121231.8,94460385.37142856,97265848.77142856,103499344.79952382,461959.6338301722,6,2,1,8,2020,0
2020-03-05,South Carolina,116196587.5,Beverages,116196587.5,114417289.6818182,103741502.77272728,106950142.3,110858694.04545452,107279760.515,3843722.594959893,3,3,1,10,2020,0
2020-03-15,South Carolina,121301348.0,Beverages,121301348.0,120790871.95,117728015.65,105060091.975,119769919.85,108363865.84458332,1102754.3042672705,6,3,1,11,2020,0
2020-03-22,South Carolina,115236524.1,Beverages,115236524.1,116102927.51428571,121301348.0,97052003.01428571,117835734.34285714,112955191.64690477,1871645.2894010956,6,3,1,12,2020,0
2020-03-29,South Carolina,105584122.2,Beverages,105584122.2,106963036.75714286,115236524.1,105520800.5909091,109720865.87142858,115114277.23257574,2978795.896701182,6,3,1,13,2020,0
2020-04-10,South Carolina,118393332.6,Beverages,118393332.6,117325898.4,110921293.2,119259443.8,115191030.0,114176935.70666666,2305921.420937952,4,4,2,15,2020,0
2020-04-19,South Carolina,108156429.6,Beverages,108156429.6,109293863.26666668,116118465.26666668,116969330.92857142,111568730.6,112133677.50380953,2457137.551769023,6,4,2,16,2020,0
2020-04-26,South Carolina,108820075.2,Beverages,108820075.2,108725268.68571427,108156429.6,108341951.31428573,108535655.65714286,111230718.69857144,204805.4785387979,6,4,2,17,2020,0
2020-05-01,South Carolina,96859134.2,Beverages,96859134.2,99251322.4,108630462.17142858,108786424.8,103680413.84081632,110314499.44,4651831.130454896,4,5,2,18,2020,0
2020-05-04,South Carolina,109700820.5,Beverages,109700820.5,105420258.4,106427887.0,111988727.4,102578634.45714286,109764395.96,4235801.489019235,0,5,2,19,2020,0
2020-05-07,South Carolina,132593654.6,Beverages,132593654.6,124962709.9,99251322.4,115191030.0,112572577.01428571,110848307.37,13000221.192659376,3,5,2,19,2020,0
2020-05-17,South Carolina,118588431.1,Beverages,118588431.1,119988953.45,128392087.55,110431296.93333332,122789998.15,114182471.9038889,3025474.0642255624,6,5,2,20,2020,0
2020-05-24,South Carolina,122171669.0,Beverages,122171669.0,121659777.87142856,118588431.1,108630462.17142858,120635995.61428572,117009052.92785716,1105811.2233639422,6,5,2,21,2020,0
2020-05-31,South Carolina,118551509.1,Beverages,118551509.1,119068674.8,122171669.0,96859134.2,120103006.2,120840991.145,1117205.5999385263,6,5,2,22,2020,0
2020-06-09,South Carolina,123513393.1,Beverages,123513393.1,122962072.65555556,119654149.98888887,128392087.55,121859431.76666664,121215866.72166666,1190988.2807267332,1,6,2,24,2020,0
2020-06-12,South Carolina,104097292.0,Beverages,104097292.0,110569325.7,121308111.32222222,124190520.5,117493375.26190476,119713695.00666666,7494354.973942076,4,6,2,24,2020,0
2020-06-14,South Carolina,118707107.1,Beverages,118707107.1,111402199.55,122410752.2111111,121389475.8,115470392.78650792,119244689.43,7114275.006950322,6,6,2,24,2020,0
2020-06-21,South Carolina,119479061.9,Beverages,119479061.9,119368782.64285716,118707107.1,121147886.74285714,119148224.12857144,119072678.1607143,238230.4233265689,6,6,2,25,2020,0
2020-06-28,South Carolina,126408581.8,Beverages,126408581.8,125418650.38571428,119479061.9,119585840.5,123438787.55714284,119643985.045,2138496.2683988605,6,6,2,26,2020,0
2020-07-06,South Carolina,122039883.4,Beverages,122039883.4,122585970.7,125862494.5,121859431.76666668,123678145.3,120680736.50388888,1179683.3966661908,0,7,3,28,2020,0
2020-07-19,South Carolina,129859708.7,Beverages,129859708.7,129258183.67692308,125649033.53846154,119258503.38571428,128055133.63076924,124526204.3447619,1299442.5660566594,6,7,3,29,2020,0
2020-07-26,South Carolina,124835596.3,Beverages,124835596.3,125553326.64285712,129859708.7,124428718.97142856,126988787.32857142,125787183.8795238,1550474.747813442,6,7,3,30,2020,0
2020-08-03,South Carolina,105918812.4,Beverages,105918812.4,108283410.3875,122470998.3125,123132058.0,113012606.3625,122945462.31833334,5108115.470988479,0,8,3,32,2020,0
2020-08-11,South Carolina,109323979.7,Beverages,109323979.7,108898333.7875,106344458.3125,125649033.53846154,108047041.9625,118718014.72051282,919500.2627514158,1,8,3,33,2020,0
2020-08-16,South Carolina,126603501.9,Beverages,126603501.9,123147597.46,108472687.875,128656658.65384616,116668682.65535717,117424362.1225641,6824571.980943417,6,8,3,33,2020,0
2020-08-23,South Carolina,120757152.0,Beverages,120757152.0,121592344.84285714,126603501.9,126271056.98571429,123262730.52857144,116263983.22142856,1804222.7492420576,6,8,3,34,2020,0
2020-08-30,South Carolina,126932493.9,Beverages,126932493.9,126050302.2,120757152.0,113012606.3625,124285918.8,117294099.78708334,1905751.884663466,6,8,3,35,2020,0
2020-09-02,South Carolina,99428919.5,Beverages,99428919.5,108596777.63333334,123403727.1,105918812.4,118318165.4714286,117325436.51166669,10552596.910647253,2,9,3,36,2020,0
2020-09-08,South Carolina,125700125.9,Beverages,125700125.9,121321591.5,108596777.63333334,108472687.875,112564522.7,118794479.87291668,9458715.361819755,1,9,3,37,2020,0
2020-09-13,South Carolina,120250377.1,Beverages,120250377.1,121340326.86,116943057.1,119691693.02,122739014.35714284,120301870.002,1963575.3474270124,6,9,3,37,2020,0
2020-09-20,South Carolina,114240209.4,Beverages,114240209.4,115098804.78571428,120250377.1,122427537.68571427,116815995.55714284,118550911.75809523,1854778.0198888504,6,9,3,38,2020,0
2020-09-27,South Carolina,114367164.8,Beverages,114367164.8,114349028.31428573,114240209.4,125168110.5,114312755.34285714,116578283.59333332,39179.2870733011,6,9,3,39,2020,0
2020-10-05,South Carolina,115219471.8,Beverages,115219471.8,115112933.425,114473703.175,112564522.7,114899856.67499998,117093003.79333334,230149.19427543387,0,10,4,41,2020,0
2020-10-18,South Carolina,111258894.0,Beverages,111258894.0,111563553.83076924,113391512.8153846,115957400.17142858,112172873.4923077,113947669.67619048,658140.4548145054,6,10,4,42,2020,0
2020-10-25,South Carolina,109199832.0,Beverages,109199832.0,109493983.71428572,111258894.0,114330891.82857142,110082287.14285716,112939799.72714284,635440.328761772,6,10,4,43,2020,0
2020-11-10,South Carolina,115546164.3,Beverages,115546164.3,115149518.53125,112769643.91875,113391512.8153846,114356226.99375,111897575.36653848,856852.7921315583,1,11,4,46,2020,0
2020-11-15,South Carolina,107385644.3,Beverages,107385644.3,109017748.3,114752872.7625,111868213.66153848,111992134.90446427,111592961.86269233,3115724.7399399285,6,11,4,46,2020,0
2020-11-22,South Carolina,111742858.7,Beverages,111742858.7,111120399.5,107385644.3,109788135.42857143,109875481.1,111407086.04880951,1344665.5568473595,6,11,4,47,2020,0
2020-11-29,South Carolina,106117750.9,Beverages,106117750.9,106921337.72857144,111742858.7,111183060.84375,108528511.38571428,111042316.630625,1735945.9548767544,6,11,4,48,2020,0
2020-12-01,South Carolina,97732878.9,Beverages,97732878.9,101925314.9,110135685.04285714,111976352.38125,105468973.7979592,110245721.12416668,4169507.7588203503,1,12,4,49,2020,0
2020-12-04,South Carolina,108773506.8,Beverages,108773506.8,105093297.5,107724924.55714288,113166289.6875,103996739.2755102,109478086.48229168,3813876.264662524,4,12,4,49,2020,0
2020-12-07,South Carolina,122574666.9,Beverages,122574666.9,117974280.2,101925314.9,114356226.99375,109562230.28571428,109879556.37979168,8958705.103421343,0,12,4,50,2020,0
2020-12-13,South Carolina,107007214.2,Beverages,107007214.2,109601789.65,117974280.2,110649852.3,114790940.55,109835139.46166666,5604923.571301904,6,12,4,50,2020,0
2020-12-20,South Carolina,111763891.8,Beverages,111763891.8,111084366.42857143,107007214.2,110497940.3,109725315.68571427,110015429.71833332,1467942.5767403608,6,12,4,51,2020,0
2020-12-27,South Carolina,103647586.2,Beverages,103647586.2,104807058.42857143,111763891.8,107724924.55714288,107126002.88571428,109360705.41595238,2504746.2867928185,6,12,4,52,2020,0
2021-01-08,South Carolina,137103834.1,Beverages,137103834.1,134315813.44166666,117587689.49166667,117385516.0,128739772.125,114093072.84166668,6022812.982821142,4,1,1,1,2021,0
2021-01-17,South Carolina,105451569.7,Beverages,105451569.7,108968487.96666668,130069997.56666666,110404841.05714284,116002324.5,116988003.63595238,7597411.781253744,6,1,1,2,2021,0
2021-01-24,South Carolina,101756190.3,Beverages,101756190.3,102284101.64285712,105451569.7,105966530.65714286,103339924.32857144,115624798.18595238,1140418.841602802,6,1,1,3,2021,0
2021-01-31,South Carolina,102663344.8,Beverages,102663344.8,102533751.3,101756190.3,117587689.49166667,102274564.29999998,113871767.00583334,279953.9565702997,6,1,1,4,2021,0
2021-02-05,South Carolina,123593132.1,Beverages,123593132.1,119407174.64,102404157.8,131527792.78333332,111614740.28571428,112083344.6247222,8193977.652466539,4,2,1,5,2021,0
2021-02-14,South Carolina,104817841.1,Beverages,104817841.1,106903984.54444444,119420845.2111111,112485406.23333332,111076271.43333332,108276309.92888889,4506584.907709572,6,2,1,6,2021,0
2021-02-21,South Carolina,102379032.5,Beverages,102379032.5,102727433.72857144,104817841.1,102812012.98571429,103424236.18571427,107949990.5047619,752632.6737939087,6,2,1,7,2021,0
2021-02-28,South Carolina,108628106.7,Beverages,108628106.7,107735381.81428573,102379032.5,102404157.8,105949932.04285716,108846136.45,1928506.1664439072,6,2,1,8,2021,0
2021-03-01,South Carolina,105691762.9,Beverages,105691762.9,108628106.7,103271757.38571428,102533751.3,106295647.11632654,108951403.50333332,1547698.0558271597,0,3,1,9,2021,0
2021-03-10,South Carolina,180723406.7,Beverages,180723406.7,172386557.3888889,122365461.52222222,117334701.76666668,155712858.76666665,118596474.12888888,18009652.87567071,2,3,1,10,2021,0
2021-03-14,South Carolina,130590731.2,Beverages,130590731.2,143123900.075,155712858.76666665,108990127.98888887,159245944.31666666,123565959.64314815,17468806.535586532,6,3,1,10,2021,0
2021-03-21,South Carolina,124498178.8,Beverages,124498178.8,125368543.42857143,130590731.2,103075834.95714286,127109272.68571427,128871956.1792857,1880202.4902802915,6,3,1,11,2021,0
2021-03-28,South Carolina,114332167.4,Beverages,114332167.4,115784454.74285714,124498178.8,106842656.92857143,118689029.42857143,132219646.31214283,3137299.229546,6,3,1,12,2021,0
2021-04-04,South Carolina,119123090.1,Beverages,119123090.1,118438672.57142857,114332167.4,139039160.14444444,117069837.51428571,131929581.86129633,1478510.844039511,6,4,2,13,2021,0
2021-04-07,South Carolina,142350227.7,Beverages,142350227.7,134607848.5,116385419.98571429,164049708.07777777,125172771.53265306,129819080.83462964,9912866.759621328,2,4,2,14,2021,0
2021-04-18,South Carolina,118708738.3,Beverages,118708738.3,120857964.60909092,133753322.46363635,126238908.05714284,125156417.22727272,124266863.48761906,4642859.4704720285,6,4,2,15,2021,0
2021-04-25,South Carolina,117551689.6,Beverages,117551689.6,117716982.27142856,118708738.3,117236742.0857143,118047567.61428572,123458852.39476188,357072.98096386285,6,4,2,16,2021,0
2021-05-09,South Carolina,139602832.4,Beverages,139602832.4,138027750.7714286,128577261.0,138051775.08181816,134877587.51428574,126106366.35090908,3402565.20453366,6,5,2,18,2021,0
2021-05-12,South Carolina,162585899.9,Beverages,162585899.9,154924877.4,133302505.88571428,131604096.15454544,144819353.14693877,128223521.84454544,10535064.067419011,2,5,2,19,2021,0
2021-05-16,South Carolina,125512877.9,Beverages,125512877.9,134781133.4,139602832.4,123007190.9181818,146062239.54285714,129981419.28030305,12644192.7904902,6,5,2,19,2021,0
2021-05-23,South Carolina,129573464.5,Beverages,129573464.5,128993380.7,125512877.9,117882274.94285712,127833213.1,132121468.85904762,1253124.2303845226,6,5,2,20,2021,0
2021-05-30,South Carolina,129965454.6,Beverages,129965454.6,129909456.01428571,129573464.5,125427097.74285714,129797458.84285714,134185764.44571428,120970.77118918896,6,5,2,21,2021,0
2021-06-06,South Carolina,131297261.3,Beverages,131297261.3,131107003.2,129965454.6,136452669.14285713,130726487.0,133952212.41904762,411004.4706317038,6,6,2,22,2021,0
2021-06-13,South Carolina,132205677.4,Beverages,132205677.4,132075903.67142858,131297261.3,144049388.9,131816356.21428572,130050287.24666668,280343.2947909958,6,6,2,23,2021,0
2021-06-20,South Carolina,132108079.9,Beverages,132108079.9,132122022.4,132205677.4,128413296.9,132149907.4,130999943.71333334,30119.242509000105,6,6,2,24,2021,0
2021-06-27,South Carolina,133108993.5,Beverages,133108993.5,132966005.84285714,132108079.9,129853457.42857142,132680030.52857144,131716145.95380951,308888.64301644807,6,6,2,25,2021,0
2021-07-02,South Carolina,105642955.5,Beverages,105642955.5,111136163.1,132823018.18571427,130536228.9,121317407.5489796,129457280.30333333,10695583.873000937,4,7,3,26,2021,0
2021-07-03,South Carolina,112826154.6,Beverages,112826154.6,105642955.5,132966005.84285714,130726487.0,118440285.94285716,128860602.55666669,9702575.427714145,5,7,3,26,2021,0
2021-07-11,South Carolina,166607823.89999998,Beverages,166607823.89999998,159885115.23749998,119548863.2625,131946129.94285716,146439697.9125,131956363.4440476,14522710.54420124,6,7,3,27,2021,0
2021-07-18,South Carolina,139656336.29999998,Beverages,139656336.29999998,143506548.8142857,166607823.89999998,132135964.9,151206973.84285712,136401296.32166666,8317409.64628413,6,7,3,28,2021,0
2021-07-25,South Carolina,135020319.2,Beverages,135020319.2,135682607.35714284,139656336.29999998,132823018.18571427,137007183.67142856,137472461.95642856,1430705.938025442,6,7,3,29,2021,0
2021-08-08,South Carolina,132733260.3,Beverages,132733260.3,132896621.65,133876789.75,153162406.575,133223344.35,140570785.62624997,352900.84983942175,6,8,3,31,2021,0
2021-08-15,South Carolina,138477664.9,Beverages,138477664.9,137657035.67142856,132733260.3,147356761.3285714,136015777.2142857,135581837.94547617,1772761.7466371774,6,8,3,32,2021,0
2021-08-22,South Carolina,131830739.8,Beverages,131830739.8,132780300.52857144,138477664.9,136344895.5142857,134679421.9857143,134623361.60023808,2051285.619755844,6,8,3,33,2021,0
2021-08-29,South Carolina,133754230.5,Beverages,133754230.5,133479446.11428572,131830739.8,134203512.45,132929877.34285717,134195196.23666666,593602.1172674617,6,8,3,34,2021,0
2021-09-05,South Carolina,125587919.9,Beverages,125587919.9,126754535.7,133754230.5,133059983.0,129087767.29999998,133153992.96166666,2520178.1648232224,6,9,3,35,2021,0
2021-09-19,South Carolina,126337749.3,Beverages,126337749.3,126284190.05714284,125962834.6,133729861.25714286,126177071.57142857,128752971.7309524,115701.1883495127,6,9,3,37,2021,0
2021-09-26,South Carolina,121546105.1,Beverages,121546105.1,122230625.7,126337749.3,133204661.72857144,123599666.9,126663343.83714284,1478733.5037751296,6,9,3,38,2021,0
2021-10-01,South Carolina,105420669.8,Beverages,105420669.8,108645756.86,122915146.3,130254383.1,114732992.9142857,123258595.37999998,6423970.018841322,4,10,4,39,2021,0
2021-10-10,South Carolina,176599857.9,Beverages,176599857.9,168691059.2222222,121238267.15555556,125855716.11428572,152873461.86666664,128811515.58523808,17084957.822196532,6,10,4,40,2021,0
2021-10-17,South Carolina,177044107.7,Beverages,177044107.7,176980643.44285715,176599857.9,126230630.81428573,176853714.92857143,140661060.0152381,137098.4647647292,6,10,4,41,2021,0
2021-10-24,South Carolina,169100034.8,Beverages,169100034.8,170234902.35714287,177044107.7,122915146.3,172504637.47142857,151777379.53000003,2451594.121628561,6,10,4,42,2021,0
2021-10-31,South Carolina,166307532.8,Beverages,166307532.8,166706461.65714288,169100034.8,105420669.8,167504319.37142858,164090689.03666666,861784.8267582827,6,10,4,43,2021,0
2021-11-04,South Carolina,120645102.7,Beverages,120645102.7,132060710.225,167504319.37142858,137055864.5111111,150170491.5602041,165767468.70240742,18652300.467084203,3,11,4,44,2021,0
2021-11-07,South Carolina,132319092.3,Beverages,132319092.3,128427762.43333334,166307532.8,160782260.54444444,133765334.75,163322898.75907406,11771690.496156354,6,11,4,44,2021,0
2021-11-14,South Carolina,169313001.5,Beverages,169313001.5,164028157.32857144,132319092.3,176917179.18571427,153458468.9857143,158155135.8397619,11416568.23550728,6,11,4,45,2021,0
2021-11-21,South Carolina,172579093.0,Beverages,172579093.0,172112508.5,169313001.5,171369769.91428572,171179339.5,157356239.18023813,1007937.7194705744,6,11,4,46,2021,0
2021-11-28,South Carolina,159627451.0,Beverages,159627451.0,161477685.57142857,172579093.0,167105390.5142857,165178154.7142857,156602769.3369048,3996963.496220701,6,11,4,47,2021,0
2021-12-09,South Carolina,130647181.9,Beverages,130647181.9,133281751.81818184,149089171.32727274,142888780.64285713,138550891.65454546,157674645.72285712,5691321.497188065,3,12,4,49,2021,0
2021-12-12,South Carolina,162995925.29999998,Beverages,162995925.29999998,152213010.8333333,141185461.57272726,158743313.15714285,142147882.80129868,157550099.90761903,11540566.090545213,6,12,4,49,2021,0
2021-12-19,South Carolina,171199262.20000002,Beverages,171199262.20000002,170027356.92857143,162995925.29999998,171645924.0,167683546.3857143,157112762.93666664,2531604.729077956,6,12,4,50,2021,0
2021-12-26,South Carolina,166981961.0,Beverages,166981961.0,167584432.6,171199262.20000002,163327920.14285713,168789375.8,157169165.69238096,1301487.4059235984,6,12,4,51,2021,0
2022-01-05,South Carolina,191013791.8,Beverages,191013791.8,188610608.72,174191510.24,138550891.65454546,183804242.56,167126314.08848482,5191468.797428545,2,1,1,1,2022,0
2022-01-16,South Carolina,167542161.4,Beverages,167542161.4,169675945.9818182,182478653.47272727,168855451.65714288,173943515.14545456,176168961.88428575,4609501.527009867,6,1,1,2,2022,0
2022-01-23,South Carolina,157956137.79999998,Beverages,157956137.79999998,159325569.74285713,167542161.4,168186904.20000002,162064433.62857142,174377801.19333333,2958311.10859426,6,1,1,3,2022,0
2022-01-30,South Carolina,159023663.2,Beverages,159023663.2,158871159.57142857,157956137.79999998,178997876.4,158566152.3142857,171192438.57333332,329445.49080577376,6,1,1,4,2022,0
2022-02-01,South Carolina,163551098.1,Beverages,163551098.1,161287380.64999998,158261145.05714285,183804242.56,159775965.49489793,169846877.797,1930375.3075822436,1,2,1,5,2022,0
2022-02-10,South Carolina,202964628.5,Beverages,202964628.5,198585347.34444445,172309660.41111112,178211084.3090909,189826785.0333333,169910958.93560606,9460328.538194098,3,2,1,6,2022,0
2022-02-13,South Carolina,164866135.40000004,Beverages,164866135.40000004,177565633.10000002,185447503.87777776,171809730.56363636,188325675.1952381,170273170.7310606,13078494.79610859,6,2,1,6,2022,0
2022-02-20,South Carolina,163508228.4,Beverages,163508228.4,163702215.11428574,164866135.40000004,160695001.68571427,164090188.54285717,170081300.2164286,419059.19809301256,6,2,1,7,2022,0
2022-02-27,South Carolina,172198535.79999998,Beverages,172198535.79999998,170957063.3142857,163508228.4,158718655.94285712,168474118.34285712,172413596.1307143,2681887.088043772,6,2,1,8,2022,0
2022-03-04,South Carolina,181076191.9,Beverages,181076191.9,179300660.68,169715590.8285714,167930379.25555554,175825892.34489796,174978995.01481482,3715403.895314288,4,3,1,9,2022,0
2022-03-07,South Carolina,212484199.1,Beverages,212484199.1,202014863.36666667,173974067.01999998,181068222.7222222,188528024.34,177511587.1948148,14082639.302521158,0,3,1,10,2022,0
2022-03-13,South Carolina,177614298.8,Beverages,177614298.8,183425948.85,202014863.36666667,190265130.8,195049248.95,177230423.255,12554599.001313765,6,3,1,10,2022,0
2022-03-20,South Carolina,176316870.5,Beverages,176316870.5,176502217.4,177614298.8,163896201.82857144,176872911.20000002,179705681.04214287,400395.0660736172,6,3,1,11,2022,0
2022-03-27,South Carolina,178770773.2,Beverages,178770773.2,178420215.67142856,176316870.5,169715590.8285714,177719100.6142857,182394348.7588095,757290.8141938313,6,3,1,12,2022,0
2022-04-09,South Carolina,207052635.5,Beverages,207052635.5,204877107.6307692,191823940.41538465,195049248.95,200526051.8923077,185147167.23166665,4699677.334216748,5,4,2,14,2022,0
2022-04-12,South Carolina,178047572.39999998,Beverages,178047572.39999998,187715926.76666665,198350524.0230769,177614298.8,196900736.4406593,185576165.0233333,10436415.299263489,1,4,2,15,2022,0
2022-04-17,South Carolina,189212253.2,Beverages,189212253.2,186979317.04,197384281.13333333,176687564.3,184213629.0809524,186857518.82,4114314.5523784473,6,4,2,15,2022,0
2022-04-24,South Carolina,184741953.2,Beverages,184741953.2,185380567.4857143,189212253.2,178069658.14285713,186657796.05714288,189088944.4557143,1379564.530677348,6,4,2,16,2022,0
2022-05-06,South Carolina,198193324.0,Beverages,198193324.0,197072376.4333333,190346691.03333333,200526051.8923077,194830481.3,190415097.6197436,2421523.505362862,4,5,2,18,2022,0
2022-05-15,South Carolina,191201415.2,Beverages,191201415.2,191978293.9555556,196639566.4888889,184746380.88,193532051.46666667,191197128.77466667,1678249.9229575463,6,5,2,19,2022,0
2022-05-22,South Carolina,203399074.1,Beverages,203399074.1,201656551.4,191201415.2,186019181.77142856,198171506.0,193681359.44285715,3764279.259932196,6,5,2,20,2022,0
2022-05-29,South Carolina,203009781.1,Beverages,203009781.1,203065394.3857143,203399074.1,190346691.03333333,203176620.9571429,197401020.9933333,120138.42810975896,6,5,2,21,2022,0
2022-06-02,South Carolina,165738849.89999998,Beverages,165738849.89999998,175056582.7,203176620.9571429,194830481.3,189722568.50816324,195609872.88,15103915.998448169,3,6,2,22,2022,0
2022-06-03,South Carolina,175873737.89999998,Beverages,175873737.89999998,165738849.89999998,203121007.67142856,195951428.86666667,185830101.3979592,194940616.51444444,14577279.73424629,4,6,2,22,2022,0
2022-06-11,South Carolina,183072079.7,Beverages,183072079.7,182172286.975,176773530.62499997,193532051.46666667,180372701.525,190649658.2055556,1943774.4443509588,5,6,2,23,2022,0
2022-06-19,South Carolina,206203990.9,Beverages,206203990.9,203312502.0,185963568.6,199914028.7,197529524.2,191002672.86,6246329.931076372,6,6,2,24,2022,0
2022-06-26,South Carolina,206761068.5,Beverages,206761068.5,206681485.9857143,206203990.9,203121007.67142856,206522320.9571429,191817321.19285715,171917.87979374145,6,6,2,25,2022,0
2022-07-08,South Carolina,209825158.2,Beverages,209825158.2,209569817.39166665,208037772.54166663,180372701.525,209059135.775,202063091.6891667,551599.1895276326,4,7,3,27,2022,0
2022-07-17,South Carolina,206196710.8,Beverages,206196710.8,206599871.62222224,209018836.55555555,200421013.1,207406193.26666668,207550211.0483333,870926.9162040746,6,7,3,28,2022,0
2022-07-24,South Carolina,204000301.2,Beverages,204000301.2,204314074.0,206196710.8,206601903.47142857,204941619.6,207312249.45119047,677826.7183517744,6,7,3,29,2022,0
2022-07-31,South Carolina,209504319.9,Beverages,209504319.9,208718031.5142857,204000301.2,208037772.54166663,207145454.7428572,207276921.9208333,1698577.0473336538,6,7,3,30,2022,0
2022-08-05,South Carolina,192637660.2,Beverages,192637660.2,196010992.14,207931743.12857145,209314476.5833333,202163424.544898,205707010.1063889,6445441.514254361,4,8,3,31,2022,0
2022-08-14,South Carolina,211971499.9,Beverages,211971499.9,209823295.4888889,196934069.02222225,207003032.44444445,205526886.66666663,204157862.1174074,4640651.918531129,6,8,3,32,2022,0
2022-08-21,South Carolina,201723506.6,Beverages,201723506.6,203187505.6428572,211971499.9,204627846.8,206115503.7285714,204282361.50666663,3162599.393161193,6,8,3,33,2022,0
2022-08-28,South Carolina,208685841.3,Beverages,208685841.3,207691222.05714285,201723506.6,207931743.12857145,205701983.57142857,204275817.4404762,2148623.1355391107,6,8,3,34,2022,0
2022-09-01,South Carolina,162783063.9,Beverages,162783063.9,174258758.25,205701983.57142857,202757656.02,191865726.8387755,200704998.3173333,18144234.19991968,3,9,3,35,2022,0
2022-09-10,South Carolina,192621233.6,Beverages,192621233.6,189305881.41111112,169413768.2777778,205526886.66666663,182675177.03333333,194880571.4288889,7161979.286696985,5,9,3,36,2022,0
2022-09-18,South Carolina,200168052.80000004,Beverages,200168052.80000004,199224700.40000004,193564586.0,204651504.68571427,197337995.60000005,191799343.25809523,2037874.0972116357,6,9,3,37,2022,0
2022-09-25,South Carolina,200145634.4,Beverages,200145634.4,200148837.02857143,200168052.80000004,206696602.81428573,200155242.28571436,190887305.32857144,6918.469876248769,6,9,3,38,2022,0
2022-10-04,South Carolina,187262381.9,Beverages,187262381.9,188693854.4,197282689.4,172729120.46666667,191556799.40000004,193963627.2355556,3092334.0298035643,1,10,4,40,2022,0
2022-10-07,South Carolina,203704957.30000004,Beverages,203704957.30000004,198224098.83333337,192988271.9,182675177.03333333,193187237.0142857,195850054.63444445,5824053.082141363,4,10,4,40,2022,0
2022-10-16,South Carolina,192750333.6,Beverages,192750333.6,193967514.0111111,201270596.4777778,198281348.00000003,196401874.8333333,197020589.66666663,2629410.20920121,6,10,4,41,2022,0
2022-10-23,South Carolina,186735843.2,Beverages,186735843.2,187595056.1142857,192750333.6,200152039.65714288,189313481.94285712,194520902.8609524,1856112.0340746008,6,10,4,42,2022,0
2022-10-30,South Carolina,180597389.3,Beverages,180597389.3,181474311.2857143,186735843.2,192988271.9,183228155.25714284,191289120.5566667,1894368.000720312,6,10,4,43,2022,0
2022-11-09,South Carolina,198776567.7,Beverages,198776567.7,196958649.86,186051142.82,200053416.0666667,193322814.18,189617018.0788889,3927151.377352468,2,11,4,45,2022,0
2022-11-12,South Carolina,179660743.29999998,Beverages,179660743.29999998,186032684.76666665,191504896.34,196401874.8333333,191756688.2942857,188458381.0311111,6704967.542692356,5,11,4,45,2022,0
2022-11-13,South Carolina,182848873.1,Beverages,182848873.1,179660743.29999998,193322814.18,195184694.42222223,190260410.99714285,188047186.98703703,7427023.175397758,6,11,4,45,2022,0
2022-11-20,South Carolina,186596157.7,Beverages,186596157.7,186060831.3285714,182848873.1,188454269.02857143,184990178.58571428,186625517.9271429,1156437.1340903845,6,11,4,46,2022,0
2022-11-27,South Carolina,179285280.79999998,Beverages,179285280.79999998,180329691.78571427,186596157.7,182351233.27142856,182418513.75714284,186027961.6195238,2256185.593664622,6,11,4,47,2022,0
2022-12-06,South Carolina,199979552.2,Beverages,199979552.2,197680188.7111111,183884007.77777776,193322814.18,193081461.7333333,187357420.25266665,4967192.847627204,1,12,4,49,2022,0
2022-12-18,South Carolina,187471223.2,Beverages,187471223.2,188513583.95,194767748.45,185525504.9571429,190598305.45,189502531.9142857,2251756.5783204967,6,12,4,50,2022,0
2022-12-25,South Carolina,186801488.8,Beverages,186801488.8,186897165.1428572,187471223.2,181374102.77142856,187088517.82857147,190157465.6495238,206684.5230556549,6,12,4,51,2022,0
2023-01-01,South Carolina,178693691.4,Beverages,178693691.4,179851948.1714286,186801488.8,190782098.24444443,182168461.7142857,189645712.41888887,2502120.5992712784,6,1,1,52,2023,0
2023-01-15,South Carolina,182273981.9,Beverages,182273981.9,182018246.8642857,180483836.65,189555944.7,181506776.7928572,182978250.7433333,552450.8180026622,6,1,1,2,2023,0
2023-01-22,South Carolina,171650115.0,Beverages,171650115.0,173167810.2714286,182273981.9,186992841.4857143,176203200.81428573,180362138.3330952,3278596.504444926,6,1,1,3,2023,0
2023-01-29,South Carolina,171331528.0,Beverages,171331528.0,171377040.42857143,171650115.0,181010204.94285715,171468065.2857143,177360278.68738094,98318.082768772,6,1,1,4,2023,0
2023-02-04,South Carolina,195832713.40000004,Beverages,195832713.40000004,191749182.50000003,171377040.42857143,179716631.54285714,183582120.7,178622464.06642857,8821434.965613006,5,2,1,5,2023,0
2023-02-19,South Carolina,179619574.2,Beverages,179619574.2,180700450.14666665,187185705.82666668,174685505.54285714,182862202.04,182220776.2190476,2334958.912500716,6,2,1,7,2023,0
2023-02-26,South Carolina,185148805.0,Beverages,185148805.0,184358914.8857143,179619574.2,171422552.85714287,182779134.65714285,184789713.8442857,1706357.6703113988,6,2,1,8,2023,0
2023-03-19,South Carolina,199129766.6,Beverages,199129766.6,198464006.52380952,194469446.06666663,181781326.09333333,197132486.37142855,189389648.3182222,1438206.1403892008,6,3,1,11,2023,0
2023-03-26,South Carolina,188420756.3,Beverages,188420756.3,189950614.9142857,199129766.6,183569024.77142856,193010332.14285716,192083184.2495238,3304872.3281402383,6,3,1,12,2023,0
2023-04-16,South Carolina,197670442.8,Beverages,197670442.8,197229981.53809524,194587213.96666667,197798246.44761905,196349059.0142857,193574951.06412697,951505.075378284,6,4,2,15,2023,0
2023-04-23,South Carolina,198810906.7,Beverages,198810906.7,198647983.28571427,197670442.8,191480473.52857143,198322136.4571429,194173625.34047616,351954.8005964783,6,4,2,16,2023,0
2023-04-30,South Carolina,200954410.6,Beverages,200954410.6,200648195.75714284,198810906.7,190623062.60952383,200035766.0714285,196612568.36904764,661499.6648730739,6,4,2,17,2023,0
2023-05-02,South Carolina,178638945.8,Beverages,178638945.8,189796678.2,199423336.38571423,191503985.13333336,195735075.51020408,196141505.5355556,8510755.704721894,1,5,2,18,2023,0
2023-05-03,South Carolina,193419521.3,Beverages,193419521.3,178638945.8,199729551.2285714,191944446.3952381,194833642.6632653,196190674.6990476,8349807.011599329,2,5,2,18,2023,0
2023-07-05,South Carolina,207827571.6,Beverages,207827571.6,207598872.3888889,206226677.1222222,200966595.26666668,207141473.96666664,204511433.03888887,494046.7617448658,2,7,3,27,2023,0
2023-08-01,South Carolina,176995112.9,Beverages,176995112.9,178137055.8148148,184988713.3037037,207141473.96666667,180420941.64444444,193416220.95222223,2466878.64110095,1,8,3,31,2023,0
2023-09-04,South Carolina,197534798.4,Beverages,197534798.4,196930690.0029412,193306039.62058824,179411546.4882353,195722473.20882356,188775226.64264703,1305023.2916990442,0,9,3,36,2023,0
2023-12-02,South Carolina,180928461.7,Beverages,180928461.7,181115049.752809,182234578.0696629,186526103.2842697,181488225.858427,183633988.46573037,403076.2625644712,5,12,4,48,2023,0
2023-12-03,South Carolina,206941748.4,Beverages,206941748.4,180928461.7,182047990.016854,186339515.23146063,185044477.05601928,184320729.5713483,9661045.82536969,6,12,4,48,2023,0
2019-03-11,South Dakota,14897185.0,Beverages,14897185.0,14893808.14137931,14873546.989655172,14795879.24137931,14887054.424137931,14848220.55,7294.848365336498,0,3,1,11,2019,0
2019-06-10,South Dakota,15271120.1,Beverages,15271120.1,15267010.923076922,15242355.86153846,15147844.792307692,15258792.569230769,15211537.034615384,8876.836707342942,0,6,2,24,2019,0
2019-08-12,South Dakota,14563390.6,Beverages,14563390.6,14574624.401587302,14642027.211111112,14900404.647619048,14597092.004761904,14726280.723015873,24267.78504842262,0,8,3,33,2019,0
2019-10-11,South Dakota,15098715.2,Beverages,15098715.2,15089793.123333331,15036260.663333332,14831052.9,15071948.97,14969345.088333333,19273.888456178767,4,10,4,41,2019,0
2019-10-13,South Dakota,15392179.2,Beverages,15392179.2,15245447.2,15054104.816666666,14848897.053333333,15148854.519047618,15000970.234,124124.83197672675,6,10,4,41,2019,0
2019-10-20,South Dakota,15676481.2,Beverages,15676481.2,15635866.628571428,15392179.2,14911351.59,15554637.485714285,15157315.73,87737.50200187236,6,10,4,42,2019,0
2019-10-27,South Dakota,15250300.0,Beverages,15250300.0,15311183.028571429,15676481.2,14973806.126666663,15432949.085714284,15270694.540777776,131522.37370174745,6,10,4,43,2019,0
2019-11-17,South Dakota,16008106.5,Beverages,16008106.5,15972020.476190476,15755504.333333334,15595252.057142856,15899848.42857143,15597838.764285712,77954.72104873894,6,11,4,46,2019,0
2019-11-24,South Dakota,15467800.8,Beverages,15467800.8,15544987.32857143,16008106.5,15372066.057142856,15699360.385714289,15634972.574285716,166741.95902724235,6,11,4,47,2019,0
2019-12-15,South Dakota,16064025.0,Beverages,16064025.0,16035633.371428572,15865283.6,15935934.452380951,15978850.114285717,15775264.422539685,61332.92759236949,6,12,4,50,2019,0
2019-12-22,South Dakota,16742200.5,Beverages,16742200.5,16645318.285714284,16064025.0,15622173.857142858,16451553.857142856,15918531.604285715,209289.5030244621,6,12,4,51,2019,0
2019-12-29,South Dakota,15095224.8,Beverages,15095224.8,15330507.042857144,16742200.5,15609758.942857144,15801071.528571429,15979526.075714286,508267.73563232936,6,12,4,52,2019,0
2020-01-03,South Dakota,15685228.6,Beverages,15685228.6,15567227.84,15565789.285714284,15751717.085714286,15381695.320408164,15938574.950952385,202784.8141894953,4,1,1,1,2020,0
2020-01-11,South Dakota,15798140.6,Beverages,15798140.6,15784026.6,15699342.6,15978850.114285717,15755798.6,15903711.533809522,30489.72473921306,5,1,1,2,2020,0
2020-01-19,South Dakota,14677693.3,Beverages,14677693.3,14817749.2125,15658084.6875,16548436.07142857,15097861.0375,15619139.98785714,302555.3507304695,6,1,1,3,2020,0
2020-01-26,South Dakota,14904569.6,Beverages,14904569.6,14872158.7,14677693.3,15565789.285714284,14807336.9,15288542.343095236,70015.54623400667,6,1,1,4,2020,0
2020-02-02,South Dakota,15408969.8,Beverages,15408969.8,15336912.628571428,14904569.6,15685228.6,15192798.285714284,15244466.368333332,155661.28116311168,6,2,1,5,2020,0
2020-02-08,South Dakota,19718838.1,Beverages,19718838.1,19000526.71666667,15336912.628571428,15769912.6,17563903.95,15682152.776666667,1551729.9386993456,5,2,1,6,2020,0
2020-02-16,South Dakota,15171291.6,Beverages,15171291.6,15739734.9125,19150394.7875,14957805.125,16876621.5375,16144049.740416668,1227977.9033521968,6,2,1,7,2020,0
2020-02-23,South Dakota,15018602.7,Beverages,15018602.7,15040415.4,15171291.6,14839747.8,15084040.8,16217990.17666667,47120.81754427887,6,2,1,8,2020,0
2020-03-05,South Dakota,17620603.5,Beverages,17620603.5,17384057.972727273,15964784.809090909,16845592.566666666,16910966.918181818,16608571.658333331,510996.7418742954,3,3,1,10,2020,0
2020-03-15,South Dakota,17515040.0,Beverages,17515040.0,17525596.35,17588934.45,16308178.225,17546709.05,16431379.412083331,22804.32235885396,6,3,1,11,2020,0
2020-03-22,South Dakota,16883065.700000003,Beverages,16883065.700000003,16973347.742857147,17515040.0,15062228.1,17153911.82857143,16885949.038333334,195031.5031600652,6,3,1,12,2020,0
2020-03-29,South Dakota,15718331.4,Beverages,15718331.4,15884722.014285715,16883065.700000003,16201330.336363636,16217503.242857143,17046692.64469697,359444.8086115613,6,3,1,13,2020,0
2020-04-10,South Dakota,16607852.8,Beverages,16607852.8,16533726.016666668,16088965.316666666,17557265.4,16385472.45,16604175.65,160132.1538636006,4,4,2,15,2020,0
2020-04-19,South Dakota,16578223.2,Beverages,16578223.2,16581515.377777778,16601268.444444444,17063629.785714287,16588099.733333334,16370110.974761909,7111.916840370667,6,4,2,16,2020,0
2020-04-26,South Dakota,16518924.0,Beverages,16518924.0,16527395.314285714,16578223.2,16051112.62857143,16544337.942857144,16371260.403809523,18300.13042142868,6,4,2,17,2020,0
2020-05-01,South Dakota,14584980.4,Beverages,14584980.4,14971769.12,16535866.628571428,15940711.75,15691301.216326533,16290926.433333334,756489.5597799042,4,5,2,18,2020,0
2020-05-04,South Dakota,16010215.3,Beverages,16010215.3,15535137.0,16132135.28,16163092.1,15323723.56,16235543.601666668,488889.6391440317,0,5,2,19,2020,0
2020-05-07,South Dakota,21446684.4,Beverages,21446684.4,19634528.03333333,14971769.12,16385472.45,17156282.214285713,16567861.838333337,2580059.935776614,3,5,2,19,2020,0
2020-05-17,South Dakota,17720866.200000003,Beverages,17720866.200000003,18093448.020000003,20328938.94,16584807.555555556,18838611.660000004,17508224.412592594,804868.7214537138,6,5,2,20,2020,0
2020-05-24,South Dakota,18289916.9,Beverages,18289916.9,18208623.942857143,17720866.200000003,16535866.628571428,18046038.02857143,17854840.457142856,175612.8586168545,6,5,2,21,2020,0
2020-05-31,South Dakota,17591968.3,Beverages,17591968.3,17691675.242857143,18289916.9,14584980.4,17891089.12857143,18368124.30333333,215391.6141629352,6,5,2,22,2020,0
2020-06-09,South Dakota,18294090.8,Beverages,18294090.8,18216077.18888889,17747995.522222225,20328938.94,18060049.96666667,18175616.63066667,168528.66151950305,1,6,2,24,2020,0
2020-06-12,South Dakota,15634338.7,Beverages,15634338.7,16520922.733333332,17982036.355555557,19211193.48,17467292.81904762,17869331.374,1025059.257992328,4,6,2,24,2020,0
2020-06-14,South Dakota,19909808.4,Beverages,19909808.4,17772073.549999997,18138063.577777777,18466029.840000004,17679259.73412698,17881906.055666666,1369151.0930190182,6,6,2,24,2020,0
2020-06-21,South Dakota,19448822.2,Beverages,19448822.2,19514677.37142857,19909808.4,18127330.985714287,19646387.714285716,18278128.53642857,142263.42989324318,6,6,2,25,2020,0
2020-06-28,South Dakota,20706381.0,Beverages,20706381.0,20526729.742857143,19448822.2,17791382.185714286,20167427.228571437,18768777.51642857,388091.0712288858,6,6,2,26,2020,0
2020-07-06,South Dakota,19638361.8,Beverages,19638361.8,19771864.2,20572878.6,18060049.96666667,20038869.0,19381151.59722222,288398.14567205764,0,7,3,28,2020,0
2020-07-19,South Dakota,20270768.7,Beverages,20270768.7,20222122.01538461,19930241.90769231,19580532.54285714,20124828.64615384,20023533.44904762,105088.8496108426,6,7,3,29,2020,0
2020-07-26,South Dakota,19649057.0,Beverages,19649057.0,19737872.957142856,20270768.7,20347078.485714287,19915504.87142857,20040405.27142857,191864.39604177,6,7,3,30,2020,0
2020-08-03,South Dakota,16445448.1,Beverages,16445448.1,16845899.2125,19248605.8875,19905366.6,17646801.4375,19377350.925,865073.274167173,0,8,3,32,2020,0
2020-08-11,South Dakota,16533416.4,Beverages,16533416.4,16522420.3625,16456444.1375,19930241.90769231,16500428.2875,18500599.7574359,23754.155914861563,1,8,3,33,2020,0
2020-08-16,South Dakota,20104884.9,Beverages,20104884.9,19390591.2,16511424.325,20173475.33076923,18062474.894642856,18267285.680512823,1396175.3528149442,6,8,3,33,2020,0
2020-08-23,South Dakota,19444087.4,Beverages,19444087.4,19538487.04285714,20104884.9,19826688.91428572,19727286.328571428,18186502.66190476,203926.5357935304,6,8,3,34,2020,0
2020-08-30,South Dakota,18701634.9,Beverages,18701634.9,18807699.54285714,19444087.4,17646801.4375,19019828.828571428,18236947.77958333,229125.81587571488,6,8,3,35,2020,0
2020-09-02,South Dakota,14295836.6,Beverages,14295836.6,15764436.033333331,19125893.47142857,16445448.1,17533747.936734695,18128801.461666662,1862111.540875235,2,9,3,36,2020,0
2020-09-08,South Dakota,20181077.3,Beverages,20181077.3,19200203.85,15764436.033333331,16511424.325,17238456.95,18377793.350416664,2118928.8291342496,1,9,3,37,2020,0
2020-09-13,South Dakota,17251459.8,Beverages,17251459.8,17837383.3,18219330.4,18676297.5,18785402.16428572,18550282.87833333,1017234.6718458312,6,9,3,37,2020,0
2020-09-20,South Dakota,17797391.8,Beverages,17797391.8,17719401.514285713,17251459.8,19632886.68571429,17563420.942857143,18028284.23309524,168478.2729031138,6,9,3,38,2020,0
2020-09-27,South Dakota,17283572.2,Beverages,17283572.2,17356975.0,17797391.8,18913764.18571429,17503780.599999998,17625431.64642857,158568.17111246995,6,9,3,39,2020,0
2020-10-05,South Dakota,17242993.4,Beverages,17242993.4,17248065.75,17278499.849999998,17238456.95,17258210.45,17775784.311666667,10957.528361522069,0,10,4,41,2020,0
2020-10-18,South Dakota,16674281.0,Beverages,16674281.0,16718028.107692309,16980510.753846154,17641411.22857143,16805522.323076922,17210238.597142857,94504.55375305,6,10,4,42,2020,0
2020-10-25,South Dakota,15660179.0,Beverages,15660179.0,15805050.714285716,16674281.0,17430377.8,16094794.142857144,16852266.886666667,312958.67160644266,6,10,4,43,2020,0
2020-11-10,South Dakota,16853967.099999998,Beverages,16853967.099999998,16779355.343749996,16331684.80625,16980510.753846154,16630131.83125,16367075.93705128,161179.81510298495,1,11,4,46,2020,0
2020-11-15,South Dakota,16589583.4,Beverages,16589583.4,16642460.14,16704743.5875,16761775.215384616,16730000.977678567,16341420.511923077,92889.67255416197,6,11,4,46,2020,0
2020-11-22,South Dakota,16721167.3,Beverages,16721167.3,16702369.6,16589583.4,15949922.42857143,16664774.2,16410179.878809525,40607.673142035885,6,11,4,47,2020,0
2020-11-29,South Dakota,15436614.9,Beverages,15436614.9,15620122.385714283,16721167.3,16033237.78125,15987137.357142856,16444335.226875,396421.4770436153,6,11,4,48,2020,0
2020-12-01,South Dakota,15167398.1,Beverages,15167398.1,15302006.5,16354152.32857143,16182461.29375,15641079.136734694,16383638.3525,367016.7247377017,1,12,4,49,2020,0
2020-12-04,South Dakota,16171240.2,Beverages,16171240.2,15836626.166666666,15803629.871428572,16406296.562499998,15576574.340816325,16334132.488541666,339389.582323449,4,12,4,49,2020,0
2020-12-07,South Dakota,19797094.3,Beverages,19797094.3,18588476.266666666,15302006.5,16630131.83125,16920386.485714287,16537428.107708331,1736356.1617860068,0,12,4,50,2020,0
2020-12-13,South Dakota,16783125.3,Beverages,16783125.3,17285453.46666667,18588476.266666666,16695336.88,18290109.8,16792460.35466667,1085152.86455781,6,12,4,50,2020,0
2020-12-20,South Dakota,17144204.6,Beverages,17144204.6,17092621.842857145,16783125.3,16683571.9,16989456.32857143,16874602.63,111431.49118398536,6,12,4,51,2020,0
2020-12-27,South Dakota,16142224.2,Beverages,16142224.2,16285364.257142857,17144204.6,15803629.871428572,16571644.37142857,16932094.27952381,309217.86463268613,6,12,4,52,2020,0
2021-01-08,South Dakota,21566844.0,Beverages,21566844.0,21114792.35,18402482.45,18792437.96666667,20210689.050000004,17801363.14,976543.1753125924,4,1,1,1,2021,0
2021-01-17,South Dakota,15851076.9,Beverages,15851076.9,16486162.133333333,20296673.53333333,17041039.085714288,17756332.599999998,18157593.88809524,1371940.906207087,6,1,1,2,2021,0
2021-01-24,South Dakota,15560399.0,Beverages,15560399.0,15601924.414285714,15851076.9,16428504.314285714,15684975.242857143,17890396.49190476,89705.14745958574,6,1,1,3,2021,0
2021-01-31,South Dakota,15736581.2,Beverages,15736581.2,15711412.314285714,15560399.0,18402482.45,15661074.542857142,17547331.078333333,54371.007326866464,6,1,1,4,2021,0
2021-02-05,South Dakota,18812182.6,Beverages,18812182.6,18197062.32,15686243.428571427,20662740.7,17051100.530612245,17184548.518333334,1205226.0311269248,4,2,1,5,2021,0
2021-02-14,South Dakota,15643629.5,Beverages,15643629.5,15995690.955555556,18108059.68888889,17121247.366666667,16699813.866666663,16437872.52111111,760539.6677865401,6,2,1,6,2021,0
2021-02-21,South Dakota,15564949.5,Beverages,15564949.5,15576189.5,15643629.5,15643449.82857143,15598669.5,16378570.66047619,24281.17514874792,6,2,1,7,2021,0
2021-02-28,South Dakota,16320595.4,Beverages,16320595.4,16212645.985714288,15564949.5,15686243.428571427,15996747.15714286,16466416.607142858,233197.38751016423,6,2,1,8,2021,0
2021-03-01,South Dakota,15773716.9,Beverages,15773716.9,16320595.4,15672898.914285714,15711412.314285714,16011149.726530612,16468493.426666668,212013.71905852613,0,3,1,9,2021,0
2021-03-10,South Dakota,26303345.2,Beverages,26303345.2,25133386.5,18113634.3,17755998.233333334,22793469.1,17689864.197777778,2527399.6541822087,2,3,1,10,2021,0
2021-03-14,South Dakota,18900493.8,Beverages,18900493.8,20751206.65,22793469.1,16347752.411111113,23158058.82857143,18329959.995185185,2593208.240935184,6,3,1,10,2021,0
2021-03-21,South Dakota,17838605.900000002,Beverages,17838605.900000002,17990304.171428572,18900493.8,15587429.5,18293700.71428572,18942194.563333333,327705.72050862655,6,3,1,11,2021,0
2021-03-28,South Dakota,16660801.5,Beverages,16660801.5,16829059.27142857,17838605.900000002,16104696.57142857,17165574.814285714,19261324.42952381,363478.3290402384,6,3,1,12,2021,0
2021-04-04,South Dakota,17655542.299999997,Beverages,17655542.299999997,17513436.47142857,16660801.5,20453551.7,17229224.814285714,19178096.456666667,306983.6755680117,6,4,2,13,2021,0
2021-04-07,South Dakota,23658904.4,Beverages,23658904.4,21657783.7,17087118.985714283,23963427.8,19248983.618367348,19064527.916666668,2535485.064348106,2,4,2,14,2021,0
2021-04-18,South Dakota,16872003.200000003,Beverages,16872003.200000003,17488994.218181822,21190940.327272728,18142002.442857143,18722976.254545458,18703079.992380954,1332852.934027731,6,4,2,15,2021,0
2021-04-25,South Dakota,17765950.9,Beverages,17765950.9,17638244.085714284,16872003.200000003,16997317.042857144,17382830.457142856,18675804.665714286,275878.24960187473,6,4,2,16,2021,0
2021-05-09,South Dakota,20271008.200000003,Beverages,20271008.200000003,20092075.535714287,19018479.55,22424922.363636363,19734210.20714286,18775025.366818182,386538.73323734617,6,5,2,18,2021,0
2021-05-12,South Dakota,24109456.3,Beverages,24109456.3,22829973.6,19555277.542857144,20573949.30909091,21214336.80204082,18938928.69409091,1690079.7974884734,2,5,2,19,2021,0
2021-05-16,South Dakota,18739049.6,Beverages,18739049.6,20081651.275,20271008.200000003,18105985.23636364,21643104.17857143,19168459.40727273,1811192.43047488,6,5,2,19,2021,0
2021-05-23,South Dakota,19742943.4,Beverages,19742943.4,19599530.0,18739049.6,17510537.27142857,19312703.2,19653536.29952381,309808.3526927364,6,5,2,20,2021,0
2021-05-30,South Dakota,19751914.9,Beverages,19751914.9,19750633.257142857,19742943.4,18660614.221428573,19748069.97142857,20030821.311190475,2768.66506127328,6,5,2,21,2021,0
2021-06-06,South Dakota,21278082.5,Beverages,21278082.5,21060058.557142857,19751914.9,19913142.87142857,20624010.67142857,20321943.32952381,470985.54656764,6,6,2,22,2021,0
2021-06-13,South Dakota,21748015.0,Beverages,21748015.0,21680881.785714287,21278082.5,21424252.950000003,21546615.35714286,20248016.509166665,145024.3180139218,6,6,2,23,2021,0
2021-06-20,South Dakota,21546184.5,Beverages,21546184.5,21575017.42857143,21748015.0,19456116.6,21632683.285714287,20806737.613333333,62286.24455333816,6,6,2,24,2021,0
2021-06-27,South Dakota,21595075.5,Beverages,21595075.5,21588091.07142857,21546184.5,19749351.61428571,21574122.214285716,21238152.295238096,15088.090183467784,6,6,2,25,2021,0
2021-07-02,South Dakota,15619896.5,Beverages,15619896.5,16814932.3,21581106.64285714,20405986.728571422,19033286.7244898,20904265.76142857,2331194.173609435,4,7,3,26,2021,0
2021-07-03,South Dakota,17167337.9,Beverages,17167337.9,15619896.5,21588091.07142857,20624010.67142857,18401750.557142857,20789043.335714284,2112252.821840139,5,7,3,26,2021,0
2021-07-11,South Dakota,25141436.8,Beverages,25141436.8,24144674.4375,18164100.2625,21613748.57142857,22151149.7125,20877195.39785714,2153252.803098437,6,7,3,27,2021,0
2021-07-18,South Dakota,21734729.3,Beverages,21734729.3,22221401.8,25141436.8,21603850.35714286,23194746.8,21231420.38928572,1051332.759182291,6,7,3,28,2021,0
2021-07-25,South Dakota,22065420.3,Beverages,22065420.3,22018178.72857143,21734729.3,21581106.64285714,21923695.585714284,21315052.997380957,102053.4582073282,6,7,3,29,2021,0
2021-08-08,South Dakota,22216318.7,Beverages,22216318.7,22205540.242857143,22140869.5,23147912.075,22183983.32857143,22505427.67125,23284.128636291705,6,8,3,31,2021,0
2021-08-15,South Dakota,23853896.9,Beverages,23853896.9,23619957.15714285,22216318.7,22708074.3,23152077.67142857,22317805.53666667,505367.60417045566,6,8,3,32,2021,0
2021-08-22,South Dakota,21052542.7,Beverages,21052542.7,21452736.15714285,23853896.9,21970937.15714286,22253123.07142857,22398920.88095238,864516.6749810969,6,8,3,33,2021,0
2021-08-29,South Dakota,20265750.4,Beverages,20265750.4,20378149.3,21052542.7,22119312.585714284,20602947.1,22053862.6247619,242809.37522965283,6,8,3,34,2021,0
2021-09-05,South Dakota,18081148.0,Beverages,18081148.0,18393234.057142857,20265750.4,22194761.785714284,19017406.17142857,21320024.56809524,674182.9373106478,6,9,3,35,2021,0
2021-09-19,South Dakota,19219385.8,Beverages,19219385.8,19138083.1,18650266.9,21852929.614285715,18975477.7,19384020.24190476,175633.90559422187,6,9,3,37,2021,0
2021-09-26,South Dakota,19121111.7,Beverages,19121111.7,19135150.85714286,19219385.8,20490548.2,19163229.17142857,18986040.086666662,30328.045693605807,6,9,3,38,2021,0
2021-10-01,South Dakota,15912125.1,Beverages,15912125.1,16553922.42,19149190.01428572,19329492.228571422,17747837.32244898,18533038.89142857,1255237.59261094,4,10,4,39,2021,0
2021-10-10,South Dakota,26411019.200000003,Beverages,26411019.200000003,25244475.41111112,18245212.67777778,18487661.5,22911387.83333334,19529079.14333333,2520022.6030424926,6,10,4,40,2021,0
2021-10-17,South Dakota,25950714.000000004,Beverages,25950714.000000004,26016471.88571429,26411019.200000003,19056780.4,26147987.657142863,21240606.06,142053.2687328592,6,10,4,41,2021,0
2021-10-24,South Dakota,24802967.000000004,Beverages,24802967.000000004,24966930.857142866,25950714.000000004,19149190.01428572,25294858.57142857,22667946.04190477,354202.4140189495,6,10,4,42,2021,0
2021-10-31,South Dakota,24723617.1,Beverages,24723617.1,24734952.8,24802967.000000004,15912125.1,24757624.2,24303562.980000004,24487.91079298523,6,10,4,43,2021,0
2021-11-04,South Dakota,17329848.8,Beverages,17329848.8,19178290.875,24757624.200000003,20578300.255555555,22087843.721428573,24473433.29203704,2996433.338350889,3,11,4,44,2021,0
2021-11-07,South Dakota,20854707.8,Beverages,20854707.8,19679754.8,24723617.1,24077931.622222222,19921330.292857144,24150269.988703705,1832625.752893233,6,11,4,44,2021,0
2021-11-14,South Dakota,25615141.9,Beverages,25615141.9,24935079.885714285,20854707.8,26082229.77142857,23574955.85714286,23560285.61119048,1469101.8578077685,6,11,4,45,2021,0
2021-11-21,South Dakota,25404917.6,Beverages,25404917.6,25434949.642857146,25615141.9,25130894.71428572,25495013.728571437,23533745.54690476,64876.62747296904,6,11,4,46,2021,0
2021-11-28,South Dakota,24173893.5,Beverages,24173893.5,24349754.085714284,25404917.6,24746288.500000004,24701475.25714286,23510266.52833333,379902.2850290801,6,11,4,47,2021,0
2021-12-09,South Dakota,18873970.1,Beverages,18873970.1,19355781.31818182,22246648.62727273,22214831.828571428,20319403.754545458,23558793.345238097,1040831.1902068814,3,12,4,49,2021,0
2021-12-12,South Dakota,25745864.0,Beverages,25745864.0,23455232.7,20801214.97272728,24255017.87142857,21250349.4012987,23546821.02952381,2489230.910327959,6,12,4,49,2021,0
2021-12-19,South Dakota,26628312.0,Beverages,26628312.0,26502248.0,25745864.0,25464981.68571429,26250120.0,23732667.34142857,272329.3651362915,6,12,4,50,2021,0
2021-12-26,South Dakota,25269496.3,Beverages,25269496.3,25463612.828571428,26628312.0,24525614.67142857,25851845.88571429,23923879.832857143,419339.6289831576,6,12,4,51,2021,0
2022-01-05,South Dakota,27760748.8,Beverages,27760748.8,27511623.55,26016872.05,20319403.754545458,27013373.05,25318121.833484847,538172.048892894,2,1,1,1,2022,0
2022-01-16,South Dakota,25161451.300000004,Beverages,25161451.300000004,25397751.07272728,26815549.70909091,26376184.0,25870350.618181825,26342092.825000003,510465.851380196,6,1,1,2,2022,0
2022-01-23,South Dakota,24097439.3,Beverages,24097439.3,24249441.01428572,25161451.300000004,25657729.35714286,24553444.442857143,25959217.45928572,328361.23200075986,6,1,1,3,2022,0
2022-01-30,South Dakota,24745497.4,Beverages,24745497.4,24652917.67142857,24097439.3,26515122.55,24467758.214285716,25641112.063333336,199995.07160180164,6,1,1,4,2022,0
2022-02-01,South Dakota,24421533.9,Beverages,24421533.9,24583515.65,24282598.757142857,27013373.05,24543819.89489796,25482026.35333333,131405.16763738665,1,2,1,5,2022,0
2022-02-10,South Dakota,27940574.5,Beverages,27940574.5,27549569.98888889,25203542.92222222,26342950.163636368,26767560.966666665,25257091.01590909,844666.2828068362,3,2,1,6,2022,0
2022-02-13,South Dakota,24840136.8,Beverages,24840136.8,25873616.03333333,26376556.455555554,25634050.84545455,26719588.433333334,25257417.557424244,1053394.9182851235,6,2,1,6,2022,0
2022-02-20,South Dakota,24813223.9,Beverages,24813223.9,24817068.6,24840136.8,24401442.72857143,24824758.0,25246979.985476192,8305.501296742596,6,2,1,7,2022,0
2022-02-27,South Dakota,24932950.6,Beverages,24932950.6,24915846.785714287,24813223.9,24560337.942857143,24881639.15714286,25378603.364047613,36948.461789420784,6,2,1,8,2022,0
2022-03-04,South Dakota,27394215.0,Beverages,27394215.0,26901962.12,24898742.971428573,24812538.41111111,25985334.797959182,25673021.46962963,963925.5177333346,4,3,1,9,2022,0
2022-03-07,South Dakota,34242937.9,Beverages,34242937.9,31960030.266666666,25425203.48,25985551.944444444,28929061.93142857,26309569.75296296,3158729.6107347566,0,3,1,10,2022,0
2022-03-13,South Dakota,26043138.8,Beverages,26043138.8,27409771.98333333,31960030.266666666,26907095.266666666,30143038.35,26778183.349444445,2952265.0970078823,6,3,1,10,2022,0
2022-03-20,South Dakota,27033560.700000003,Beverages,27033560.700000003,26892071.85714286,26043138.8,24820913.3,26609094.17142857,27158413.11166667,305650.8340930497,6,3,1,11,2022,0
2022-03-27,South Dakota,26345508.9,Beverages,26345508.9,26443802.01428572,27033560.700000003,24898742.971428573,26640388.24285714,27576071.394523807,212337.3953769313,6,3,1,12,2022,0
2022-04-09,South Dakota,30379793.9,Beverages,30379793.9,30069464.284615383,28207486.59230769,30143038.35,29448805.05384615,27523576.785000004,670388.5894489744,5,4,2,14,2022,0
2022-04-12,South Dakota,25773989.600000005,Beverages,25773989.600000005,27309257.700000003,29138475.43846154,26043138.8,28797853.0010989,27513525.356666666,1674772.4956725508,1,4,2,15,2022,0
2022-04-17,South Dakota,27877345.7,Beverages,27877345.7,27456674.48,28844525.8,26750583.01428572,26894751.942857143,27608258.345238093,741319.2832390579,6,4,2,15,2022,0
2022-04-24,South Dakota,26202165.7,Beverages,26202165.7,26441477.12857143,27877345.7,26542095.12857143,26920099.985714287,27635647.03047619,516971.7715798636,6,4,2,16,2022,0
2022-05-06,South Dakota,31133691.1,Beverages,31133691.1,30722730.65,28256967.95,29448805.05384615,29900809.75,28074592.855128206,887776.0379176739,4,5,2,18,2022,0
2022-05-15,South Dakota,29779175.8,Beverages,29779175.8,29929677.5,30832687.700000003,27036003.26,30230680.9,28789542.232666668,325120.83079174085,6,5,2,19,2022,0
2022-05-22,South Dakota,29490106.5,Beverages,29490106.5,29531402.114285715,29779175.8,26680788.557142857,29613993.342857145,29328438.10428572,89208.7227289436,6,5,2,20,2022,0
2022-05-29,South Dakota,30564534.200000003,Beverages,30564534.200000003,30411044.52857143,29490106.5,28256967.95,30104065.18571429,30025424.045,331575.5868059573,6,5,2,21,2022,0
2022-06-02,South Dakota,24178741.6,Beverages,24178741.6,25775189.75,30104065.18571429,29900809.75,28218112.697959185,29663963.345000003,2517847.5995930512,3,6,2,22,2022,0
2022-06-03,South Dakota,26142223.1,Beverages,26142223.1,24178741.6,30257554.85714286,30311770.200000003,27630208.16122449,29524978.441666663,2441581.123668479,4,6,2,22,2022,0
2022-06-11,South Dakota,26862346.200000003,Beverages,26862346.200000003,26772330.812500004,26232238.4875,30230680.9,26592300.0375,28420988.645000003,194455.4617537772,5,6,2,23,2022,0
2022-06-19,South Dakota,32696955.2,Beverages,32696955.2,31967629.075,27591672.325000003,29572697.72857143,30508976.825,28523956.40547619,1575524.5002336132,6,6,2,24,2022,0
2022-06-26,South Dakota,32599629.0,Beverages,32599629.0,32613532.742857143,32696955.2,30257554.85714286,32641340.228571422,29181122.919285715,30035.51742368308,6,6,2,25,2022,0
2022-07-08,South Dakota,33116872.0,Beverages,33116872.0,33073768.416666668,32815146.916666668,26592300.0375,32987561.25,31483950.38791667,93114.38226027024,4,7,3,27,2022,0
2022-07-17,South Dakota,32895934.2,Beverages,32895934.2,32920482.844444443,33067774.71111111,31238302.95,32969580.133333333,32821958.4125,53031.1330620584,6,7,3,28,2022,0
2022-07-24,South Dakota,32576161.6,Beverages,32576161.6,32621843.4,32895934.2,32627436.485714287,32713207.0,32857013.24142857,98683.9668199991,6,7,3,29,2022,0
2022-07-31,South Dakota,32311519.3,Beverages,32311519.3,32349325.342857145,32576161.6,32815146.916666668,32424937.42857143,32794236.625,81670.38687263835,6,7,3,30,2022,0
2022-08-05,South Dakota,28122314.4,Beverages,28122314.4,28960155.38,32387131.385714285,33030664.83333333,30521546.63469388,32269826.407222223,1642263.5408833243,4,8,3,31,2022,0
2022-08-14,South Dakota,35828334.9,Beverages,35828334.9,34972110.4,29834763.4,32945031.48888889,33259661.4,32080144.73148148,1849656.321375064,6,8,3,32,2022,0
2022-08-21,South Dakota,30899092.4,Beverages,30899092.4,31603269.9,35828334.9,32667525.2,33011624.9,32129161.84,1521197.2610515447,6,8,3,33,2022,0
2022-08-28,South Dakota,30005658.700000003,Beverages,30005658.700000003,30133292.085714288,30899092.4,32387131.385714285,30388558.85714286,31636101.494761903,275719.62576054985,6,8,3,34,2022,0
2022-09-01,South Dakota,24382755.5,Beverages,24382755.5,25788481.3,30388558.85714286,30635837.34,28052179.00816327,30942602.044666667,2332767.376757744,3,9,3,35,2022,0
2022-09-10,South Dakota,28029168.8,Beverages,28029168.8,27624011.766666666,25193069.566666663,33259661.4,26813697.7,29745328.676666666,875239.2250571717,5,9,3,36,2022,0
2022-09-18,South Dakota,29573605.0,Beverages,29573605.0,29380550.475,28222223.325,32307447.4,28994441.425,28334927.68,417045.4390613277,6,9,3,37,2022,0
2022-09-25,South Dakota,28387144.3,Beverages,28387144.3,28556638.68571429,29573605.0,30260925.471428573,28895627.45714286,27907796.63619048,366149.7212185023,6,9,3,38,2022,0
2022-10-04,South Dakota,26262038.9,Beverages,26262038.9,26498161.72222222,27914898.65555556,25598226.6,26970407.366666667,28013637.816666663,510083.5946006073,1,10,4,40,2022,0
2022-10-07,South Dakota,31691050.2,Beverages,31691050.2,29881379.766666666,27206530.18888889,26813697.7,28015575.976190478,28360921.726666667,2045523.932857439,4,10,4,40,2022,0
2022-10-16,South Dakota,28025865.5,Beverages,28025865.5,28433108.244444445,30876564.71111111,29187495.95,29247593.73333333,28753999.56583333,879744.8760182273,6,10,4,41,2022,0
2022-10-23,South Dakota,27164957.7,Beverages,27164957.7,27287944.528571427,28025865.5,28726133.07142857,27533918.18571428,28369254.98619048,265681.9150992402,6,10,4,42,2022,0
2022-10-30,South Dakota,26502941.6,Beverages,26502941.6,26597515.32857143,27164957.7,27206530.18888889,26786662.78571429,28108220.89777778,204302.6039204693,6,10,4,43,2022,0
2022-11-09,South Dakota,29086013.8,Beverages,29086013.8,28827706.58,27277863.26,30469321.966666665,28311092.14,27791473.802222226,558007.371116649,2,11,4,45,2022,0
2022-11-12,South Dakota,27252180.500000004,Beverages,27252180.500000004,27863458.26666667,28052784.92,29247593.73333333,28340655.24,27612335.981111117,615961.0526380985,5,11,4,45,2022,0
2022-11-13,South Dakota,27271877.6,Beverages,27271877.6,27252180.500000004,28311092.14,28840350.98888889,28192196.020000003,27560053.534814816,737515.9655970674,6,11,4,45,2022,0
2022-11-20,South Dakota,27720458.2,Beverages,27720458.2,27656375.257142857,27271877.6,27410931.35714286,27528209.37142857,27491852.427619047,138434.9786203574,6,11,4,46,2022,0
2022-11-27,South Dakota,26502627.8,Beverages,26502627.8,26676603.57142857,27720458.2,26692089.057142857,27024555.114285715,27502279.127619047,375830.6208129025,6,11,4,47,2022,0
2022-12-06,South Dakota,32190860.0,Beverages,32190860.0,31558834.2,27766679.4,28311092.14,30294782.6,28205984.49133333,1365331.7748351006,1,12,4,49,2022,0
2022-12-18,South Dakota,27963412.5,Beverages,27963412.5,28315699.791666668,30429423.541666668,27592292.314285714,29020274.375,29010848.05690476,761027.5295462145,6,12,4,50,2022,0
2022-12-25,South Dakota,28215951.1,Beverages,28215951.1,28179874.15714286,27963412.5,26850579.342857145,28107720.27142857,29190333.19071429,77935.10395767272,6,12,4,51,2022,0
2023-01-01,South Dakota,25916642.8,Beverages,25916642.8,26245115.41428572,28215951.1,29662756.8,26902060.64285714,28961722.095000003,709581.946572158,6,1,1,52,2023,0
2023-01-15,South Dakota,26827626.7,Beverages,26827626.7,26762556.42142857,26372134.75,28667987.08333333,26632415.864285715,27033765.238055557,140567.86753590542,6,1,1,2,2023,0
2023-01-22,South Dakota,25720897.0,Beverages,25720897.0,25879001.242857143,26827626.7,28143797.21428572,26195209.728571437,26591403.21023809,341544.2004268752,6,1,1,3,2023,0
2023-01-29,South Dakota,25917389.700000003,Beverages,25917389.700000003,25889319.31428572,25720897.0,26573588.02857143,25833178.542857144,26200861.818809524,60638.9637162571,6,1,1,4,2023,0
2023-02-04,South Dakota,27831589.4,Beverages,27831589.4,27512556.116666667,25889319.31428572,26176923.91428572,26874489.55,26391695.31714285,689190.6611492204,5,2,1,5,2023,0
2023-02-19,South Dakota,26981683.0,Beverages,26981683.0,27038343.426666666,27378305.986666664,26037105.485714287,27151664.28,26843692.4997619,122400.51103421292,6,2,1,7,2023,0
2023-02-26,South Dakota,26132930.0,Beverages,26132930.0,26254180.42857143,26981683.0,25861248.92857143,26496681.285714287,27005403.498809524,261930.8623830544,6,2,1,8,2023,0
2023-03-19,South Dakota,29043896.8,Beverages,29043896.8,28905279.333333336,28073574.53333333,27095003.85333333,28628044.4,27343632.00755556,299447.95258092764,6,3,1,11,2023,0
2023-03-26,South Dakota,27328951.2,Beverages,27328951.2,27573943.42857143,29043896.8,26375430.85714286,28063927.885714285,27654892.34761905,529243.7021666233,6,3,1,12,2023,0
2023-04-16,South Dakota,29071951.8,Beverages,29071951.8,28988951.77142857,28490951.6,28766661.866666667,28822951.714285716,28249255.104444444,179300.55438063777,6,4,2,15,2023,0
2023-04-23,South Dakota,28914904.6,Beverages,28914904.6,28937339.91428572,29071951.8,27818935.65714285,28982210.542857144,28361978.34095238,48465.81813674943,6,4,2,16,2023,0
2023-04-30,South Dakota,30087803.7,Beverages,30087803.7,29920246.68571429,28914904.6,27743951.34285714,29585132.65714285,28838754.25904762,361964.5205967174,6,4,2,17,2023,0
2023-05-02,South Dakota,25884510.8,Beverages,25884510.8,27986157.25,29250018.62857143,27909951.4,28947730.915306125,28776546.435,1518139.6463154035,1,5,2,18,2023,0
2023-05-03,South Dakota,28296887.2,Beverages,28296887.2,25884510.8,29417575.64285714,27992951.42857143,28787632.56632653,28786677.62738096,1519424.8373760814,2,5,2,18,2023,0
2023-07-05,South Dakota,30904598.8,Beverages,30904598.8,30863206.55238096,30614853.066666663,29662831.37142857,30780422.057142857,30304411.20952381,89417.47458817475,2,7,3,27,2023,0
2023-08-01,South Dakota,25085727.1,Beverages,25085727.1,25301240.866666667,26594323.46666667,30780422.057142857,25732268.4,28184986.115238093,465562.9462357828,1,8,3,31,2023,0
2023-09-04,South Dakota,28869792.6,Beverages,28869792.6,28758496.55588236,28090720.29117647,25530911.27647059,28535904.467647057,27255999.96029412,240426.93423097016,0,9,3,36,2023,0
2023-12-02,South Dakota,27801439.8,Beverages,27801439.8,27813443.764044944,27885467.54831461,28161558.721348315,27837451.69213483,27975497.27865169,25931.52613346291,5,12,4,48,2023,0
2023-12-03,South Dakota,29087945.4,Beverages,29087945.4,27801439.8,27873463.584269665,28149554.75730337,28010949.09438202,28006776.966741573,475353.0058835698,6,12,4,48,2023,0
2019-03-11,Tennessee,136685980.0,Beverages,136685980.0,136638724.7,136355192.9,135268321.0,136544214.1,136000778.15,102083.11530714214,0,3,1,11,2019,0
2019-06-10,Tennessee,155674237.6,Beverages,155674237.6,155465575.42857143,154213602.4,149414372.45714286,155048251.08571428,152648636.11428568,450761.8088590942,0,6,2,24,2019,0
2019-08-12,Tennessee,135426364.9,Beverages,135426364.9,135747759.70476192,137676128.53333333,145068209.04285714,136390549.31428573,140086589.5690476,694292.1304898968,0,8,3,33,2019,0
2019-10-11,Tennessee,136324594.7,Beverages,136324594.7,136309624.20333332,136219801.22333333,135875479.8,136279683.20999998,136107522.4983333,32339.968951227176,4,10,4,41,2019,0
2019-10-13,Tennessee,144130309.9,Beverages,144130309.9,140227452.3,136249742.21666667,135905420.79333332,137975861.53333333,136526252.202,3084407.9825905343,6,10,4,41,2019,0
2019-10-20,Tennessee,139732667.6,Beverages,139732667.6,140360902.2142857,144130309.9,136010214.26999998,141617371.44285712,137845068.22333333,1357141.8776478427,6,10,4,42,2019,0
2019-10-27,Tennessee,134319021.9,Beverages,134319021.9,135092399.85714287,139732667.6,136115007.74666667,136639155.7714286,137977848.77677777,1670687.3340346185,6,10,4,43,2019,0
2019-11-17,Tennessee,135190491.4,Beverages,135190491.4,135148992.85238096,134900001.56666666,140989136.82857144,135065995.75714287,135561776.15380952,89647.1088097131,6,11,4,46,2019,0
2019-11-24,Tennessee,139393955.3,Beverages,139393955.3,138793460.45714286,135190491.4,135865777.81428573,137592470.7714286,135428144.71857145,1297217.1224279632,6,11,4,47,2019,0
2019-12-15,Tennessee,135249583.29999998,Beverages,135249583.29999998,135446934.34761903,136631040.63333333,135107494.30476192,135841636.44285712,137172391.63174602,426326.9887224044,6,12,4,50,2019,0
2019-12-22,Tennessee,143837603.7,Beverages,143837603.7,142610743.64285713,135249583.29999998,138192965.61428574,140157023.52857143,138032384.99190477,2650320.6345247026,6,12,4,51,2019,0
2019-12-29,Tennessee,136181225.5,Beverages,136181225.5,137274993.81428573,143837603.7,138407200.06190476,139462530.44285715,138167077.87714285,2362809.6096725287,6,12,4,52,2019,0
2020-01-03,Tennessee,139507290.70000002,Beverages,139507290.70000002,138842077.66000003,138368762.12857142,137420444.82380953,137762934.63061225,138227364.1606349,1156262.9516759198,4,1,1,1,2020,0
2020-01-11,Tennessee,146919256.4,Beverages,146919256.4,145992760.6875,140433786.41250002,135841636.44285712,144139769.26250002,140132472.50642857,2001459.4902981475,5,1,1,2,2020,0
2020-01-19,Tennessee,133174599.8,Beverages,133174599.8,134892681.875,145201174.32500002,141383883.58571428,138328846.025,140549521.70976192,3711481.47555196,6,1,1,3,2020,0
2020-01-26,Tennessee,128870419.0,Beverages,128870419.0,129485301.97142856,133174599.8,138368762.12857142,130715067.9142857,138075376.18547618,1328299.0325647048,6,1,1,4,2020,0
2020-02-02,Tennessee,132609604.0,Beverages,132609604.0,132075434.71428572,128870419.0,139507290.70000002,131007096.14285716,136499013.87166664,1153937.5432555724,6,2,1,5,2020,0
2020-02-08,Tennessee,164098351.89999998,Beverages,164098351.89999998,158850227.24999997,132075434.71428572,145066264.97500002,148353977.95,138144616.78791666,11337245.003190449,5,2,1,6,2020,0
2020-02-16,Tennessee,129634554.4,Beverages,129634554.4,133942529.0875,159790377.21249998,136610763.95,142558478.4625,138789679.9391667,9306288.9616637,6,2,1,7,2020,0
2020-02-23,Tennessee,130792971.5,Beverages,130792971.5,130627483.34285714,129634554.4,130100184.94285716,130296507.02857144,138368297.04238096,357495.2783652748,6,2,1,8,2020,0
2020-03-05,Tennessee,155827618.9,Beverages,155827618.9,153551741.86363637,139896479.64545456,143105853.29999998,148999987.7909091,142787016.875,4916456.311377115,3,3,1,10,2020,0
2020-03-15,Tennessee,158684644.20000002,Beverages,158684644.20000002,158398941.67000002,156684726.49,138250503.775,157827536.61000004,144619101.05791667,617188.0045945455,6,3,1,11,2020,0
2020-03-22,Tennessee,153445821.0,Beverages,153445821.0,154194224.31428573,158684644.20000002,130461995.18571427,155691030.94285718,150472602.34976193,1616735.939235216,6,3,1,12,2020,0
2020-03-29,Tennessee,140061173.70000002,Beverages,140061173.70000002,141973266.1714286,153445821.0,142172356.6818182,145797451.11428574,152841225.34681818,4130591.832901319,6,3,1,13,2020,0
2020-04-10,Tennessee,159085808.6,Beverages,159085808.6,157500422.35833332,147988104.90833333,157541834.08,154329649.875,151594598.24233335,3424825.7130201603,4,4,2,15,2020,0
2020-04-19,Tennessee,147343447.0,Beverages,147343447.0,148648153.84444445,156476394.91111112,154942627.62857142,151257567.53333333,150189229.45880952,2818488.915425797,6,4,2,16,2020,0
2020-04-26,Tennessee,146800271.3,Beverages,146800271.3,146877867.82857144,147343447.0,143885358.64285716,147033060.8857143,149624018.22404763,167627.66023150503,6,4,2,17,2020,0
2020-05-01,Tennessee,133107420.4,Beverages,133107420.4,135845990.58,146955464.35714287,144817332.425,140942991.8469388,148997102.40333334,5359401.828805518,4,5,2,18,2020,0
2020-05-04,Tennessee,148042745.4,Beverages,148042745.4,143064303.73333335,144061701.12,149573491.15,139722001.98285717,148504722.28583333,4928086.954973599,0,5,2,19,2020,0
2020-05-07,Tennessee,173939972.29999998,Beverages,173939972.29999998,165307563.3333333,135845990.58,154329649.875,151174717.37142855,149761052.25583333,14841284.675626433,3,5,2,19,2020,0
2020-05-17,Tennessee,158429364.3,Beverages,158429364.3,159980425.10000002,169286789.89999998,149952860.68888888,163082546.70000002,153245093.70148146,3350674.2840866838,6,5,2,20,2020,0
2020-05-24,Tennessee,165753716.29999998,Beverages,165753716.29999998,164707380.29999998,158429364.3,146955464.35714287,162614708.29999998,156803696.04095238,2260344.0998006463,6,5,2,21,2020,0
2020-05-31,Tennessee,160317261.9,Beverages,160317261.9,161093898.24285716,165753716.29999998,133107420.4,162647170.92857143,161868004.49333334,1677726.2516690348,6,5,2,22,2020,0
2020-06-09,Tennessee,167313185.20000002,Beverages,167313185.20000002,166535860.3888889,161871911.52222222,169286789.89999998,164981210.76666668,163208198.5033333,1679213.5130798232,1,6,2,24,2020,0
2020-06-12,Tennessee,141511500.0,Beverages,141511500.0,150112061.73333335,164203885.95555556,164633607.5,159274996.73333335,161600937.8466667,9930988.764906732,4,6,2,24,2020,0
2020-06-14,Tennessee,163688558.0,Beverages,163688558.0,152600029.0,165758535.5777778,161531485.9,157210545.3984127,161323422.99333334,9586023.459934331,6,6,2,24,2020,0
2020-06-21,Tennessee,162441172.0,Beverages,162441172.0,162619370.0,163688558.0,163661044.29999998,162975766.0,161809380.03000003,384951.67697671073,6,6,2,25,2020,0
2020-06-28,Tennessee,162325745.89999998,Beverages,162325745.89999998,162342235.34285712,162441172.0,161870534.58571428,162375214.2285714,161444258.91809523,35621.267648132765,6,6,2,26,2020,0
2020-07-06,Tennessee,162676412.79999998,Beverages,162676412.79999998,162632579.43749997,162369579.2625,164981210.76666668,162544912.71249995,161462439.44055554,94690.88537416348,0,7,3,28,2020,0
2020-07-19,Tennessee,168284776.0,Beverages,168284776.0,167853363.44615385,165264888.12307692,162797568.0,166990538.33846155,163864097.28833333,931957.6318311108,6,7,3,29,2020,0
2020-07-26,Tennessee,162653533.70000002,Beverages,162653533.70000002,163457996.8857143,168284776.0,162358724.78571427,165066923.25714287,164479077.3697619,1737839.1026729308,6,7,3,30,2020,0
2020-08-03,Tennessee,146429788.6,Beverages,146429788.6,148457756.7375,160625565.5625,162588746.075,152513693.01250002,162101692.68291667,4380911.881256392,0,8,3,32,2020,0
2020-08-11,Tennessee,150118207.0,Beverages,150118207.0,149657154.7,146890840.9,165264888.12307692,148735050.1,158021994.64730772,995986.8015670932,1,8,3,33,2020,0
2020-08-16,Tennessee,169028938.0,Beverages,169028938.0,165246791.8,149196102.4,167421950.8923077,158156941.3857143,157172914.6165385,7467914.243107319,6,8,3,33,2020,0
2020-08-23,Tennessee,162518556.0,Beverages,162518556.0,163448610.57142857,169028938.0,164262460.0714286,165308719.7142857,156895113.49452382,2009147.504263211,6,8,3,34,2020,0
2020-08-30,Tennessee,160376685.0,Beverages,160376685.0,160682666.57142857,162518556.0,152513693.0125,161294629.7142857,157565204.52708334,660995.74096722,6,8,3,35,2020,0
2020-09-02,Tennessee,132141057.7,Beverages,132141057.7,141552933.46666667,161600611.2857143,146429788.6,152571632.83265308,156874722.2,11655088.63847341,2,9,3,36,2020,0
2020-09-08,Tennessee,167374215.7,Beverages,167374215.7,161502022.7,141552933.46666667,149196102.4,149757636.7,157804774.51000002,12685386.721335238,1,9,3,37,2020,0
2020-09-13,Tennessee,166162275.7,Beverages,166162275.7,166404663.7,155629829.7,161464645.6,166015928.12857142,159818521.13,2033035.152271468,6,9,3,37,2020,0
2020-09-20,Tennessee,162000007.4,Beverages,162000007.4,162594617.15714285,166162275.7,164378665.14285713,163783836.6714286,159185762.97904763,1284503.8842587706,6,9,3,38,2020,0
2020-09-27,Tennessee,153161315.3,Beverages,153161315.3,154423985.60000002,162000007.4,160988648.14285713,156949326.20000002,158008264.99238098,2727679.600626117,6,9,3,39,2020,0
2020-10-05,Tennessee,154583768.6,Beverages,154583768.6,154405961.9375,153339121.9625,149757636.7,154050348.61249998,159818834.29833335,384106.2913664672,0,10,4,41,2020,0
2020-10-18,Tennessee,151088439.4,Beverages,151088439.4,151357310.87692308,152970539.73846152,163189226.91428572,151895053.83076924,154668438.58690473,580828.7743769123,6,10,4,42,2020,0
2020-10-25,Tennessee,149058214.6,Beverages,149058214.6,149348246.7142857,151088439.4,155686655.9,149928310.94285712,152463224.23833334,626540.9756311412,6,10,4,43,2020,0
2020-11-10,Tennessee,152184572.29999998,Beverages,152184572.29999998,151989174.94375,150816790.80624998,152970539.73846152,151598380.23125,150808967.5821795,422106.5330013265,1,11,4,46,2020,0
2020-11-15,Tennessee,149010432.7,Beverages,149010432.7,149645260.61999995,151793777.58749998,151626182.35384616,150796312.84910712,150494994.7875641,1205037.1257420909,6,11,4,46,2020,0
2020-11-22,Tennessee,152893005.6,Beverages,152893005.6,152338352.3285714,149010432.7,149638278.82857144,151229045.78571427,150663856.61880952,1198188.0098833442,6,11,4,47,2020,0
2020-11-29,Tennessee,145806794.9,Beverages,145806794.9,146819110.71428573,152893005.6,150035201.38125,148843742.34285715,150506446.676875,2186852.0990943285,6,11,4,48,2020,0
2020-12-01,Tennessee,133743337.6,Beverages,133743337.6,139775066.25,150868373.97142857,150425996.09375,144667933.78469387,149601840.3108333,5824849.34414699,1,12,4,49,2020,0
2020-12-04,Tennessee,146683982.70000002,Beverages,146683982.70000002,142370434.33333334,147831426.52857143,151012188.1625,141893658.9234694,148757204.66354164,4972997.494869452,4,12,4,49,2020,0
2020-12-07,Tennessee,165348594.5,Beverages,165348594.5,159127057.23333335,139775066.25,151598380.23125,148319401.75714284,149529612.09937504,11428597.086271975,0,12,4,50,2020,0
2020-12-13,Tennessee,146091196.4,Beverages,146091196.4,149300762.75,159127057.23333335,150280088.54,155719895.45000002,150062225.414,6933455.7562282365,6,12,4,50,2020,0
2020-12-20,Tennessee,151754623.2,Beverages,151754623.2,150945562.2285714,146091196.4,151783699.05714285,149327440.28571427,149837706.2842857,1747771.455010068,6,12,4,51,2020,0
2020-12-27,Tennessee,146242222.3,Beverages,146242222.3,147029708.14285716,151754623.2,147831426.52857143,148604679.8285714,149361743.28714287,1701163.8504080418,6,12,4,52,2020,0
2021-01-08,Tennessee,179931688.9,Beverages,179931688.9,177124233.35,160279500.05,158929461.8,171509322.25,155434507.5,6064797.147284529,4,1,1,1,2021,0
2021-01-17,Tennessee,145423790.0,Beverages,145423790.0,149258000.9888889,172263266.92222223,150136501.25714284,156926422.96666667,158788895.01095238,8282842.400658207,6,1,1,2,2021,0
2021-01-24,Tennessee,140867015.5,Beverages,140867015.5,141517983.2857143,145423790.0,147817193.9857143,142819918.85714287,157124842.2847619,1406251.1407461762,6,1,1,3,2021,0
2021-01-31,Tennessee,141317750.3,Beverages,141317750.3,141253359.61428574,140867015.5,160279500.05,141124578.24285716,154500748.035,139099.77919787928,6,1,1,4,2021,0
2021-02-05,Tennessee,166154761.1,Beverages,166154761.1,161187358.94,141188968.92857143,174316777.8,151952984.83061224,152420429.715,9707181.90797435,4,2,1,5,2021,0
2021-02-14,Tennessee,143265220.70000002,Beverages,143265220.70000002,145808502.9666667,161068196.56666666,153092211.97777778,150895067.50000003,148144606.74962965,5494117.631042139,6,2,1,6,2021,0
2021-02-21,Tennessee,138443610.7,Beverages,138443610.7,139132412.12857142,143265220.70000002,142168951.07142857,140510014.9857143,147195736.1061905,1487981.150424195,6,2,1,7,2021,0
2021-02-28,Tennessee,152040541.4,Beverages,152040541.4,150098122.72857144,138443610.7,141188968.92857143,146213285.3857143,148389304.81047618,4196103.912425355,6,2,1,8,2021,0
2021-03-01,Tennessee,144863751.29999998,Beverages,144863751.29999998,152040541.4,140386029.37142855,141253359.61428574,146852959.94693878,148509651.2,3431320.762373112,0,3,1,9,2021,0
2021-03-10,Tennessee,244244869.7,Beverages,244244869.7,233202523.2111111,166948444.27777776,158524914.3,211117830.2333333,161678225.52666667,23854194.76548688,2,3,1,10,2021,0
2021-03-14,Tennessee,172301350.0,Beverages,172301350.0,190287229.925,211117830.2333333,148351785.23333335,213818321.3119048,167960020.36055556,25278447.51465481,6,3,1,10,2021,0
2021-03-21,Tennessee,167121384.1,Beverages,167121384.1,167861379.2285714,172301350.0,139821213.55714285,169341369.48571426,174304079.71595237,1598572.182116168,6,3,1,11,2021,0
2021-03-28,Tennessee,152222936.1,Beverages,152222936.1,154351285.8142857,167121384.1,148155704.05714285,158607985.24285713,178014931.0592857,4597760.871272003,6,3,1,12,2021,0
2021-04-04,Tennessee,160816224.2,Beverages,160816224.2,159588611.6142857,152222936.1,189033137.2555556,157133386.44285712,176783358.37870368,2651946.2820388167,6,4,2,13,2021,0
2021-04-07,Tennessee,185125331.0,Beverages,185125331.0,177022295.4,155905773.85714284,222160176.7222222,166709443.9265306,173373804.89537036,10779740.172505448,2,4,2,14,2021,0
2021-04-18,Tennessee,161584035.6,Beverages,161584035.6,163724153.36363637,176564859.94545454,168601374.35714287,168004388.8909091,165712337.33095238,4623182.763393645,6,4,2,15,2021,0
2021-04-25,Tennessee,158579318.5,Beverages,158579318.5,159008563.8,161584035.6,156479635.52857143,159867054.4,165059168.7538095,927275.828435867,6,4,2,16,2021,0
2021-05-09,Tennessee,181028775.7,Beverages,181028775.7,179425243.04285714,169804047.1,180845095.47272727,176218177.7285714,167961710.95636362,3464026.450788843,6,5,2,18,2021,0
2021-05-12,Tennessee,224771953.3,Beverages,224771953.3,210190894.1,174614645.07142857,174424742.1818182,192152369.87959185,171324314.37181816,18913663.619035363,2,5,2,19,2021,0
2021-05-16,Tennessee,168247049.20000002,Beverages,168247049.20000002,182378275.225,181028775.7,165864271.12727273,198335462.17857143,174040239.7671212,18980544.716300525,6,5,2,19,2021,0
2021-05-23,Tennessee,175021293.4,Beverages,175021293.4,174053544.22857144,168247049.20000002,159437809.1,172118045.8857143,176641460.89166668,2090577.1470401853,6,5,2,20,2021,0
2021-05-30,Tennessee,173529250.79999998,Beverages,173529250.79999998,173742399.74285713,175021293.4,166596981.78571427,174168697.62857142,179462908.18309525,460454.34292081546,6,5,2,21,2021,0
2021-06-06,Tennessee,174692380.3,Beverages,174692380.3,174526218.94285715,173529250.79999998,177821710.3857143,174193896.2285714,179738891.07309526,358949.5565647077,6,6,2,22,2021,0
2021-06-13,Tennessee,177318203.7,Beverages,177318203.7,176943086.07142857,174692380.3,196509501.25,176192850.81428573,174244658.61083332,810346.6940506175,6,6,2,23,2021,0
2021-06-20,Tennessee,182887171.5,Beverages,182887171.5,182091604.67142856,177318203.7,173085795.05714285,180500471.0142857,176148874.9142857,1718620.77473808,6,6,2,24,2021,0
2021-06-27,Tennessee,174789166.79999998,Beverages,174789166.79999998,175946024.6142857,182887171.5,173955548.68571427,178259740.24285713,177043345.2880952,2499098.5064350287,6,6,2,25,2021,0
2021-07-02,Tennessee,144564282.10000002,Beverages,144564282.10000002,150609259.04000002,177102882.4285714,174027734.87142858,162000910.1877551,174190505.58190477,12016362.53212202,4,7,3,26,2021,0
2021-07-03,Tennessee,157927423.6,Beverages,157927423.6,144564282.10000002,175946024.6142857,174193896.2285714,159426824.3285714,173648289.82761905,10344913.89974454,5,7,3,26,2021,0
2021-07-11,Tennessee,230197586.6,Beverages,230197586.6,221163816.225,166961193.975,176567968.44285715,203096275.475,179847216.47904763,19515174.44311051,6,7,3,27,2021,0
2021-07-18,Tennessee,181890342.9,Beverages,181890342.9,188791377.71428573,230197586.6,181296037.84285715,202593447.34285715,185359493.8357143,14907939.060689362,6,7,3,28,2021,0
2021-07-25,Tennessee,179525336.2,Beverages,179525336.2,179863194.29999998,181890342.9,177102882.4285714,180538910.5,185416514.0704762,729856.9129757606,6,7,3,29,2021,0
2021-08-08,Tennessee,183553300.4,Beverages,183553300.4,183265588.67142856,181539318.3,212130045.85,182690165.2142857,189228411.53416663,621528.3695745905,6,8,3,31,2021,0
2021-08-15,Tennessee,186501515.4,Beverages,186501515.4,186080341.82857144,183553300.4,195692412.52857143,185237994.6857143,182489483.17380956,909838.901807254,6,8,3,32,2021,0
2021-08-22,Tennessee,176653707.9,Beverages,176653707.9,178060537.54285714,186501515.4,180201052.4,180874196.8285714,182191276.98,3039099.37406117,6,8,3,33,2021,0
2021-08-29,Tennessee,179713841.20000002,Beverages,179713841.20000002,179276679.3,176653707.9,180963894.84285712,178402355.5,181774130.34904763,944377.639033952,6,8,3,34,2021,0
2021-09-05,Tennessee,166121631.70000002,Beverages,166121631.70000002,168063375.91428572,179713841.20000002,182977876.94285715,171946864.34285715,179401625.61904764,4194646.918472007,6,9,3,35,2021,0
2021-09-19,Tennessee,173504125.20000002,Beverages,173504125.20000002,172976804.23571432,169812878.45000002,179467367.1857143,171922162.30714288,172941010.97976193,1139143.47811939,6,9,3,37,2021,0
2021-09-26,Tennessee,164359613.6,Beverages,164359613.6,165665972.4,173504125.20000002,178839517.4,168278690.0,170721364.86500004,2822057.547293132,6,9,3,38,2021,0
2021-10-01,Tennessee,145534816.1,Beverages,145534816.1,149299775.6,166972331.2,173888608.55714288,156478465.92857143,166682768.08785716,7599778.012081345,4,10,4,39,2021,0
2021-10-10,Tennessee,239728177.0,Beverages,239728177.0,229262248.0111111,166466674.07777777,168758236.5214286,208330390.03333333,175553607.56619045,22608990.648312405,6,10,4,40,2021,0
2021-10-17,Tennessee,237896333.2,Beverages,237896333.2,238158025.17142856,239728177.0,172449483.2714286,238681409.1142857,191376848.2711905,565319.2698583002,6,10,4,41,2021,0
2021-10-24,Tennessee,233290614.1,Beverages,233290614.1,233948573.97142857,237896333.2,166972331.2,235264493.7142857,206458357.69,1421355.7722149822,6,10,4,42,2021,0
2021-10-31,Tennessee,229313038.8,Beverages,229313038.8,229881263.84285715,233290614.1,145534816.1,231017713.92857143,223850848.89,1227506.3870177623,6,10,4,43,2021,0
2021-11-04,Tennessee,163283813.10000002,Beverages,163283813.10000002,179791119.52500004,231017713.92857143,187398532.05555555,205974697.4969388,226030200.11203703,26967888.73615762,3,11,4,44,2021,0
2021-11-07,Tennessee,176818978.79999998,Beverages,176818978.79999998,172307256.9,229313038.8,218796319.02222225,181300123.09285715,222427886.7987037,17453477.29658208,6,11,4,44,2021,0
2021-11-14,Tennessee,234007513.0,Beverages,234007513.0,225837722.4,176818978.79999998,238419717.1428572,209498141.2,215853922.06404763,17648764.812962554,6,11,4,45,2021,0
2021-11-21,Tennessee,238791206.1,Beverages,238791206.1,238107821.37142852,234007513.0,234606533.84285712,236741051.9142857,215904613.30071428,1476279.7410275938,6,11,4,46,2021,0
2021-11-28,Tennessee,220939629.8,Beverages,220939629.8,223489854.9857143,238791206.1,230449488.8857143,228590305.35714287,215070055.1197619,5509116.050384405,6,11,4,47,2021,0
2021-12-09,Tennessee,177280304.4,Beverages,177280304.4,181249333.9818182,205063511.47272727,193158560.0,189187393.1454546,217134637.84333333,8574083.848023208,3,12,4,49,2021,0
2021-12-12,Tennessee,227632844.9,Beverages,227632844.9,210848664.7333333,193156422.72727275,217667931.8,195068769.89870128,217269690.1966667,18025260.34046424,6,12,4,49,2021,0
2021-12-19,Tennessee,237893228.1,Beverages,237893228.1,236427459.07142857,227632844.9,237424436.6428572,233495921.0142857,217080952.72238097,3166422.999302588,6,12,4,50,2021,0
2021-12-26,Tennessee,232430155.9,Beverages,232430155.9,233210594.7857143,237893228.1,226040080.1714286,234771472.55714288,217440906.9795238,1685940.6830763028,6,12,4,51,2021,0
2022-01-05,Tennessee,255580296.4,Beverages,255580296.4,253265282.35,239375198.05,189187393.14545456,248635254.25,230193102.7631818,5001001.923735225,2,1,1,1,2022,0
2022-01-16,Tennessee,232413351.0,Beverages,232413351.0,234519436.9454545,247155952.61818185,234961690.0428572,238731608.83636364,241390997.16071427,4549665.633678945,6,1,1,2,2022,0
2022-01-23,Tennessee,215309648.5,Beverages,215309648.5,217753034.57142857,232413351.0,233991033.67142856,222639806.7142857,238270943.9145238,5278317.185006525,6,1,1,3,2022,0
2022-01-30,Tennessee,219249546.2,Beverages,219249546.2,218686703.67142856,215309648.5,244005226.15,217561018.6142857,233617956.89333332,1215878.827222101,6,1,1,4,2022,0
2022-02-01,Tennessee,224767189.1,Beverages,224767189.1,222008367.65,216435333.55714285,248635254.25,219627837.494898,232011958.97,2785602.8730235626,1,2,1,5,2022,0
2022-02-10,Tennessee,268423833.0,Beverages,268423833.0,263573094.78888887,234468665.52222225,242943780.72727272,253871618.36666664,231749895.66348484,10478792.180687267,3,2,1,6,2022,0
2022-02-13,Tennessee,225524007.40000004,Beverages,225524007.40000004,239823949.26666668,249020880.15555555,236625522.8909091,252008964.3619048,231859129.7065152,14754189.197857896,6,2,1,6,2022,0
2022-02-20,Tennessee,218613739.7,Beverages,218613739.7,219600920.8,225524007.40000004,220196420.6428572,221575283.0,230481737.3440476,2132554.910481096,6,2,1,7,2022,0
2022-02-27,Tennessee,233514025.50000003,Beverages,233514025.50000003,231385413.2428572,218613739.7,218123861.1428572,227128188.72857144,232876529.2640476,4598328.028660836,6,2,1,8,2022,0
2022-03-04,Tennessee,248168045.8,Beverages,248168045.8,245237241.74,229256800.98571432,229617927.3111111,239490232.4489796,236116611.07962963,6150261.888162898,4,3,1,9,2022,0
2022-03-07,Tennessee,281650880.9,Beverages,281650880.9,270489935.8666667,236444829.56000003,244170141.94444445,255222452.34857145,239233664.29296297,15894630.793577056,0,3,1,10,2022,0
2022-03-13,Tennessee,240827838.3,Beverages,240827838.3,247631678.7333333,270489935.8666667,254123891.13333336,261239359.6,239209963.0355556,14697975.20059003,6,3,1,10,2022,0
2022-03-20,Tennessee,239039594.2,Beverages,239039594.2,239295057.6428572,240827838.3,220588101.9,239805984.52857143,242559350.18666667,551864.1103182533,6,3,1,11,2022,0
2022-03-27,Tennessee,242009531.1,Beverages,242009531.1,241585254.4,239039594.2,229256800.98571432,240736701.0,246624162.3247619,916542.4256666052,6,3,1,12,2022,0
2022-04-09,Tennessee,279000553.2,Beverages,279000553.2,276155089.96153843,259082310.53076923,261239359.6,270464163.4846154,250391829.79666668,6146903.138435093,5,4,2,14,2022,0
2022-04-12,Tennessee,239754271.8,Beverages,239754271.8,252836365.6,267618700.24615383,240827838.3,265348361.4527473,250912298.4833333,14169529.35434235,1,4,2,15,2022,0
2022-04-17,Tennessee,252796422.5,Beverages,252796422.5,250187992.36,265918459.4,239550521.08571428,247212635.5,252165317.5247619,5098460.280003939,6,4,2,15,2022,0
2022-04-24,Tennessee,247631529.9,Beverages,247631529.9,248369371.7,252796422.5,241160977.7,249845055.3,254465937.9833333,1593920.4607321497,6,4,2,16,2022,0
2022-05-06,Tennessee,257824139.3,Beverages,257824139.3,256974755.1833333,251878450.4833333,270464163.4846154,255275986.95,253720596.1594872,1834879.4044723287,4,5,2,18,2022,0
2022-05-15,Tennessee,259908048.3,Beverages,259908048.3,259676502.8555556,258287230.1888889,247579562.22,259213411.9666667,254018897.352,500195.3283892392,6,5,2,19,2022,0
2022-05-22,Tennessee,274411658.90000004,Beverages,274411658.90000004,272339714.5285715,259908048.3,249107213.5,268195825.78571436,258067960.02333337,4475911.404244519,6,5,2,20,2022,0
2022-05-29,Tennessee,263543146.8,Beverages,263543146.8,265095791.3857143,274411658.90000004,251878450.4833333,268201080.55714288,262418235.0583333,3354095.652257847,6,5,2,21,2022,0
2022-06-02,Tennessee,224516170.9,Beverages,224516170.9,234272914.875,268201080.55714288,255275986.95,250270360.22959185,260438151.87,16506095.199718986,3,6,2,22,2022,0
2022-06-03,Tennessee,241950510.40000004,Beverages,241950510.40000004,224516170.9,266648435.9714286,256125371.06666663,246742085.1479592,259965656.51444447,14991911.89315676,4,6,2,22,2022,0
2022-06-11,Tennessee,247831243.4,Beverages,247831243.4,247096151.775,242685602.02500004,259213411.96666667,245625968.525,256481029.7505556,1587979.4037147642,5,6,2,23,2022,0
2022-06-19,Tennessee,276362609.1,Beverages,276362609.1,272796188.38750005,251397664.1125,270267770.1571429,265663346.9625,256527435.65761903,7704349.286377016,6,6,2,24,2022,0
2022-06-26,Tennessee,270841107.3,Beverages,270841107.3,271629893.2714286,276362609.1,266648435.9714286,273207465.21428573,257091844.23619047,1703972.449103757,6,6,2,25,2022,0
2022-07-08,Tennessee,279884066.8,Beverages,279884066.8,279130486.8416667,274609007.0916667,245625968.525,277623326.925,269121810.96750003,1627918.7684709565,4,7,3,27,2022,0
2022-07-17,Tennessee,269218064.2,Beverages,269218064.2,270403175.6,277513844.0,269229767.675,272773398.4,274537005.55125004,2560133.227362557,6,7,3,28,2022,0
2022-07-24,Tennessee,270085372.3,Beverages,270085372.3,269961471.14285713,269218064.2,272418679.2428572,269713668.82857144,273498859.8307143,267657.09043419274,6,7,3,29,2022,0
2022-07-31,Tennessee,273364369.90000004,Beverages,273364369.90000004,272895941.6714286,270085372.3,274609007.0916667,271959085.21428573,273356638.49916667,1011920.628362101,6,7,3,30,2022,0
2022-08-05,Tennessee,254369210.7,Beverages,254369210.7,258168242.54,272427513.44285715,278376906.8833333,265156669.06734696,270872893.0680556,7330874.37906683,4,8,3,31,2022,0
2022-08-14,Tennessee,281964916.1,Beverages,281964916.1,278898726.6111111,260501589.67777777,271588287.0,272766347.6333333,268948943.7766667,6623726.336552456,6,8,3,32,2022,0
2022-08-21,Tennessee,271716138.8,Beverages,271716138.8,273180249.8428572,281964916.1,269837569.9857143,276108471.92857146,270455251.28809524,3162841.340800138,6,8,3,33,2022,0
2022-08-28,Tennessee,273613651.49999994,Beverages,273613651.49999994,273342578.2571428,271716138.8,272427513.44285715,272800431.7714285,270858681.0890476,585585.1323531218,6,8,3,34,2022,0
2022-09-01,Tennessee,221163584.0,Beverages,221163584.0,234276100.875,272800431.7714285,265766306.22000003,254765310.28877547,266916597.1356667,21101700.57335885,3,9,3,35,2022,0
2022-09-10,Tennessee,258166826.7,Beverages,258166826.7,254055355.28888887,229386526.82222223,272766347.6333333,245832412.46666664,260595880.4161111,8881793.368105927,5,9,3,36,2022,0
2022-09-18,Tennessee,267283150.7,Beverages,267283150.7,266143610.2,259306367.2,274644360.8857143,263864529.2,256655846.3130952,2461688.8319313563,6,9,3,37,2022,0
2022-09-25,Tennessee,262818392.3,Beverages,262818392.3,263456214.92857143,267283150.7,273071505.0142857,264731860.1857143,254841840.98023808,1377854.355758923,6,9,3,38,2022,0
2022-10-04,Tennessee,252377517.50000003,Beverages,252377517.50000003,253537614.7,260498197.9,233497998.2333333,255857809.1,258665704.6211111,2506096.379370456,1,10,4,40,2022,0
2022-10-07,Tennessee,267019120.9,Beverages,267019120.9,262138586.4333333,257017906.3,245832412.46666667,257555201.7857143,260707469.15888888,5238595.371131747,4,10,4,40,2022,0
2022-10-16,Tennessee,257083138.2,Beverages,257083138.2,258187136.27777776,264811124.7444445,265004069.7,260395132.4333333,261320629.0933333,2384908.424526008,6,10,4,41,2022,0
2022-10-23,Tennessee,249615671.2,Beverages,249615671.2,250682452.2,257083138.2,264094037.55714285,252816014.2,258301859.90761903,2304510.3476495114,6,10,4,42,2022,0
2022-10-30,Tennessee,244890146.7,Beverages,244890146.7,245565221.62857145,249615671.2,257017906.3,246915371.48571423,255149942.89666665,1458328.5213358705,6,10,4,43,2022,0
2022-11-09,Tennessee,267382745.3,Beverages,267382745.3,265133485.44,251637926.28,263707126.66666663,260634965.72,254326308.6488889,4858956.638659157,2,11,4,45,2022,0
2022-11-12,Tennessee,243035327.1,Beverages,243035327.1,251151133.16666663,258385705.86,260395132.4333333,258498403.0771429,253291508.91444445,8567729.525020398,5,11,4,45,2022,0
2022-11-13,Tennessee,248078954.6,Beverages,248078954.6,243035327.1,260634965.72,259291134.3555556,256704687.2028571,252917769.58925924,9326610.901615266,6,11,4,45,2022,0
2022-11-20,Tennessee,252021987.9,Beverages,252021987.9,251458697.42857143,248078954.6,251749233.2,250332116.4857143,251839121.75333336,1216846.4943796203,6,11,4,46,2022,0
2022-11-27,Tennessee,244384957.4,Beverages,244384957.4,245475961.75714287,252021987.9,246240296.55714285,247657970.4714286,251684303.0142857,2356838.7798129525,6,11,4,47,2022,0
2022-12-06,Tennessee,260960599.2,Beverages,260960599.2,259118861.2222222,248068433.3555556,260634965.72,255435385.26666665,252173541.49066663,3978608.7561214906,1,12,4,49,2022,0
2022-12-18,Tennessee,255439196.2,Beverages,255439196.2,255899313.11666664,258660014.61666664,250895406.9571429,256819546.95,253835579.1709524,993966.1425909247,6,12,4,50,2022,0
2022-12-25,Tennessee,260271336.8,Beverages,260271336.8,259581031.0,255439196.2,246566966.1142857,258200419.4,255841491.7152381,1491230.9641144343,6,12,4,51,2022,0
2023-01-01,Tennessee,238471494.0,Beverages,238471494.0,241585757.25714284,260271336.8,253593647.28888887,247814283.77142856,255684432.06777775,6727577.545369551,6,1,1,52,2023,0
2023-01-15,Tennessee,241146884.0,Beverages,241146884.0,240955784.7142857,239809189.0,256359430.03333333,240573586.14285716,247070259.0838889,412821.6393850868,6,1,1,2,2023,0
2023-01-22,Tennessee,227700587.2,Beverages,227700587.2,229621486.7428572,241146884.0,258890725.2,233463285.8285714,241582056.53333333,4149617.281642479,6,1,1,3,2023,0
2023-01-29,Tennessee,232326867.9,Beverages,232326867.9,231665970.65714285,227700587.2,244700020.5142857,230344176.1714286,236179194.20857143,1427701.2197310354,6,1,1,4,2023,0
2023-02-04,Tennessee,261110231.7,Beverages,261110231.7,256313004.4,231665970.65714285,239235891.1428572,246718549.8,238140819.56142855,10363195.400871446,5,2,1,5,2023,0
2023-02-19,Tennessee,243855297.2,Beverages,243855297.2,245005626.16666663,251907599.96666667,231542386.28571427,247306284.1,244768276.2447619,2484994.5835987804,6,2,1,7,2023,0
2023-02-26,Tennessee,246705711.5,Beverages,246705711.5,246298509.4571429,243855297.2,231005073.4142857,245484105.37142852,248523285.21190476,879656.9505045522,6,2,1,8,2023,0
2023-03-19,Tennessee,261497089.6,Beverages,261497089.6,260792738.26190475,256566630.2333333,246155955.13333333,259384035.5857143,251692492.05222225,1521572.7942349396,6,3,1,11,2023,0
2023-03-26,Tennessee,250826660.8,Beverages,250826660.8,252351007.77142856,261497089.6,245891307.4142857,255399701.7142857,254144241.11857143,3292965.8187339976,6,3,1,12,2023,0
2023-04-16,Tennessee,263975661.3,Beverages,263975661.3,263349518.4190476,259592661.13333336,260088386.9238096,262097232.65714288,257402887.40539685,1352623.2171759189,6,4,2,15,2023,0
2023-04-23,Tennessee,264857798.7,Beverages,264857798.7,264731779.07142857,263975661.3,253875354.7428572,264479739.81428573,258884490.9857143,272233.51175980346,6,4,2,16,2023,0
2023-04-30,Tennessee,265892238.1,Beverages,265892238.1,265744461.0428572,264857798.7,253957375.20476192,265448906.92857143,261932465.4095238,319234.92939005105,6,4,2,17,2023,0
2023-05-02,Tennessee,238263896.0,Beverages,238263896.0,252078067.05,265153352.8142857,255209660.96666667,259760768.9969388,261284091.5427778,10736599.06751085,1,5,2,18,2023,0
2023-05-03,Tennessee,263365664.6,Beverages,263365664.6,238263896.0,265301129.8714285,255835803.84761903,259484273.9581633,261535086.9011905,10594116.955201847,2,5,2,18,2023,0
2023-07-05,Tennessee,273499572.6,Beverages,273499572.6,273338716.9174603,272373582.82222223,268673902.1238095,273017005.552381,271167165.20317465,347487.9893516132,2,7,3,27,2023,0
2023-08-01,Tennessee,234174812.7,Beverages,234174812.7,235631285.28888887,244370120.82222223,273017005.552381,238544230.46666664,255131932.41174605,3146340.39430334,1,8,3,31,2023,0
2023-09-04,Tennessee,262632907.6,Beverages,262632907.6,261795904.8088236,256773888.0617647,237522823.86470583,260121899.22647056,250496367.1279412,1808132.6844684924,0,9,3,36,2023,0
2023-12-02,Tennessee,244895146.6,Beverages,244895146.6,245094447.28539324,246290251.3977528,250874167.16179776,245493048.65617976,247785006.53820223,430538.68762846105,5,12,4,48,2023,0
2023-12-03,Tennessee,272208645.5,Beverages,272208645.5,244895146.6,246090950.71235955,250674866.4764045,249224147.911557,248502799.1723221,10140924.494736351,6,12,4,48,2023,0
2019-03-11,Texas,481478332.5,Beverages,481478332.5,481329546.1862069,480436828.30344826,477014743.0862069,481031973.5586208,479320930.95,321415.1730569313,0,3,1,11,2019,0
2019-06-10,Texas,541078907.1999999,Beverages,541078907.1999999,540423955.8296703,536494247.6076922,521430366.0901098,539114053.089011,531582112.3302197,1414856.6670603016,0,6,2,24,2019,0
2019-08-12,Texas,471710634.7,Beverages,471710634.7,472811718.39047617,479418220.5333333,504743145.41428566,475013885.7714286,487676348.2119048,2378612.628401563,0,8,3,33,2019,0
2019-10-11,Texas,483320678.6,Beverages,483320678.6,483127177.8683333,481966173.47833335,477515656.65,482740176.405,480514917.9908333,418009.355600333,4,10,4,41,2019,0
2019-10-13,Texas,514652477.1,Beverages,514652477.1,498986577.85,482353174.94166666,477902658.1133333,489758205.804762,482449159.306,12504219.134395938,6,10,4,41,2019,0
2019-10-20,Texas,484212181.2,Beverages,484212181.2,488560794.9,514652477.1,479257163.235,497258022.3,486784810.26666665,9394079.262413884,6,10,4,42,2019,0
2019-10-27,Texas,483599434.6,Beverages,483599434.6,483686969.8285714,484212181.2,480611668.3566667,483862040.2857143,487678680.8956111,189097.70604579116,6,10,4,43,2019,0
2019-11-17,Texas,478104629.4,Beverages,478104629.4,478366286.79047614,479936231.1333333,492909408.6,478889601.5714286,481831750.9166667,565244.5664716386,6,11,4,46,2019,0
2019-11-24,Texas,490235898.7000001,Beverages,490235898.7000001,488502860.22857153,478104629.4,483774505.05714285,485036783.2857143,481922971.89428574,3743790.984561188,6,11,4,47,2019,0
2019-12-15,Texas,481564975.9,Beverages,481564975.9,481977876.9857143,484455283.5,478627944.1809524,482803679.1571428,485043404.0363493,891968.2901859888,6,12,4,50,2019,0
2019-12-22,Texas,507804111.7,Beverages,507804111.7,504055663.7285714,481564975.9,486769821.7571429,496558767.7857143,488474128.5109524,8097573.10809968,6,12,4,51,2019,0
2019-12-29,Texas,467525421.5,Beverages,467525421.5,473279520.1,507804111.7,488171393.27142864,484787717.3,487467104.6761905,12430273.659889547,6,12,4,52,2019,0
2020-01-03,Texas,492419825.5,Beverages,492419825.5,487440944.7,479033618.7,486106887.8428572,479016465.87142855,486722000.3238096,8871395.198509498,4,1,1,1,2020,0
2020-01-11,Texas,499850543.9,Beverages,499850543.9,498921704.1,493348665.3,482803679.1571429,497064024.5,490015539.42857146,2006523.2980506443,5,1,1,2,2020,0
2020-01-19,Texas,461142927.4,Beverages,461142927.4,465981379.4625,495012091.8375,500307215.7571429,475658283.5875,487170034.3259524,10452251.066244734,6,1,1,3,2020,0
2020-01-26,Texas,452238816.5,Beverages,452238816.5,453510832.3428571,461142927.4,479033618.7,456054864.0285714,478097207.435,2747868.28059771,6,1,1,4,2020,0
2020-02-02,Texas,471958589.5,Beverages,471958589.5,469141479.0714286,452238816.5,492419825.5,463507258.2142857,474478392.315,6085654.06877993,6,2,1,5,2020,0
2020-02-08,Texas,566934224.8,Beverages,566934224.8,551104952.25,469141479.0714286,497992864.3,519446407.15,480816448.04,34195136.94699172,5,2,1,6,2020,0
2020-02-16,Texas,458900855.1,Beverages,458900855.1,472405026.3125,553430053.5875,470819831.525,499413368.7375001,485918301.9287501,29172343.991705183,6,2,1,7,2020,0
2020-02-23,Texas,457236539.8,Beverages,457236539.8,457474299.12857145,458900855.1,454782848.1857143,457949817.7857143,485647969.2047619,513618.85231594497,6,2,1,8,2020,0
2020-03-05,Texas,538277574.9,Beverages,538277574.9,530910208.07272726,486706007.1090909,503617134.6,516175474.4181818,498119392.3850001,15915331.345869156,3,3,1,10,2020,0
2020-03-15,Texas,587593531.4,Beverages,587593531.4,582661935.75,553072361.85,485909197.525,572798744.4499999,510227208.8020833,10653464.212352704,6,3,1,11,2020,0
2020-03-22,Texas,553455242.6999999,Beverages,553455242.6999999,558332141.0857142,587593531.4,457712058.4571429,568085937.8571428,535372468.7359524,10535304.616769647,6,3,1,12,2020,0
2020-03-29,Texas,498719329.1,Beverages,498719329.1,506538745.3285714,553455242.6999999,494073373.9363637,522177577.7857142,546833768.874697,16891869.663431242,6,3,1,13,2020,0
2020-04-10,Texas,555993588.9,Beverages,555993588.9,551220733.9166666,522583604.01666665,567867148.8,541675023.95,543651459.97,10310545.179364003,4,4,2,15,2020,0
2020-04-19,Texas,511736396.4,Beverages,511736396.4,516653862.2333333,546158657.2333333,563209039.4714285,526488793.9,530220046.7928571,10622940.319704665,6,4,2,16,2020,0
2020-04-26,Texas,515487729.8,Beverages,515487729.8,514951825.0285714,511736396.4,514358161.55714285,513880015.4857143,524732971.9442857,1157686.620881375,6,4,2,17,2020,0
2020-05-01,Texas,452390588.7000001,Beverages,452390588.7000001,465010016.9200001,514415920.2571429,513037894.05,488369540.0755102,520002773.08,24533181.50782384,4,5,2,18,2020,0
2020-05-04,Texas,490671369.0,Beverages,490671369.0,477911108.9,502868301.58,527356459.0,474144607.2600001,515535523.5683333,14120774.443522906,0,5,2,19,2020,0
2020-05-07,Texas,601072950.9,Beverages,601072950.9,564272423.6,465010016.9200001,541675023.95,511277312.3142857,518272549.0316667,55177302.64669026,3,5,2,19,2020,0
2020-05-17,Texas,542776799.5,Beverages,542776799.5,548606414.64,583584105.48,521571328.06666666,560265644.92,527678295.5511112,12593408.031286445,6,5,2,20,2020,0
2020-05-24,Texas,579200968.3000001,Beverages,579200968.3000001,573997515.6142858,542776799.5,514415920.2571429,563590610.2428572,539345744.2009524,11240742.53085218,6,5,2,21,2020,0
2020-05-31,Texas,544491664.1999999,Beverages,544491664.1999999,549450136.2142856,579200968.3000001,452390588.7000001,559367080.2428571,555911836.9066666,10711523.794968609,6,5,2,22,2020,0
2020-06-09,Texas,578186224.6999999,Beverages,578186224.6999999,574442384.6444443,551979344.3111111,583584105.48,566954704.5333332,561715370.938,8087618.872127029,1,6,2,24,2020,0
2020-06-12,Texas,486652317.9,Beverages,486652317.9,517163620.1666666,563210864.4777777,566095260.06,548824674.1380951,556239245.4346666,34628211.286410965,4,6,2,24,2020,0
2020-06-14,Texas,584731655.7,Beverages,584731655.7,535691986.8,570698544.5888888,554436029.78,546363301.763492,556429977.6946666,36071420.39202564,6,6,2,24,2020,0
2020-06-21,Texas,575978458.1999999,Beverages,575978458.1999999,577228914.9857142,584731655.7,568794062.9285715,579729828.5571429,562256304.2938094,2701295.3942762343,6,6,2,25,2020,0
2020-06-28,Texas,558015179.1,Beverages,558015179.1,560581361.8285714,575978458.1999999,554408608.2285714,565713727.2857143,561761965.8204762,5543588.282873921,6,6,2,26,2020,0
2020-07-06,Texas,577567532.9000001,Beverages,577567532.9000001,575123488.6750001,560459223.325,566954704.5333333,570235400.225,565515119.0911111,5279738.959229069,0,7,3,28,2020,0
2020-07-19,Texas,586136878.3,Beverages,586136878.3,585477697.8846153,581522615.3923078,578479371.7714286,584159337.0538461,574455794.4861904,1423992.4485608314,6,7,3,29,2020,0
2020-07-26,Texas,558759619.6,Beverages,558759619.6,562670656.5571429,586136878.3,563147544.5571429,570492730.4714285,574417200.8209525,8448805.46038216,6,7,3,30,2020,0
2020-08-03,Texas,513987489.4,Beverages,513987489.4,519584005.675,553163103.325,572679444.45,530777038.225,566103528.3758333,12089856.930898458,0,8,3,32,2020,0
2020-08-11,Texas,515400731.9,Beverages,515400731.9,515224076.5875,514164144.7125,581522615.3923078,514870765.9625,548980878.3342308,381619.09107692936,1,8,3,33,2020,0
2020-08-16,Texas,612342531.7,Beverages,612342531.7,592954171.74,515047421.275,584818517.4692308,556921981.0553572,547325154.1911539,37874573.47124028,6,8,3,33,2020,0
2020-08-23,Texas,594962351.0,Beverages,594962351.0,597445233.9571428,612342531.7,566581693.5142857,602410999.8714286,553099940.3835714,5363640.209925434,6,8,3,34,2020,0
2020-08-30,Texas,587830950.8000001,Beverages,587830950.8000001,588849722.2571429,594962351.0,530777038.225,590887265.1714286,563264281.2558334,2200797.881586844,6,8,3,35,2020,0
2020-09-02,Texas,461755209.1,Beverages,461755209.1,503780456.3333334,591906036.6285715,513987489.4,552682542.9918368,561683926.3216667,51788602.67813632,2,9,3,36,2020,0
2020-09-08,Texas,598101048.0,Beverages,598101048.0,575376741.5166667,503780456.3333334,515047421.275,529928128.5500001,567020826.08125,49090112.62321092,1,9,3,37,2020,0
2020-09-13,Texas,558426369.7,Beverages,558426369.7,566361305.36,552652435.0333333,573565811.78,577851284.9452381,572964960.7863333,13595342.30775186,6,9,3,37,2020,0
2020-09-20,Texas,552604068.7,Beverages,552604068.7,553435825.9857143,558426369.7,599928116.9142858,555099340.557143,561495936.3302381,1796801.0975936584,6,9,3,38,2020,0
2020-09-27,Texas,535440642.9,Beverages,535440642.9,537892560.8714286,552604068.7,589868493.7142857,542796396.8142858,549750503.3169048,5296748.195536739,6,9,3,39,2020,0
2020-10-05,Texas,534010976.8,Beverages,534010976.8,534189685.0625,535261934.6375,529928128.55,534547101.5875,551999107.9000001,386053.97003930336,0,10,4,41,2020,0
2020-10-18,Texas,537675845.5,Beverages,537675845.5,537393932.5230769,535702454.6615385,554267583.2714286,536830106.56923074,538350103.2478572,609001.6343600265,6,10,4,42,2020,0
2020-10-25,Texas,517086066.7000001,Beverages,517086066.7000001,520027463.6714287,537675845.5,540344478.8428571,525910257.61428577,533319781.0707143,6354143.687640435,6,10,4,43,2020,0
2020-11-10,Texas,553150408.6999999,Beverages,553150408.6999999,550896387.3249999,537372259.075,535702454.6615385,546388344.5749999,533970217.44948727,4869242.686687795,1,11,4,46,2020,0
2020-11-15,Texas,515212246.4,Beverages,515212246.4,522799878.86,548642365.9499999,537112019.5461539,536569193.2321428,532943437.07076925,14416384.294505954,6,11,4,46,2020,0
2020-11-22,Texas,539488247.5999999,Beverages,539488247.5999999,536020247.42857134,515212246.4,522968860.6428572,529084247.0857142,532418826.35904765,7491736.61769087,6,11,4,47,2020,0
2020-11-29,Texas,496499364.8,Beverages,496499364.8,502640633.7714286,539488247.5999999,528356173.5750001,514923171.7142857,530689093.6091667,13266657.254336912,6,11,4,48,2020,0
2020-12-01,Texas,466671049.1,Beverages,466671049.1,481585206.9500001,527205709.6571428,532864216.3250001,498880824.2520408,526848488.435,19165579.45643125,1,12,4,49,2020,0
2020-12-04,Texas,502582829.7,Beverages,502582829.7,490612236.1666667,508781902.7428571,539626280.45,488461851.8744898,522172486.14416665,13467426.616195936,4,12,4,49,2020,0
2020-12-07,Texas,586230214.1999999,Beverages,586230214.1999999,558347752.6999999,481585206.9500001,546388344.5749999,516221573.67142856,523593829.0941666,43947065.51432582,0,12,4,50,2020,0
2020-12-13,Texas,509601473.8,Beverages,509601473.8,522372930.5333333,558347752.6999999,530387511.31999993,547915844.0,523012699.11033326,27589499.80989072,6,12,4,50,2020,0
2020-12-20,Texas,524094562.8,Beverages,524094562.8,522024121.51428574,509601473.8,532552247.2571428,517883238.9428572,521649009.5359524,4472664.368003583,6,12,4,51,2020,0
2020-12-27,Texas,499021080.6,Beverages,499021080.6,502603006.62857145,524094562.8,508781902.7428571,509766858.6857143,517900253.2807143,7737844.597353069,6,12,4,52,2020,0
2021-01-08,Texas,613570624.0,Beverages,613570624.0,604024828.7166667,546750057.0166667,560687300.7333333,584933238.15,534713677.2766666,20621274.663791325,4,1,1,1,2021,0
2021-01-17,Texas,492394555.4,Beverages,492394555.4,505858563.0222222,586642608.7555555,519953680.2285714,532786578.2666667,542118898.9138095,29085580.720336728,6,1,1,2,2021,0
2021-01-24,Texas,481922319.7,Beverages,481922319.7,483418353.37142855,492394555.4,506184932.6571429,486410420.7142857,535185910.1509524,3231802.10019906,6,1,1,3,2021,0
2021-01-31,Texas,494403061.7,Beverages,494403061.7,492620098.55714285,481922319.7,546750057.0166667,489054172.2714285,527968003.0316666,3851640.6012204313,6,1,1,4,2021,0
2021-02-05,Texas,562123904.9,Beverages,562123904.9,548579736.26,490837135.4142857,594479033.4333334,523171571.1938775,521242690.4905555,26768254.5697179,4,2,1,5,2021,0
2021-02-14,Texas,498618693.2,Beverages,498618693.2,505674827.8333333,548011635.6333333,519322570.64444447,519787097.1,508109073.10074073,15242992.963896418,6,2,1,6,2021,0
2021-02-21,Texas,505144380.4,Beverages,505144380.4,504212139.37142855,498618693.2,484914387.0428571,502347657.31428576,510730680.1290476,2013870.7915269893,6,2,1,7,2021,0
2021-02-28,Texas,544512376.5,Beverages,544512376.5,538888377.0571429,505144380.4,490837135.4142857,527640378.17142856,520456877.7452381,12149227.359049847,6,2,1,8,2021,0
2021-03-01,Texas,485954921.4,Beverages,485954921.4,544512376.5,510768379.8428571,492620098.55714285,524095598.3938776,520234705.1733333,19367830.22383281,0,3,1,9,2021,0
2021-03-10,Texas,846360995.6999999,Beverages,846360995.6999999,806315876.3333333,566045160.1333333,540955501.0,726225637.6,565635000.42,86507344.95072065,2,3,1,10,2021,0
2021-03-14,Texas,626790164.6999999,Beverages,626790164.6999999,681682872.4499999,726225637.5999999,512730962.4666666,750780647.7571428,590410208.6744444,75790411.06797802,6,3,1,10,2021,0
2021-03-21,Texas,593057395.8000001,Beverages,593057395.8000001,597876362.7857144,626790164.6999999,503279898.3428571,607514296.7571429,615117857.8357143,10410158.489540622,6,3,1,11,2021,0
2021-03-28,Texas,530931011.9,Beverages,530931011.9,539806209.6,593057395.8000001,533264377.6142857,557556605.0,624566451.8885714,19172618.3136036,6,3,1,12,2021,0
2021-04-04,Texas,532237092.7,Beverages,532237092.7,532050509.7285714,530931011.9,646135398.8666666,531677343.7857143,618170280.2977778,403065.2855426315,6,4,2,13,2021,0
2021-04-07,Texas,639236238.0,Beverages,639236238.0,603569856.2333333,531490760.8142857,766270756.9666666,562648348.8102041,605904702.1611112,43466168.71013825,2,4,2,14,2021,0
2021-04-18,Texas,534217660.5,Beverages,534217660.5,543764803.9090909,601047664.3636364,602695329.7714286,562859090.7272727,567592270.7261904,20624186.94827906,6,4,2,15,2021,0
2021-04-25,Texas,546096314.1999999,Beverages,546096314.1999999,544399363.6714286,534217660.5,548681407.3,541005462.6142857,559723786.2666667,3665832.11790322,6,4,2,16,2021,0
2021-05-09,Texas,640916100.4,Beverages,640916100.4,634143258.5285714,593506207.3,620141951.1818181,620597574.7857143,576506371.360909,14631010.653355598,6,5,2,18,2021,0
2021-05-12,Texas,767109221.8,Beverages,767109221.8,725044848.0,613824732.9142857,591500520.9545455,671165984.910204,588906089.7245454,56285836.63269997,2,5,2,19,2021,0
2021-05-16,Texas,570427144.9,Beverages,570427144.9,619597664.125,640916100.4,553311947.3181819,678838034.1357143,599112791.2319697,66878794.02318104,6,5,2,19,2021,0
2021-05-23,Texas,583267375.8,Beverages,583267375.8,581433057.0999999,570427144.9,542702413.1428571,577764419.6999999,608106988.3340477,3962581.284334933,6,5,2,20,2021,0
2021-05-30,Texas,593132908.9,Beverages,593132908.9,591723547.0285714,583267375.8,579960523.5571429,588904823.2857143,614765784.5359522,3044569.6130141825,6,5,2,21,2021,0
2021-06-06,Texas,606902920.0,Beverages,606902920.0,604935775.5571429,593132908.9,627370416.6571429,601001486.6714286,613354023.5159523,4249517.683514499,6,6,2,22,2021,0
2021-06-13,Texas,635379158.1,Beverages,635379158.1,631311124.0857143,606902920.0,668768183.3499999,623175056.0571429,597531510.3008333,8787957.86630988,6,6,2,23,2021,0
2021-06-20,Texas,644970852.1,Beverages,644970852.1,643600610.1,635379158.1,579598738.4,640860126.1,611409695.9233334,2960061.032067504,6,6,2,24,2021,0
2021-06-27,Texas,611761164.4000001,Beverages,611761164.4000001,616505405.5000001,644970852.1,590314185.1571429,625993887.7,620735678.387619,10248732.126621297,6,6,2,25,2021,0
2021-07-02,Texas,508609492.8,Beverages,508609492.8,529239827.12,621249646.6,599034342.2285714,568231053.8714286,613178770.3180953,41164309.67017323,4,7,3,26,2021,0
2021-07-03,Texas,547202849.3,Beverages,547202849.3,508609492.8,616505405.5000001,601001486.6714286,558330688.7,611385482.4057143,35573056.49968063,5,7,3,26,2021,0
2021-07-11,Texas,798078686.2,Beverages,798078686.2,766719206.5875001,578562328.9124999,627243090.0714285,704000247.3625001,631259536.5245239,67744218.60187611,6,7,3,27,2021,0
2021-07-18,Texas,626723671.5,Beverages,626723671.5,651202959.3142858,798078686.2,642230368.1,700161534.9428571,645825904.5883334,52881305.60203031,6,7,3,28,2021,0
2021-07-25,Texas,607071959.7,Beverages,607071959.7,609879347.1,626723671.5,621249646.6,615494121.9,641365796.1583333,6064649.926470751,6,7,3,29,2021,0
2021-08-08,Texas,628737507.9,Beverages,628737507.9,627189968.7428571,617904733.8,735359726.975,624094890.4285715,647862884.5995833,3343066.6660496527,6,8,3,31,2021,0
2021-08-15,Texas,654731719.9,Beverages,654731719.9,651018261.0428572,628737507.9,675682247.1285714,643591343.3285714,625100797.8238094,8021987.982463523,6,8,3,32,2021,0
2021-08-22,Texas,643350116.9,Beverages,643350116.9,644976060.1857142,654731719.9,612686734.5,648227946.7571429,630706179.4899999,3512438.9417109424,6,8,3,33,2021,0
2021-08-29,Texas,633347096.0,Beverages,633347096.0,634776098.9857143,643350116.9,614809655.4857143,637634104.9571428,636969997.5580952,3086999.2692551026,6,8,3,34,2021,0
2021-09-05,Texas,585712657.5999999,Beverages,585712657.5999999,592517577.3714285,633347096.0,625642429.5857142,606127416.9142857,633499772.0114286,14700306.837369423,6,9,3,35,2021,0
2021-09-19,Texas,605126911.5,Beverages,605126911.5,603740179.0785714,595419784.55,646602003.4714285,600966714.2357142,611341364.6945237,2995684.4137993148,6,9,3,37,2021,0
2021-09-26,Texas,576513741.4,Beverages,576513741.4,580601337.1285714,605126911.5,636205101.9714285,588776528.5857142,599267830.8045238,8830215.998933109,6,9,3,38,2021,0
2021-10-01,Texas,495592761.1,Beverages,495592761.1,511776957.16,584688932.8571428,612932336.6857142,542417263.5183674,583016857.5292857,32364514.84594288,4,10,4,39,2021,0
2021-10-10,Texas,860378788.0,Beverages,860378788.0,819847007.2333333,576656322.6333333,592646319.7071428,738783445.7,614724209.5642856,87558653.73116356,6,10,4,40,2021,0
2021-10-17,Texas,821470951.3,Beverages,821470951.3,827029213.6857142,860378788.0,602353446.6571429,838145738.4571428,670713123.6792856,12007219.085211966,6,10,4,41,2021,0
2021-10-24,Texas,816123888.0999999,Beverages,816123888.0999999,816887754.2714285,821470951.3,584688932.8571428,818415486.6142856,722570480.1509525,1650139.5286811406,6,10,4,42,2021,0
2021-10-31,Texas,803785397.5000001,Beverages,803785397.5000001,805548039.0142858,816123888.0999999,495592761.1,809073322.0428572,784790227.14,3807740.866213448,6,10,4,43,2021,0
2021-11-04,Texas,542908685.6,Beverages,542908685.6,608127863.575,809073322.0428572,657719884.1666667,711370561.0418367,790632259.0794444,106331443.93394084,3,11,4,44,2021,0
2021-11-07,Texas,604727976.9,Beverages,604727976.9,584121546.4666667,803785397.5000001,779315226.4666667,616473492.8071429,775166069.1561111,67837870.56550376,6,11,4,44,2021,0
2021-11-14,Texas,813596079.7000002,Beverages,813596079.7000002,783757779.3000002,604727976.9,832587476.0714285,724081178.5000001,747493484.1578572,64458095.92453776,6,11,4,45,2021,0
2021-11-21,Texas,825496999.4,Beverages,825496999.4,823796868.0142857,813596079.7000002,817651620.442857,820396605.2428571,747439461.0840477,3672703.554798765,6,11,4,46,2021,0
2021-11-28,Texas,753648978.6,Beverages,753648978.6,763912981.5714285,825496999.4,807310680.5285715,784440987.5142858,740902642.832143,22172780.59518941,6,11,4,47,2021,0
2021-12-09,Texas,605811948.9,Beverages,605811948.9,619251678.8727273,699890058.709091,664404577.7,646131138.8181819,746885904.34,29033135.003295746,3,12,4,49,2021,0
2021-12-12,Texas,797449709.4000001,Beverages,797449709.4000001,733570455.9000001,659570868.790909,753919478.9000001,672085363.3051949,747834832.08,69415940.7412343,6,12,4,49,2021,0
2021-12-19,Texas,818184291.3000001,Beverages,818184291.3000001,815222208.1714287,797449709.4000001,822096736.6285715,809298041.9142858,746976500.917143,6398830.894527398,6,12,4,50,2021,0
2021-12-26,Texas,790855957.2,Beverages,790855957.2,794760004.9285715,818184291.3000001,774176984.5428572,802568100.3857143,746815097.012381,8433707.001071734,6,12,4,51,2021,0
2022-01-05,Texas,850167886.7,Beverages,850167886.7,844236693.75,808649536.0500001,646131138.8181818,832374307.8500001,785876819.4889395,12812841.180423325,2,1,1,1,2022,0
2022-01-16,Texas,773239165.0999999,Beverages,773239165.0999999,780232685.2454544,822193806.1181818,812260125.0428572,794219725.5363636,812547760.3507143,15107730.210619949,6,1,1,2,2022,0
2022-01-23,Texas,757025431.4000001,Beverages,757025431.4000001,759341679.0714287,773239165.0999999,798664052.6571429,763974174.4142857,801949493.0459523,5003666.850681187,6,1,1,3,2022,0
2022-01-30,Texas,765830589.8000001,Beverages,765830589.8000001,764572710.0285715,757025431.4000001,820511921.95,762056950.4857142,792133993.4133333,2717330.876270685,6,1,1,4,2022,0
2022-02-01,Texas,756947880.9,Beverages,756947880.9,761389235.35,759541190.9428573,832374307.85,762130181.0765307,787451316.53,2893810.0402157228,1,2,1,5,2022,0
2022-02-10,Texas,919216522.6,Beverages,919216522.6,901186673.5222224,793007579.0555556,808206765.8272727,865126975.3666667,792018671.8034848,38948925.56817959,3,2,1,6,2022,0
2022-02-13,Texas,782679656.7000002,Beverages,782679656.7000002,828191945.3333335,847097126.2888889,787226205.3909091,864751833.1333334,795415893.7831819,46161667.81154411,6,2,1,6,2022,0
2022-02-20,Texas,782777958.4,Beverages,782777958.4,782763915.3,782679656.7000002,761657926.7428572,782735829.1,798556788.547381,30336.575653456937,6,2,1,7,2022,0
2022-02-27,Texas,802452110.0,Beverages,802452110.0,799641516.9142857,782777958.4,763314830.2571429,794020330.7428571,806482783.5859524,6071574.999147068,6,2,1,8,2022,0
2022-03-04,Texas,850032373.9,Beverages,850032373.9,840516321.12,796830923.8285714,774977729.9777777,822442138.3734695,817525556.7740741,19110338.044452563,4,3,1,9,2022,0
2022-03-07,Texas,966249951.9,Beverages,966249951.9,927510759.2333332,811968162.78,829067277.2111111,875080779.5171427,829172889.8840741,54598482.820732445,0,3,1,10,2022,0
2022-03-13,Texas,812675553.6999999,Beverages,812675553.6999999,838271286.7333332,927510759.2333332,873704233.9666667,889462752.8000001,828189588.601111,55293102.92490991,6,3,1,10,2022,0
2022-03-20,Texas,833042209.5999999,Beverages,833042209.5999999,830132687.3285713,812675553.6999999,782749872.2,824313642.7857143,836380087.5166667,6285286.465852103,6,3,1,11,2022,0
2022-03-27,Texas,827095884.5,Beverages,827095884.5,827945359.5142857,833042209.5999999,796830923.8285714,829644309.542857,845910741.0104762,1835075.7660008967,6,3,1,12,2022,0
2022-04-09,Texas,971086409.4,Beverages,971086409.4,960010215.176923,893553049.8384615,889462752.8,937857826.7307692,861756656.6433333,23927314.228343043,5,4,2,14,2022,0
2022-04-12,Texas,828531180.9,Beverages,828531180.9,876049590.4,926781632.5076925,812675553.6999999,920862463.3516484,865534487.01,51108422.62877678,1,4,2,15,2022,0
2022-04-17,Texas,870295163.3000001,Beverages,870295163.3000001,861942366.82,923567999.9,827223165.0571427,853218374.7142857,870898728.6476191,17459968.35355304,6,4,2,15,2022,0
2022-04-24,Texas,839737382.2,Beverages,839737382.2,844102779.5,870295163.3000001,828794834.5285714,852833574.1,876038435.2804761,9430335.982320623,6,4,2,16,2022,0
2022-05-06,Texas,909654384.0,Beverages,909654384.0,903827967.1833334,868869466.2833333,937857826.7307692,892175133.5500001,875909046.174359,12586498.86325643,4,5,2,18,2022,0
2022-05-15,Texas,898767553.8,Beverages,898767553.8,899977201.5999999,907235088.4,853589570.34,902396497.2,878861231.7306668,2613137.909580498,6,5,2,19,2022,0
2022-05-22,Texas,895583946.8999999,Beverages,895583946.8999999,896038747.8857142,898767553.8,848468176.8000001,896948349.8571427,887541433.7933333,982482.4197411695,6,5,2,20,2022,0
2022-05-29,Texas,920017258.3,Beverages,920017258.3,916526785.2428572,895583946.8999999,868869466.2833333,909545839.1285714,900771352.0916668,7540283.599437122,6,5,2,21,2022,0
2022-06-02,Texas,777748295.9,Beverages,777748295.9,813315536.5,909545839.1285714,892175133.55,867710997.5612246,893793171.8883332,56065676.87462309,3,6,2,22,2022,0
2022-06-03,Texas,816625521.8,Beverages,816625521.8,777748295.9,913036312.1857142,898001550.3666667,853938027.5061225,891080637.6027777,54905433.09398487,4,6,2,22,2022,0
2022-06-11,Texas,847475436.3000001,Beverages,847475436.3000001,843619196.9875001,820481761.1125,902396497.2,835906718.3625,871941395.545,8330429.0184915,5,6,2,23,2022,0
2022-06-19,Texas,969023692.4,Beverages,969023692.4,953830160.3875,862668968.3125,896493548.8714285,923443096.3625,876602171.6728572,32821780.422005866,6,6,2,24,2022,0
2022-06-26,Texas,940907761.6,Beverages,940907761.6,944924323.1428572,969023692.4,913036312.1857142,952957446.2285717,888228924.954762,8676764.619545478,6,6,2,25,2022,0
2022-07-08,Texas,979016830.5,Beverages,979016830.5,975841074.7583332,956786540.3083334,835906718.3625001,969489563.275,935564414.8154168,6860416.49448663,4,7,3,27,2022,0
2022-07-17,Texas,948093409.6,Beverages,948093409.6,951529345.2555556,972144959.1888888,938636628.375,958401216.5666668,959623081.1145834,7422469.346761693,6,7,3,28,2022,0
2022-07-24,Texas,941450752.5,Beverages,941450752.5,942399703.5142856,948093409.6,948940884.6857142,944297605.5428572,956368392.6864284,2049968.4866128871,6,7,3,29,2022,0
2022-07-31,Texas,963109909.1,Beverages,963109909.1,960015743.8714286,941450752.5,956786540.3083334,953827413.4142855,957661214.8541666,6684160.841546452,6,7,3,30,2022,0
2022-08-05,Texas,890296798.9000001,Beverages,890296798.9000001,904859420.94,956921578.6428572,972665319.0166668,931462266.8387756,949845920.7619444,27875942.04985361,4,8,3,31,2022,0
2022-08-14,Texas,985374558.9,Beverages,985374558.9,974810363.3444444,911425190.0111113,954965280.9111112,953681972.2333332,942388936.4185184,22821270.694299497,6,8,3,32,2022,0
2022-08-21,Texas,956650830.4,Beverages,956650830.4,960754220.1857142,985374558.9,943348654.5285716,968960999.7571428,947617985.1071428,8864335.06196617,6,8,3,33,2022,0
2022-08-28,Texas,950231655.4,Beverages,950231655.4,951148680.4,956650830.4,956921578.6428572,952982730.4,948730065.6357144,1981000.4132596056,6,8,3,34,2022,0
2022-09-01,Texas,762413549.3,Beverages,762413549.3,809368075.8249999,952982730.4,933984665.02,883546771.0785714,932920857.3456666,76395805.87433073,3,9,3,35,2022,0
2022-09-10,Texas,922684371.0,Beverages,922684371.0,904876501.9222224,798029287.4555556,953681972.2333332,869260763.7666667,912416486.9894444,38469393.96143625,5,9,3,36,2022,0
2022-09-18,Texas,931076823.4,Beverages,931076823.4,930027766.85,923733427.55,964857609.9714284,927929653.75,900066085.8578571,2266221.159722093,6,9,3,37,2022,0
2022-09-25,Texas,929950135.5,Beverages,929950135.5,930111090.9142855,931076823.4,952065705.4,930433001.7428572,894270325.3449999,347703.43607889814,6,9,3,38,2022,0
2022-10-04,Texas,871634417.1,Beverages,871634417.1,878113941.3666667,916991086.9666668,815837156.5333333,891072989.9,909307761.111111,13997372.207136337,1,10,4,40,2022,0
2022-10-07,Texas,936276204.4,Beverages,936276204.4,914728941.9666668,897552514.1666666,869260763.7666667,895657377.1285714,915635365.8388888,22539019.06905348,4,10,4,40,2022,0
2022-10-16,Texas,901641946.3,Beverages,901641946.3,905490197.2,928579702.6,928978710.3,913186699.0,914986986.8316668,8313172.075162906,6,10,4,41,2022,0
2022-10-23,Texas,871009109.7,Beverages,871009109.7,875385229.2142857,901641946.3,930272046.3285714,884137468.2428571,904149916.8871428,9453498.61249264,6,10,4,42,2022,0
2022-10-30,Texas,850515309.8000001,Beverages,850515309.8000001,853442995.5000001,871009109.7,897552514.1666666,859298366.9000002,890898901.1666666,6324523.956118744,6,10,4,43,2022,0
2022-11-09,Texas,944672826.5,Beverages,944672826.5,935257074.83,878762564.8100001,924731451.7,916425571.49,889821524.2383333,20340348.351313096,2,11,4,45,2022,0
2022-11-12,Texas,863198649.6000001,Beverages,863198649.6000001,890356708.5666667,907009819.82,913186699.0,913323845.9542856,887153700.105,27951510.33513001,5,11,4,45,2022,0
2022-11-13,Texas,852211525.3000001,Beverages,852211525.3000001,863198649.6000001,916425571.49,909338448.1,904150410.7842858,885249469.345,36110370.6821537,6,11,4,45,2022,0
2022-11-20,Texas,877944513.2,Beverages,877944513.2,874268372.0714287,852211525.3000001,879761348.7285714,866916089.8142859,879206554.2254764,7941372.475067717,6,11,4,46,2022,0
2022-11-27,Texas,817175268.9,Beverages,817175268.9,825856589.5142857,877944513.2,856370681.2,843219230.7428571,874040221.3350002,18753795.940335248,6,11,4,47,2022,0
2022-12-06,Texas,949870390.6,Beverages,949870390.6,935126488.1888888,846663073.7222222,916425571.49,905638683.3666668,877268438.2663333,31850469.46969519,1,12,4,49,2022,0
2022-12-18,Texas,890163695.9,Beverages,890163695.9,895139253.7916666,924992601.1416668,870592230.9428571,905090369.575,889438390.0240477,10748433.50864659,6,12,4,50,2022,0
2022-12-25,Texas,883142797.3000001,Beverages,883142797.3000001,884145782.8142858,890163695.9,834537910.1285714,886151753.8428571,895816611.1854762,2166696.347667847,6,12,4,51,2022,0
2023-01-01,Texas,809153466.3,Beverages,809153466.3,819723370.7285714,883142797.3000001,890894780.9555556,840863179.5857142,893682461.7861112,22833603.269529693,6,1,1,52,2023,0
2023-01-15,Texas,831013727.3000001,Beverages,831013727.3000001,829452280.0857143,820083596.8,900114811.6833333,826329385.6571429,845550265.646389,3373111.5034935228,6,1,1,2,2023,0
2023-01-22,Texas,803963606.1,Beverages,803963606.1,807827909.1285715,831013727.3000001,885148768.3285714,815556515.1857145,828477564.3071429,8347848.636141457,6,1,1,3,2023,0
2023-01-29,Texas,805963645.3,Beverages,805963645.3,805677925.4142857,803963606.1,830293275.1571429,805106485.6428572,815520610.9509524,617225.4980507804,6,1,1,4,2023,0
2023-02-04,Texas,877605066.2,Beverages,877605066.2,865664829.3833333,805677925.4142857,815399255.1571429,841784355.75,822367999.9702381,25793859.56215238,5,2,1,5,2023,0
2023-02-19,Texas,824199487.3,Beverages,824199487.3,827759859.2266667,849122090.7866666,811692212.1571429,834880603.08,835696504.0492858,7691282.415602682,6,2,1,7,2023,0
2023-02-26,Texas,848193678.6999999,Beverages,848193678.6999999,844765937.0714285,824199487.3,805392205.5285714,837910453.8142855,843345765.1388094,7404768.225369239,6,2,1,8,2023,0
2023-03-19,Texas,921704775.1,Beverages,921704775.1,918204246.7,897201076.3,831320231.1533333,911203189.9,871267394.5442222,7562005.622668334,6,3,1,11,2023,0
2023-03-26,Texas,866642461.3000001,Beverages,866642461.3000001,874508506.1285715,921704775.1,841338195.442857,890240595.7857144,884844436.6457143,16992598.952036664,6,3,1,12,2023,0
2023-04-16,Texas,908098470.6,Beverages,908098470.6,906124374.9190476,894279800.8333334,914703718.3,902176183.5571429,890903366.0633334,4264534.074144921,6,4,2,15,2023,0
2023-04-23,Texas,902732385.2,Beverages,902732385.2,903498968.8285714,908098470.6,882374550.957143,905032136.0857145,891062790.3209525,1656009.907092262,6,4,2,16,2023,0
2023-04-30,Texas,913290166.7,Beverages,913290166.7,911781912.2,902732385.2,876512939.704762,908765403.2,899642227.4295238,3258202.1073809443,6,4,2,17,2023,0
2023-05-02,Texas,809824256.5,Beverages,809824256.5,861557211.6,905748894.2,880461131.0666667,888964250.9428571,896723337.4844444,39385883.520276494,1,5,2,18,2023,0
2023-05-03,Texas,898283675.2,Beverages,898283675.2,809824256.5,907257148.7,882435226.7476192,887682326.1571429,897251619.0995239,38833415.9500004,2,5,2,18,2023,0
2023-07-05,Texas,962022026.5,Beverages,962022026.5,961010306.6380951,954939987.4666668,931670430.6428572,958986866.9142855,947352088.502381,2185564.695001279,2,7,3,27,2023,0
2023-08-01,Texas,811576956.8000001,Beverages,811576956.8000001,817148996.4185185,850581234.1296297,958986866.9142855,828293075.6555556,891713155.3204762,12036981.309674283,1,8,3,31,2023,0
2023-09-04,Texas,897717811.9000001,Beverages,897717811.9000001,895184257.3382354,879982929.9676472,821711175.0470589,890117148.2147058,860981270.7544119,5473103.386779309,0,9,3,36,2023,0
2023-12-02,Texas,843860928.2,Beverages,843860928.2,844466061.7247192,848096862.8730338,862014933.9415731,845676328.7741573,852635364.3084271,1307237.8209787265,5,12,4,48,2023,0
2023-12-03,Texas,965979422.4,Beverages,965979422.4,843860928.2,847491729.3483146,861409800.416854,862603142.0672553,856121018.3745319,45596368.31885308,6,12,4,48,2023,0
2019-03-11,Utah,43344283.5,Beverages,43344283.5,43334887.50172414,43278511.512068965,43062403.551724136,43316095.50517242,43208041.525,20297.67614347046,0,3,1,11,2019,0
2019-06-10,Utah,46002034.1,Beverages,46002034.1,45972828.04945056,45797591.74615385,45125852.583516486,45914415.94835166,45578546.36703297,63092.28014812279,0,6,2,24,2019,0
2019-08-12,Utah,42990859.0,Beverages,42990859.0,43038655.43015873,43325434.01111111,44424751.9047619,43134248.2904762,43683907.23730159,103252.09005615656,0,8,3,33,2019,0
2019-10-11,Utah,44258185.7,Beverages,44258185.7,44237063.58833334,44110330.91833334,43624522.35,44194819.365,43951915.08083333,45628.97623990923,4,10,4,41,2019,0
2019-10-13,Utah,43950310.7,Beverages,43950310.7,44104248.2,44152575.141666666,43666766.57333334,44162038.0404762,43976653.343,105796.55834557342,6,10,4,41,2019,0
2019-10-20,Utah,45862185.5,Beverages,45862185.5,45589060.52857143,43950310.7,43814621.355,45042810.58571429,44278016.30833335,590017.372696431,6,10,4,42,2019,0
2019-10-27,Utah,45883522.3,Beverages,45883522.3,45880474.18571428,45862185.5,43962476.13666667,45874377.95714285,44738912.211277775,6584.679462957711,6,10,4,43,2019,0
2019-11-17,Utah,46091047.2,Beverages,46091047.2,46081165.061904766,46021872.23333333,45315935.55714286,46061400.78571428,45946954.46428572,21347.85818964161,6,11,4,46,2019,0
2019-11-24,Utah,46655269.0,Beverages,46655269.0,46574665.885714285,46091047.2,45877426.07142857,46413459.65714286,46083165.20952381,174122.62772458323,6,11,4,47,2019,0
2019-12-15,Utah,45535737.2,Beverages,45535737.2,45589048.23809524,45908914.46666667,46071282.92380953,45695670.31428571,46150407.63539683,115165.00475414394,6,12,4,50,2019,0
2019-12-22,Utah,50629210.900000006,Beverages,50629210.900000006,49901571.8,45535737.2,46494062.77142857,48446293.60000001,46659992.97619047,1571880.109707903,6,12,4,51,2019,0
2019-12-29,Utah,45035394.4,Beverages,45035394.4,45834511.04285714,50629210.900000006,46388713.80952381,47432744.32857143,46870746.17571429,1726289.2500466595,6,12,4,52,2019,0
2020-01-03,Utah,46708924.0,Beverages,46708924.0,46374218.08,46633627.68571429,46122158.61904762,45866780.891836725,46839201.41984128,571796.267010295,4,1,1,1,2020,0
2020-01-11,Utah,47922674.2,Beverages,47922674.2,47770955.425,46860642.775,45695670.31428572,47467517.875,47241707.96380952,327750.01328610047,5,1,1,2,2020,0
2020-01-19,Utah,42668744.5,Beverages,42668744.5,43325485.7125,47265932.9875,49173932.7,44638968.1375,46720984.38833333,1418723.1680568988,6,1,1,3,2020,0
2020-01-26,Utah,43123444.6,Beverages,43123444.6,43058487.442857146,42668744.5,46633627.68571429,42928573.12857144,45347981.86642858,140323.49731588448,6,1,1,4,2020,0
2020-02-02,Utah,46361418.8,Beverages,46361418.8,45898851.05714285,43123444.6,46708924.0,44973715.571428575,45139599.958333336,999260.5323017896,6,2,1,5,2020,0
2020-02-08,Utah,55710475.1,Beverages,55710475.1,54152299.05,45898851.05714285,47619236.650000006,51035946.95,46054619.01083333,3366044.9808400106,5,2,1,6,2020,0
2020-02-16,Utah,43844393.8,Beverages,43844393.8,45327653.9625,54227214.9375,43982226.925,48294174.2875,46816229.86375,3204208.167147069,6,2,1,7,2020,0
2020-02-23,Utah,44119026.0,Beverages,44119026.0,44079792.82857143,43844393.8,42993530.28571428,44001326.48571428,47072795.70809524,84753.33693489272,6,2,1,8,2020,0
2020-03-05,Utah,52677004.4,Beverages,52677004.4,51899006.36363636,47231018.14545455,49477770.9,50343010.29090909,48348190.695,1680667.8458480537,3,3,1,10,2020,0
2020-03-15,Utah,55451153.400000006,Beverages,55451153.400000006,55173738.50000001,53509249.1,46810914.125,54618908.7,49195545.10208333,599284.6775929593,6,3,1,11,2020,0
2020-03-22,Utah,50908406.0,Beverages,50908406.0,51557369.91428572,55451153.400000006,44040559.657142855,52855297.74285714,51229030.76428571,1401922.2837036608,6,3,1,12,2020,0
2020-03-29,Utah,47066271.4,Beverages,47066271.4,47615147.77142857,50908406.0,48009016.18181818,48712900.51428572,51913243.57181819,1185708.4795708482,6,3,1,13,2020,0
2020-04-10,Utah,50477555.8,Beverages,50477555.8,50193282.1,48487639.9,54341493.8,49624734.7,50602870.580000006,614101.3790264332,4,4,2,15,2020,0
2020-04-19,Utah,49273340.1,Beverages,49273340.1,49407141.844444446,50209952.31111111,52206333.82857143,49674745.33333333,49290053.620476194,289044.80358133494,6,4,2,16,2020,0
2020-04-26,Utah,50139846.6,Beverages,50139846.6,50016059.95714286,49273340.1,48164024.14285714,49768486.671428576,49276878.49904762,267409.71142965625,6,4,2,17,2020,0
2020-05-01,Utah,42867211.1,Beverages,42867211.1,44321738.2,49892273.31428572,47919092.5,47005319.00816327,48986726.86333334,2816593.102193517,4,5,2,18,2020,0
2020-05-04,Utah,46730367.0,Beverages,46730367.0,45442648.36666667,48685319.5,48771913.6,45217707.442857146,48682227.71,1536246.8161758685,0,5,2,19,2020,0
2020-05-07,Utah,59980600.9,Beverages,59980600.9,55563856.266666666,44321738.2,49624734.7,49412389.28571428,49304567.23666666,6402723.760225107,3,5,2,19,2020,0
2020-05-17,Utah,52220029.0,Beverages,52220029.0,52996086.19,57652429.33,49540943.58888889,54548200.57,51202786.41981482,1676475.1385089718,6,5,2,20,2020,0
2020-05-24,Utah,53426619.8,Beverages,53426619.8,53254249.68571428,52220029.0,49892273.31428572,52909509.45714285,51984872.55690476,372362.0049492733,6,5,2,21,2020,0
2020-05-31,Utah,52132626.7,Beverages,52132626.7,52317482.85714286,53426619.8,42867211.1,52687195.17142857,53310643.66166666,399334.94031785167,6,5,2,22,2020,0
2020-06-09,Utah,54625583.9,Beverages,54625583.9,54348588.655555554,52686617.18888889,57652429.33,53794598.16666667,53422425.42299999,598378.1179804573,1,6,2,24,2020,0
2020-06-12,Utah,45529947.9,Beverages,45529947.9,48561826.56666666,53517602.92222222,55324257.76,51789406.26190476,52668576.58466666,3499020.802163918,4,6,2,24,2020,0
2020-06-14,Utah,54593469.7,Beverages,54593469.7,50061708.8,54071593.41111111,53772143.38,51330690.10793651,52546404.403,3502486.5786153483,6,6,2,24,2020,0
2020-06-21,Utah,53991955.400000006,Beverages,53991955.400000006,54077886.01428572,54593469.7,53081879.57142857,54249747.24285715,52907951.69619048,185631.34308579468,6,6,2,25,2020,0
2020-06-28,Utah,57756299.6,Beverages,57756299.6,57218536.14285715,53991955.400000006,52502339.01428571,56143009.22857143,53639949.645238094,1161701.84094178,6,6,2,26,2020,0
2020-07-06,Utah,54771790.7,Beverages,54771790.7,55144854.3125,57383235.9875,53794598.16666666,55890981.5375,54491860.873888895,805909.5122093968,0,7,3,28,2020,0
2020-07-19,Utah,58560317.1,Beverages,58560317.1,58268891.99230769,56520341.34615385,54163816.62857144,57686041.77692308,56274799.22214285,629550.185322015,6,7,3,29,2020,0
2020-07-26,Utah,55499838.0,Beverages,55499838.0,55937049.3,58560317.1,56680772.68571429,56811471.9,56660940.32309524,944484.3552392962,6,7,3,30,2020,0
2020-08-03,Utah,49082930.2,Beverages,49082930.2,49885043.675,54697724.525,55517917.925,51489270.625,55375751.037083335,1732763.1473916585,0,8,3,32,2020,0
2020-08-11,Utah,48714454.9,Beverages,48714454.9,48760514.3125,49036870.7875,56520341.34615385,48852633.1375,53587017.246282056,99499.7030476302,1,8,3,33,2020,0
2020-08-16,Utah,56385233.6,Beverages,56385233.6,54851077.86,48806573.725,57977466.88461538,52008511.40178572,52907401.488076925,2985976.242158611,6,8,3,33,2020,0
2020-08-23,Utah,55895034.9,Beverages,55895034.9,55965063.28571428,56385233.6,56374260.6,56105120.05714285,52562841.998333335,151278.6031227737,6,8,3,34,2020,0
2020-08-30,Utah,55317886.400000006,Beverages,55317886.400000006,55400336.18571429,55895034.9,51489270.625,55565235.75714286,52964584.50249999,178111.8939581375,6,8,3,35,2020,0
2020-09-02,Utah,42266558.7,Beverages,42266558.7,46617001.26666667,55647685.54285715,49082930.2,51659606.87346939,52637780.26166667,5344514.559227859,2,9,3,36,2020,0
2020-09-08,Utah,55857710.3,Beverages,55857710.3,53592518.36666666,46617001.26666667,48806573.725,49062134.5,52892381.90375,4893373.850686239,1,9,3,37,2020,0
2020-09-13,Utah,50329966.7,Beverages,50329966.7,51435515.42,51327326.43333333,53316922.120000005,53165078.480952375,53221783.648666665,1897468.496899925,6,9,3,37,2020,0
2020-09-20,Utah,51048791.4,Beverages,51048791.4,50946102.157142855,50329966.7,56035091.67142857,50740723.671428576,51990884.049523816,221834.11849372444,6,9,3,38,2020,0
2020-09-27,Utah,50455449.9,Beverages,50455449.9,50540212.97142857,51048791.4,55482785.97142857,50709739.11428571,50819872.31285714,183109.16224636356,6,9,3,39,2020,0
2020-10-05,Utah,53341435.3,Beverages,53341435.3,52980687.125,50816198.075,49062134.5,52259190.77499999,51675554.96,779305.1265339899,0,10,4,41,2020,0
2020-10-18,Utah,49473220.9,Beverages,49473220.9,49770775.85384616,51556105.57692307,50843412.91428571,50365885.76153845,51331825.29857143,642792.1664687699,6,10,4,42,2020,0
2020-10-25,Utah,48951557.8,Beverages,48951557.8,49026081.1,49473220.9,50624976.04285714,49175127.7,50940441.61238096,160988.7277658922,6,10,4,43,2020,0
2020-11-10,Utah,49615569.2,Beverages,49615569.2,49574068.4875,49325064.2125,51556105.57692307,49491067.0625,49521870.53102564,89651.78550919227,1,11,4,46,2020,0
2020-11-15,Utah,47258153.3,Beverages,47258153.3,47729636.48,49532567.775000006,50068330.807692304,48599319.42678572,49111483.68846154,912750.284807383,6,11,4,46,2020,0
2020-11-22,Utah,49897853.7,Beverages,49897853.7,49520753.64285714,47258153.3,49100604.4,48766553.52857143,48973937.78666666,814629.2292330064,6,11,4,47,2020,0
2020-11-29,Utah,46779679.5,Beverages,46779679.5,47225132.95714286,49897853.7,49159061.3625,48116039.87142857,48755749.13708333,962289.4496510096,6,11,4,48,2020,0
2020-12-01,Utah,42495523.1,Beverages,42495523.1,44637601.3,49006946.78571429,49242062.7875,46498008.06734694,48378765.78833333,2173322.609016817,1,12,4,49,2020,0
2020-12-04,Utah,48139868.4,Beverages,48139868.4,46258419.96666667,47670586.41428571,49366564.925,45701885.25102041,48072101.36375,1953811.3041343123,4,12,4,49,2020,0
2020-12-07,Utah,55434789.900000006,Beverages,55434789.900000006,53003149.400000006,44637601.3,49491067.0625,48611461.6,48427459.66875,4668713.798172157,0,12,4,50,2020,0
2020-12-13,Utah,47701086.9,Beverages,47701086.9,48990037.4,53003149.400000006,48201119.66,51567938.4,48787485.166,2784451.321194705,6,12,4,50,2020,0
2020-12-20,Utah,51023829.8,Beverages,51023829.8,50549152.24285714,47701086.9,49143653.58571429,49599797.12857143,49129602.59142857,1025420.7210660294,6,12,4,51,2020,0
2020-12-27,Utah,49514486.0,Beverages,49514486.0,49730106.54285714,51023829.8,47670586.41428571,50161347.62857143,49426381.23857143,465793.6091703744,6,12,4,52,2020,0
2021-01-08,Utah,59394248.4,Beverages,59394248.4,58570934.86666667,53631053.66666666,52856888.900000006,56924307.8,51841945.05,1778560.5076754417,4,1,1,1,2021,0
2021-01-17,Utah,47076790.0,Beverages,47076790.0,48445396.48888889,56657035.42222222,50074474.68571428,51182609.46666666,52801854.88809524,2956527.924216047,6,1,1,2,2021,0
2021-01-24,Utah,46429621.2,Beverages,46429621.2,46522073.885714285,47076790.0,49945727.08571429,46706979.25714286,51918222.61809524,199720.6276623333,6,1,1,3,2021,0
2021-01-31,Utah,47480593.8,Beverages,47480593.8,47330454.85714286,46429621.2,53631053.66666666,47030176.97142857,50919706.39333333,324337.1857971778,6,1,1,4,2021,0
2021-02-05,Utah,56007115.4,Beverages,56007115.4,54301811.08,47180315.91428571,57747621.33333333,51113368.92244898,50335625.14222222,3356253.15343784,4,2,1,5,2021,0
2021-02-14,Utah,47015915.3,Beverages,47015915.3,48014937.53333333,54009070.93333333,49814002.97777778,50012981.99999999,49125761.73296296,2158134.682059474,6,2,1,6,2021,0
2021-02-21,Utah,46635433.3,Beverages,46635433.3,46689787.87142857,47015915.3,46614526.571428575,46798497.01428572,49061432.82952381,117419.2944006009,6,2,1,7,2021,0
2021-02-28,Utah,49120500.0,Beverages,49120500.0,48765490.47142857,46635433.3,47180315.91428571,48055471.41428571,49362646.651904754,766908.2333787774,6,2,1,8,2021,0
2021-03-01,Utah,46487223.2,Beverages,46487223.2,49120500.0,46990442.828571424,47330454.85714286,47983582.89591837,49334538.92999999,896086.8903418512,0,3,1,9,2021,0
2021-03-10,Utah,78244234.39999999,Beverages,78244234.39999999,74715677.6,53544336.8,53010048.7,67658564.0,52823863.07666667,7622553.8868017215,2,3,1,10,2021,0
2021-03-14,Utah,58770616.8,Beverages,58770616.8,63639021.2,67658564.0,49013959.766666666,69777132.34285714,54898627.11444444,6726213.481469943,6,3,1,10,2021,0
2021-03-21,Utah,54636093.5,Beverages,54636093.5,55226739.68571429,58770616.8,46744142.44285714,56408032.05714285,57083997.569047615,1275941.591373815,6,3,1,11,2021,0
2021-03-28,Utah,49923058.1,Beverages,49923058.1,50596348.87142857,54636093.5,48410480.94285714,51942930.41428571,58143096.979047626,1454474.3014203291,6,3,1,12,2021,0
2021-04-04,Utah,52632057.5,Beverages,52632057.5,52245057.58571429,49923058.1,60601450.4,51471057.75714286,57966087.97333334,836015.3649313139,6,4,2,13,2021,0
2021-04-07,Utah,64984991.3,Beverages,64984991.3,60867346.7,51084057.842857145,71187120.8,55829752.94489796,57286966.24333333,5289768.909408949,2,4,2,14,2021,0
2021-04-18,Utah,50219773.400000006,Beverages,50219773.400000006,51562065.936363645,59615821.154545456,55817385.87142857,54246651.00909091,54753546.24619047,2899683.289860672,6,4,2,15,2021,0
2021-04-25,Utah,52949841.9,Beverages,52949841.9,52559832.11428572,50219773.400000006,51269639.64285714,51779812.54285716,54404037.86904762,842517.4303526445,6,4,2,16,2021,0
2021-05-09,Utah,60165615.0,Beverages,60165615.0,59650202.635714285,56557728.45,62300406.22727273,58619377.907142855,55272508.81863637,1113417.9618980682,6,5,2,18,2021,0
2021-05-12,Utah,70621211.60000001,Beverages,70621211.60000001,67136012.73333333,58103965.54285714,58273528.61818182,62711146.28775509,56024527.97651515,4626257.44848678,2,5,2,19,2021,0
2021-05-16,Utah,56687105.6,Beverages,56687105.6,60170632.1,60165615.0,52904358.47272728,64151088.51428572,56957141.05287878,4685870.832924685,6,5,2,19,2021,0
2021-05-23,Utah,57643999.5,Beverages,57643999.5,57507300.37142857,56687105.6,52169822.32857143,57233902.11428572,58354023.10880952,295303.86866190087,6,5,2,20,2021,0
2021-05-30,Utah,59459476.7,Beverages,59459476.7,59200122.81428572,57643999.5,55526903.72142857,58681415.04285715,59446684.31952381,560268.4274829421,6,5,2,21,2021,0
2021-06-06,Utah,60565269.6,Beverages,60565269.6,60407299.18571429,59459476.7,59134790.27142857,60091358.35714287,60030672.19452381,341255.09767493693,6,6,2,22,2021,0
2021-06-13,Utah,58920404.3,Beverages,58920404.3,59155385.05714285,60565269.6,63654158.60000001,59625346.571428575,58876063.07666668,507616.4520568926,6,6,2,23,2021,0
2021-06-20,Utah,62263406.6,Beverages,62263406.6,61785834.842857145,58920404.3,57370601.24285714,60830691.32857143,59658432.63238096,1031672.907644198,6,6,2,24,2021,0
2021-06-27,Utah,60996359.8,Beverages,60996359.8,61177366.48571429,62263406.6,58940768.92857143,61539379.85714286,60442234.41047619,391019.1316037541,6,6,2,25,2021,0
2021-07-02,Utah,47941986.0,Beverages,47941986.0,50552860.76,61358373.17142857,59933387.942857146,55427486.26938776,59369995.26047619,5129375.892882276,4,7,3,26,2021,0
2021-07-03,Utah,53313223.9,Beverages,53313223.9,47941986.0,61177366.48571429,60091358.35714286,54304037.32857143,59144057.4452381,4480271.615818345,5,7,3,26,2021,0
2021-07-11,Utah,73559786.89999999,Beverages,73559786.89999999,71028966.52499999,55844044.275,59390365.81428571,65967325.77499999,60380450.46190477,5467196.8682080265,6,7,3,27,2021,0
2021-07-18,Utah,61593658.2,Beverages,61593658.2,63303105.15714286,73559786.89999999,61308263.08571429,66721999.071428575,61954204.004761904,3692827.488975966,6,7,3,28,2021,0
2021-07-25,Utah,61069517.2,Beverages,61069517.2,61144394.48571429,61593658.2,61358373.17142857,61294149.05714286,61834466.31285714,161753.42431999077,6,7,3,29,2021,0
2021-08-08,Utah,59329980.6,Beverages,59329980.6,59454233.21428572,60199748.900000006,68498146.14999999,59702738.442857146,62754283.55416668,268416.3247695865,6,8,3,31,2021,0
2021-08-15,Utah,60656350.6,Beverages,60656350.6,60466869.171428576,59329980.6,65012552.11428572,60087906.31428571,60549928.90857143,409326.6685838242,6,8,3,32,2021,0
2021-08-22,Utah,58497124.5,Beverages,58497124.5,58805585.37142857,60656350.6,61219271.77142858,59422507.11428572,60023784.06619048,666351.6411142919,6,8,3,33,2021,0
2021-08-29,Utah,57573623.4,Beverages,57573623.4,57705552.12857143,58497124.5,60448254.12857143,57969409.58571429,59360056.02047619,284998.6268537071,6,8,3,34,2021,0
2021-09-05,Utah,57583432.3,Beverages,57583432.3,57582031.02857143,57573623.4,59578485.82857143,57579228.48571429,58806585.81047619,3027.0928326319413,6,9,3,35,2021,0
2021-09-19,Utah,56998191.7,Beverages,56998191.7,57039994.6,57290812.0,59114046.24285714,57123600.4,57597397.46904762,90304.5851319817,6,9,3,37,2021,0
2021-09-26,Utah,56100568.5,Beverages,56100568.5,56228800.385714285,56998191.7,57837480.85714286,56485264.15714286,57183645.724285714,277012.53353281086,6,9,3,38,2021,0
2021-10-01,Utah,45720489.5,Beverages,45720489.5,47796505.3,56357032.27142857,57577827.21428571,51670282.05510204,55895450.79571429,4075652.619138096,4,10,4,39,2021,0
2021-10-10,Utah,75874140.59999998,Beverages,75874140.59999998,72523734.9222222,52421300.85555555,57374417.8,65822923.566666655,57383358.176666655,7237703.47738423,6,10,4,40,2021,0
2021-10-17,Utah,75271622.5,Beverages,75271622.5,75357696.51428571,75874140.59999998,57081797.5,75529844.54285714,61658640.45666666,185941.12251590609,6,10,4,41,2021,0
2021-10-24,Utah,74602835.20000002,Beverages,74602835.20000002,74698376.24285716,75271622.5,56357032.27142857,74889458.32857144,65895991.849523805,206392.2416309351,6,10,4,42,2021,0
2021-10-31,Utah,74405506.8,Beverages,74405506.8,74433696.57142857,74602835.20000002,45720489.5,74490076.11428572,71220610.46333332,60896.86641471025,6,10,4,43,2021,0
2021-11-04,Utah,52299183.3,Beverages,52299183.3,57825764.175,74490076.11428572,59122112.2111111,66522472.59489796,72086283.91907407,8956387.482330926,3,11,4,44,2021,0
2021-11-07,Utah,60579075.8,Beverages,60579075.8,57819111.63333333,74405506.8,69173329.24444443,59401936.19285714,71285902.72574073,5493985.902328334,6,11,4,44,2021,0
2021-11-14,Utah,74020917.7,Beverages,74020917.7,72100654.57142857,60579075.8,75443770.52857143,68260128.31428571,69664017.05547619,4148242.4696626086,6,11,4,45,2021,0
2021-11-21,Utah,76822261.69999999,Beverages,76822261.69999999,76422069.69999999,74020917.7,74793917.2857143,75621685.7,69790599.85642858,864513.5271984988,6,11,4,46,2021,0
2021-11-28,Utah,70963540.6,Beverages,70963540.6,71800500.75714286,76822261.69999999,74461886.34285715,73474421.07142857,69538213.41071428,1808040.584449921,6,11,4,47,2021,0
2021-12-09,Utah,56620331.5,Beverages,56620331.5,57924259.6,65747828.2,64419602.05714285,60532115.8,69637146.55380951,2816806.635157026,3,12,4,49,2021,0
2021-12-12,Utah,73375000.39999999,Beverages,73375000.39999999,67790110.76666667,61836043.9,70180391.44285715,62525032.41428571,69590144.79904762,6005811.625426497,6,12,4,49,2021,0
2021-12-19,Utah,79281414.5,Beverages,79281414.5,78437641.05714285,73375000.39999999,76021877.69999999,76750094.17142856,70090865.41333333,1822758.9637897215,6,12,4,50,2021,0
2021-12-26,Utah,77692275.19999999,Beverages,77692275.19999999,77919295.1,79281414.5,72637460.9142857,78373334.89999999,70884602.30523808,490419.0351047601,6,12,4,51,2021,0
2022-01-05,Utah,81528140.7,Beverages,81528140.7,81144554.15,78843034.85,60532115.8,80377381.05,75367570.89499998,828641.6553231538,2,1,1,1,2022,0
2022-01-16,Utah,72737608.20000002,Beverages,72737608.20000002,73536747.51818183,78331583.42727274,77593867.61428571,75135026.15454547,78280625.49357143,1726338.234349314,6,1,1,2,2022,0
2022-01-23,Utah,70837610.80000001,Beverages,70837610.80000001,71109039.00000001,72737608.20000002,78146314.99999999,71651895.4,76642040.10166667,586351.9274864062,6,1,1,3,2022,0
2022-01-30,Utah,73468047.5,Beverages,73468047.5,73092270.82857142,70837610.80000001,79610207.94999999,72340717.48571429,75193982.69666669,811770.3893523201,6,1,1,4,2022,0
2022-02-01,Utah,70611522.89999999,Beverages,70611522.89999999,72039785.19999999,71589164.14285715,80377381.05,72319111.26938775,74603320.44833334,930548.9381423692,1,2,1,5,2022,0
2022-02-10,Utah,82461165.60000001,Beverages,82461165.60000001,81144538.63333334,73244776.83333333,76733304.7909091,78511284.7,73901031.73606062,2844239.322501418,3,2,1,6,2022,0
2022-02-13,Utah,74270303.1,Beverages,74270303.1,77000590.6,77194657.73333333,74335886.83636366,78992381.77142859,74087588.18060607,2720430.140091326,6,2,1,6,2022,0
2022-02-20,Utah,72603083.80000001,Beverages,72603083.80000001,72841257.9857143,74270303.1,71380467.20000002,73317606.35714285,74331997.20666668,514515.0462324422,6,2,1,7,2022,0
2022-02-27,Utah,73960835.7,Beverages,73960835.7,73766871.14285715,72603083.80000001,72716494.15714286,73378942.02857144,74728038.55095237,419011.3331865403,6,2,1,8,2022,0
2022-03-04,Utah,81837858.00000001,Beverages,81837858.00000001,80262453.54,73572906.5857143,71928149.86666666,77308993.17755103,75804554.18777777,3111027.951242286,4,3,1,9,2022,0
2022-03-07,Utah,97738995.5,Beverages,97738995.5,92438616.33333334,75536240.16000001,75878030.76666667,85030693.46285714,77592275.44111112,7710420.12768268,0,3,1,10,2022,0
2022-03-13,Utah,76383636.8,Beverages,76383636.8,79942863.25,92438616.33333334,79730878.10000001,87061316.14999999,78686268.14500001,7688807.90312255,6,3,1,10,2022,0
2022-03-20,Utah,78357862.50000001,Beverages,78357862.50000001,78075830.25714287,76383636.8,73079432.17142858,77511765.77142859,79470686.94452381,609259.2781916871,6,3,1,11,2022,0
2022-03-27,Utah,79620270.40000002,Beverages,79620270.40000002,79439926.41428573,78357862.50000001,73572906.5857143,79079238.44285716,80876868.27642857,389587.53599238687,6,3,1,12,2022,0
2022-04-09,Utah,90796249.6,Beverages,90796249.6,89936558.89230768,84778414.64615385,87061316.15,88217177.47692308,81642032.96166667,1857144.185799132,5,4,2,14,2022,0
2022-04-12,Utah,73883027.6,Beverages,73883027.6,79520768.26666667,87357486.76923077,76383636.8,85227022.7076923,81599823.46333334,6300933.976784442,1,4,2,15,2022,0
2022-04-17,Utah,80559639.8,Beverages,80559639.8,79224317.36,85158508.93333332,77793798.01428573,77549824.35238096,81709700.36190477,2440493.867163269,6,4,2,15,2022,0
2022-04-24,Utah,78729129.80000001,Beverages,78729129.80000001,78990631.22857144,80559639.8,79259582.42857145,79513634.0857143,81898609.4804762,564907.6502888692,6,4,2,16,2022,0
2022-05-06,Utah,87654632.3,Beverages,87654632.3,86910840.425,82448089.17500001,88217177.47692308,85423256.675,81905923.95089744,1606774.091823744,4,5,2,18,2022,0
2022-05-15,Utah,82901429.5,Beverages,82901429.5,83429563.14444445,86598365.01111111,77888994.92,84485830.43333332,82809013.21033333,1140899.0679227952,6,5,2,19,2022,0
2022-05-22,Utah,84186908.4,Beverages,84186908.4,84003268.55714287,82901429.5,79252132.65714286,83635988.87142858,83702089.45595239,396707.40116882446,6,5,2,20,2022,0
2022-05-29,Utah,86852590.4,Beverages,86852590.4,86471778.68571429,84186908.4,82448089.17500001,85710155.25714287,84950382.74416666,822647.3250763112,6,5,2,21,2022,0
2022-06-02,Utah,73418459.89999999,Beverages,73418459.89999999,76776992.52499999,85710155.25714286,85423256.675,81891481.62959184,84170208.07416667,5273030.880207021,3,6,2,22,2022,0
2022-06-03,Utah,77586798.2,Beverages,77586798.2,73418459.89999999,86090966.97142857,86167048.55,80676600.37653062,83884199.72916667,5121721.635367047,4,6,2,22,2022,0
2022-06-11,Utah,76788217.8,Beverages,76788217.8,76888040.35,77486975.65,84485830.43333334,77087685.45,81474143.52277778,215641.3541600844,5,6,2,23,2022,0
2022-06-19,Utah,90948762.2,Beverages,90948762.2,89178694.15,78558285.85,83819628.71428572,85638558.05,81823402.11023809,3823784.016864073,6,6,2,24,2022,0
2022-06-26,Utah,90996914.8,Beverages,90996914.8,90990035.85714284,90948762.2,86090966.97142857,90976277.97142856,83223303.8145238,14860.215541890311,6,6,2,25,2022,0
2022-07-08,Utah,87746233.6,Beverages,87746233.6,88017123.69999999,89642464.3,77087685.45,88558903.89999999,87211993.62833333,585189.4986354642,4,7,3,27,2022,0
2022-07-17,Utah,93370301.1,Beverages,93370301.1,92745404.7111111,88996026.37777777,87408626.1,91495611.93333332,90187713.06166668,1349930.4865930397,6,7,3,28,2022,0
2022-07-24,Utah,92176631.29999998,Beverages,92176631.29999998,92347155.55714284,93370301.1,90983156.91428572,92688204.07142857,90649145.62857142,368374.4978007125,6,7,3,29,2022,0
2022-07-31,Utah,88275946.3,Beverages,88275946.3,88833187.01428571,92176631.29999998,89642464.3,89947668.44285713,90539995.82666668,1203777.5253005645,6,7,3,30,2022,0
2022-08-05,Utah,84612637.3,Beverages,84612637.3,85345299.1,89390427.72857141,88288013.8,86785562.54489794,90081356.97666667,1543018.863370483,4,8,3,31,2022,0
2022-08-14,Utah,89318533.10000001,Beverages,89318533.10000001,88795655.7888889,85658391.92222223,92120508.32222222,87749901.16666667,89333327.7537037,1129544.090137526,6,8,3,32,2022,0
2022-08-21,Utah,87263409.5,Beverages,87263409.5,87556998.58571428,89318533.10000001,92517679.8142857,88144176.75714286,88219990.74857143,634224.9121447371,6,8,3,33,2022,0
2022-08-28,Utah,88644859.4,Beverages,88644859.4,88447509.41428572,87263409.5,89390427.72857141,88052809.44285715,87530701.86380953,426324.6947680237,6,8,3,34,2022,0
2022-09-01,Utah,70280804.5,Beverages,70280804.5,74871818.225,88052809.44285715,86810622.7,82001689.7989796,86104243.85833333,7343875.331901746,3,9,3,35,2022,0
2022-09-10,Utah,80715550.0,Beverages,80715550.0,79556133.83333333,72599636.83333333,87749901.16666667,77237301.5,83104537.97055556,2504625.1792386496,5,9,3,36,2022,0
2022-09-18,Utah,82578747.4,Beverages,82578747.4,82345847.72500001,80948449.675,87850587.67142858,81880048.375,81288971.02785714,503120.800819286,6,9,3,37,2022,0
2022-09-25,Utah,81583654.4,Beverages,81583654.4,81725810.54285716,82578747.4,88250159.42857143,82010122.82857144,79954742.84214285,307092.36686919176,6,9,3,38,2022,0
2022-10-04,Utah,78038771.10000001,Beverages,78038771.10000001,78432647.02222224,80795902.55555557,73759053.0,79220398.86666667,80387005.95666668,850869.2397636318,1,10,4,40,2022,0
2022-10-07,Utah,91505961.6,Beverages,91505961.6,87016898.1,79614274.7888889,77237301.5,82224147.74761905,81480907.23333333,5190921.034379439,4,10,4,40,2022,0
2022-10-16,Utah,79051881.49999999,Beverages,79051881.49999999,80435668.17777777,88738388.24444443,82112948.05000001,83203241.53333332,82595262.54083332,2989320.8801986505,6,10,4,41,2022,0
2022-10-23,Utah,78997314.5,Beverages,78997314.5,79005109.78571428,79051881.49999999,81867966.68571429,79020700.35714285,81843892.95809524,16839.742174513325,6,10,4,42,2022,0
2022-10-30,Utah,76819842.5,Beverages,76819842.5,77130909.92857143,78997314.5,79614274.7888889,77753044.78571428,81142283.4711111,671982.4481066385,6,10,4,43,2022,0
2022-11-09,Utah,85704126.1,Beverages,85704126.1,84815697.74,79485127.58,87354601.56666666,83038841.02,80318209.66555554,1919224.610094132,2,11,4,45,2022,0
2022-11-12,Utah,76445232.9,Beverages,76445232.9,79531530.63333334,82150412.66,83203241.53333332,82297218.02,79812659.90777777,3244338.2077070377,5,11,4,45,2022,0
2022-11-13,Utah,77514267.09999998,Beverages,77514267.09999998,76445232.9,83038841.02,81819454.85555553,81507993.17428572,79669153.64925925,3676974.894875681,6,11,4,45,2022,0
2022-11-20,Utah,80800177.30000001,Beverages,80800177.30000001,80330761.55714287,77514267.09999998,79012905.07142857,79391930.07142857,79706269.73619047,1014053.903075559,6,11,4,46,2022,0
2022-11-27,Utah,78027637.60000001,Beverages,78027637.60000001,78423714.7,80800177.30000001,77441977.35714285,79215868.9,79912539.63428572,855624.3272332811,6,11,4,47,2022,0
2022-12-06,Utah,90080445.5,Beverages,90080445.5,88741244.62222221,80706039.35555556,83038841.02,86062842.86666667,81444110.764,2893004.5439884085,1,12,4,49,2022,0
2022-12-18,Utah,82619797.4,Beverages,82619797.4,83241518.075,86971842.125,79861345.81428571,84484959.425,83687531.0802381,1343070.1605097398,6,12,4,50,2022,0
2022-12-25,Utah,85948631.0,Beverages,85948631.0,85473083.34285714,82619797.4,78819791.80000001,84521988.02857144,84769639.32500002,1027300.3518993108,6,12,4,51,2022,0
2023-01-01,Utah,72618035.39999999,Beverages,72618035.39999999,74522406.19999999,85948631.0,84723641.98888889,78331147.8,84157655.36277778,4113911.116141331,6,1,1,52,2023,0
2023-01-15,Utah,74997967.5,Beverages,74997967.5,74827972.35,73808001.44999999,83863238.75,74487982.05,78011175.0875,367231.4957275313,6,1,1,2,2023,0
2023-01-22,Utah,74262693.69999999,Beverages,74262693.69999999,74367732.81428571,74997967.5,84997535.68571429,74577811.04285714,75876213.75309522,226910.42098336693,6,1,1,3,2023,0
2023-01-29,Utah,75155901.10000001,Beverages,75155901.10000001,75028300.04285716,74262693.69999999,76426777.0,74773097.92857143,74236626.35833332,275649.7880822144,6,1,1,4,2023,0
2023-02-04,Utah,80784702.1,Beverages,80784702.1,79846568.6,75028300.04285716,73298016.0,77970301.60000001,75280748.87166665,2026599.9846661824,5,2,1,5,2023,0
2023-02-19,Utah,77638644.8,Beverages,77638644.8,77848381.95333333,79106804.87333333,74472771.92857142,78267856.25999999,77642679.8404762,453084.0352049198,6,2,1,7,2023,0
2023-02-26,Utah,77673269.0,Beverages,77673269.0,77668322.68571429,77638644.8,74900698.98571429,77658430.05714285,78367716.49142857,10685.260646658488,6,2,1,8,2023,0
2023-03-19,Utah,84876141.10000001,Beverages,84876141.10000001,84533147.1904762,82475183.73333333,78058119.10666667,83847159.37142858,80315542.64177778,740951.5295943145,6,3,1,11,2023,0
2023-03-26,Utah,80341382.39999999,Beverages,80341382.39999999,80989205.07142857,84876141.10000001,77663376.37142856,82284850.4142857,81390192.88952382,1399456.9173639813,6,3,1,12,2023,0
2023-04-16,Utah,82950874.80000001,Beverages,82950874.80000001,82826613.25714287,82081044.0,84190153.2809524,82578090.17142858,82042556.26634921,268435.61270366376,6,4,2,15,2023,0
2023-04-23,Utah,83207752.10000001,Beverages,83207752.10000001,83171055.34285715,82950874.80000001,81637027.74285714,83097661.82857144,81962922.23571429,79274.05591740264,6,4,2,16,2023,0
2023-04-30,Utah,87151460.50000001,Beverages,87151460.50000001,86588073.5857143,83207752.10000001,80962690.11428571,85461299.75714287,83073844.75857143,1217054.8347924594,6,4,2,17,2023,0
2023-05-02,Utah,76237504.6,Beverages,76237504.6,81694482.55000001,84334525.92857143,81211213.2,84007917.21530613,82928305.5016667,3856642.225011511,1,5,2,18,2023,0
2023-05-03,Utah,83904754.1,Beverages,83904754.1,76237504.6,84897912.84285715,81335474.74285714,83866037.39489797,83013948.14690477,3836660.369333308,2,5,2,18,2023,0
2023-07-05,Utah,90346612.2,Beverages,90346612.2,90244360.484127,89630850.18888889,87279060.72380953,90039857.05238096,88863962.31984128,220888.95220881124,2,7,3,27,2023,0
2023-08-01,Utah,72347101.8,Beverages,72347101.8,73013750.33333333,77013641.53333333,90039857.05238095,74347047.4,81936615.50841269,1440125.4271737768,1,8,3,31,2023,0
2023-09-04,Utah,83693796.4,Beverages,83693796.4,83360070.0882353,81357712.21764706,73682007.04705882,82692617.4647059,78854764.87941177,720931.2302702442,0,9,3,36,2023,0
2023-12-02,Utah,80090615.49999999,Beverages,80090615.49999999,80131100.67865168,80374011.75056179,81305170.85955055,80212071.03595504,80677650.59044942,87457.98173524487,5,12,4,48,2023,0
2023-12-03,Utah,88790244.7,Beverages,88790244.7,80090615.49999999,80333526.5719101,81264685.68089887,81420173.62568216,80928502.55775279,3250631.2792947567,6,12,4,48,2023,0
2019-03-11,Vermont,9998306.8,Beverages,9998306.8,10000761.239655172,10015487.877586208,10071939.989655172,10005670.11896552,10033896.175,5302.195654963246,0,3,1,11,2019,0
2019-06-10,Vermont,10654128.4,Beverages,10654128.4,10646921.569230769,10603680.584615383,10437923.476923078,10632507.90769231,10549629.353846155,15568.533824328217,0,6,2,24,2019,0
2019-08-12,Vermont,10098782.6,Beverages,10098782.6,10107597.612698412,10160487.688888889,10363232.98095238,10125227.63809524,10226600.284126986,19042.603850694373,0,8,3,33,2019,0
2019-10-11,Vermont,9914387.0,Beverages,9914387.0,9917460.26,9935899.82,10006584.8,9923606.78,9958949.27,6639.000386974066,4,10,4,41,2019,0
2019-10-13,Vermont,10493866.1,Beverages,10493866.1,10204126.55,9929753.3,10000438.28,10042951.464285716,9982084.031,225213.46601331065,6,10,4,41,2019,0
2019-10-20,Vermont,10034765.8,Beverages,10034765.8,10100351.557142856,10493866.1,9978925.46,10231523.07142857,10038872.191666666,141681.4285172125,6,10,4,42,2019,0
2019-10-27,Vermont,9732838.7,Beverages,9732838.7,9775971.142857142,10034765.8,9957412.64,9862236.028571429,10014513.033666668,93176.7259487474,6,10,4,43,2019,0
2019-11-17,Vermont,9824944.1,Beverages,9824944.1,9820558.128571428,9794242.3,10165937.314285714,9811786.185714286,9819118.055238096,9474.781180493375,6,11,4,46,2019,0
2019-11-24,Vermont,10234925.7,Beverages,10234925.7,10176356.9,9824944.1,9819103.585714286,10059219.3,9844203.901428573,126523.06860566624,6,11,4,47,2019,0
2019-12-15,Vermont,10100359.3,Beverages,10100359.3,10106767.223809524,10145214.766666668,9816172.157142855,10119583.071428573,10117108.22095238,13842.697541749696,6,12,4,50,2019,0
2019-12-22,Vermont,10840313.1,Beverages,10840313.1,10734605.414285714,10100359.3,10117788.1,10523190.042857144,10250894.073333332,228354.7003143521,6,12,4,51,2019,0
2019-12-29,Vermont,11284136.8,Beverages,11284136.8,11220733.414285716,10840313.1,10202886.08095238,11093926.642857144,10456483.88190476,136966.9674050881,6,12,4,52,2019,0
2020-01-03,Vermont,10321603.4,Beverages,10321603.4,10514110.08,11157330.028571429,10170846.461904762,10862564.859183673,10543642.956984129,364736.1790364585,4,1,1,1,2020,0
2020-01-11,Vermont,10550546.1,Beverages,10550546.1,10521928.2625,10350221.2375,10119583.071428573,10464692.5875,10625875.720714288,61821.594728857606,5,1,1,2,2020,0
2020-01-19,Vermont,10459226.4,Beverages,10459226.4,10470641.3625,10539131.1375,10628897.728571428,10493471.2875,10678732.943809522,24659.13734808476,6,1,1,3,2020,0
2020-01-26,Vermont,10013202.4,Beverages,10013202.4,10076920.114285717,10459226.4,11157330.028571429,10204355.542857142,10502164.743809525,137645.99472698756,6,1,1,4,2020,0
2020-02-02,Vermont,10422771.2,Beverages,10422771.2,10364261.371428572,10013202.4,10321603.4,10247241.714285716,10358589.343333334,126395.6757599089,6,2,1,5,2020,0
2020-02-08,Vermont,13621460.4,Beverages,13621460.4,13088345.533333331,10364261.371428572,10493310.425,12022115.8,10731970.82375,1151659.7377776315,5,2,1,6,2020,0
2020-02-16,Vermont,10251653.0,Beverages,10251653.0,10672878.925,13200234.475,10482056.325,11515330.775000002,11054354.595416669,909951.9984573151,6,2,1,7,2020,0
2020-02-23,Vermont,10627026.5,Beverages,10627026.5,10573401.714285716,10251653.0,10140637.82857143,10466152.142857144,11087448.960476192,115842.77707394894,6,2,1,8,2020,0
2020-03-05,Vermont,11244375.9,Beverages,11244375.9,11188253.227272728,10851517.190909091,11489000.933333334,11076007.88181818,11298638.506666666,121238.8297489396,3,3,1,10,2020,0
2020-03-15,Vermont,11435654.3,Beverages,11435654.3,11416526.46,11301759.42,11094104.85,11378270.78,10942825.834166666,41320.85705322136,6,3,1,11,2020,0
2020-03-22,Vermont,11830940.5,Beverages,11830940.5,11774471.042857142,11435654.3,10519776.92857143,11661532.12857143,11230944.373809524,121987.96970743324,6,3,1,12,2020,0
2020-03-29,Vermont,10444062.1,Beverages,10444062.1,10642187.585714284,11830940.5,10907639.863636363,11038438.557142856,11300666.676969698,427999.966220107,6,3,1,13,2020,0
2020-04-10,Vermont,11398364.2,Beverages,11398364.2,11318839.025,10841687.975,11359142.94,11159788.675,11201978.460333334,171794.01272343035,4,4,2,15,2020,0
2020-04-19,Vermont,10470686.4,Beverages,10470686.4,10573761.711111112,11192213.577777777,11718001.585714286,10779912.333333332,11011769.303095238,222668.12123957815,6,4,2,16,2020,0
2020-04-26,Vermont,10511675.1,Beverages,10511675.1,10505819.57142857,10470686.4,10840313.07142857,10494108.514285712,10800786.897857144,12649.387440936642,6,4,2,17,2020,0
2020-05-01,Vermont,11286677.0,Beverages,11286677.0,11131676.62,10499964.042857142,10682637.625,10842982.267346935,10867046.703333331,303607.3923876425,4,5,2,18,2020,0
2020-05-04,Vermont,10611241.3,Beverages,10611241.3,10836386.533333331,10666675.48,10921213.15,10960837.902857142,10866516.559166668,224654.955398984,0,5,2,19,2020,0
2020-05-07,Vermont,14477899.8,Beverages,14477899.8,13189013.633333337,11131676.62,11159788.675,11908982.5,11077391.5725,1424659.3404975552,3,5,2,19,2020,0
2020-05-17,Vermont,11248781.3,Beverages,11248781.3,11571693.15,13509164.25,10676837.022222225,12217516.85,11616054.522037037,697569.3227643671,6,5,2,20,2020,0
2020-05-24,Vermont,12564024.6,Beverages,12564024.6,12376132.7,11248781.3,10499964.042857142,12000348.9,11966612.16404762,405892.8944103554,6,5,2,21,2020,0
2020-05-31,Vermont,12529765.9,Beverages,12529765.9,12534660.0,12564024.6,11286677.0,12544448.2,12363620.881666666,10572.46434870494,6,5,2,22,2020,0
2020-06-09,Vermont,11742210.9,Beverages,11742210.9,11829717.011111112,12354753.677777778,13509164.25,12004729.233333334,12205543.858333332,189034.8052123093,1,6,2,24,2020,0
2020-06-12,Vermont,10650733.7,Beverages,10650733.7,11014559.433333334,12092235.344444444,12540428.7,11505365.50952381,12020665.746666668,511158.9118714663,4,6,2,24,2020,0
2020-06-14,Vermont,12200506.6,Beverages,12200506.6,11425620.15,11917223.122222222,11894605.0,11463104.70873016,12004465.91,520542.7309336456,6,6,2,24,2020,0
2020-06-21,Vermont,12877303.4,Beverages,12877303.4,12780618.142857144,12200506.6,12188240.8,12587247.628571426,12212065.041666666,208864.0269671568,6,6,2,25,2020,0
2020-06-28,Vermont,13067928.6,Beverages,13067928.6,13040696.42857143,12877303.4,12539554.1,12986232.085714286,12319290.235,58828.213894011846,6,6,2,26,2020,0
2020-07-06,Vermont,12511161.4,Beverages,12511161.4,12580757.3,12998332.7,12004729.233333334,12719949.1,12440376.349444443,150344.3271906397,0,7,3,28,2020,0
2020-07-19,Vermont,13160168.1,Beverages,13160168.1,13110244.507692307,12810702.953846157,12683932.885714283,13010397.323076922,12859588.92142857,107847.2854928591,6,7,3,29,2020,0
2020-07-26,Vermont,13076993.6,Beverages,13076993.6,13088875.67142857,13160168.1,13013464.257142857,13112639.814285712,12904107.507619048,25668.207961965025,6,7,3,30,2020,0
2020-08-03,Vermont,11002689.6,Beverages,11002689.6,11261977.6,12817705.6,12650353.2,11780553.599999998,12645004.11,560126.0980695755,0,8,3,32,2020,0
2020-08-11,Vermont,10915170.1,Beverages,10915170.1,10926110.0375,10991749.6625,12810702.953846157,10947989.9125,12192350.660384614,23632.96606469992,1,8,3,33,2020,0
2020-08-16,Vermont,12847282.5,Beverages,12847282.5,12460860.02,10937049.975,13060320.915384617,11744781.119642856,12044677.961923076,752226.3503047307,6,8,3,33,2020,0
2020-08-23,Vermont,12018680.8,Beverages,12018680.8,12137052.471428571,12847282.5,13100757.742857143,12373795.814285716,11868796.250714283,255712.03618851752,6,8,3,34,2020,0
2020-08-30,Vermont,11781951.5,Beverages,11781951.5,11815769.971428571,12018680.8,11780553.6,11883406.914285716,11719540.621666666,73056.24804824877,6,8,3,35,2020,0
2020-09-02,Vermont,10245582.5,Beverages,10245582.5,10757705.5,11917225.385714289,11002689.6,11371976.18979592,11669113.411666663,646945.7603622496,2,9,3,36,2020,0
2020-09-08,Vermont,12830790.6,Beverages,12830790.6,12399922.583333332,10757705.5,10937049.975,11538186.55,11826957.559583334,930781.2970846412,1,9,3,37,2020,0
2020-09-13,Vermont,11410464.4,Beverages,11410464.4,11694529.64,11969054.566666666,12074437.54,12160526.797619049,11926545.862333331,496486.0901047604,6,9,3,37,2020,0
2020-09-20,Vermont,10928516.2,Beverages,10928516.2,10997365.942857144,11410464.4,12255424.142857144,11135065.42857143,11599095.130714286,148732.4435363876,6,9,3,38,2020,0
2020-09-27,Vermont,11274683.9,Beverages,11274683.9,11225231.371428572,10928516.2,11849588.442857144,11126326.314285714,11403842.597380953,106829.67151733048,6,9,3,39,2020,0
2020-10-05,Vermont,11252154.1,Beverages,11252154.1,11254970.325,11271867.675,11538186.55,11260602.775,11433952.381666666,6083.741324013328,0,10,4,41,2020,0
2020-10-18,Vermont,10964926.4,Beverages,10964926.4,10987020.83846154,11119587.46923077,11066215.685714286,11031209.715384616,11139122.094761904,47729.44218203771,6,10,4,42,2020,0
2020-10-25,Vermont,10672287.4,Beverages,10672287.4,10714092.971428571,10964926.4,11175778.842857145,10797704.114285711,11081578.019047618,90310.35605912948,6,10,4,43,2020,0
2020-11-10,Vermont,11173346.7,Beverages,11173346.7,11142030.49375,10954133.25625,11119587.46923077,11079398.08125,10927266.641923076,67650.73745465353,1,11,4,46,2020,0
2020-11-15,Vermont,10771670.3,Beverages,10771670.3,10852005.58,11110714.2875,11009115.276923075,10996725.927678572,10907106.092948716,151422.7366036645,6,11,4,46,2020,0
2020-11-22,Vermont,10874180.4,Beverages,10874180.4,10859536.1,10771670.3,10755898.542857144,10830247.5,10895847.320714286,31635.303669935256,6,11,4,47,2020,0
2020-11-29,Vermont,10819020.0,Beverages,10819020.0,10826900.057142856,10874180.4,10828868.43125,10842660.171428572,10918549.345208336,17022.869010552095,6,11,4,48,2020,0
2020-12-01,Vermont,10094296.5,Beverages,10094296.5,10456658.25,10858420.285714284,10891500.84375,10674979.331632651,10878524.9875,292449.1549331312,1,12,4,49,2020,0
2020-12-04,Vermont,10412629.2,Beverages,10412629.2,10306518.3,10834780.114285717,10985449.4625,10445204.24387755,10813763.491875,285458.04468271625,4,12,4,49,2020,0
2020-12-07,Vermont,13581080.4,Beverages,13581080.4,12524930.0,10456658.25,11079398.08125,11226948.771428572,10961448.304375,1362116.6198472288,0,12,4,50,2020,0
2020-12-13,Vermont,10595475.4,Beverages,10595475.4,11093076.233333334,12524930.0,10932340.86,12088277.900000002,11113873.137666669,1074940.6573816498,6,12,4,50,2020,0
2020-12-20,Vermont,10830189.7,Beverages,10830189.7,10796659.085714284,10595475.4,10844891.8,10729597.857142856,11094056.241666667,72434.40554809316,6,12,4,51,2020,0
2020-12-27,Vermont,11761643.9,Beverages,11761643.9,11628579.014285712,10830189.7,10834780.114285717,11362449.24285714,11212413.810238097,287453.006792502,6,12,4,52,2020,0
2021-01-08,Vermont,13464125.9,Beverages,13464125.9,13322252.4,12471011.4,12585878.733333334,13038505.4,11740589.87,306481.7884917611,4,1,1,1,2021,0
2021-01-17,Vermont,10703796.0,Beverages,10703796.0,11010499.322222222,12850719.255555555,10763128.471428571,11623905.966666669,12024844.562857144,662554.9008874749,6,1,1,2,2021,0
2021-01-24,Vermont,10635882.5,Beverages,10635882.5,10645584.42857143,10703796.0,11495514.128571428,10664988.285714284,11920882.81047619,20958.561115698223,6,1,1,3,2021,0
2021-01-31,Vermont,10799388.8,Beverages,10799388.8,10776030.75714286,10635882.5,12471011.4,10729314.671428572,11613504.736666666,50459.139659961205,6,1,1,4,2021,0
2021-02-05,Vermont,11912435.0,Beverages,11912435.0,11689825.76,10752672.714285716,13180378.9,11273071.736734694,11375268.84,438830.8295206415,4,2,1,5,2021,0
2021-02-14,Vermont,10792892.1,Beverages,10792892.1,10917285.755555555,11663647.688888889,11317202.644444443,11166073.066666665,11014156.637407407,268721.0087275498,6,2,1,6,2021,0
2021-02-21,Vermont,11079749.5,Beverages,11079749.5,11038769.871428572,10792892.1,10655286.357142856,10956810.614285711,11067820.90095238,88526.115562911,6,2,1,7,2021,0
2021-02-28,Vermont,10854414.4,Beverages,10854414.4,10886605.128571428,11079749.5,10752672.714285716,10950986.585714286,11129342.768571427,69539.92158818949,6,2,1,8,2021,0
2021-03-01,Vermont,11494780.9,Beverages,11494780.9,10854414.4,11047558.771428572,10776030.75714286,11014875.46122449,11153301.106666666,218642.91834902015,0,3,1,9,2021,0
2021-03-10,Vermont,17208122.500000004,Beverages,17208122.500000004,16573306.76666667,12764412.366666667,11539254.033333331,15303675.300000004,12116411.82777778,1371358.7196675788,2,3,1,10,2021,0
2021-03-14,Vermont,12010395.9,Beverages,12010395.9,13309827.55,15303675.300000004,11041679.41111111,15079727.685714288,12480581.625185186,1869054.2202203032,6,3,1,10,2021,0
2021-03-21,Vermont,12539025.6,Beverages,12539025.6,12463507.07142857,12010395.9,10997790.242857143,12312470.014285712,12810513.535714287,163138.6671987763,6,3,1,11,2021,0
2021-03-28,Vermont,11222142.9,Beverages,11222142.9,11410269.0,12539025.6,10918795.857142858,11786521.2,12992888.284285717,406398.824234226,6,3,1,12,2021,0
2021-04-04,Vermont,11275936.6,Beverages,11275936.6,11268251.785714284,11222142.9,14034043.833333336,11252882.157142855,12766458.075555556,16601.096233933808,6,4,2,13,2021,0
2021-04-07,Vermont,14328350.3,Beverages,14328350.3,13310879.066666666,11245197.342857145,15938491.033333335,12141467.816326529,12567178.452222224,1241657.8120527968,2,4,2,14,2021,0
2021-04-18,Vermont,11028639.2,Beverages,11028639.2,11328612.936363636,13128455.354545455,12387988.542857142,11928560.409090908,12134152.66904762,648017.3339017442,6,4,2,15,2021,0
2021-04-25,Vermont,11336823.4,Beverages,11336823.4,11292797.085714286,11028639.2,11598395.1,11204744.457142858,11919400.736666668,95107.70893087894,6,4,2,16,2021,0
2021-05-09,Vermont,12654207.3,Beverages,12654207.3,12560108.45,11995515.35,13728402.827272728,12371910.75,11902864.178636365,203276.748955987,6,5,2,18,2021,0
2021-05-12,Vermont,16412109.1,Beverages,16412109.1,15159475.166666666,12277811.9,12828481.618181815,13647237.37142857,12105966.159848483,1591042.0088630382,2,5,2,19,2021,0
2021-05-16,Vermont,12174721.4,Beverages,12174721.4,13234068.325,12654207.3,11628586.672727272,14361913.235714288,12330658.76121212,1419437.3595641432,6,5,2,19,2021,0
2021-05-23,Vermont,13910947.8,Beverages,13910947.8,13662915.457142858,12174721.4,11248770.771428572,13166850.771428572,12797562.512857145,535811.0996251532,6,5,2,20,2021,0
2021-05-30,Vermont,13487131.9,Beverages,13487131.9,13547677.028571429,13910947.8,11807317.65,13668767.285714284,13296100.871666666,130792.42627389212,6,5,2,21,2021,0
2021-06-06,Vermont,13043593.0,Beverages,13043593.0,13106955.7,13487131.9,12466009.6,13233681.099999998,13541093.416666666,136879.0762166281,6,6,2,22,2021,0
2021-06-13,Vermont,13342856.7,Beverages,13342856.7,13300104.74285714,13043593.0,14293415.25,13214600.828571428,13279869.654166669,92354.78286354971,6,6,2,23,2021,0
2021-06-20,Vermont,13908879.8,Beverages,13908879.8,13828019.357142858,13342856.7,13414883.114285717,13666298.471428571,13468576.568571428,174678.5209714732,6,6,2,24,2021,0
2021-06-27,Vermont,13628238.2,Beverages,13628238.2,13668329.857142856,13908879.8,13608222.157142855,13748513.17142857,13469215.464285713,86607.87803663619,6,6,2,25,2021,0
2021-07-02,Vermont,10992665.7,Beverages,10992665.7,11519780.2,13708421.514285712,13297043.8,12504434.508163264,13239830.3,1036243.0106346362,4,7,3,26,2021,0
2021-07-03,Vermont,11517988.2,Beverages,11517988.2,10992665.7,13668329.857142856,13233681.1,12197242.84285714,13182640.536666663,948740.776276,5,7,3,26,2021,0
2021-07-11,Vermont,16450799.2,Beverages,16450799.2,15834197.825,12134589.575,13257352.785714284,14600995.075,13488021.991428573,1332011.20855217,6,7,3,27,2021,0
2021-07-18,Vermont,13433530.9,Beverages,13433530.9,13864569.22857143,16450799.2,13747158.914285714,14726645.885714283,13771900.978571428,931149.2128487336,6,7,3,28,2021,0
2021-07-25,Vermont,13661363.2,Beverages,13661363.2,13628815.728571428,13433530.9,13708421.514285712,13563720.785714284,13714105.051904762,70310.57423819554,6,7,3,29,2021,0
2021-08-08,Vermont,13735040.7,Beverages,13735040.7,13729778.02142857,13698201.95,15217596.45,13719252.664285714,14070974.325833332,11368.685060512047,6,8,3,31,2021,0
2021-08-15,Vermont,14357893.3,Beverages,14357893.3,14268914.357142858,13735040.7,14295607.557142856,14090956.471428571,13756416.899285715,192216.48542474984,6,8,3,32,2021,0
2021-08-22,Vermont,13064025.1,Beverages,13064025.1,13248863.414285714,14357893.3,13596268.257142857,13618540.042857144,13768944.019285712,399296.39533867664,6,8,3,33,2021,0
2021-08-29,Vermont,12916089.8,Beverages,12916089.8,12937223.414285716,13064025.1,13687676.592857145,12979490.642857144,13608293.999047616,45653.82473437129,6,8,3,34,2021,0
2021-09-05,Vermont,11994925.8,Beverages,11994925.8,12126520.65714286,12916089.8,13724515.342857145,12389710.371428574,13300523.380714286,284277.38212888927,6,9,3,35,2021,0
2021-09-19,Vermont,11854055.2,Beverages,11854055.2,11864117.385714283,11924490.5,13433701.728571428,11884241.757142857,12358990.91047619,21736.80549104946,6,9,3,37,2021,0
2021-09-26,Vermont,12191093.5,Beverages,12191093.5,12142945.17142857,11854055.2,12958357.028571429,12046648.514285712,12126008.570476191,104012.27751098716,6,9,3,38,2021,0
2021-10-01,Vermont,10942795.9,Beverages,10942795.9,11192455.42,12094796.842857145,12521305.22857143,11649230.481632654,11905960.61142857,478740.1387652336,4,10,4,39,2021,0
2021-10-10,Vermont,17238408.799999997,Beverages,17238408.799999997,16538896.255555551,12341820.98888889,11944614.871428572,15139871.166666662,12618302.57952381,1511119.8052759217,6,10,4,40,2021,0
2021-10-17,Vermont,16867635.5,Beverages,16867635.5,16920603.114285715,17238408.799999997,11874179.57142857,17026538.34285714,13813476.096190477,114423.12453174604,6,10,4,41,2021,0
2021-10-24,Vermont,16095629.6,Beverages,16095629.6,16205916.157142855,16867635.5,12094796.842857145,16426489.271428572,14855967.809047615,238246.1931204486,6,10,4,42,2021,0
2021-10-31,Vermont,15986865.4,Beverages,15986865.4,16002403.142857144,16095629.6,10942795.9,16033478.62857143,15878959.043333331,33565.360828229444,6,10,4,43,2021,0
2021-11-04,Vermont,11243963.8,Beverages,11243963.8,12429689.2,16033478.628571428,13740846.077777777,14299631.004081631,15923088.995185183,1925799.811594702,3,11,4,44,2021,0
2021-11-07,Vermont,13843773.8,Beverages,13843773.8,12977170.466666669,15986865.4,15839383.71111111,13003102.714285716,15706818.925185185,1192703.9883819695,6,11,4,44,2021,0
2021-11-14,Vermont,16477179.7,Beverages,16477179.7,16100978.857142856,13843773.8,16973570.728571426,15348577.171428572,15315659.103809524,812686.7043597508,6,11,4,45,2021,0
2021-11-21,Vermont,16714317.7,Beverages,16714317.7,16680440.842857145,16477179.7,16316202.714285716,16612687.12857143,15309548.84190476,73182.3756048996,6,11,4,46,2021,0
2021-11-28,Vermont,16052503.6,Beverages,16052503.6,16147048.471428571,16714317.7,16017940.885714283,16336138.214285716,15369760.17142857,204240.2653637046,6,11,4,47,2021,0
2021-12-09,Vermont,12307859.3,Beverages,12307859.3,12648281.50909091,14690814.763636364,14596175.485714288,13329125.927272728,15445844.70904762,735396.0216990383,3,12,4,49,2021,0
2021-12-12,Vermont,16128337.1,Beverages,16128337.1,14854844.5,13669548.136363637,15724778.014285712,13691214.850649351,15396471.44190476,1349795.1388495916,6,12,4,49,2021,0
2021-12-19,Vermont,17427391.6,Beverages,17427391.6,17241812.385714285,16128337.1,16646563.985714285,16870653.957142856,15483883.70142857,400896.922266365,6,12,4,50,2021,0
2021-12-26,Vermont,17740467.9,Beverages,17740467.9,17695742.714285713,17427391.6,16241593.342857145,17606292.342857145,15740412.782380952,96617.44376615772,6,12,4,51,2021,0
2022-01-05,Vermont,17584377.6,Beverages,17584377.6,17599986.630000003,17693640.81,13329125.927272728,17631204.69,16679806.149242423,33719.358657457386,2,1,1,1,2022,0
2022-01-16,Vermont,16914501.5,Beverages,16914501.5,16975399.327272728,17340786.290909093,17056233.171428572,17097194.98181818,17462277.657857142,131554.34254942622,6,1,1,2,2022,0
2022-01-23,Vermont,16263821.500000002,Beverages,16263821.500000002,16356775.785714287,16914501.5,17651017.528571427,16542684.357142856,17239669.348809525,200804.20750612376,6,1,1,3,2022,0
2022-01-30,Vermont,16366357.7,Beverages,16366357.7,16351709.67142857,16263821.500000002,17662422.75,16322413.614285717,16918085.37,31643.358301432323,6,1,1,4,2022,0
2022-02-01,Vermont,17602152.0,Beverages,17602152.0,16984254.85,16293117.557142856,17631204.69,16610245.009183671,16895031.651333336,499842.3493219628,1,2,1,5,2022,0
2022-02-10,Vermont,17781059.9,Beverages,17781059.9,17761181.244444445,17641909.31111111,17218990.636363637,17721423.933333334,16971249.530757576,42942.80402637798,3,2,1,6,2022,0
2022-02-13,Vermont,16689059.0,Beverages,16689059.0,17053059.3,17701545.277777776,17036297.154545456,17452020.795238096,16966835.962575756,428682.5133701018,6,2,1,6,2022,0
2022-02-20,Vermont,16725384.3,Beverages,16725384.3,16720194.971428571,16689059.0,16449730.071428573,16709816.314285714,16963523.301190477,11210.230946684342,6,2,1,7,2022,0
2022-02-27,Vermont,16700358.6,Beverages,16700358.6,16703933.7,16725384.3,16337061.642857144,16711083.9,17057462.037380952,7723.0986756702,6,2,1,8,2022,0
2022-03-04,Vermont,17273731.7,Beverages,17273731.7,17159057.08,16707508.8,17622030.655555554,16946600.657142855,17067308.95148148,223170.8957894908,4,3,1,9,2022,0
2022-03-07,Vermont,22844305.4,Beverages,22844305.4,20987447.5,16815033.22,17681666.622222222,18767031.65428572,17399874.904814813,2339707.536403277,0,3,1,10,2022,0
2022-03-13,Vermont,16804676.900000002,Beverages,16804676.900000002,17811281.650000002,20987447.5,17417059.599999998,19824491.15,17726660.241666667,2174514.790178468,6,3,1,10,2022,0
2022-03-20,Vermont,17123995.400000002,Beverages,17123995.400000002,17078378.471428573,16804676.900000002,16715005.642857144,16987144.614285715,17781485.54404762,98543.82850862894,6,3,1,11,2022,0
2022-03-27,Vermont,16939632.5,Beverages,16939632.5,16965970.057142857,17123995.400000002,16707508.8,17018645.171428572,17851873.608333334,56895.626155516205,6,3,1,12,2022,0
2022-04-09,Vermont,19188721.200000003,Beverages,19188721.200000003,19015714.37692308,17977673.43846154,19824491.15,18669700.73076924,17581107.228333335,373737.4531385324,5,4,2,14,2022,0
2022-04-12,Vermont,16973330.3,Beverages,16973330.3,17711793.933333334,18496693.90769231,16804676.900000002,18407460.808791213,17571158.45666667,793837.0937115849,1,4,2,15,2022,0
2022-04-17,Vermont,17514823.900000002,Beverages,17514823.900000002,17406525.180000003,18450257.56666667,17032761.542857144,17310893.79047619,17630608.252380956,255851.02061137056,6,4,2,15,2022,0
2022-04-24,Vermont,16530616.500000002,Beverages,16530616.500000002,16671217.55714286,17514823.900000002,16992307.614285715,16952419.671428572,17605263.25857143,303732.997754602,6,4,2,16,2022,0
2022-05-06,Vermont,20243384.1,Beverages,20243384.1,19933986.8,18077603.0,18669700.730769232,19315192.2,17928032.744358975,668374.5580289221,4,5,2,18,2022,0
2022-05-15,Vermont,19138994.3,Beverages,19138994.3,19261704.27777778,19997964.144444447,17298226.46,19507124.233333334,18425239.40266667,265083.8490277447,6,5,2,19,2022,0
2022-05-22,Vermont,20057254.2,Beverages,20057254.2,19926074.21428572,19138994.3,16811818.614285715,19663714.242857147,19000557.635238096,283381.15741109394,6,5,2,20,2022,0
2022-05-29,Vermont,19462027.5,Beverages,19462027.5,19547059.885714285,20057254.2,18077603.0,19717124.65714285,19584690.85333333,183690.94759280584,6,5,2,21,2022,0
2022-06-02,Vermont,17004639.699999996,Beverages,17004639.699999996,17618986.65,19717124.65714285,19315192.200000003,18620831.45102041,19461366.03666667,1033242.64918722,3,6,2,22,2022,0
2022-06-03,Vermont,17086730.6,Beverages,17086730.6,17004639.699999996,19632092.27142857,19624589.5,18257208.35510204,19376770.74,1065426.9031401468,4,6,2,22,2022,0
2022-06-11,Vermont,17483212.0,Beverages,17483212.0,17433651.825,17136290.775000002,19507124.23333333,17334531.475,18690678.911111116,107062.21437995344,5,6,2,23,2022,0
2022-06-19,Vermont,20105332.7,Beverages,20105332.7,19777567.6125,17810977.0875,19794894.22857143,19122037.4375,18564594.07880952,708053.5140259045,6,6,2,24,2022,0
2022-06-26,Vermont,20273984.500000004,Beverages,20273984.500000004,20249891.38571429,20105332.7,19632092.27142857,20201705.15714285,18645188.16119048,52047.07542997681,6,6,2,25,2022,0
2022-07-08,Vermont,21576115.5,Beverages,21576115.5,21467604.58333333,20816539.083333336,17334531.475,21250582.75,19904326.54083333,234410.37128657644,4,7,3,27,2022,0
2022-07-17,Vermont,21496520.500000004,Beverages,21496520.500000004,21505364.38888889,21558427.722222224,19449802.525,21523052.166666668,20894452.21375,19104.983536593387,6,7,3,28,2022,0
2022-07-24,Vermont,21507023.6,Beverages,21507023.6,21505523.15714286,21496520.500000004,20225798.27142857,21502522.27142857,21219342.059523813,3241.326942544192,6,7,3,29,2022,0
2022-07-31,Vermont,21055278.5,Beverages,21055278.5,21119813.51428572,21507023.6,20816539.083333336,21248883.542857144,21393366.148333333,139411.56451595694,6,7,3,30,2022,0
2022-08-05,Vermont,18223423.6,Beverages,18223423.6,18789794.58,21184348.52857143,21359093.666666668,19850845.687755104,21095715.10277778,1117455.4993242377,4,8,3,31,2022,0
2022-08-14,Vermont,20866310.8,Beverages,20866310.8,20572656.666666668,18810731.866666667,21514208.27777778,19985348.4,20542260.05962963,634365.4310493089,6,8,3,32,2022,0
2022-08-21,Vermont,19885723.7,Beverages,19885723.7,20025807.57142857,20866310.8,21504022.71428572,20305975.314285714,20263421.165238094,302615.74891842884,6,8,3,33,2022,0
2022-08-28,Vermont,19708102.2,Beverages,19708102.2,19733476.7,19885723.7,21184348.52857143,19784225.7,19893752.51047619,54815.1849465452,6,8,3,34,2022,0
2022-09-01,Vermont,16658675.3,Beverages,16658675.3,17421032.025,19784225.7,19922536.54,18629895.95,19514496.02633333,1245067.0388950629,3,9,3,35,2022,0
2022-09-10,Vermont,18224034.1,Beverages,18224034.1,18050105.344444446,17006532.81111111,19985348.4,17702247.833333336,19043769.67833333,375729.0549170818,5,9,3,36,2022,0
2022-09-18,Vermont,18198309.6,Beverages,18198309.6,18201525.1625,18220818.5375,20165891.442857143,18207956.2875,18434711.232380956,6946.408898362342,6,9,3,37,2022,0
2022-09-25,Vermont,17772235.2,Beverages,17772235.2,17833102.97142857,18198309.6,19758851.2,17954838.514285713,17992189.14333333,131489.41450506754,6,9,3,38,2022,0
2022-10-04,Vermont,16901303.2,Beverages,16901303.2,16998073.422222223,17578694.755555555,17180461.566666666,17191613.866666667,17789703.74055556,209047.57251593855,1,10,4,40,2022,0
2022-10-07,Vermont,21109350.4,Beverages,21109350.4,19706668.0,17288384.088888887,17702247.833333336,18186548.304761905,18007538.632777777,1638768.2682072923,4,10,4,40,2022,0
2022-10-16,Vermont,17842758.3,Beverages,17842758.3,18205712.97777778,20383441.04444444,18204740.725,18931622.33333333,18348345.27541667,784071.7173170766,6,10,4,41,2022,0
2022-10-23,Vermont,17253871.9,Beverages,17253871.9,17337998.528571427,17842758.3,17893970.742857143,17506251.785714287,18217191.81904762,181734.2885335005,6,10,4,42,2022,0
2022-10-30,Vermont,17001669.7,Beverages,17001669.7,17037698.585714284,17253871.9,17288384.088888887,17109756.35714286,18108969.607777774,77831.288654105,6,10,4,43,2022,0
2022-11-09,Vermont,18020623.0,Beverages,18020623.0,17918727.67,17307355.689999998,20020486.366666667,17714937.009999998,17681128.90388889,220119.07070224403,2,11,4,45,2022,0
2022-11-12,Vermont,17078049.8,Beverages,17078049.8,17392240.866666667,17613041.68,18931622.33333333,17663977.51714286,17490895.289444443,325834.7183227296,5,11,4,45,2022,0
2022-11-13,Vermont,16990548.5,Beverages,16990548.5,17078049.8,17714937.009999998,18568667.65555556,17560493.444285717,17438291.317592595,410884.5498553077,6,11,4,45,2022,0
2022-11-20,Vermont,17076820.2,Beverages,17076820.2,17064495.671428572,16990548.5,17422125.157142855,17039846.61428571,17280910.08261905,26624.024629563537,6,11,4,46,2022,0
2022-11-27,Vermont,17415650.7,Beverages,17415650.7,17367246.34285714,17076820.2,17073727.47142857,17270437.62857143,17299985.641190477,104565.36243745964,6,11,4,47,2022,0
2022-12-06,Vermont,19894379.9,Beverages,19894379.9,19618965.54444444,17966479.41111111,17714937.009999998,19068136.83333333,17740998.203666665,594963.007657839,1,12,4,49,2022,0
2022-12-18,Vermont,17867736.9,Beverages,17867736.9,18036623.816666663,19049945.316666663,17052171.14285714,18374397.65,18324275.362380948,364837.438089593,6,12,4,50,2022,0
2022-12-25,Vermont,19232543.6,Beverages,19232543.6,19037571.21428572,17867736.9,17318841.985714287,18647626.442857143,18667005.45809524,421188.4917209499,6,12,4,51,2022,0
2023-01-01,Vermont,18254415.4,Beverages,18254415.4,18394148.0,19232543.6,18792722.47777777,18673613.2,18824436.34222222,301856.9159041254,6,1,1,52,2023,0
2023-01-15,Vermont,17048539.1,Beverages,17048539.1,17134673.12142857,17651477.25,18205510.73333333,17306941.164285716,18122359.38555556,186070.75272920183,6,1,1,2,2023,0
2023-01-22,Vermont,17196042.100000005,Beverages,17196042.100000005,17174970.242857147,17048539.1,18842598.828571428,17132826.52857143,17847764.542142857,45520.414056323694,6,1,1,3,2023,0
2023-01-29,Vermont,17032340.3,Beverages,17032340.3,17055726.271428574,17196042.100000005,18533880.6,17102498.21428572,17427119.331666667,50519.4722673572,6,1,1,4,2023,0
2023-02-04,Vermont,17377273.3,Beverages,17377273.3,17319784.46666667,17055726.271428574,17909879.314285714,17204806.8,17247000.08214286,124190.07396144832,5,2,1,5,2023,0
2023-02-19,Vermont,17621734.900000002,Beverages,17621734.900000002,17605437.46,17507652.82,17153898.38571429,17572842.580000002,17336819.981428575,35206.494224996684,6,2,1,7,2023,0
2023-02-26,Vermont,17333835.0,Beverages,17333835.0,17374963.557142857,17621734.900000002,17079112.242857143,17457220.671428572,17410157.02904762,88847.83804589855,6,2,1,8,2023,0
2023-03-19,Vermont,19111462.6,Beverages,19111462.6,19026813.666666668,18518920.066666663,17589140.020000003,18857515.8,18033071.855333336,182862.59577535265,6,3,1,11,2023,0
2023-03-26,Vermont,17260096.400000002,Beverages,17260096.400000002,17524577.285714287,19111462.6,17416092.114285715,18053539.057142857,18154933.685238097,571344.013332858,6,3,1,12,2023,0
2023-04-16,Vermont,18162049.3,Beverages,18162049.3,18119099.161904763,17861398.333333336,18942164.73333333,18033198.885714285,17896551.86555556,92782.90265009605,6,4,2,15,2023,0
2023-04-23,Vermont,17623202.9,Beverages,17623202.9,17700180.957142856,18162049.3,17789058.171428572,17854137.07142857,17738237.982857145,166291.60926904096,6,4,2,16,2023,0
2023-04-30,Vermont,18276857.2,Beverages,18276857.2,18183478.01428572,17623202.9,17474847.090476193,17996719.64285714,17879825.640952382,201722.0964133819,6,4,2,17,2023,0
2023-05-02,Vermont,17520094.0,Beverages,17520094.0,17898475.6,17809961.27142857,17560747.366666667,17981294.82040816,17891159.807777777,246966.0922139834,1,5,2,18,2023,0
2023-05-03,Vermont,18343682.1,Beverages,18343682.1,17520094.0,17903340.457142856,17603697.50476191,18044200.76938776,17915825.960952383,277939.15789830894,2,5,2,18,2023,0
2023-07-05,Vermont,19494926.4,Beverages,19494926.4,19476652.680952378,19367010.366666667,18946714.828571428,19440105.24285714,19229957.47380952,39475.74490693079,2,7,3,27,2023,0
2023-08-01,Vermont,17426155.800000004,Beverages,17426155.800000004,17502776.933333337,17962503.733333334,19440105.242857143,17656019.200000003,18527672.74809524,165520.5657163236,1,8,3,31,2023,0
2023-09-04,Vermont,18173575.1,Beverages,18173575.1,18151592.179411765,18019694.655882355,17514087.482352946,18107626.338235296,17854822.75147059,47488.53603815387,0,9,3,36,2023,0
2023-12-02,Vermont,17722087.1,Beverages,17722087.1,17727159.998876408,17757597.392134834,17874274.066292137,17737305.796629217,17795644.133707866,10958.714055636436,5,12,4,48,2023,0
2023-12-03,Vermont,18511580.700000003,Beverages,18511580.700000003,17722087.1,17752524.493258428,17869201.16741573,17845742.3975923,17817056.78479401,293734.8869150992,6,12,4,48,2023,0
2019-03-11,Virginia,156968155.4,Beverages,156968155.4,156902675.2086207,156509794.06034485,155003749.6586207,156771714.82586208,156018692.625,141453.3804054799,0,3,1,11,2019,0
2019-06-10,Virginia,172066422.7,Beverages,172066422.7,171900507.67472526,170905017.52307692,167088971.94175825,171568677.62417582,169660654.83351648,358417.41893337097,0,6,2,24,2019,0
2019-08-12,Virginia,155885204.70000002,Beverages,155885204.70000002,156142049.43015873,157683117.81111112,163590546.6047619,156655738.8904762,159609453.2873016,554848.0319689492,0,8,3,33,2019,0
2019-10-11,Virginia,155391290.89999998,Beverages,155391290.89999998,155399522.79666665,155448914.17666665,155638247.8,155415986.58999997,155510653.40166664,17782.92918971937,4,10,4,41,2019,0
2019-10-13,Virginia,161601644.9,Beverages,161601644.9,158496467.89999998,155432450.38333333,155621784.00666666,156733840.8952381,155805530.498,2435691.910673431,6,10,4,41,2019,0
2019-10-20,Virginia,153893495.0,Beverages,153893495.0,154994659.2714286,161601644.9,155564160.73,157196987.81428573,156180761.15666667,2378786.703159537,6,10,4,42,2019,0
2019-10-27,Virginia,150809621.79999998,Beverages,150809621.79999998,151250175.1142857,153893495.0,155506537.45333332,152131281.74285713,155387439.1632222,951703.9312346452,6,10,4,43,2019,0
2019-11-17,Virginia,151880466.6,Beverages,151880466.6,151829473.9904762,151523518.3333333,156095823.54285714,151727488.77142856,151752949.2357143,110156.6266017928,6,11,4,46,2019,0
2019-11-24,Virginia,154500701.4,Beverages,154500701.4,154126382.14285713,151880466.6,151690728.4285714,153377743.62857142,151816178.4304762,808622.0146524607,6,11,4,47,2019,0
2019-12-15,Virginia,151159938.0,Beverages,151159938.0,151319021.97142857,152273525.8,151778481.3809524,151637189.91428572,152837349.2663492,343660.65602762526,6,12,4,50,2019,0
2019-12-22,Virginia,163692374.70000002,Beverages,163692374.70000002,161902026.60000002,151159938.0,153752062.8857143,158321330.40000004,154154757.6114286,3867593.931995703,6,12,4,51,2019,0
2019-12-29,Virginia,151352892.8,Beverages,151352892.8,153115675.92857143,163692374.70000002,153705281.54285714,156641242.1857143,154746236.42238095,3808046.78793303,6,12,4,52,2019,0
2020-01-03,Virginia,158527801.4,Beverages,158527801.4,157092819.68,154878459.05714288,152909861.68571427,154679679.78979594,155151204.47761908,2545889.2405343726,4,1,1,1,2020,0
2020-01-11,Virginia,165112481.29999998,Beverages,165112481.29999998,164289396.3125,159350886.3875,151637189.91428572,162643226.3375,157827924.4854762,1778066.792247057,5,1,1,2,2020,0
2020-01-19,Virginia,145982251.8,Beverages,145982251.8,148373530.4875,162721202.61249998,160111678.5,153156087.8625,157767985.82666668,5165752.370438545,6,1,1,3,2020,0
2020-01-26,Virginia,144337569.20000002,Beverages,144337569.20000002,144572523.85714287,145982251.8,154878459.05714288,145042433.1714286,154357402.63761908,507560.0696015679,6,1,1,4,2020,0
2020-02-02,Virginia,150953056.5,Beverages,150953056.5,150007986.8857143,144337569.20000002,158527801.4,148117847.65714288,152826308.47333333,2041583.7040419728,6,2,1,5,2020,0
2020-02-08,Virginia,187624235.0,Beverages,187624235.0,181512371.91666663,150007986.8857143,163466311.325,169288645.75,155013504.16041666,13203133.2757518,5,2,1,6,2020,0
2020-02-16,Virginia,148167205.1,Beverages,148167205.1,153099333.83749998,182692106.2625,150764809.175,162963591.3125,156799415.24291664,10654615.8129679,6,2,1,7,2020,0
2020-02-23,Virginia,148804132.9,Beverages,148804132.9,148713143.21428573,148167205.1,144807478.51428574,148531163.84285715,157431929.4252381,196560.18643946183,6,2,1,8,2020,0
2020-03-05,Virginia,176705172.5,Beverages,176705172.5,174168714.35454544,158949965.4818182,163176782.66666666,169095798.06363636,162707761.77833334,5479375.844352413,3,3,1,10,2020,0
2020-03-15,Virginia,188754727.9,Beverages,188754727.9,187549772.36,180320039.12,158031462.575,185139861.28,165952022.1679167,2603001.469286276,6,3,1,11,2020,0
2020-03-22,Virginia,176342493.4,Beverages,176342493.4,178115669.75714287,188754727.9,148622153.52857143,181662022.4714286,173557580.42047623,3830498.727731817,6,3,1,12,2020,0
2020-03-29,Virginia,161690146.10000002,Beverages,161690146.10000002,163783338.5714286,176342493.4,161486423.62727273,167969723.51428574,176764355.48060608,4521812.546396586,6,3,1,13,2020,0
2020-04-10,Virginia,176217089.1,Beverages,176217089.1,175006510.51666665,167743039.01666668,183934905.74,172585353.35,174330609.432,2615148.6312111537,4,4,2,15,2020,0
2020-04-19,Virginia,166221230.20000002,Beverages,166221230.20000002,167331881.1888889,173995787.1222222,179888846.1142857,169553183.1666667,170030920.5952381,2399280.355140927,6,4,2,16,2020,0
2020-04-26,Virginia,166146355.1,Beverages,166146355.1,166157051.54285714,166221230.20000002,165876531.04285717,166178444.42857143,168646799.52571428,23106.957613139053,6,4,2,17,2020,0
2020-05-01,Virginia,152001836.8,Beverages,152001836.8,154830740.46,166167747.9857143,165321881.85000002,160085946.7489796,167663160.39666668,5523412.957763736,4,5,2,18,2020,0
2020-05-04,Virginia,166942310.29999998,Beverages,166942310.29999998,161962152.46666667,163317451.44,168953617.60000002,158695318.07999998,167085071.74166667,4926907.582426913,0,5,2,19,2020,0
2020-05-07,Virginia,199524864.5,Beverages,199524864.5,188664013.1,154830740.46,172585353.35,171982904.7857143,168813995.575,17420236.14030176,3,5,2,19,2020,0
2020-05-17,Virginia,175645454.60000002,Beverages,175645454.60000002,178033395.59000003,192361041.53,168442532.1777778,182809277.57,173363027.67462963,5158542.119764149,6,5,2,20,2020,0
2020-05-24,Virginia,181602898.8,Beverages,181602898.8,180751835.34285715,175645454.60000002,166167747.9857143,179049708.42857146,176324665.78309524,1838507.1945468464,6,5,2,21,2020,0
2020-05-31,Virginia,180652170.4,Beverages,180652170.4,180787988.7428572,181602898.8,152001836.8,181059625.42857143,181218524.14166668,293401.15406535653,6,5,2,22,2020,0
2020-06-09,Virginia,186222413.4,Beverages,186222413.4,185603497.5111111,181890002.1777778,192361041.53,184365665.7333333,181805034.28633332,1337011.1300091303,1,6,2,24,2020,0
2020-06-12,Virginia,159632427.9,Beverages,159632427.9,168495756.4,183746749.84444445,185197218.56,178094775.35238093,179896093.97133335,10350310.655872049,4,6,2,24,2020,0
2020-06-14,Virginia,182008194.3,Beverages,182008194.3,170820311.10000002,184984581.6222222,180421336.58,175734526.50158733,179549357.01299998,9876042.923724724,6,6,2,24,2020,0
2020-06-21,Virginia,177589600.8,Beverages,177589600.8,178220828.44285715,182008194.3,179900771.8857143,179483283.72857144,179939720.71476188,1363607.558344674,6,6,2,25,2020,0
2020-06-28,Virginia,190019011.6,Beverages,190019011.6,188243381.4857143,177589600.8,180923807.08571428,184692121.25714287,180756817.24142852,3835799.4489915934,6,6,2,26,2020,0
2020-07-06,Virginia,185516071.5,Beverages,185516071.5,186078939.0125,189456144.0875,184365665.7333333,187204674.0375,182141432.14611116,1215932.7986956723,0,7,3,28,2020,0
2020-07-19,Virginia,191619754.3,Beverages,191619754.3,191150240.23846155,188333155.8692308,178852056.0857143,190211212.11538464,186765961.6497619,1014266.2957032,6,7,3,29,2020,0
2020-07-26,Virginia,183961729.5,Beverages,183961729.5,185055733.0428572,191619754.3,186467751.37142852,187243740.12857145,188109738.1811905,2363317.761468425,6,7,3,30,2020,0
2020-08-03,Virginia,163409248.7,Beverages,163409248.7,165978308.79999998,181392669.4,186641806.525,171116429.0,183864785.76375,5549804.115575598,0,8,3,32,2020,0
2020-08-11,Virginia,167596233.1,Beverages,167596233.1,167072860.04999998,163932621.75,188333155.8692308,166026113.95,178250258.58358973,1130615.008528612,1,8,3,33,2020,0
2020-08-16,Virginia,179700730.0,Beverages,179700730.0,177279830.62,166549487.0,190680726.1769231,172709107.04999998,175769797.44794875,4823985.534009864,6,8,3,33,2020,0
2020-08-23,Virginia,178591805.79999998,Beverages,178591805.79999998,178750223.54285714,179700730.0,186149736.58571428,179067059.02857143,173403487.45809522,342221.43784250284,6,8,3,34,2020,0
2020-08-30,Virginia,182383627.1,Beverages,182383627.1,181841938.34285712,178591805.79999998,171116429.0,180758560.8285714,173904144.69999996,1170181.458100085,6,8,3,35,2020,0
2020-09-02,Virginia,152055733.1,Beverages,152055733.1,162165031.1,180216872.07142857,163409248.7,173254209.87959185,173522816.92999998,11912562.3271115,2,9,3,36,2020,0
2020-09-08,Virginia,184209932.5,Beverages,184209932.5,178850899.26666665,162165031.1,166549487.0,168132832.79999998,174637075.93833333,11576834.926461188,1,9,3,37,2020,0
2020-09-13,Virginia,173220383.9,Beverages,173220383.9,175418293.62,173491866.03333333,174858931.24,178734549.7809524,175840336.87066665,3753996.0554406745,6,9,3,37,2020,0
2020-09-20,Virginia,168928097.1,Beverages,168928097.1,169541280.92857143,173220383.9,178908641.28571427,170767648.58571428,173915856.7247619,1324628.4644768073,6,9,3,38,2020,0
2020-09-27,Virginia,168797589.6,Beverages,168797589.6,168816233.52857143,168928097.1,181300249.58571428,168853521.3857143,171367465.39142856,40275.48888975866,6,9,3,39,2020,0
2020-10-05,Virginia,175163329.9,Beverages,175163329.9,174367612.3625,169593307.1375,168132832.8,172776177.2875,172700281.74833336,1718946.3432388029,0,10,4,41,2020,0
2020-10-18,Virginia,163050881.9,Beverages,163050881.9,163982608.66923076,169572969.2846154,170154464.75714284,165846062.20769233,169726890.95261905,2012759.864382623,6,10,4,42,2020,0
2020-10-25,Virginia,165623747.6,Beverages,165623747.6,165256195.35714287,163050881.9,168834877.45714286,164521090.87142855,168687472.00261906,794003.5930226189,6,10,4,43,2020,0
2020-11-10,Virginia,169654399.0,Beverages,169654399.0,169402483.2875,167890989.0125,169572969.2846154,168898651.86249998,166560352.3351282,544200.1368557699,1,11,4,46,2020,0
2020-11-15,Virginia,163694977.1,Beverages,163694977.1,164886861.48,169150567.575,164914335.43846154,167064373.0839286,166443845.14897436,2281745.7660594587,6,11,4,46,2020,0
2020-11-22,Virginia,168158834.7,Beverages,168158834.7,167521140.75714284,163694977.1,164888643.1142857,166245752.87142855,166974481.36190477,1377576.362866537,6,11,4,47,2020,0
2020-11-29,Virginia,163619179.0,Beverages,163619179.0,164267701.24285713,168158834.7,166883326.1625,165564745.7285714,166847008.14375,1400968.1643678292,6,11,4,48,2020,0
2020-12-01,Virginia,152855580.1,Beverages,152855580.1,158237379.55,166861790.2142857,167387157.5875,162239153.86836734,166066026.81666666,4900764.804886952,1,12,4,49,2020,0
2020-12-04,Virginia,165311736.70000002,Beverages,165311736.70000002,161159684.5,164916223.4857143,168142904.725,160351270.4846939,165392896.36541668,4529739.502780496,4,12,4,49,2020,0
2020-12-07,Virginia,187064332.4,Beverages,187064332.4,179813467.1666667,158237379.55,168898651.8625,167967862.15714288,166509569.4670833,12436633.79121158,0,12,4,50,2020,0
2020-12-13,Virginia,162737264.3,Beverages,162737264.3,166791775.65,179813467.1666667,166078745.85999998,174900798.35,167416966.64933336,8758745.572700847,6,12,4,50,2020,0
2020-12-20,Virginia,168096272.5,Beverages,168096272.5,167330699.9,162737264.3,166883446.8142857,165799554.70000002,167549458.3052381,1653825.8354676396,6,12,4,51,2020,0
2020-12-27,Virginia,160600535.8,Beverages,160600535.8,161671355.32857144,168096272.5,164916223.4857143,163812994.3857143,166880946.4847619,2313234.566486493,6,12,4,52,2020,0
2021-01-08,Virginia,200020469.4,Beverages,200020469.4,196735474.9333333,177025508.13333336,178955309.70000002,190165486.0,172199998.89666665,7096399.111391763,4,1,1,1,2021,0
2021-01-17,Virginia,159488852.9,Beverages,159488852.9,163992365.84444445,191013443.5111111,166565127.3,172999391.73333335,175436002.44,9728699.874955963,6,1,1,2,2021,0
2021-01-24,Virginia,156698362.4,Beverages,156698362.4,157097003.9,159488852.9,162742174.85714287,157894286.9,173616467.98428574,861164.0643659808,6,1,1,3,2021,0
2021-01-31,Virginia,160272674.4,Beverages,160272674.4,159762058.4,156698362.4,177025508.13333336,158740826.4,171504344.57333335,1103056.6308129618,6,1,1,4,2021,0
2021-02-05,Virginia,187739402.8,Beverages,187739402.8,182246057.12,159251442.4,193450480.46666667,171971184.2857143,169816381.22444445,10816664.34777829,4,2,1,5,2021,0
2021-02-14,Virginia,155848250.2,Beverages,155848250.2,159391711.6,180652480.0,168495878.7888889,166478634.4,165129647.70814815,7654751.502738794,6,2,1,6,2021,0
2021-02-21,Virginia,157894230.20000002,Beverages,157894230.20000002,157601947.34285715,155848250.2,157495645.4,157017381.62857145,164602174.73000002,631403.1358986682,6,2,1,7,2021,0
2021-02-28,Virginia,163796228.70000002,Beverages,163796228.70000002,162953086.05714288,157894230.20000002,159251442.4,161266800.7714286,165399547.63333333,1821396.2800395263,6,2,1,8,2021,0
2021-03-01,Virginia,161285295.3,Beverages,161285295.3,163796228.70000002,158737372.84285715,159762058.4,161630789.69387755,165450322.1966667,1447977.1698099114,0,3,1,9,2021,0
2021-03-10,Virginia,271048030.8,Beverages,271048030.8,258852171.3,185677014.3,177109018.6,234460452.3,179263244.31666666,26346067.67123957,2,3,1,10,2021,0
2021-03-14,Virginia,200079905.7,Beverages,200079905.7,217821936.975,234460452.3,162935173.0,240475474.90714288,187055589.31833333,24645205.55421972,6,3,1,10,2021,0
2021-03-21,Virginia,188758958.4,Beverages,188758958.4,190376236.58571428,200079905.7,157309664.4857143,193610792.9571429,195602592.4864286,3493720.186272424,6,3,1,11,2021,0
2021-03-28,Virginia,173111525.0,Beverages,173111525.0,175346872.62857142,188758958.4,162109943.41428572,179817567.88571426,200306209.3869048,4828902.783858339,6,3,1,12,2021,0
2021-04-04,Virginia,178524304.7,Beverages,178524304.7,177751050.45714286,173111525.0,210068733.3,176204541.97142857,199582789.63833332,1670420.0806347192,6,4,2,13,2021,0
2021-04-07,Virginia,211924902.3,Beverages,211924902.3,200791369.76666668,175431287.7285714,246656311.8,187404543.23469383,196215881.385,14093367.873442614,2,4,2,14,2021,0
2021-04-18,Virginia,176271630.89999998,Beverages,176271630.89999998,179512837.39090908,198960076.33636364,191993514.77142856,185995250.37272725,186363945.6728572,7001806.2725270055,6,4,2,15,2021,0
2021-04-25,Virginia,175065613.5,Beverages,175065613.5,175237901.7,176271630.89999998,177582220.25714287,175582478.09999996,184353198.1442857,372185.0498622368,6,4,2,16,2021,0
2021-05-09,Virginia,199876304.8,Beverages,199876304.8,198104112.56428573,187470959.15,205442489.3181818,194559728.09285715,185640141.07409093,3828372.782469044,6,5,2,18,2021,0
2021-05-12,Virginia,252428302.2,Beverages,252428302.2,234910969.7333333,192787535.85714287,195718869.8454545,213372139.2836735,189235230.41378787,22601635.59744528,2,5,2,19,2021,0
2021-05-16,Virginia,184915270.5,Beverages,184915270.5,201793528.425,199876304.8,182754043.88181812,220809076.9642857,192250804.249697,22664673.575397942,6,5,2,19,2021,0
2021-05-23,Virginia,190347000.8,Beverages,190347000.8,189571039.32857144,184915270.5,175410189.9,188019116.3857143,194969988.08,1676268.3627663911,6,5,2,20,2021,0
2021-05-30,Virginia,191434283.7,Beverages,191434283.7,191278957.57142857,190347000.8,183926574.67857143,190968305.31428573,197788777.1121429,335542.7876863748,6,5,2,21,2021,0
2021-06-06,Virginia,197856116.1,Beverages,197856116.1,196938711.47142857,191434283.7,196331920.32857144,195103902.2142857,198742774.11714283,1981820.5044375265,6,6,2,22,2021,0
2021-06-13,Virginia,195582842.3,Beverages,195582842.3,195907595.7,197856116.1,218671786.35,196557102.5,192708259.4608333,701547.5254645025,6,6,2,23,2021,0
2021-06-20,Virginia,191339932.1,Beverages,191339932.1,191946062.12857145,195582842.3,188795077.85714287,193158322.18571427,193681048.8542857,1309390.5149066723,6,6,2,24,2021,0
2021-06-27,Virginia,195554733.4,Beverages,195554733.4,194952618.92857143,191339932.1,191123631.44285715,193748389.9857143,194422908.64904764,1300715.9200395667,6,6,2,25,2021,0
2021-07-02,Virginia,160563408.3,Beverages,160563408.3,167561673.32000002,194350504.4571429,194186497.58571428,180472434.8612245,191432214.36761907,13550502.255796364,4,7,3,26,2021,0
2021-07-03,Virginia,174612377.39999998,Beverages,174612377.39999998,160563408.3,194952618.92857143,195103902.2142857,177566686.07142857,190749163.5404762,12022600.792707248,5,7,3,26,2021,0
2021-07-11,Virginia,254210851.2,Beverages,254210851.2,244261041.975,184562186.625,196232349.1,224361423.525,196744721.45333332,21494044.52861896,6,7,3,27,2021,0
2021-07-18,Virginia,204653907.8,Beverages,204653907.8,211733471.1428572,254210851.2,192552192.15714285,225892597.82857147,204109237.6442857,15293604.761006176,6,7,3,28,2021,0
2021-07-25,Virginia,199486534.7,Beverages,199486534.7,200224730.85714284,204653907.8,194350504.4571429,201701123.17142853,206205587.3242857,1594685.9596810369,6,7,3,29,2021,0
2021-08-08,Virginia,194229805.3,Beverages,194229805.3,194605285.97142857,196858170.0,234311232.75,195356247.31428573,208167131.8491667,811130.956283693,6,8,3,31,2021,0
2021-08-15,Virginia,196460320.6,Beverages,196460320.6,196141675.55714285,194229805.3,218813034.4857143,195504385.47142857,198340398.49142855,688351.9658865125,6,8,3,32,2021,0
2021-08-22,Virginia,192954390.2,Beverages,192954390.2,193455237.4,196460320.6,200962927.0142857,194456931.8,196094216.7252381,1081953.610921831,6,8,3,33,2021,0
2021-08-29,Virginia,200620477.5,Beverages,200620477.5,199525322.17142856,192954390.2,197609131.34285715,197335011.5142857,195755328.4457143,2365805.9029911,6,8,3,34,2021,0
2021-09-05,Virginia,187731620.7,Beverages,187731620.7,189572885.9571429,200620477.5,194980766.6428572,193255416.47142857,195089910.26904765,3977587.5628469423,6,9,3,35,2021,0
2021-09-19,Virginia,187006075.2,Beverages,187006075.2,187057899.87857145,187368847.95,193956084.6,187161549.2357143,191444790.735,111954.10128490206,6,9,3,37,2021,0
2021-09-26,Virginia,178228310.2,Beverages,178228310.2,179482276.62857142,187006075.2,198430166.84285715,181990209.48571423,188322209.3307143,2708877.089362046,6,9,3,38,2021,0
2021-10-01,Virginia,158932758.6,Beverages,158932758.6,162791868.92,180736243.05714285,195096681.7285714,170137926.14693877,183065384.51642856,7772735.665216054,4,10,4,39,2021,0
2021-10-10,Virginia,264267112.7,Beverages,264267112.7,252563295.57777777,182340392.84444445,187472497.30714285,229155661.3333333,191639110.85761905,25283134.650237605,6,10,4,40,2021,0
2021-10-17,Virginia,257032021.4,Beverages,257032021.4,258065605.87142852,264267112.7,187109724.55714285,260132774.8142857,208641545.3092857,2232797.6497700163,6,10,4,41,2021,0
2021-10-24,Virginia,256856675.9,Beverages,256856675.9,256881725.25714287,257032021.4,180736243.05714285,256931823.9714286,225582809.0809524,54112.79716655498,6,10,4,42,2021,0
2021-10-31,Virginia,255221501.8,Beverages,255221501.8,255455098.1,256856675.9,158932758.6,255922290.7,245599160.81,504625.6829153154,6,10,4,43,2021,0
2021-11-04,Virginia,180011222.9,Beverages,180011222.9,198813792.625,255922290.7,205748027.08888888,228460800.60714287,248268864.2875926,30532566.72726197,3,11,4,44,2021,0
2021-11-07,Virginia,199497003.6,Beverages,199497003.6,193001743.36666667,255221501.8,240859478.4555556,201695077.15,244653472.4909259,19359854.19506245,6,11,4,44,2021,0
2021-11-14,Virginia,257365909.8,Beverages,257365909.8,249098923.2,199497003.6,259099190.34285715,232564950.0,238163220.66738093,17858732.17060648,6,11,4,45,2021,0
2021-11-21,Virginia,260709600.4,Beverages,260709600.4,260231930.31428573,257365909.8,256906774.6142857,259276590.1428572,238665025.23690477,1031885.321691034,6,11,4,46,2021,0
2021-11-28,Virginia,246183598.0,Beverages,246183598.0,248258741.2,260709600.4,255688694.4,252409027.6,237743203.805,4482821.663767057,6,11,4,47,2021,0
2021-12-09,Virginia,188586876.9,Beverages,188586876.9,193822942.45454547,225239335.78181812,216030976.8,204295073.5636364,238279941.95333332,11311194.379627077,3,12,4,49,2021,0
2021-12-12,Virginia,250214045.7,Beverages,250214045.7,229671656.1,209531139.11818185,240831936.6,210682695.6038961,237990612.56333336,21886486.36414659,6,12,4,49,2021,0
2021-12-19,Virginia,262572652.7,Beverages,262572652.7,260807137.4142857,250214045.7,259754260.22857144,257276106.84285715,238006389.71714285,3813948.921945626,6,12,4,50,2021,0
2021-12-26,Virginia,252987751.2,Beverages,252987751.2,254357022.84285712,262572652.7,250333884.4,257095566.12857145,238216608.99000004,2957964.8210335607,6,12,4,51,2021,0
2022-01-05,Virginia,290727347.90000004,Beverages,290727347.90000004,286953388.23,264309630.21,204295073.5636364,279405468.89,253617693.34378785,8152684.675848706,2,1,1,1,2022,0
2022-01-16,Virginia,250857872.1,Beverages,250857872.1,254482369.9,276229356.70000005,259041622.12857145,261731365.5,267309267.29880956,7829810.134591323,6,1,1,2,2022,0
2022-01-23,Virginia,240630000.3,Beverages,240630000.3,242091124.84285715,250857872.1,255726294.4857143,245013373.92857143,263955588.5830952,3156389.7634622757,6,1,1,3,2022,0
2022-01-30,Virginia,246332113.3,Beverages,246332113.3,245517525.72857144,240630000.3,271857549.55,243888350.5857143,259899772.88333336,1759710.2755542984,6,1,1,4,2022,0
2022-02-01,Virginia,247570917.4,Beverages,247570917.4,246951515.35,242259175.44285715,279405468.89000005,245433874.79081637,257882621.37133333,1642003.5986800727,1,2,1,5,2022,0
2022-02-10,Virginia,288864319.9,Beverages,288864319.9,284276164.06666666,256747229.06666663,268980361.1,275099852.4,254732470.3983333,9911549.413247475,3,2,1,6,2022,0
2022-02-13,Virginia,247796846.2,Beverages,247796846.2,261486004.1,270511696.56666666,258106867.7,273198050.98571426,254707934.25833333,14143285.68383247,6,2,1,6,2022,0
2022-02-20,Virginia,245704581.4,Beverages,245704581.4,246003476.37142852,247796846.2,243552249.3857143,246601266.3142857,254324471.91976196,645686.9353751757,6,2,1,7,2022,0
2022-02-27,Virginia,254539797.2,Beverages,254539797.2,253277623.5142857,245704581.4,244702938.15714288,250753276.14285716,256230571.6792857,2726606.7911760225,6,2,1,8,2022,0
2022-03-04,Virginia,272520470.1999999,Beverages,272520470.1999999,268924335.6,252015449.8285714,252159073.2333333,262065489.3877551,259167567.01222223,7261897.197613492,4,3,1,9,2022,0
2022-03-07,Virginia,313281997.2,Beverages,313281997.2,299694821.5333333,258135931.8,265923540.7333333,281084219.68571424,263003510.6755556,19374574.13053199,0,3,1,10,2022,0
2022-03-13,Virginia,266351669.3,Beverages,266351669.3,274173390.6166667,299694821.5333333,275175162.0,289816833.25,264397531.755,16896849.22284686,6,3,1,10,2022,0
2022-03-20,Virginia,267757776.7,Beverages,267757776.7,267556904.2142857,266351669.3,246302371.34285715,267155159.2428572,268607613.6873809,433934.16460515343,6,3,1,11,2022,0
2022-03-27,Virginia,269389621.6,Beverages,269389621.6,269156500.90000004,267757776.7,252015449.8285714,268690259.5,273329888.5688095,503598.2695104287,6,3,1,12,2022,0
2022-04-09,Virginia,309506676.90000004,Beverages,309506676.90000004,306420749.5692308,287905185.5846154,289816833.25,300248894.9076923,278544085.6983333,6666364.948294902,5,4,2,14,2022,0
2022-04-12,Virginia,265354901.5,Beverages,265354901.5,280072159.9666667,297162967.57692313,266351669.3,294246803.35934067,279133962.6333334,15998139.66465604,1,4,2,15,2022,0
2022-04-17,Virginia,282253256.20000005,Beverages,282253256.20000005,278873585.26000005,294789418.43333334,267356031.7285714,274699519.0095238,280557233.8938096,6239180.280398232,6,4,2,15,2022,0
2022-04-24,Virginia,274802222.4,Beverages,274802222.4,275866655.8,282253256.20000005,268923380.2,277995522.6,282836176.67,2299438.952073417,6,4,2,16,2022,0
2022-05-06,Virginia,295835575.5,Beverages,295835575.5,294082796.075,283566119.525,300248894.9076923,290577237.225,283908680.7452564,3786436.31833072,4,5,2,18,2022,0
2022-05-15,Virginia,279296129.8,Beverages,279296129.8,281133845.9888889,292160143.12222224,275493914.32000005,284809278.3666667,284042063.82033336,3969920.6991708456,6,5,2,19,2022,0
2022-05-22,Virginia,302860488.3,Beverages,302860488.3,299494151.3714286,279296129.8,276931089.2,292761477.5142857,287138854.525,7272118.912526472,6,5,2,20,2022,0
2022-05-29,Virginia,292593331.2,Beverages,292593331.2,294060067.9285714,302860488.3,283566119.525,296993541.38571423,291404958.12916666,3168513.470260359,6,5,2,21,2022,0
2022-06-02,Virginia,247718807.7,Beverages,247718807.7,258937438.575,296993541.3857143,290577237.225,277195317.11938775,288284782.9191667,18827263.392278988,3,6,2,22,2022,0
2022-06-03,Virginia,263806233.2,Beverages,263806233.2,247718807.7,295526804.6571429,292330016.65,272663806.9112245,287333990.1375,17446475.864484165,4,6,2,22,2022,0
2022-06-11,Virginia,273249495.40000004,Beverages,273249495.40000004,272069087.625,264986640.975,284809278.3666667,269708272.075,281554148.8338889,2549972.236077832,5,6,2,23,2022,0
2022-06-19,Virginia,299528810.6,Beverages,299528810.6,296243896.20000005,276534409.8,296127814.44285715,289674067.40000004,282016670.1907143,7096226.147632852,6,6,2,24,2022,0
2022-06-26,Virginia,296107450.2,Beverages,296107450.2,296596215.9714286,299528810.6,295526804.6571429,297573747.5142857,281628676.9359524,1055854.742372557,6,6,2,25,2022,0
2022-07-08,Virginia,302468892.7,Beverages,302468892.7,301938772.4916667,298758051.2416667,269708272.07500005,300878532.075,293270505.19083333,1145190.536471136,4,7,3,27,2022,0
2022-07-17,Virginia,302418266.40000004,Beverages,302418266.40000004,302423891.5444445,302457642.4111111,292958981.8,302435141.8333334,299846487.3616667,12151.707813460898,6,7,3,28,2022,0
2022-07-24,Virginia,298574849.8000001,Beverages,298574849.8000001,299123909.31428576,302418266.40000004,297084981.7428572,300222028.34285724,300362118.2007143,1186104.1134302423,6,7,3,29,2022,0
2022-07-31,Virginia,298870972.99999994,Beverages,298870972.99999994,298828669.68571424,298574849.8000001,298758051.2416667,298744063.05714285,300695975.5708333,91385.60442919545,6,7,3,30,2022,0
2022-08-05,Virginia,284854596.6,Beverages,284854596.6,287657871.88,298786366.37142855,301408652.2833333,292857911.21224487,299048098.11972225,5463710.298842784,4,8,3,31,2022,0
2022-08-14,Virginia,302020483.4,Beverages,302020483.4,300113162.6444444,288669238.1111111,302429516.6888889,296298521.1333333,296647711.23148155,4120283.7485021898,6,8,3,32,2022,0
2022-08-21,Virginia,295293415.1,Beverages,295293415.1,296254424.85714287,302020483.4,299672968.8285715,298176444.3714286,295932295.0104762,2076018.348267476,6,8,3,33,2022,0
2022-08-28,Virginia,306222918.99999994,Beverages,306222918.99999994,304661561.29999995,295293415.1,298786366.37142855,301538845.9,296584440.4595238,3372918.130412528,6,8,3,34,2022,0
2022-09-01,Virginia,248898889.2,Beverages,248898889.2,263229896.65,301538845.9,293264422.44,285080897.9142857,293069435.08133334,22526380.964603864,3,9,3,35,2022,0
2022-09-10,Virginia,278024414.0,Beverages,278024414.0,274788244.5777778,255371228.04444444,296298521.1333333,268315905.7333333,285521524.93777776,6990924.960522492,5,9,3,36,2022,0
2022-09-18,Virginia,291679545.1999999,Beverages,291679545.1999999,289972653.79999995,279731305.4,297215434.6142857,286558870.99999994,281842079.73190475,3687306.854601519,6,9,3,37,2022,0
2022-09-25,Virginia,287218014.6,Beverages,287218014.6,287855376.1142857,291679545.1999999,303100203.6,289130099.14285713,279591260.1666666,1376858.2351332875,6,9,3,38,2022,0
2022-10-04,Virginia,277964646.29999995,Beverages,277964646.29999995,278992798.3333333,285161710.53333336,258607397.46666667,281049102.4,282261777.63222224,2221062.2422237378,1,10,4,40,2022,0
2022-10-07,Virginia,294810631.6,Beverages,294810631.6,289195303.1666667,282077254.43333334,268315905.7333333,283659058.1285714,284673334.3177777,6181448.828782741,4,10,4,40,2022,0
2022-10-16,Virginia,276442480.4,Beverages,276442480.4,278483386.0888889,290728820.2222222,288265762.4,282565197.46666664,285776634.0266667,4408860.186548025,6,10,4,41,2022,0
2022-10-23,Virginia,270821530.1,Beverages,270821530.1,271624523.0,276442480.4,288492737.62857145,273230508.8,281847436.0038095,1734662.9225589088,6,10,4,42,2022,0
2022-10-30,Virginia,270254956.6,Beverages,270254956.6,270335895.6714286,270821530.1,282077254.43333334,270497773.81428576,278438877.12,174848.37846554295,6,10,4,43,2022,0
2022-11-09,Virginia,289237581.79999995,Beverages,289237581.79999995,287339319.28,275949744.16,288687914.53333336,283542794.23999995,276744015.02111113,4100715.7232267833,2,11,4,45,2022,0
2022-11-12,Virginia,269510629.7,Beverages,269510629.7,276086280.4,281644531.72,282565197.46666664,281974227.61142856,275892032.7455556,6910161.113001934,5,11,4,45,2022,0
2022-11-13,Virginia,272549134.2,Beverages,272549134.2,269510629.7,283542794.23999995,280524291.7777778,280403704.74857146,275626194.15962964,7698572.917024243,6,11,4,45,2022,0
2022-11-20,Virginia,276320016.9,Beverages,276320016.9,275781319.37142855,272549134.2,272427515.90000004,274703924.3142857,275553997.3333333,1163719.6659049762,6,11,4,46,2022,0
2022-11-27,Virginia,267855342.7,Beverages,267855342.7,269064581.87142855,276320016.9,270416834.7428572,271483060.21428573,275722057.4657143,2612255.170819464,6,11,4,47,2022,0
2022-12-06,Virginia,290185530.8,Beverages,290185530.8,287704398.7888889,272817606.7222222,283542794.23999995,282742134.7666667,276949461.658,5359857.73419032,1,12,4,49,2022,0
2022-12-18,Virginia,281170584.40000004,Beverages,281170584.40000004,281921829.9333334,286429303.1333333,275242621.8428571,283424321.00000006,279948700.0190476,1622875.8341687357,6,12,4,50,2022,0
2022-12-25,Virginia,279780285.2,Beverages,279780285.2,279978899.37142855,281170584.40000004,270273821.0428571,280376127.71428573,281517702.0457143,429055.6481852817,6,12,4,51,2022,0
2023-01-01,Virginia,262853193.7,Beverages,262853193.7,265271349.62857145,279780285.2,280261002.7555556,270107661.48571426,280762369.11777776,5223813.84714206,6,1,1,52,2023,0
2023-01-15,Virginia,268174662.6,Beverages,268174662.6,267794557.67857143,265513928.15,282673075.4666667,267034347.8357143,271211155.57611114,821120.4780658621,6,1,1,2,2023,0
2023-01-22,Virginia,255636482.7,Beverages,255636482.7,257427651.25714284,268174662.6,280177513.5428572,261009988.37142852,266581282.07071427,3869366.32200998,6,1,1,3,2023,0
2023-01-29,Virginia,257988852.7,Beverages,257988852.7,257652799.84285712,255636482.7,267689505.55714285,256980694.12857145,262463834.9792857,725957.1427781724,6,1,1,4,2023,0
2023-02-04,Virginia,286229976.5,Beverages,286229976.5,281523122.5333333,257652799.84285712,264373613.38571423,272109414.6,264578457.71785715,10167966.68775283,5,2,1,5,2023,0
2023-02-19,Virginia,271129889.90000004,Beverages,271129889.90000004,272136562.34000003,278176596.98,259218819.8142857,274149907.22,271045166.56857145,2174661.0173214884,6,2,1,7,2023,0
2023-02-26,Virginia,274063688.9,Beverages,274063688.9,273644574.75714284,271129889.90000004,257316746.9857143,272806346.4714286,274823736.06809527,905390.0277026724,6,2,1,8,2023,0
2023-03-19,Virginia,297202719.3,Beverages,297202719.3,296100860.7095238,289489709.1666667,273143234.78000003,293897143.5285714,282092589.29466665,2380286.603761932,6,3,1,11,2023,0
2023-03-26,Virginia,279532595.2,Beverages,279532595.2,282056898.64285713,297202719.3,273225460.6142857,287105505.5285714,285577120.12190473,5453118.685765313,6,3,1,12,2023,0
2023-04-16,Virginia,297359966.9,Beverages,297359966.9,296511044.4380952,291417509.6666666,294999002.11904764,294813199.5142857,288977590.2203175,1833882.116261314,6,4,2,15,2023,0
2023-04-23,Virginia,294647608.6,Beverages,294647608.6,295035088.35714287,297359966.9,284581202.0857143,295810047.87142855,289951513.8947619,837051.9440667294,6,4,2,16,2023,0
2023-04-30,Virginia,295973428.20000005,Beverages,295973428.20000005,295784025.40000004,294647608.6,283777207.5095238,295405219.8000001,293146521.622381,409156.8116381584,6,4,2,17,2023,0
2023-05-02,Virginia,264660031.0,Beverages,264660031.0,280316729.6,295026414.20000005,285475052.43333334,288992839.0857143,292309040.8955556,12149327.054060396,1,5,2,18,2023,0
2023-05-03,Virginia,289520255.1,Beverages,289520255.1,264660031.0,295215817.00000006,286323974.8952381,288179187.38571435,292415583.56904763,11850143.4387042,2,5,2,18,2023,0
2023-07-05,Virginia,301772658.1,Beverages,301772658.1,301578175.5126984,300411279.9888889,295938180.4809524,301189210.33809525,298952660.58412707,420130.40641572856,2,7,3,27,2023,0
2023-08-01,Virginia,263411853.2,Beverages,263411853.2,264832623.75185183,273357247.06296295,301189210.33809525,267674164.8555556,283851500.8879365,3069215.1795129683,1,8,3,31,2023,0
2023-09-04,Virginia,293839743.7,Beverages,293839743.7,292944805.7441176,287575178.0088235,266991605.0235294,291154929.83235294,280863143.3397058,1933286.944451508,0,9,3,36,2023,0
2023-12-02,Virginia,270253070.1,Beverages,270253070.1,270518088.9044944,272108201.7314607,278203634.23483145,271048126.5134832,274095842.76516855,572506.0508082025,5,12,4,48,2023,0
2023-12-03,Virginia,307916268.70000005,Beverages,307916268.70000005,270253070.1,271843182.9269663,277938615.4303371,276201424.48105943,275095097.8741573,13992253.887154596,6,12,4,48,2023,0
2019-03-11,Washington,101445077.4,Beverages,101445077.4,101436702.64310344,101386454.10172416,101193834.69310343,101419953.12931035,101323643.425,18091.542618812844,0,3,1,11,2019,0
2019-06-10,Washington,105763907.9,Beverages,105763907.9,105716448.22417584,105431690.16923076,104340117.62527472,105621528.87252748,105075742.60054946,102524.6175455038,0,6,2,24,2019,0
2019-08-12,Washington,102506227.7,Beverages,102506227.7,102557936.9095238,102868192.16666669,104057503.98571429,102661355.32857144,103256011.23809524,111704.65954536098,0,8,3,33,2019,0
2019-10-11,Washington,102493531.2,Beverages,102493531.2,102493742.80833334,102495012.45833334,102499879.45,102494166.025,102496599.52083331,457.12565893471947,4,10,4,41,2019,0
2019-10-13,Washington,104339593.7,Beverages,104339593.7,103416562.45,102494589.24166667,102499456.23333332,102889418.3190476,102588500.59,726045.0523816629,6,10,4,41,2019,0
2019-10-20,Washington,102402217.1,Beverages,102402217.1,102678985.18571427,104339593.7,102497974.975,103232521.35714284,102759746.62,597887.3990359034,6,10,4,42,2019,0
2019-10-27,Washington,99549902.8,Beverages,99549902.8,99957376.27142856,102402217.1,102496493.71666668,100772323.21428572,102357292.04361112,880243.3032693351,6,10,4,43,2019,0
2019-11-17,Washington,103838634.9,Beverages,103838634.9,103634409.56190476,102409057.53333332,102955753.27142856,103225958.88571428,101607049.22285716,441177.15341273067,6,11,4,46,2019,0
2019-11-24,Washington,103657674.3,Beverages,103657674.3,103683525.81428573,103838634.9,100364849.74285714,103735228.84285714,102112596.42904764,55845.65357748189,6,11,4,47,2019,0
2019-12-15,Washington,104798162.9,Beverages,104798162.9,104743853.91904762,104418000.03333332,103430184.22380953,104635235.95714286,104099206.0420635,117320.80771310307,6,12,4,50,2019,0
2019-12-22,Washington,113080402.6,Beverages,113080402.6,111897225.5,104798162.9,103709377.32857142,109530871.29999998,105447127.80380954,2555954.661797836,6,12,4,51,2019,0
2019-12-29,Washington,100706539.0,Beverages,100706539.0,102474233.8,113080402.6,103929219.20476192,106009623.4,105967899.71952382,3818657.2109078434,6,12,4,52,2019,0
2020-01-03,Washington,107477573.0,Beverages,107477573.0,106123366.2,104241928.6,104200764.10952382,103860938.54285716,106080735.2615873,2392219.0785350776,4,1,1,1,2020,0
2020-01-11,Washington,108548730.0,Beverages,108548730.0,108414835.375,107611467.625,104635235.95714286,108147046.125,107050053.73857142,289245.4485098722,5,1,1,2,2020,0
2020-01-19,Washington,99153199.0,Beverages,99153199.0,100327640.375,107374288.625,110714048.4,102676523.125,106054717.66333333,2537083.3389519714,6,1,1,3,2020,0
2020-01-26,Washington,99473246.3,Beverages,99473246.3,99427525.25714286,99153199.0,104241928.6,99336083.17142856,103770996.43333334,98768.74106716282,6,1,1,4,2020,0
2020-02-02,Washington,104126832.2,Beverages,104126832.2,103462034.21428572,99473246.3,107477573.0,102132438.24285714,103367679.69666667,1436127.7874123403,6,2,1,5,2020,0
2020-02-08,Washington,133188124.7,Beverages,133188124.7,128344575.95,103462034.21428572,108280940.75,118657478.45000002,105994289.42416668,10463261.169615798,5,2,1,6,2020,0
2020-02-16,Washington,97362062.8,Beverages,97362062.8,101840320.5375,128709866.9625,101502081.75,110796836.0125,108017457.50916667,9674142.392458688,6,2,1,7,2020,0
2020-02-23,Washington,99950409.4,Beverages,99950409.4,99580645.6,97362062.8,99381804.21428572,98841118.0,107882630.04190476,798781.1024852437,6,2,1,8,2020,0
2020-03-05,Washington,118100976.9,Beverages,118100976.9,116450925.30909093,106550615.76363637,113813929.7,113150822.12727274,110274155.325,3564518.833225566,3,3,1,10,2020,0
2020-03-15,Washington,121698993.4,Beverages,121698993.4,121339191.75,119180381.85,106318578.275,120619588.45,110008232.58291668,777260.3988356143,6,3,1,11,2020,0
2020-03-22,Washington,119323648.7,Beverages,119323648.7,119662983.65714286,121698993.4,99210881.8,120341653.57142857,115035979.93833332,733047.2890485633,6,3,1,12,2020,0
2020-03-29,Washington,105643795.6,Beverages,105643795.6,107598060.32857142,119323648.7,108200667.35454546,111506589.78571428,116919721.69287878,4221694.320638571,6,3,1,13,2020,0
2020-04-10,Washington,112825238.2,Beverages,112825238.2,112226784.65,108636063.35,120259786.8,111029877.55,114065993.04333332,1292807.4258638236,4,4,2,15,2020,0
2020-04-19,Washington,113724188.0,Beverages,113724188.0,113624304.68888888,113025004.82222222,120002318.61428572,113424538.06666663,111795319.25857145,215772.61313586376,6,4,2,16,2020,0
2020-04-26,Washington,109935674.8,Beverages,109935674.8,110476890.97142856,113724188.0,109552325.05714284,111559323.31428573,110949464.53428572,1169160.5562711312,6,4,2,17,2020,0
2020-05-01,Washington,101422957.2,Beverages,101422957.2,103125500.72,111018107.14285712,107439156.25,106364683.8530612,110628673.10666668,3426734.9524135054,4,5,2,18,2020,0
2020-05-04,Washington,108192713.0,Beverages,108192713.0,105936127.73333332,108233131.28,109234516.9,104816496.16,110358679.545,2282502.074988841,0,5,2,19,2020,0
2020-05-07,Washington,125649881.0,Beverages,125649881.0,119830825.0,103125500.72,111029877.55,111246259.34285714,111298619.645,8945028.789597688,3,5,2,19,2020,0
2020-05-17,Washington,117697089.2,Beverages,117697089.2,118492368.38,123264043.46,113524421.3777778,120082926.74,114082109.67962962,1717999.3828073374,6,5,2,20,2020,0
2020-05-24,Washington,120918669.3,Beverages,120918669.3,120458443.57142857,117697089.2,111018107.14285712,119537992.11428572,115712601.50238094,994201.2032021596,6,5,2,21,2020,0
2020-05-31,Washington,119281232.4,Beverages,119281232.4,119515151.95714286,120918669.3,101422957.2,119982991.07142857,118890206.52,505323.9980425696,6,5,2,22,2020,0
2020-06-09,Washington,124581759.3,Beverages,124581759.3,123992811.86666666,120459127.26666668,123264043.46,122814917.0,120575369.85266666,1272271.866808553,1,6,2,24,2020,0
2020-06-12,Washington,107995294.7,Beverages,107995294.7,113524116.23333332,122225969.56666666,120878205.92,119337957.32857144,119760432.966,6328822.415012842,4,6,2,24,2020,0
2020-06-14,Washington,123717765.7,Beverages,123717765.7,115856530.2,123403864.43333334,119287647.56,118388745.1095238,119767223.686,6280912.077978584,6,6,2,24,2020,0
2020-06-21,Washington,120673195.0,Beverages,120673195.0,121108133.67142858,123717765.7,119998217.84285714,121978011.01428571,120509483.27238096,939574.9164127444,6,6,2,25,2020,0
2020-06-28,Washington,124796648.1,Beverages,124796648.1,124207583.37142856,120673195.0,119749071.51428571,123029453.9142857,121134300.31857142,1272525.2534830954,6,6,2,26,2020,0
2020-07-06,Washington,120382319.4,Beverages,120382319.4,120934110.4875,124244857.0125,122814917.0,122037692.6625,121522868.01166669,1192004.98592659,0,7,3,28,2020,0
2020-07-19,Washington,126359720.8,Beverages,126359720.8,125899920.6923077,123141120.04615384,121543072.34285714,124980320.47692308,122943605.79071428,993281.757017968,6,7,3,29,2020,0
2020-07-26,Washington,127771348.2,Beverages,127771348.2,127569687.14285716,126359720.8,123618518.64285712,127166365.02857144,124149648.47738096,435637.6734367437,6,7,3,30,2020,0
2020-08-03,Washington,111388535.2,Beverages,111388535.2,113436386.825,125723496.575,121485901.575,117532090.07500002,122891369.13958332,4423865.123479341,0,8,3,32,2020,0
2020-08-11,Washington,108425959.4,Beverages,108425959.4,108796281.375,111018213.225,123141120.04615384,109536925.32500002,119708387.20461538,799986.8982985663,1,8,3,33,2020,0
2020-08-16,Washington,126432914.6,Beverages,126432914.6,122831523.56,109166603.35,125440120.58461538,116196129.05357143,118826655.89641026,6962510.820012702,6,8,3,33,2020,0
2020-08-23,Washington,122110121.5,Beverages,122110121.5,122727663.37142856,126432914.6,127368026.08571428,123962747.11428572,118181858.17809524,1334042.9130459125,6,8,3,34,2020,0
2020-08-30,Washington,124259318.1,Beverages,124259318.1,123952290.01428571,122110121.5,117532090.075,123338233.84285714,118178112.67583331,663256.4702140102,6,8,3,35,2020,0
2020-09-02,Washington,104104167.2,Beverages,104104167.2,110822550.83333331,123031205.75714286,111388535.2,118237536.62653062,117916729.07666664,7951941.729972648,2,9,3,36,2020,0
2020-09-08,Washington,125952535.2,Beverages,125952535.2,122311140.53333332,110822550.83333331,109166603.35,115028351.2,119268057.12583332,7866311.53841061,1,9,3,37,2020,0
2020-09-13,Washington,117662825.7,Beverages,117662825.7,119320767.6,118669745.86666667,119230132.52,121879603.3190476,120627559.86866666,2837861.879359632,6,9,3,37,2020,0
2020-09-20,Washington,111632321.5,Beverages,111632321.5,112493822.1,117662825.7,123345205.24285714,114216823.3,118205955.8690476,1861054.0000408052,6,9,3,38,2020,0
2020-09-27,Washington,108526971.4,Beverages,108526971.4,108970592.84285717,111632321.5,123645261.92857142,109857835.72857144,115172990.41714284,958331.8464701492,6,9,3,39,2020,0
2020-10-05,Washington,127920487.9,Beverages,127920487.9,125496298.3375,110951160.9625,115028351.2,120647919.2125,116527872.59166668,5236847.986116308,0,10,4,41,2020,0
2020-10-18,Washington,106590823.6,Beverages,106590823.6,108231567.0076923,118076027.45384616,113355322.7,111513053.82307692,115409209.39166668,3544410.859291986,6,10,4,42,2020,0
2020-10-25,Washington,104835484.4,Beverages,104835484.4,105086247.14285716,106590823.6,109414214.28571428,105587772.62857142,114191908.6897619,541709.4377603782,6,10,4,43,2020,0
2020-11-10,Washington,110684503.1,Beverages,110684503.1,110318939.43125,108125557.41875,118076027.45384616,109587812.09375,108226339.81705128,789707.7819759127,1,11,4,46,2020,0
2020-11-15,Washington,107706417.0,Beverages,107706417.0,108302034.22,109953375.7625,109872310.41538462,109355957.10446428,107516982.1852564,1102284.6397341082,6,11,4,46,2020,0
2020-11-22,Washington,112227699.6,Beverages,112227699.6,111581802.08571428,107706417.0,105337009.88571428,110290007.05714284,108450814.91642857,1395298.1026106416,6,11,4,47,2020,0
2020-11-29,Washington,105174025.0,Beverages,105174025.0,106181692.8,112227699.6,106663302.74375,108197028.4,109044034.590625,2176811.2406451483,6,11,4,48,2020,0
2020-12-01,Washington,103079612.0,Beverages,103079612.0,104126818.5,110212364.0,107394430.08125,106164747.64285716,108803472.39083332,2201299.602410385,1,12,4,49,2020,0
2020-12-04,Washington,110225508.1,Beverages,110225508.1,107843542.73333332,107189360.6,108491121.0875,106013253.78571428,108775270.92229168,2390779.502648849,4,12,4,49,2020,0
2020-12-07,Washington,120901346.5,Beverages,120901346.5,117342733.7,104126818.5,109587812.09375,111234063.04285714,109587319.44979164,6449864.280835622,0,12,4,50,2020,0
2020-12-13,Washington,109944087.2,Beverages,109944087.2,111770297.08333334,117342733.7,108897651.44,115422716.85,110508021.02233334,3945064.2382508977,6,12,4,50,2020,0
2020-12-20,Washington,116309572.0,Beverages,116309572.0,115400217.02857144,109944087.2,110935904.57142857,113581507.0857143,111536072.71119048,1964431.2575454465,6,12,4,51,2020,0
2020-12-27,Washington,107114656.3,Beverages,107114656.3,108428215.68571427,116309572.0,107189360.6,111055334.45714286,111787884.66166666,2837612.590258004,6,12,4,52,2020,0
2021-01-08,Washington,142523538.5,Beverages,142523538.5,139572798.31666666,121868357.21666668,117248926.73333332,133671317.95000002,117957503.62666668,6374327.332185212,4,1,1,1,2021,0
2021-01-17,Washington,106760567.2,Beverages,106760567.2,110734230.67777778,134576211.54444444,114490862.05714284,118681557.63333334,120950924.33761904,8584094.207403695,6,1,1,2,2021,0
2021-01-24,Washington,105331133.8,Beverages,105331133.8,105535338.57142857,106760567.2,109741775.07142857,105943748.11428572,119219323.62285714,441132.72433297365,6,1,1,3,2021,0
2021-01-31,Washington,106648446.0,Beverages,106648446.0,106460258.54285714,105331133.8,121868357.21666668,106083883.62857142,117459654.595,406531.3708092591,6,1,1,4,2021,0
2021-02-05,Washington,124200173.3,Beverages,124200173.3,120689827.84,106272071.08571428,136622058.13333333,114143730.92040816,115202805.36388887,6886208.813299418,4,2,1,5,2021,0
2021-02-14,Washington,106007768.7,Beverages,106007768.7,108029146.98888887,120157416.72222222,114707894.15555556,112071903.56666668,110480838.95592593,4366676.181226607,6,2,1,6,2021,0
2021-02-21,Washington,105673903.7,Beverages,105673903.7,105721598.7,106007768.7,105739543.34285714,105816988.7,110230317.57571428,103032.97586286876,6,2,1,7,2021,0
2021-02-28,Washington,111021561.3,Beverages,111021561.3,110257610.21428572,105673903.7,106272071.08571428,108729708.04285714,110922417.67809524,1650322.9642600487,6,2,1,8,2021,0
2021-03-01,Washington,108217572.2,Beverages,108217572.2,111021561.3,106437854.78571428,106460258.54285714,108983953.38775513,110980994.8,1347751.350684489,0,3,1,9,2021,0
2021-03-10,Washington,173143476.9,Beverages,173143476.9,165929487.4888889,122645551.02222222,118136038.43333334,151501508.6666667,119166646.97444443,15583998.258157134,2,3,1,10,2021,0
2021-03-14,Washington,127222359.5,Beverages,127222359.5,138702638.85,151501508.6666667,110050525.27777778,153651368.08095238,123348005.08296296,16096151.150943251,6,3,1,10,2021,0
2021-03-21,Washington,123748906.3,Beverages,123748906.3,124245113.9,127222359.5,105769293.7,125237529.1,127791417.4,1071930.9293940626,6,3,1,11,2021,0
2021-03-28,Washington,109799217.1,Beverages,109799217.1,111792029.84285714,123748906.3,109493659.12857142,115777655.32857142,129765394.0704762,4304967.548980258,6,3,1,12,2021,0
2021-04-04,Washington,116874861.3,Beverages,116874861.3,115864054.98571429,109799217.1,137073529.84444445,113842442.35714284,128511733.0662963,2183591.206400141,6,4,2,13,2021,0
2021-04-07,Washington,142870873.89999998,Beverages,142870873.89999998,134205536.36666664,112831636.04285714,158715498.0777778,123435888.05918369,126782135.83629628,11285741.377650488,2,4,2,14,2021,0
2021-04-18,Washington,124594635.6,Beverages,124594635.6,126256111.8090909,136224969.06363633,124741321.5,129579064.22727272,123995783.20666663,3589198.8292309167,6,4,2,15,2021,0
2021-04-25,Washington,120861513.1,Beverages,120861513.1,121394816.31428573,124594635.6,113784842.58571428,122461422.74285714,124675236.4947619,1152066.6151390823,6,4,2,16,2021,0
2021-05-09,Washington,135333469.2,Beverages,135333469.2,134299758.04999998,128097491.15,139547921.48181817,132232335.75,127966522.57590908,2233071.306734849,6,5,2,18,2021,0
2021-05-12,Washington,164503606.7,Beverages,164503606.7,154780227.53333333,131198624.6,134563492.85454544,142781756.07142857,129822048.42287876,12584636.23505509,2,5,2,19,2021,0
2021-05-16,Washington,130615127.2,Beverages,130615127.2,139087247.075,135333469.2,127917588.01818182,148233415.80714282,131543849.0469697,11350412.51493288,6,5,2,19,2021,0
2021-05-23,Washington,126138210.9,Beverages,126138210.9,126777770.37142858,130615127.2,121928119.52857144,128056889.31428573,132562977.31380951,1381606.3651808284,6,5,2,20,2021,0
2021-05-30,Washington,128402099.7,Beverages,128402099.7,128078687.01428571,126138210.9,126030068.85,127431861.64285716,133561426.29166669,698651.2515653913,6,5,2,21,2021,0
2021-06-06,Washington,130216902.7,Beverages,130216902.7,129957645.12857144,128402099.7,133266046.9,129439129.9857143,133392076.81666666,560060.3648451932,6,6,2,22,2021,0
2021-06-13,Washington,125357944.4,Beverages,125357944.4,126052081.3,130216902.7,147559366.95,127440355.1,128542667.5525,1499507.0860331834,6,6,2,23,2021,0
2021-06-20,Washington,134192933.1,Beverages,134192933.1,132930791.85714284,125357944.4,127417329.84285717,130406509.37142858,128531365.79904762,2726536.706575003,6,6,2,24,2021,0
2021-06-27,Washington,145342545.20000002,Beverages,145342545.20000002,143749743.47142857,134192933.1,127755274.32857144,140564140.0142857,131714390.93380952,3440844.995616294,6,6,2,25,2021,0
2021-07-02,Washington,109182531.8,Beverages,109182531.8,116414534.48,142156941.74285716,129179872.41428572,129617853.49591838,130880726.0857143,13834003.789103957,4,7,3,26,2021,0
2021-07-03,Washington,116941149.8,Beverages,116941149.8,109182531.8,143749743.47142857,129439129.98571429,125788054.4,130464126.74619047,12952444.682569629,5,7,3,26,2021,0
2021-07-11,Washington,164199928.1,Beverages,164199928.1,158292580.8125,122848497.0875,126746218.2,146477886.2375,134385736.925,12761328.661910389,6,7,3,27,2021,0
2021-07-18,Washington,137489727.5,Beverages,137489727.5,141305470.44285715,164199928.1,131668650.61428572,148936956.3285714,139233297.85690475,8242946.861479308,6,7,3,28,2021,0
2021-07-25,Washington,137360142.20000002,Beverages,137360142.20000002,137378654.3857143,137489727.5,142156941.74285716,137415678.75714287,139230942.35404763,39990.89184294341,6,7,3,29,2021,0
2021-08-08,Washington,136393048.6,Beverages,136393048.6,136462126.7142857,136876595.4,152385233.52499998,136600282.94285715,141424991.44375,149225.78222038693,6,8,3,31,2021,0
2021-08-15,Washington,140790143.29999998,Beverages,140790143.29999998,140161986.9142857,136393048.6,145121213.3857143,138905674.14285713,137627781.90142858,1356972.8846226053,6,8,3,32,2021,0
2021-08-22,Washington,131807622.1,Beverages,131807622.1,133090839.4142857,140790143.29999998,137397166.5714286,135657274.04285714,137082274.08952382,2772066.224531792,6,8,3,33,2021,0
2021-08-29,Washington,128473712.8,Beverages,128473712.8,128949985.55714284,131807622.1,137014751.62857145,129902531.07142857,135376086.81047618,1028866.7469219454,6,8,3,34,2021,0
2021-09-05,Washington,130700688.8,Beverages,130700688.8,130382549.37142856,128473712.8,136531204.82857144,129746270.51428571,133744580.79047616,687259.7141739922,6,9,3,35,2021,0
2021-09-19,Washington,121231207.0,Beverages,121231207.0,121907598.55714284,125965947.9,134374056.7285714,123260381.67142858,128040953.4104762,1461172.7641469422,6,9,3,37,2021,0
2021-09-26,Washington,119610947.0,Beverages,119610947.0,119842412.71428572,121231207.0,129426258.31428573,120305344.14285716,125552451.02190477,500023.0916247772,6,9,3,38,2021,0
2021-10-01,Washington,109823464.5,Beverages,109823464.5,111780961.0,120073878.42857143,129428131.08571428,115449378.1734694,123017071.49428572,3863754.236586443,4,10,4,39,2021,0
2021-10-10,Washington,170162892.9,Beverages,170162892.9,163458511.96666667,123232226.36666667,127318731.01428571,150049750.1,127212299.26857142,14483118.124094505,6,10,4,40,2021,0
2021-10-17,Washington,167421377.39999998,Beverages,167421377.39999998,167813022.47142854,170162892.9,122583990.11428572,168596312.6142857,137475033.76190478,846050.0512480297,6,10,4,41,2021,0
2021-10-24,Washington,163190222.70000002,Beverages,163190222.70000002,163794673.37142858,167421377.39999998,120073878.42857143,165003574.7142857,147781772.7004762,1305762.688837209,6,10,4,42,2021,0
2021-10-31,Washington,165155956.0,Beverages,165155956.0,164875136.95714286,163190222.70000002,109823464.5,164313498.87142858,159183400.8633333,606638.4666474503,6,10,4,43,2021,0
2021-11-04,Washington,118476152.0,Beverages,118476152.0,130146103.0,164313498.87142858,136640988.23333335,148364246.41020408,160436289.08555555,18762979.55332039,3,11,4,44,2021,0
2021-11-07,Washington,132607061.1,Beverages,132607061.1,127896758.06666666,165155956.0,156754131.03333333,132516369.74285711,158220989.88222224,11813494.785254365,6,11,4,44,2021,0
2021-11-14,Washington,168652229.9,Beverages,168652229.9,163502920.07142857,132607061.1,168204667.54285714,153204300.41428572,154683286.8690476,11123780.591578417,6,11,4,45,2021,0
2021-11-21,Washington,170098807.70000002,Beverages,170098807.70000002,169892153.72857144,168652229.9,164399124.04285714,169478845.7857143,155452533.3257143,446423.6010461466,6,11,4,46,2021,0
2021-11-28,Washington,158370542.1,Beverages,158370542.1,160046008.6142857,170098807.70000002,164594317.91428572,163396941.64285713,155340209.86857143,3619421.342650995,6,11,4,47,2021,0
2021-12-09,Washington,129432391.9,Beverages,129432391.9,132063132.82727271,147847578.39090908,142905680.75714284,137324614.6818182,156344854.17047623,5683049.93144869,3,12,4,49,2021,0
2021-12-12,Washington,168854025.7,Beverages,168854025.7,155713481.1,139955355.60909092,158353610.24285716,142950636.63766232,156595772.23904762,14347620.926149692,6,12,4,49,2021,0
2021-12-19,Washington,177080923.29999998,Beverages,177080923.29999998,175905652.2142857,168854025.7,169685499.75714287,173555110.04285714,157808094.2809524,2538875.7189489985,6,12,4,50,2021,0
2021-12-26,Washington,166593895.7,Beverages,166593895.7,168092042.5,177080923.29999998,161721475.12857142,171088336.09999996,158883605.96380952,3236366.979649042,6,12,4,51,2021,0
2022-01-05,Washington,185282378.5,Beverages,185282378.5,183413530.22,172200440.54,137324614.6818182,179675833.66000003,168151985.90606058,4037173.70244752,2,1,1,1,2022,0
2022-01-16,Washington,167157716.6,Beverages,167157716.6,168805413.13636363,178691592.35454544,174730381.12857142,172100806.20909092,174956291.0904762,3559431.3339451035,6,1,1,2,2022,0
2022-01-23,Washington,164346105.6,Beverages,164346105.6,164747764.3142857,167157716.6,169590189.29999998,165551081.74285716,173054243.82999998,867681.99217896,6,1,1,3,2022,0
2022-01-30,Washington,164024826.6,Beverages,164024826.6,164070723.6,164346105.6,175938137.1,164162517.6,171502559.90666667,99148.85193351844,6,1,1,4,2022,0
2022-02-01,Washington,161762010.2,Beverages,161762010.2,162893418.39999998,164254311.6,179675833.66,163605504.5142857,170408313.55866668,933880.9285645412,1,2,1,5,2022,0
2022-02-10,Washington,181472966.80000004,Beverages,181472966.80000004,179282860.51111114,166142222.7777778,175396199.28181818,174902647.93333337,167977634.90545455,4731170.320079772,3,2,1,6,2022,0
2022-02-13,Washington,163459979.39999998,Beverages,163459979.39999998,169464308.53333333,172712541.64444447,170453109.67272726,174449165.00952384,167713985.1378788,6144685.148281333,6,2,1,6,2022,0
2022-02-20,Washington,160798544.60000002,Beverages,160798544.60000002,161178749.5714286,163459979.39999998,165149423.02857143,161939159.5142857,166642227.95714286,821336.6106908038,6,2,1,7,2022,0
2022-02-27,Washington,165041501.10000002,Beverages,165041501.10000002,164435364.4571429,160798544.60000002,164116620.6,163223091.17142862,166389751.13333333,1309404.8033863397,6,2,1,8,2022,0
2022-03-04,Washington,177811518.70000002,Beverages,177811518.70000002,175257515.18,163829227.81428573,163952116.4888889,170427774.8367347,167950233.2337037,5099757.4643311445,4,3,1,9,2022,0
2022-03-07,Washington,213331559.8,Beverages,213331559.8,201491546.1,167595504.62000003,170522435.35555556,185770955.99714285,171266154.93703705,16383200.35350718,0,3,1,10,2022,0
2022-03-13,Washington,172443375.20000002,Beverages,172443375.20000002,179258072.63333336,201491546.1,175468637.6666667,192887467.5,173797765.06777775,14721429.001179254,6,3,1,10,2022,0
2022-03-20,Washington,174739184.70000002,Beverages,174739184.70000002,174411211.91428572,172443375.20000002,161558954.54285714,173755266.34285715,176189956.86904764,708502.1934453245,6,3,1,11,2022,0
2022-03-27,Washington,172332059.8,Beverages,172332059.8,172675934.7857143,174739184.70000002,163829227.81428573,173363684.75714287,178806081.0852381,742854.8716903534,6,3,1,12,2022,0
2022-04-09,Washington,201258178.6,Beverages,201258178.6,199033092.5384616,185682576.1692308,192887467.5,194582920.41538465,180346882.82,4806735.265489553,5,4,2,14,2022,0
2022-04-12,Washington,170942767.20000002,Beverages,170942767.20000002,181047904.3333333,192357834.35384616,172443375.20000002,190689415.86153847,180525865.99000004,10931727.842636408,1,4,2,15,2022,0
2022-04-17,Washington,185583528.9,Beverages,185583528.9,182655376.56,191153041.46666667,174083239.12857145,178660970.37619048,181575854.43380955,5110338.565828001,6,4,2,15,2022,0
2022-04-24,Washington,177382652.00000003,Beverages,177382652.00000003,178554205.84285718,185583528.9,173019809.7714286,180897313.52857143,183195621.07952383,2530845.5565917017,6,4,2,16,2022,0
2022-05-06,Washington,192140102.2,Beverages,192140102.2,190910314.6833333,183531589.5833333,194582920.41538465,188450739.65,184322518.55717948,2656644.6698835664,4,5,2,18,2022,0
2022-05-15,Washington,189038307.5,Beverages,189038307.5,189382951.3555556,191450814.4888889,179727224.22,190072239.06666663,185759576.55866668,744515.8203793383,6,5,2,19,2022,0
2022-05-22,Washington,187445495.2,Beverages,187445495.2,187673039.8142857,189038307.5,179725759.6857143,188128129.04285717,187036698.59142855,491552.547492667,6,5,2,20,2022,0
2022-05-29,Washington,191419159.5,Beverages,191419159.5,190851493.17142856,187445495.2,183531589.5833333,189716160.5142857,189260571.69166663,1226299.42622609,6,5,2,21,2022,0
2022-06-02,Washington,170138890.70000002,Beverages,170138890.70000002,175458957.9,189716160.5142857,188450739.65,183575777.93061227,188128962.775,8367339.626760119,3,6,2,22,2022,0
2022-06-03,Washington,171832947.6,Beverages,171832947.6,170138890.70000002,190283826.84285715,189680527.16666663,180939938.0387755,187534043.4561111,8797128.461359687,4,6,2,22,2022,0
2022-06-11,Washington,172511051.2,Beverages,172511051.2,172426288.25,171917710.54999998,190072239.06666663,172256762.35,182502761.3855556,183108.89988955096,5,6,2,23,2022,0
2022-06-19,Washington,194298028.00000003,Beverages,194298028.00000003,191574655.90000004,175234423.29999998,187900584.42857143,186127911.7,181442847.4804762,5883156.135125549,6,6,2,24,2022,0
2022-06-26,Washington,213212071.5,Beverages,213212071.5,210510065.2857143,194298028.00000003,190283826.84285715,205106052.85714287,185272226.28238097,5837000.546757485,6,6,2,25,2022,0
2022-07-08,Washington,206136813.9,Beverages,206136813.9,206726418.7,210264047.5,172256762.35,207905628.3,198123557.45166668,1273691.941112573,4,7,3,27,2022,0
2022-07-17,Washington,202846647.50000003,Beverages,202846647.50000003,203212221.54444447,205405665.81111112,188851283.8,203943369.63333336,205765041.02,789730.1960367783,6,7,3,28,2022,0
2022-07-24,Washington,205218551.0,Beverages,205218551.0,204879707.6428572,202846647.50000003,207808059.07142857,204202020.92857143,206815748.66619048,731985.3116728369,6,7,3,29,2022,0
2022-07-31,Washington,216107722.7,Beverages,216107722.7,214552126.7428572,205218551.0,210264047.5,211440934.8285714,206787352.71666667,3360471.343245072,6,7,3,30,2022,0
2022-08-05,Washington,191812754.5,Beverages,191812754.5,196671748.14,212996530.78571427,207316023.5,205473365.477551,205626604.16333333,9213514.165661989,4,8,3,31,2022,0
2022-08-14,Washington,207721410.7,Beverages,207721410.7,205953782.2333333,195348011.4333333,203577795.5888889,202418525.3,204302377.99148145,3818513.9145299126,6,8,3,32,2022,0
2022-08-21,Washington,197668601.9,Beverages,197668601.9,199104717.44285715,207721410.7,204540864.2857143,201976948.52857143,203917840.75142857,3102364.1487362995,6,8,3,33,2022,0
2022-08-28,Washington,198708266.3,Beverages,198708266.3,198559742.81428573,197668601.9,212996530.78571427,198262695.84285715,201528304.68142852,320847.39950466424,6,8,3,34,2022,0
2022-09-01,Washington,166032158.8,Beverages,166032158.8,174201185.675,198262695.84285715,206389735.42,186974574.9846939,197023120.76566663,13155123.941408442,3,9,3,35,2022,0
2022-09-10,Washington,181190006.6,Beverages,181190006.6,179505801.28888887,169400569.42222223,202418525.3,176137390.6666667,190092010.73166665,3638299.301394736,5,9,3,36,2022,0
2022-09-18,Washington,183687055.4,Beverages,183687055.4,183374924.3,181502137.7,200540832.9857143,182750662.1,184286347.57642856,674280.2409910497,6,9,3,37,2022,0
2022-09-25,Washington,181678982.0,Beverages,181678982.0,181965849.62857145,183687055.4,198411219.32857144,182539584.8857143,180634111.34547615,619704.9051665487,6,9,3,38,2022,0
2022-10-04,Washington,173850320.4,Beverages,173850320.4,174720171.6888889,179939279.42222223,171084774.73333335,176459874.26666668,179879278.5511111,1879093.5498164669,1,10,4,40,2022,0
2022-10-07,Washington,199809591.1,Beverages,199809591.1,191156500.86666667,177329725.55555555,176137390.66666666,182012841.70476192,181549610.10222223,9937045.9020687,4,10,4,40,2022,0
2022-10-16,Washington,177515318.3,Beverages,177515318.3,179992459.72222224,194855308.2555556,183062793.2,184946742.56666663,183369702.08,5351237.07690121,6,10,4,41,2022,0
2022-10-23,Washington,172848241.5,Beverages,172848241.5,173514966.75714287,177515318.3,182252717.25714287,174848417.2714286,181461191.36761907,1440291.169534756,6,10,4,42,2022,0
2022-10-30,Washington,171748532.6,Beverages,171748532.6,171905633.87142858,172848241.5,177329725.55555555,172219836.4142857,179679420.78777778,339377.5344796942,6,10,4,43,2022,0
2022-11-09,Washington,191922359.2,Beverages,191922359.2,189904976.54,177800680.57999998,192378166.8333333,185870211.22,178672272.6411111,4358044.636306502,2,11,4,45,2022,0
2022-11-12,Washington,176451625.09999996,Beverages,176451625.09999996,181608536.46666664,183852828.56,184946742.56666663,185772964.32,178090737.8888889,5237438.070215704,5,11,4,45,2022,0
2022-11-13,Washington,173273333.69999996,Beverages,173273333.69999996,176451625.09999996,185870211.22,182469601.14444447,183973410.3885714,177784195.64074075,7049197.276381988,6,11,4,45,2022,0
2022-11-20,Washington,180770466.0,Beverages,180770466.0,179699447.1,173273333.69999996,174181692.0142857,177557409.29999998,178044808.12190476,2313665.257994374,6,11,4,46,2022,0
2022-11-27,Washington,172251421.2,Beverages,172251421.2,173468427.6,180770466.0,172062735.14285713,175902440.4,178813780.99238095,2629034.302231013,6,11,4,47,2022,0
2022-12-06,Washington,195542841.9,Beverages,195542841.9,192954906.26666668,177427292.46666667,185870211.22,187779035.0,180958423.83066663,5590579.927933212,1,12,4,49,2022,0
2022-12-18,Washington,185957278.0,Beverages,185957278.0,186756074.99166667,191548856.94166663,178628428.2,188353668.975,184757160.92166665,1725598.724549379,6,12,4,50,2022,0
2022-12-25,Washington,180973701.7,Beverages,180973701.7,181685641.17142856,185957278.0,174685434.0,183109520.1142857,185947144.045,1537965.0357582555,6,12,4,51,2022,0
2023-01-01,Washington,167220716.90000004,Beverages,167220716.90000004,169185429.01428574,180973701.7,185191099.36666667,173114853.24285716,184814076.825,4244263.253233059,6,1,1,52,2023,0
2023-01-15,Washington,173124788.30000004,Beverages,173124788.30000004,172703068.91428575,170172752.60000002,187554871.9833333,171859630.14285716,175055151.2863889,911017.9954238684,6,1,1,2,2023,0
2023-01-22,Washington,169139519.89999998,Beverages,169139519.89999998,169708843.95714283,173124788.30000004,182397580.6428572,170847492.07142857,171858877.73904762,1229880.5292274298,6,1,1,3,2023,0
2023-01-29,Washington,170124244.29999998,Beverages,170124244.29999998,169983569.38571426,169139519.89999998,171150141.12857145,169702219.55714282,170187489.98047623,303892.54738269205,6,1,1,4,2023,0
2023-02-04,Washington,180139569.20000002,Beverages,180139569.20000002,178470348.38333336,169983569.38571426,168907594.44285718,175131906.75,171730586.49976194,3605929.093730989,5,2,1,5,2023,0
2023-02-19,Washington,171916008.4,Beverages,171916008.4,172464245.78666666,175753670.10666668,170278168.0142857,173560720.56,173962268.5102381,1184328.1147112255,6,2,1,7,2023,0
2023-02-26,Washington,174541337.0,Beverages,174541337.0,174166290.05714285,171916008.4,169842894.47142854,173416196.1714286,174870844.71452382,810193.9954500477,6,2,1,8,2023,0
2023-03-19,Washington,190162701.3,Beverages,190162701.3,189418826.80952385,184955579.86666667,173012483.17333335,187931077.8285714,179849890.38955554,1606952.561641063,6,3,1,11,2023,0
2023-03-26,Washington,177118420.2,Beverages,177118420.2,178981888.92857143,190162701.3,173791243.1142857,182708826.3857143,182162416.5352381,4025552.5431523584,6,3,1,12,2023,0
2023-04-16,Washington,186078145.7,Beverages,186078145.7,185651492.1047619,183091570.53333333,188674952.31904763,184798184.9142857,182552903.9169841,921677.1062523406,6,4,2,15,2023,0
2023-04-23,Washington,183827307.6,Beverages,183827307.6,184148855.9,186078145.7,180845357.65714285,184791952.5,182256259.37761903,694623.7180937801,6,4,2,16,2023,0
2023-04-30,Washington,195255995.7,Beverages,195255995.7,193623325.97142857,183827307.6,179251688.17619047,190357986.5142857,185070049.09571427,3526969.7190020904,6,4,2,17,2023,0
2023-05-02,Washington,172039128.5,Beverages,172039128.5,183647562.1,187092647.05714285,180104995.36666664,187948567.4020408,184933494.2111111,7957778.251466372,1,5,2,18,2023,0
2023-05-03,Washington,183342555.2,Beverages,183342555.2,172039128.5,188725316.78571427,180531648.9619048,187179601.4612245,185027191.08571428,8128450.617742061,2,5,2,18,2023,0
2023-07-05,Washington,201179479.1,Beverages,201179479.1,200896353.3238095,199197598.66666663,192685705.8142857,200330101.77142856,197074155.3452381,611621.5801694263,2,7,3,27,2023,0
2023-08-01,Washington,173888698.9,Beverages,173888698.9,174899468.53703704,180964086.35925925,200330101.77142856,176921007.81111112,188415469.09571427,2183511.9744823542,1,8,3,31,2023,0
2023-09-04,Washington,189468341.3,Beverages,189468341.3,189010116.5235294,186260767.8647059,175721598.00588235,188093666.97058824,182824082.04117647,989878.6526245702,0,9,3,36,2023,0
2023-12-02,Washington,178619259.5,Beverages,178619259.5,178741159.2955056,179472558.06853932,182276253.3651685,178984958.88651684,180386806.53483143,263333.6552558478,5,12,4,48,2023,0
2023-12-03,Washington,193005316.0,Beverages,193005316.0,178619259.5,179350658.2730337,182154353.56966293,180935624.27608347,180748505.28250936,5326303.862246239,6,12,4,48,2023,0
2019-03-11,West Virginia,39411931.3,Beverages,39411931.3,39391528.16724138,39269109.37068965,38799837.31724138,39350721.90172414,39116085.875,44075.80428160676,0,3,1,11,2019,0
2019-06-10,West Virginia,45374728.9,Beverages,45374728.9,45309203.65164835,44916052.16153846,43408971.44945055,45178153.15494506,44424612.798901096,141550.7145889216,0,6,2,24,2019,0
2019-08-12,West Virginia,39876563.3,Beverages,39876563.3,39963835.76984127,40487470.58888888,42494737.395238094,40138380.709523804,41142014.11269841,188530.082383404,0,8,3,33,2019,0
2019-10-11,West Virginia,40368203.7,Beverages,40368203.7,40360009.693333335,40310845.653333336,40122383.5,40343621.68,40249390.60333333,17701.077493462773,4,10,4,41,2019,0
2019-10-13,West Virginia,42164049.3,Beverages,42164049.3,41266126.5,40327233.66666667,40138771.513333336,40741322.03333334,40354751.49600001,714005.1343734795,6,10,4,41,2019,0
2019-10-20,West Virginia,38465748.6,Beverages,38465748.6,38994077.27142857,42164049.3,40196129.56,40050734.61428572,40326561.81333334,1141320.3743542717,6,10,4,42,2019,0
2019-10-27,West Virginia,37769049.8,Beverages,37769049.8,37868578.2,38465748.6,40253487.60666667,38067635.0,39822265.34311111,215005.9175092265,6,10,4,43,2019,0
2019-11-17,West Virginia,38165783.5,Beverages,38165783.5,38146891.41904762,38033538.93333333,39522405.942857146,38109107.25714286,38048246.24571429,40811.55930228363,6,11,4,46,2019,0
2019-11-24,West Virginia,38850553.3,Beverages,38850553.3,38752729.04285714,38165783.5,37968106.6,38557080.52857143,38101710.273333326,211324.54818570797,6,11,4,47,2019,0
2019-12-15,West Virginia,39020264.7,Beverages,39020264.7,39012183.20476191,38963694.23333333,38127999.33809524,38996020.21428572,38798022.77730158,17458.025029713714,6,12,4,50,2019,0
2019-12-22,West Virginia,39733872.0,Beverages,39733872.0,39631928.1,39020264.7,38654904.78571428,39428040.3,39044266.97142858,220223.9938946085,6,12,4,51,2019,0
2019-12-29,West Virginia,37371772.0,Beverages,37371772.0,37709214.85714286,39733872.0,38890960.77619048,38384100.571428575,38934648.06238096,728959.8858909381,6,12,4,52,2019,0
2020-01-03,West Virginia,41365081.5,Beverages,41365081.5,40566419.6,38046657.71428572,38931368.25238095,39131396.47959184,39076740.13539683,1501236.44571861,4,1,1,1,2020,0
2020-01-11,West Virginia,40916620.5,Beverages,40916620.5,40972678.125,41309023.875,38996020.21428572,41084793.375,39648763.3904762,121098.31059687758,5,1,1,2,2020,0
2020-01-19,West Virginia,37593550.3,Beverages,37593550.3,38008934.075,40501236.725,39529984.2,38839701.625,39605833.940000005,897331.5120335737,6,1,1,3,2020,0
2020-01-26,West Virginia,37000482.7,Beverages,37000482.7,37085206.64285714,37593550.3,38046657.71428572,37254654.52857143,39199469.421904765,183024.63486822476,6,1,1,4,2020,0
2020-02-02,West Virginia,37965136.9,Beverages,37965136.9,37827329.157142855,37000482.7,41365081.5,37551713.671428576,38830876.766666666,297698.7492301284,6,2,1,5,2020,0
2020-02-08,West Virginia,46797382.0,Beverages,46797382.0,45325341.15,37827329.157142855,41028735.75,42381259.45,39220556.77916667,3179971.682104586,5,2,1,6,2020,0
2020-02-16,West Virginia,37831285.0,Beverages,37831285.0,38952047.125,45676619.875,38424317.85,41193571.375,39732745.35083333,2421122.905573816,6,2,1,7,2020,0
2020-02-23,West Virginia,37679972.2,Beverages,37679972.2,37701588.31428572,37831285.0,37169930.58571429,37744820.54285715,39796557.58642857,46696.14386466085,6,2,1,8,2020,0
2020-03-05,West Virginia,45386372.2,Beverages,45386372.2,44685790.38181818,40482299.47272728,40909218.6,43284626.74545455,41244024.68,1513429.7005517115,3,3,1,10,2020,0
2020-03-15,West Virginia,46329093.2,Beverages,46329093.2,46234821.1,45669188.5,40072809.25,46046276.90000001,42025461.92083333,203651.01172999103,6,3,1,11,2020,0
2020-03-22,West Virginia,45742605.0,Beverages,45742605.0,45826389.02857143,46329093.2,37723204.42857143,45993957.08571429,43903534.727142856,180994.1879448269,6,3,1,12,2020,0
2020-03-29,West Virginia,39704239.6,Beverages,39704239.6,40566863.22857143,45742605.0,41182881.2909091,42292110.48571428,44628688.88090909,1863480.019030282,6,3,1,13,2020,0
2020-04-10,West Virginia,45261604.4,Beverages,45261604.4,44798490.66666666,42019808.266666666,45952004.8,43872263.2,43844231.98666667,1000440.0065347446,4,4,2,15,2020,0
2020-04-19,West Virginia,42088578.6,Beverages,42088578.6,42441137.02222222,44556487.55555555,45910173.05714286,43146253.86666667,43055894.147619046,761613.2384870643,6,4,2,16,2020,0
2020-04-26,West Virginia,41845670.5,Beverages,41845670.5,41880371.657142855,42088578.6,41429486.85714286,41949773.97142857,42599419.25428571,74963.0671237901,6,4,2,17,2020,0
2020-05-01,West Virginia,39515529.5,Beverages,39515529.5,39981557.7,41915072.81428572,41093580.8,40851995.95102041,42601933.43666666,916015.4639356448,4,5,2,18,2020,0
2020-05-04,West Virginia,42406843.6,Beverages,42406843.6,41443072.23333333,41379642.3,42482922.0,40741071.98571428,42544259.833333336,960108.0438843291,0,5,2,19,2020,0
2020-05-07,West Virginia,51979692.2,Beverages,51979692.2,48788742.66666667,39981557.7,43872263.2,44315853.45714285,43082219.15333333,4655533.767430808,3,5,2,19,2020,0
2020-05-17,West Virginia,45314230.4,Beverages,45314230.4,45980776.58,49980053.66,42793695.44444445,47313868.94,44474946.32407407,1439904.3186977536,6,5,2,20,2020,0
2020-05-24,West Virginia,47497210.3,Beverages,47497210.3,47185356.02857143,45314230.4,41915072.81428572,46561647.48571428,45524261.02857144,673682.2229391527,6,5,2,21,2020,0
2020-05-31,West Virginia,47049172.6,Beverages,47049172.6,47113177.98571429,47497210.3,39515529.5,47241188.75714286,47015072.68333333,138267.4360350398,6,5,2,22,2020,0
2020-06-09,West Virginia,47293906.6,Beverages,47293906.6,47266713.93333334,47103557.93333334,49980053.66,47212328.6,47082771.98933334,58742.87384656442,1,6,2,24,2020,0
2020-06-12,West Virginia,40731935.3,Beverages,40731935.3,42919259.06666666,47185135.93333334,47980415.12,45395749.657142855,46510001.766,2638520.651198712,4,6,2,24,2020,0
2020-06-14,West Virginia,48300537.3,Beverages,48300537.3,44516236.3,47239521.266666666,46647322.76,45162167.33333333,46471854.496,2704955.472172295,6,6,2,24,2020,0
2020-06-21,West Virginia,45134452.0,Beverages,45134452.0,45586749.9,48300537.3,46873501.75714286,46491345.7,46568369.39095238,977075.1361110184,6,6,2,25,2020,0
2020-06-28,West Virginia,46802342.1,Beverages,46802342.1,46564072.08571429,45134452.0,47177183.37142857,46087532.05714285,46281842.302857146,514722.0595964075,6,6,2,26,2020,0
2020-07-06,West Virginia,49346855.6,Beverages,49346855.6,49028791.4125,47120406.2875,47212328.6,48392663.0375,46576529.48166666,687097.1748782562,0,7,3,28,2020,0
2020-07-19,West Virginia,48445591.4,Beverages,48445591.4,48514919.41538461,48930887.50769231,46039047.8,48653575.44615384,47813441.575,149765.63027704516,6,7,3,29,2020,0
2020-07-26,West Virginia,46086420.4,Beverages,46086420.4,46423444.828571424,48445591.4,46325802.071428575,47097493.68571428,48137273.03119048,728055.9768661807,6,7,3,30,2020,0
2020-08-03,West Virginia,42542347.5,Beverages,42542347.5,42985356.6125,45643411.2875,48710727.225,43871374.8375,47200047.04541667,957009.061714506,0,8,3,32,2020,0
2020-08-11,West Virginia,43413284.9,Beverages,43413284.9,43304417.725,42651214.675,48930887.50769231,43086683.375,45575283.9124359,235179.97724689927,1,8,3,33,2020,0
2020-08-16,West Virginia,47556678.5,Beverages,47556678.5,46727999.78,43195550.55,48584247.43076923,45173472.56071429,45104686.84551282,1637731.7143546615,6,8,3,33,2020,0
2020-08-23,West Virginia,45580541.7,Beverages,45580541.7,45862846.95714286,47556678.5,46760469.25714286,46427457.47142857,44799990.209285714,609849.0564459627,6,8,3,34,2020,0
2020-08-30,West Virginia,45367765.3,Beverages,45367765.3,45398161.92857143,45580541.7,43871374.8375,45458955.18571429,44863852.06791667,65664.22261971122,6,8,3,35,2020,0
2020-09-02,West Virginia,40027527.3,Beverages,40027527.3,41807606.63333333,45489351.81428572,42542347.5,43868037.26734693,44746077.07,2184422.1290905937,2,9,3,36,2020,0
2020-09-08,West Virginia,48388939.8,Beverages,48388939.8,46995371.05,41807606.63333333,43195550.55,44208233.55,45142404.1325,3010452.5713846907,1,9,3,37,2020,0
2020-09-13,West Virginia,47551030.2,Beverages,47551030.2,47718612.120000005,45601802.3,45899321.06,47830754.43571429,45725782.151,466483.4848361297,6,9,3,37,2020,0
2020-09-20,West Virginia,43912689.7,Beverages,43912689.7,44432452.62857143,47551030.2,46145152.21428572,45471978.48571428,45408127.40023809,1122816.2549051698,6,9,3,38,2020,0
2020-09-27,West Virginia,43194334.0,Beverages,43194334.0,43296956.24285714,43912689.7,45428558.55714285,43502200.72857143,44928969.312619045,221689.3819478048,6,9,3,39,2020,0
2020-10-05,West Virginia,46665320.8,Beverages,46665320.8,46231447.45,43628207.35,44208233.55,45363700.75,45480348.34833334,937273.5590994532,0,10,4,41,2020,0
2020-10-18,West Virginia,41723664.9,Beverages,41723664.9,42103792.27692308,44384556.538461536,44952215.55714286,42864047.03076923,44203074.63761905,821168.9874012661,6,10,4,42,2020,0
2020-10-25,West Virginia,41389497.3,Beverages,41389497.3,41437235.52857143,41723664.9,43399578.48571429,41532711.98571428,43681732.1947619,103126.3602570918,6,10,4,43,2020,0
2020-11-10,West Virginia,44576952.3,Beverages,44576952.3,44377736.3625,43182440.7375,44384556.538461536,43979304.4875,42670087.91384616,430355.6113086164,1,11,4,46,2020,0
2020-11-15,West Virginia,42156657.1,Beverages,42156657.1,42640716.14,44178520.425,42483919.65384615,43511223.508928575,42650188.0425641,910719.9970569056,6,11,4,46,2020,0
2020-11-22,West Virginia,41861133.6,Beverages,41861133.6,41903351.24285714,42156657.1,41484973.75714286,41987786.52857143,42723014.62428571,91200.53208422883,6,11,4,47,2020,0
2020-11-29,West Virginia,40189418.5,Beverages,40189418.5,40428234.942857146,41861133.6,42385576.9875,40905867.82857143,42508968.50458333,515902.4802245063,6,11,4,48,2020,0
2020-12-01,West Virginia,40469846.5,Beverages,40469846.5,40329632.5,41383500.71428572,42784008.8625,40590676.5612245,42356657.745,337204.78655796184,1,12,4,49,2020,0
2020-12-04,West Virginia,44622625.5,Beverages,44622625.5,43238365.833333336,40667051.385714285,43381656.675,41590318.56326531,42362250.25458334,1738690.8573887297,4,12,4,49,2020,0
2020-12-07,West Virginia,48877613.9,Beverages,48877613.9,47459284.43333333,40329632.5,43979304.4875,44651828.18571429,42730169.84291666,3027201.5854271534,0,12,4,50,2020,0
2020-12-13,West Virginia,41513426.9,Beverages,41513426.9,42740791.4,47459284.43333333,43124775.18,45195520.4,42847880.41466667,2651410.355643512,6,12,4,50,2020,0
2020-12-20,West Virginia,40782924.4,Beverages,40782924.4,40887281.9,41513426.9,41945568.885714285,41095996.89999999,42605366.5547619,225437.9658113947,6,12,4,51,2020,0
2020-12-27,West Virginia,39476417.3,Beverages,39476417.3,39663061.17142857,40782924.4,40667051.385714285,40036348.91428571,42297584.42809524,403196.8445588028,6,12,4,52,2020,0
2021-01-08,West Virginia,50588393.1,Beverages,50588393.1,49662395.11666667,44106407.21666667,46422884.9,47810399.15,42909638.85333333,2000384.2724102424,4,1,1,1,2021,0
2021-01-17,West Virginia,41657172.7,Beverages,41657172.7,42649530.52222222,48603677.45555556,40991639.4,44634246.16666668,43950297.830000006,2143737.9086194243,6,1,1,2,2021,0
2021-01-24,West Virginia,38830024.9,Beverages,38830024.9,39233903.157142855,41657172.7,39849705.04285714,40041659.67142857,43867179.41238095,872476.7527559943,6,1,1,3,2021,0
2021-01-31,West Virginia,39954308.900000006,Beverages,39954308.900000006,39793696.900000006,38830024.9,44106407.21666667,39472472.9,43397038.59833334,346961.5750179573,6,1,1,4,2021,0
2021-02-05,West Virginia,47731132.5,Beverages,47731132.5,46175767.78,39633084.900000006,48736397.13333333,43264288.72857143,43019705.58055556,3065610.2880130587,4,2,1,5,2021,0
2021-02-14,West Virginia,40975558.3,Beverages,40975558.3,41726177.655555554,46229893.78888889,43641888.344444446,43227416.36666667,41993665.600740746,1621523.1355203094,6,2,1,6,2021,0
2021-02-21,West Virginia,39287973.2,Beverages,39287973.2,39529056.78571429,40975558.3,39637781.41428571,40011223.95714285,41778471.42857143,520800.06855225057,6,2,1,7,2021,0
2021-02-28,West Virginia,41951629.1,Beverages,41951629.1,41571106.82857143,39287973.2,39633084.900000006,40810062.28571428,42146711.54333334,822022.0570324986,6,2,1,8,2021,0
2021-03-01,West Virginia,40991524.6,Beverages,40991524.6,41951629.1,39668495.47142857,39793696.900000006,40999066.446938775,42186639.13333333,649874.0060957561,0,3,1,9,2021,0
2021-03-10,West Virginia,67883113.19999999,Beverages,67883113.19999999,64895158.9111111,46967433.177777775,45479274.43333333,58919250.33333333,45574494.42777778,6454718.988327866,2,3,1,10,2021,0
2021-03-14,West Virginia,49643332.1,Beverages,49643332.1,54203277.375,58919250.33333333,42476797.01111111,60088353.82619047,47291897.62351852,6365590.645849066,6,3,1,10,2021,0
2021-03-21,West Virginia,49317076.9,Beverages,49317076.9,49363684.78571428,49643332.1,39770140.37142857,49456900.55714286,49366398.63119047,100684.54059586588,6,3,1,11,2021,0
2021-03-28,West Virginia,43325117.5,Beverages,43325117.5,44181111.7,49317076.9,41190584.55714286,45893100.1,50709297.65261904,1849158.816513372,6,3,1,12,2021,0
2021-04-04,West Virginia,45228377.5,Beverages,45228377.5,44956483.21428572,43325117.5,52943341.75555556,44412694.64285714,50460263.0087037,587358.7876969223,6,4,2,13,2021,0
2021-04-07,West Virginia,53976212.9,Beverages,53976212.9,51060267.766666666,44140800.35714286,61907204.622222215,47494706.79795919,49674364.75203703,3744318.716791167,2,4,2,14,2021,0
2021-04-18,West Virginia,44790016.6,Beverages,44790016.6,45625125.35454546,50635777.88181818,49410292.67142857,47295342.86363637,47420776.409523815,1804041.0977260876,6,4,2,15,2021,0
2021-04-25,West Virginia,45503831.7,Beverages,45503831.7,45401858.11428572,44790016.6,45037105.9,45197910.942857146,46886081.190000005,220288.12236493608,6,4,2,16,2021,0
2021-05-09,West Virginia,49298765.2,Beverages,49298765.2,49027698.52142858,47401298.45,52305995.39090909,48485565.16428572,47169169.54045455,585570.9519319386,6,5,2,18,2021,0
2021-05-12,West Virginia,64272870.8,Beverages,64272870.8,59281502.266666666,48214498.48571429,49800669.127272725,53344738.21836735,48033741.9789394,6261416.693521166,2,5,2,19,2021,0
2021-05-16,West Virginia,48565501.6,Beverages,48565501.6,52492343.9,49298765.2,46460234.10909091,56523938.14285714,48932791.02015152,5273357.74396893,6,5,2,19,2021,0
2021-05-23,West Virginia,50637719.2,Beverages,50637719.2,50341688.11428572,48565501.6,45299884.52857144,49749625.942857146,50011209.44880953,639500.2350591262,6,5,2,20,2021,0
2021-05-30,West Virginia,51141617.2,Beverages,51141617.2,51069631.77142858,50637719.2,46859165.092857145,50925660.91428572,51144168.71238096,155506.29887076287,6,5,2,21,2021,0
2021-06-06,West Virginia,52005187.400000006,Beverages,52005187.400000006,51881820.22857144,51141617.2,48756631.842857145,51635085.88571429,52005554.66404762,266503.5495702082,6,6,2,22,2021,0
2021-06-13,West Virginia,52441621.4,Beverages,52441621.4,52379273.68571428,52005187.400000006,56419186.2,52254578.25714286,51100416.75,134686.45646517965,6,6,2,23,2021,0
2021-06-20,West Virginia,49020131.8,Beverages,49020131.8,49508916.02857143,52441621.4,50045657.02857144,50486484.48571428,51269735.80380952,1055894.6142798013,6,6,2,24,2021,0
2021-06-27,West Virginia,48647522.6,Beverages,48647522.6,48700752.48571429,49020131.8,50997646.342857145,48807212.25714286,50816492.50571429,114989.69556401367,6,6,2,25,2021,0
2021-07-02,West Virginia,42616214.1,Beverages,42616214.1,43822475.8,48753982.37142857,51511718.71428572,46070280.36938776,49775405.30238096,2364187.3763424843,4,7,3,26,2021,0
2021-07-03,West Virginia,45879561.8,Beverages,45879561.8,42616214.1,48700752.48571429,51635085.88571429,45667253.12857143,49583554.49952381,2062210.1825792403,5,7,3,26,2021,0
2021-07-11,West Virginia,67251490.00000001,Beverages,67251490.00000001,64579998.97500001,48551052.825,52316925.97142857,59237016.925,51137006.42952381,5771080.203715979,6,7,3,27,2021,0
2021-07-18,West Virginia,51619194.9,Beverages,51619194.9,53852379.91428572,67251490.00000001,49997700.25714286,58318749.942857146,52754806.79428572,4824231.003051647,6,7,3,28,2021,0
2021-07-25,West Virginia,50587312.6,Beverages,50587312.6,50734724.35714286,51619194.9,48753982.37142857,51029547.87142857,53233992.67952381,318445.79130939214,6,7,3,29,2021,0
2021-08-08,West Virginia,51784540.2,Beverages,51784540.2,51699023.942857146,51185926.400000006,61908507.95000001,51527991.42857143,53815705.23583333,184736.22934039604,6,8,3,31,2021,0
2021-08-15,West Virginia,51606383.0,Beverages,51606383.0,51631834.02857143,51784540.2,56085564.92857143,51682736.08571429,51388638.19714286,54980.50553712622,6,8,3,32,2021,0
2021-08-22,West Virginia,48217705.3,Beverages,48217705.3,48701802.11428572,51606383.0,50882136.11428572,49669995.74285714,50933091.43857143,1045768.6421026216,6,8,3,33,2021,0
2021-08-29,West Virginia,49288111.7,Beverages,49288111.7,49135196.5,48217705.3,51014893.885714285,48829366.10000001,50475232.06809524,330334.5866785792,6,8,3,34,2021,0
2021-09-05,West Virginia,49087004.8,Beverages,49087004.8,49115734.35714286,49288111.7,51613507.68571429,49173193.471428566,49965686.798095234,62062.93672382683,6,9,3,35,2021,0
2021-09-19,West Virginia,48024039.7,Beverages,48024039.7,48099965.77857144,48555522.25,49185898.92857143,48251817.9357143,48739441.778809525,164019.07581664505,6,9,3,37,2021,0
2021-09-26,West Virginia,45557692.9,Beverages,45557692.9,45910028.157142855,48024039.7,48982281.3,46614698.67142857,48272812.73833334,761131.1468153746,6,9,3,38,2021,0
2021-10-01,West Virginia,43127643.0,Beverages,43127643.0,43613652.98,46262363.41428571,49201923.02857143,44566576.551020406,47418914.36642858,1019744.4409582856,4,10,4,39,2021,0
2021-10-10,West Virginia,70399280.4,Beverages,70399280.4,67369098.46666667,49188006.86666667,48707374.407142855,61308734.6,50208595.85428572,6545941.1263109,6,10,4,40,2021,0
2021-10-17,West Virginia,66043677.9,Beverages,66043677.9,66665906.828571424,70399280.4,48175891.85714286,67910364.68571429,54760157.92595238,1344168.113704807,6,10,4,41,2021,0
2021-10-24,West Virginia,63842048.7,Beverages,63842048.7,64156567.15714286,66043677.9,46262363.41428571,64785604.071428575,58844826.37190477,679437.5218655496,6,10,4,42,2021,0
2021-10-31,West Virginia,63324231.1,Beverages,63324231.1,63398205.04285715,63842048.7,43127643.0,63546152.92857143,63273394.19333334,159801.98068549202,6,10,4,43,2021,0
2021-11-04,West Virginia,48967241.5,Beverages,48967241.5,52556488.9,63546152.92857143,55248370.73333333,58228437.93265306,63759796.16222223,5841496.835039102,3,11,4,44,2021,0
2021-11-07,West Virginia,51681308.6,Beverages,51681308.6,50776619.56666667,63324231.1,64338916.53333334,52819187.01428572,62706584.65888889,3828703.834653974,6,11,4,44,2021,0
2021-11-14,West Virginia,66612659.9,Beverages,66612659.9,64479609.71428572,51681308.6,67288135.75714286,60213509.34285714,60742025.27428572,4607915.050101276,6,11,4,45,2021,0
2021-11-21,West Virginia,65121440.4,Beverages,65121440.4,65334471.75714286,66612659.9,64471085.61428572,65760534.47142857,60812476.73857143,460200.3287534274,6,11,4,46,2021,0
2021-11-28,West Virginia,60973906.49999999,Beverages,60973906.49999999,61566411.34285714,65121440.4,63472178.98571429,62751421.02857142,60584499.971428566,1279956.7497012035,6,11,4,47,2021,0
2021-12-09,West Virginia,49584876.7,Beverages,49584876.7,50620243.04545455,56832441.11818182,55947408.97142857,52690975.736363634,60456509.2947619,2236646.937582268,3,12,4,49,2021,0
2021-12-12,West Virginia,65040773.900000006,Beverages,65040773.900000006,59888808.16666667,53726342.08181818,62346559.52857143,54888304.19610391,60424039.17714285,5623194.213394705,6,12,4,49,2021,0
2021-12-19,West Virginia,65395193.8,Beverages,65395193.8,65344562.385714285,65040773.900000006,65547503.11428572,65243299.55714285,60282139.11523809,109376.35570810451,6,12,4,50,2021,0
2021-12-26,West Virginia,62894154.0,Beverages,62894154.0,63251445.4,65395193.8,62158916.18571428,63966028.2,60301694.31142857,771837.6390544887,6,12,4,51,2021,0
2022-01-05,West Virginia,72863254.0,Beverages,72863254.0,71866344.0,65884884.0,52690975.736363634,69872524.0,63992134.597878784,2153571.736548928,2,1,1,1,2022,0
2022-01-16,West Virginia,65977530.0,Beverages,65977530.0,66603504.90909091,70359354.36363636,65293930.97142857,67855454.72727273,67415166.45285714,1352260.3565076976,6,1,1,2,2022,0
2022-01-23,West Virginia,59321561.7,Beverages,59321561.7,60272414.31428572,65977530.0,63608736.8,62174119.54285716,66843915.873333335,2054076.411862112,6,1,1,3,2022,0
2022-01-30,West Virginia,60682205.8,Beverages,60682205.8,60487828.07142857,59321561.7,67878704.0,60099072.61428571,65681365.50333334,419903.8854683602,6,1,1,4,2022,0
2022-02-01,West Virginia,62574613.1,Beverages,62574613.1,61628409.45,59710317.157142855,69872524.0,60810039.18061224,65196528.32166667,957043.9004988684,1,2,1,5,2022,0
2022-02-10,West Virginia,71932124.8,Beverages,71932124.8,70892401.27777778,64654060.14444444,69107404.54545455,68812954.23333333,64207394.77136364,2246059.5151848528,3,2,1,6,2022,0
2022-02-13,West Virginia,65081500.8,Beverages,65081500.8,67365042.13333333,67773230.71111111,67229479.81818181,69083612.06666666,64158353.51196969,2285462.418129483,6,2,1,6,2022,0
2022-02-20,West Virginia,61789070.8,Beverages,61789070.8,62259417.94285714,65081500.8,61223266.92857143,63200112.22857142,63964849.84214285,1016065.9570295768,6,2,1,7,2022,0
2022-02-27,West Virginia,66154613.1,Beverages,66154613.1,65530964.2,61789070.8,60293450.342857145,64283666.4,64993790.32071428,1347235.6025810142,6,2,1,8,2022,0
2022-03-04,West Virginia,69274026.0,Beverages,69274026.0,68650143.42,64907315.3,63614336.62222222,67402411.64285715,66031920.6925926,1347686.3244749608,4,3,1,9,2022,0
2022-03-07,West Virginia,78622910.5,Beverages,78622910.5,75506615.66666667,66778495.68,66733507.188888885,71410379.36,67013203.892592594,4271207.513005213,0,3,1,10,2022,0
2022-03-13,West Virginia,69900351.90000002,Beverages,69900351.90000002,71354111.66666669,75506615.66666667,69648583.46666667,74261631.20000002,67756421.74777777,3140480.0285140355,6,3,1,10,2022,0
2022-03-20,West Virginia,67501869.8,Beverages,67501869.8,67844510.1,69900351.90000002,62729765.08571428,68529790.7,68720078.25142857,740187.6457055837,6,3,1,11,2022,0
2022-03-27,West Virginia,67529121.80000001,Beverages,67529121.80000001,67525228.65714286,67501869.8,64907315.3,67517442.37142858,69729195.59666668,8410.149564668172,6,3,1,12,2022,0
2022-04-09,West Virginia,77349827.89999998,Beverages,77349827.89999998,76594388.96923074,72061755.38461538,74261631.20000002,75083511.10769229,70433883.08666667,1631934.607930934,5,4,2,14,2022,0
2022-04-12,West Virginia,67049392.2,Beverages,67049392.2,70482870.76666667,74328072.17692307,69900351.90000002,73759327.18791208,70346758.99666665,3714624.5906726047,1,4,2,15,2022,0
2022-04-17,West Virginia,72078836.4,Beverages,72078836.4,71072947.56,73916349.33333331,68187150.4,69695365.22380953,70545863.61666666,1752628.6012087588,6,4,2,15,2022,0
2022-04-24,West Virginia,68168617.60000001,Beverages,68168617.60000001,68727220.2857143,72078836.4,67521335.51428573,69844425.65714286,71079092.06857142,1206719.7198477066,6,4,2,16,2022,0
2022-05-06,West Virginia,75400185.39999999,Beverages,75400185.39999999,74797554.75,71181770.85,75083511.10769229,73592293.45,71516888.47692308,1301830.9931856112,4,5,2,18,2022,0
2022-05-15,West Virginia,73227904.2,Beverages,73227904.2,73469268.77777778,74917456.24444444,70067058.72,73951997.93333332,72161054.26866667,521407.0807809616,6,5,2,19,2022,0
2022-05-22,West Virginia,75824753.69999999,Beverages,75824753.69999999,75453775.19999999,73227904.2,69285822.97142857,74711818.2,73088247.6595238,801405.1543912513,6,5,2,20,2022,0
2022-05-29,West Virginia,72996965.7,Beverages,72996965.7,73400935.41428572,75824753.69999999,71181770.85,74208874.84285714,74177705.60166666,872674.3227620492,6,5,2,21,2022,0
2022-06-02,West Virginia,65299885.0,Beverages,65299885.0,67224155.175,74208874.84285714,73592293.44999999,70421138.18469389,73577431.30666666,3302933.4719773973,3,6,2,22,2022,0
2022-06-03,West Virginia,69455420.10000001,Beverages,69455420.10000001,65299885.0,73804905.12857142,74194924.1,69799783.18061225,73419447.83999999,2950603.766542205,4,6,2,22,2022,0
2022-06-11,West Virginia,70416470.0,Beverages,70416470.0,70296338.7625,69575551.3375,73951997.93333334,70056076.28750001,72167377.4711111,259513.1333300841,5,6,2,23,2022,0
2022-06-19,West Virginia,73102633.9,Beverages,73102633.9,72766863.41250001,70752240.4875,75082796.69999999,72095322.43750001,71610960.56166667,725347.1545517407,6,6,2,24,2022,0
2022-06-26,West Virginia,72747321.19999999,Beverages,72747321.19999999,72798080.15714285,73102633.9,73804905.12857142,72899598.07142857,71142775.05547619,109651.87976460256,6,6,2,25,2022,0
2022-07-08,West Virginia,78282945.3,Beverages,78282945.3,77821643.29166666,75053831.24166666,70056076.28750001,76899039.27499999,73518503.71291666,996526.2332177698,4,7,3,27,2022,0
2022-07-17,West Virginia,75992653.2,Beverages,75992653.2,76247130.10000001,77773991.5,72431092.92500001,76756083.89999999,75273704.73541667,549732.9342056831,6,7,3,28,2022,0
2022-07-24,West Virginia,73511309.5,Beverages,73511309.5,73865787.17142858,75992653.2,72848839.11428571,74574742.51428571,75653768.57357143,765759.2906309555,6,7,3,29,2022,0
2022-07-31,West Virginia,74698082.1,Beverages,74698082.1,74528543.15714285,73511309.5,75053831.24166666,74189465.27142857,75757925.88749999,366245.97563887486,6,7,3,30,2022,0
2022-08-05,West Virginia,74749668.89999999,Beverages,74749668.89999999,74739351.53999999,74359004.21428572,77360341.28333333,74695970.87959182,75473142.03972222,75902.22636721717,4,8,3,31,2022,0
2022-08-14,West Virginia,77673202.80000001,Beverages,77673202.80000001,77348365.7,75399343.1,76501607.0,76698691.5,75153303.27666666,701728.3381030142,6,8,3,32,2022,0
2022-08-21,West Virginia,73275468.69999999,Beverages,73275468.69999999,73903716.42857142,77673202.80000001,74220264.84285714,75160211.88571428,75127823.24238095,1357170.2077428892,6,8,3,33,2022,0
2022-08-28,West Virginia,76344247.7,Beverages,76344247.7,75905850.7,73275468.69999999,74359004.21428572,75029056.7,75385378.86190477,947045.7599835596,6,8,3,34,2022,0
2022-09-01,West Virginia,65536847.2,Beverages,65536847.2,68238697.325,75029056.7,74718716.82,72296577.37857142,74708870.46233334,4188781.393398237,3,9,3,35,2022,0
2022-09-10,West Virginia,74190181.9,Beverages,74190181.9,73228700.26666667,67459810.46666667,76698691.5,71305737.0,73160892.16833334,2077037.7173039208,5,9,3,36,2022,0
2022-09-18,West Virginia,74104003.80000001,Beverages,74104003.80000001,74114776.06250001,74179409.6375,74531964.15714285,74136320.5875,72565767.45428571,23270.746546140977,6,9,3,37,2022,0
2022-09-25,West Virginia,70874506.29999998,Beverages,70874506.29999998,71335863.08571427,74104003.80000001,75467453.7,72258576.65714285,72088352.55333334,996644.5658860268,6,9,3,38,2022,0
2022-10-04,West Virginia,74097573.2,Beverages,74097573.2,73739454.65555556,71590743.38888888,68421292.10000001,73023217.56666668,72788281.615,773624.4752753207,1,10,4,40,2022,0
2022-10-07,West Virginia,76261142.2,Beverages,76261142.2,75539952.53333333,72665099.02222222,71305737.0,74408777.01904762,73307851.33166666,1183156.3197357047,4,10,4,40,2022,0
2022-10-16,West Virginia,70746845.19999999,Beverages,70746845.19999999,71359544.86666666,75035742.86666666,74125548.32500002,72584944.19999999,73113778.66875,1323582.5552206642,6,10,4,41,2022,0
2022-10-23,West Virginia,67673966.5,Beverages,67673966.5,68112949.17142858,70746845.19999999,71797219.87142856,68990914.51428571,72151043.81952381,948310.954872316,6,10,4,42,2022,0
2022-10-30,West Virginia,67504383.39999999,Beverages,67504383.39999999,67528609.55714285,67673966.5,72665099.02222222,67577061.87142856,71187202.28777777,52334.48082226562,6,10,4,43,2022,0
2022-11-09,West Virginia,76050201.0,Beverages,76050201.0,75195619.24,70068128.67999999,74423043.2,73486455.72,70389774.39,1846107.597381634,2,11,4,45,2022,0
2022-11-12,West Virginia,70499335.3,Beverages,70499335.3,72349623.86666666,72631873.96,72584944.19999999,73731740.72,70304972.39,1849661.3299409908,5,11,4,45,2022,0
2022-11-13,West Virginia,70382174.7,Beverages,70382174.7,70499335.3,73486455.72,71972244.53333333,73288272.00285713,70251970.06222221,2247600.886960677,6,11,4,45,2022,0
2022-11-20,West Virginia,67479594.6,Beverages,67479594.6,67894248.89999999,70382174.7,68551931.84285714,68723557.5,69978937.61238095,895755.6659245199,6,11,4,46,2022,0
2022-11-27,West Virginia,66490665.2,Beverages,66490665.2,66631940.82857143,67479594.6,67552835.7142857,66914492.08571428,69799207.23857142,305190.2385867811,6,11,4,47,2022,0
2022-12-06,West Virginia,74937530.2,Beverages,74937530.2,73998989.64444445,68367746.31111111,73486455.72,72121908.53333333,70104485.43066667,2027479.325163862,1,12,4,49,2022,0
2022-12-18,West Virginia,69850626.1,Beverages,69850626.1,70274534.77499999,72817986.825,68308903.2,71122352.125,70353702.85499999,915747.4008244566,6,12,4,50,2022,0
2022-12-25,West Virginia,70641050.0,Beverages,70641050.0,70528132.3,69850626.1,66773216.45714286,70302296.89999999,71069149.39595239,243930.11131173675,6,12,4,51,2022,0
2023-01-01,West Virginia,65687268.1,Beverages,65687268.1,66394951.22857143,70641050.0,71183367.97777778,67810317.48571429,70903088.79722221,1528770.2843020998,6,1,1,52,2023,0
2023-01-15,West Virginia,69952895.9,Beverages,69952895.9,69648208.2,67820082.0,70698443.44999999,69038832.8,68617580.7825,658200.6592286137,6,1,1,2,2023,0
2023-01-22,West Virginia,63364499.0,Beverages,63364499.0,64305698.55714285,69952895.9,70415214.6,66188097.67142857,67692401.67666668,2033223.425099103,6,1,1,3,2023,0
2023-01-29,West Virginia,65045342.6,Beverages,65045342.6,64805222.08571429,63364499.0,67102634.35714286,64324981.05714286,66576257.74428571,518719.59648301394,6,1,1,4,2023,0
2023-02-04,West Virginia,71158237.5,Beverages,71158237.5,70139421.68333334,64805222.08571429,66906018.900000006,68101790.05,67035891.711666666,2200893.709083688,5,2,1,5,2023,0
2023-02-19,West Virginia,69092458.1,Beverages,69092458.1,69230176.72666666,70056488.48666666,65246898.11428572,69505613.97999999,68015319.33357143,297506.23624942463,6,2,1,7,2023,0
2023-02-26,West Virginia,69679103.8,Beverages,69679103.8,69595297.27142857,69092458.1,64565101.571428575,69427684.21428572,69278628.97452381,181042.7934912953,6,2,1,8,2023,0
2023-03-19,West Virginia,75107017.80000001,Beverages,75107017.80000001,74848545.70476192,73297713.13333334,69367895.35333332,74331601.51428573,71576155.2708889,558363.5423322654,6,3,1,11,2023,0
2023-03-26,West Virginia,69340958.3,Beverages,69340958.3,70164681.08571428,75107017.80000001,69511490.74285714,71812126.65714286,72164250.71571429,1779444.5938601466,6,3,1,12,2023,0
2023-04-16,West Virginia,76094026.3,Beverages,76094026.3,75772451.63333333,73843003.63333333,74590073.60952382,75129302.3,72769477.41349205,694680.6766101678,6,4,2,15,2023,0
2023-04-23,West Virginia,74040229.2,Beverages,74040229.2,74333628.78571428,76094026.3,70988403.87142858,74920427.95714286,73146416.91285713,633815.5453401476,6,4,2,16,2023,0
2023-04-30,West Virginia,75759703.0,Beverages,75759703.0,75514063.88571429,74040229.2,70948831.63333333,75022785.65714286,74283931.86999999,530641.1350184403,6,4,2,17,2023,0
2023-05-02,West Virginia,69293479.9,Beverages,69293479.9,72526591.45,74531507.42857143,71591980.96666667,74023170.74387754,74249188.00611112,2344013.608173644,1,5,2,18,2023,0
2023-05-03,West Virginia,75067824.7,Beverages,75067824.7,69293479.9,74777146.54285714,71913555.63333333,74064696.19489796,74354330.30833334,2362101.839917064,2,5,2,18,2023,0
2023-07-05,West Virginia,79297110.29999998,Beverages,79297110.29999998,79229978.78253967,78827189.67777777,77283164.77619047,79095715.74761903,78323703.2968254,145020.6524243376,2,7,3,27,2023,0
2023-08-01,West Virginia,69959952.5,Beverages,69959952.5,70305773.15925926,72380697.11481482,79095715.74761903,70997414.4777778,74933056.84158729,747058.0069339996,1,8,3,31,2023,0
2023-09-04,West Virginia,78461253.99999999,Beverages,78461253.99999999,78211215.72058822,76710986.04411763,70960105.61764705,77711139.1617647,74835698.9485294,540144.4178416149,0,9,3,36,2023,0
2023-12-02,West Virginia,71515362.6,Beverages,71515362.6,71593406.3235955,72061668.66516854,73856674.30786516,71749493.77078651,72646996.59213482,168593.71190494983,5,12,4,48,2023,0
2023-12-03,West Virginia,78255741.0,Beverages,78255741.0,71515362.6,71983624.94157302,73778630.58426966,72645510.35056178,72796233.6059925,2477467.0755313416,6,12,4,48,2023,0
2019-03-11,Wisconsin,84430399.9,Beverages,84430399.9,84428003.61724138,84413625.92068966,84358511.41724138,84423211.05172415,84395653.8,5176.562398658733,0,3,1,11,2019,0
2019-06-10,Wisconsin,86707756.5,Beverages,86707756.5,86682730.6032967,86532575.22307692,85956979.59890111,86632678.8098901,86344880.9978022,54062.11575843732,0,6,2,24,2019,0
2019-08-12,Wisconsin,85157243.8,Beverages,85157243.8,85181855.1126984,85329522.98888889,85895583.18095239,85231077.73809525,85514107.83412698,53166.51194693,0,8,3,33,2019,0
2019-10-11,Wisconsin,84657735.0,Beverages,84657735.0,84666060.14666666,84716011.02666667,84907489.4,84682710.44000001,84778449.62666668,17984.37226875678,4,10,4,41,2019,0
2019-10-13,Wisconsin,87339997.0,Beverages,87339997.0,85998866.0,84699360.73333333,84890839.10666667,85244398.4952381,84896744.948,1047697.6855069506,6,10,4,41,2019,0
2019-10-20,Wisconsin,86378291.5,Beverages,86378291.5,86515678.0,87339997.0,84832563.08,86790451.0,85347757.86,296788.76065374684,6,10,4,42,2019,0
2019-10-27,Wisconsin,84847392.39999999,Beverages,84847392.39999999,85066092.27142857,86378291.5,84774287.05333333,85503492.01428571,85512078.08155556,472445.71916771104,6,10,4,43,2019,0
2019-11-17,Wisconsin,86704220.4,Beverages,86704220.4,86615800.01904762,86085277.73333333,86653064.5,86438959.25714287,85787958.73333332,191009.85380220696,6,11,4,46,2019,0
2019-11-24,Wisconsin,88143657.10000001,Beverages,88143657.10000001,87938023.2857143,86704220.4,85284792.14285713,87526755.65714286,86160704.08904763,444219.8097368901,6,11,4,47,2019,0
2019-12-15,Wisconsin,87736174.8,Beverages,87736174.8,87755578.71904762,87872002.23333333,86527379.63809524,87794386.55714285,87751393.46063492,41917.25596170424,6,12,4,50,2019,0
2019-12-22,Wisconsin,94516988.0,Beverages,94516988.0,93548300.4,87736174.8,87732389.47142857,91610925.2,88796421.68619047,2092604.384454626,6,12,4,51,2019,0
2019-12-29,Wisconsin,86541497.0,Beverages,86541497.0,87680852.85714287,94516988.0,88046637.5047619,89959564.57142857,89236689.8495238,2461289.9577851687,6,12,4,52,2019,0
2020-01-03,Wisconsin,87040925.9,Beverages,87040925.9,86941040.12,88820208.71428572,87949617.90952381,86918303.07959184,89045477.94825397,377049.1381382028,4,1,1,1,2020,0
2020-01-11,Wisconsin,88525014.2,Beverages,88525014.2,88339503.16250001,87226436.9375,87794386.55714285,87968481.0875,89049058.02690476,400749.6435769439,5,1,1,2,2020,0
2020-01-19,Wisconsin,82278527.2,Beverages,82278527.2,83059338.075,87744203.325,92579612.8,84620959.825,87836157.95833334,1686744.2717903026,6,1,1,3,2020,0
2020-01-26,Wisconsin,83227978.60000001,Beverages,83227978.60000001,83092342.68571429,82278527.2,88820208.71428572,82821070.85714285,85709078.1402381,293007.06328907073,6,1,1,4,2020,0
2020-02-02,Wisconsin,83991229.89999999,Beverages,83991229.89999999,83882194.0,83227978.60000001,87040925.9,83664122.2,84949769.26833335,235544.4649024201,6,2,1,5,2020,0
2020-02-08,Wisconsin,103478200.3,Beverages,103478200.3,100230371.9,83882194.0,88153992.125,93734715.1,86483452.22208333,7016111.231108445,5,2,1,6,2020,0
2020-02-16,Wisconsin,84046257.3,Beverages,84046257.3,86475250.175,101049207.425,83840148.95,91333235.92499998,88108928.37916666,5247224.32705184,6,2,1,7,2020,0
2020-02-23,Wisconsin,85512527.6,Beverages,85512527.6,85303060.4142857,84046257.3,82956706.77142859,84884126.04285714,88623056.45619048,452500.83847820736,6,2,1,8,2020,0
2020-03-05,Wisconsin,96537163.3,Beverages,96537163.3,95534923.69090907,89521486.03636363,90486886.7,93530444.47272728,91192739.66,2165085.008064413,3,3,1,10,2020,0
2020-03-15,Wisconsin,99213110.6,Beverages,99213110.6,98945515.87,97339947.49,88904243.05,98410326.41,91719511.69083332,578070.6858001057,6,3,1,11,2020,0
2020-03-22,Wisconsin,99225508.8,Beverages,99225508.8,99223737.62857142,99213110.6,85093593.22857143,99220195.28571428,95074397.19880952,3826.168119737372,6,3,1,12,2020,0
2020-03-29,Wisconsin,85948011.0,Beverages,85948011.0,87844796.4,99225508.8,90523725.64545454,91638367.2,96009622.2071212,4097524.779308742,6,3,1,13,2020,0
2020-04-10,Wisconsin,90455369.0,Beverages,90455369.0,90079755.83333331,87826076.83333333,98142731.68,89328529.5,93064359.01399998,811417.178691633,4,4,2,15,2020,0
2020-04-19,Wisconsin,94645462.6,Beverages,94645462.6,94179896.64444444,91386500.91111112,99221966.45714286,93248764.73333332,91188018.82761905,1005737.411988331,6,4,2,16,2020,0
2020-04-26,Wisconsin,93598195.9,Beverages,93598195.9,93747805.42857143,94645462.6,89741581.8,94047024.48571429,90928157.56,323193.5202310947,6,4,2,17,2020,0
2020-05-01,Wisconsin,83982215.3,Beverages,83982215.3,85905411.42,93897414.95714286,87074850.5,89498434.14693877,91103241.50333336,3781393.930970087,4,5,2,18,2020,0
2020-05-04,Wisconsin,89055839.4,Beverages,89055839.4,87364631.36666667,91674999.78,88201690.0,87080276.00285713,91057096.95666668,2026420.9073224876,0,5,2,19,2020,0
2020-05-07,Wisconsin,117400252.2,Beverages,117400252.2,107952114.6,85905411.42,89328529.5,95704636.17142856,92957016.78333332,12782405.567376155,3,5,2,19,2020,0
2020-05-17,Wisconsin,100460330.8,Beverages,100460330.8,102154322.94,112318275.78,93714330.68888888,105542307.22,98436025.35148148,3659441.268161292,6,5,2,20,2020,0
2020-05-24,Wisconsin,104290444.7,Beverages,104290444.7,103743285.57142857,100460330.8,93897414.95714286,102648967.31428573,100393833.4142857,1181998.811015195,6,5,2,21,2020,0
2020-05-31,Wisconsin,102166025.1,Beverages,102166025.1,102469513.61428572,104290444.7,83982215.3,103076490.64285716,103562046.59666666,655610.1220148171,6,5,2,22,2020,0
2020-06-09,Wisconsin,98563733.2,Beverages,98563733.2,98963987.85555556,101365515.78888889,112318275.78,99764497.16666666,102678570.75466666,864648.8786646994,1,6,2,24,2020,0
2020-06-12,Wisconsin,88707904.5,Beverages,88707904.5,91993180.73333332,100164751.82222222,107236299.36,96090857.56190476,100984859.678,4292233.579579272,4,6,2,24,2020,0
2020-06-14,Wisconsin,103936089.2,Beverages,103936089.2,96321996.85,99364242.51111113,103848315.08,96252192.7579365,100680441.803,4962321.686908308,6,6,2,24,2020,0
2020-06-21,Wisconsin,104650455.6,Beverages,104650455.6,104548403.25714286,103936089.2,103196126.44285716,104344298.57142857,101256654.98071428,220458.2572549914,6,6,2,25,2020,0
2020-06-28,Wisconsin,105545957.0,Beverages,105545957.0,105418028.22857144,104650455.6,102773002.12857142,105162170.68571427,101630040.6054762,276357.7318434177,6,6,2,26,2020,0
2020-07-06,Wisconsin,108556200.2,Beverages,108556200.2,108179919.8,105922237.4,99764497.16666669,107427359.0,103252954.23388888,812858.5674356214,0,7,3,28,2020,0
2020-07-19,Wisconsin,106809376.0,Beverages,106809376.0,106943747.09230769,107749973.64615384,104446350.9142857,107212489.27692308,106741687.90857144,290274.73554860015,6,7,3,29,2020,0
2020-07-26,Wisconsin,103471927.2,Beverages,103471927.2,103948705.6,106809376.0,105290099.45714286,104902262.4,106739880.18761905,1029959.0603370682,6,7,3,30,2020,0
2020-08-03,Wisconsin,91238415.2,Beverages,91238415.2,92767604.2,101942738.2,107803639.4,95825982.20000002,104092646.78666668,3303425.795953031,0,8,3,32,2020,0
2020-08-11,Wisconsin,92131294.7,Beverages,92131294.7,92019684.7625,91350025.1375,107749973.64615384,91796464.88750002,99715105.15628204,241105.0214381291,1,8,3,33,2020,0
2020-08-16,Wisconsin,103504571.6,Beverages,103504571.6,101229916.22,91908074.825,107078118.1846154,96989611.9517857,98316505.23474358,4460247.966241015,6,8,3,33,2020,0
2020-08-23,Wisconsin,101400233.9,Beverages,101400233.9,101700853.57142858,103504571.6,104425484.0,102302092.91428572,97498716.01166669,649412.7131275249,6,8,3,34,2020,0
2020-08-30,Wisconsin,101921349.5,Beverages,101921349.5,101846904.41428572,101400233.9,95825982.2,101698014.24285714,97833504.875,160819.76561243634,6,8,3,35,2020,0
2020-09-02,Wisconsin,84231045.8,Beverages,84231045.8,90127813.7,101623569.15714286,91238415.2,96803166.94081631,97569525.825,7112351.268013802,2,9,3,36,2020,0
2020-09-08,Wisconsin,102730957.6,Beverages,102730957.6,99647638.96666668,90127813.7,91908074.825,93481001.7,98248248.03208332,6660729.517734439,1,9,3,37,2020,0
2020-09-13,Wisconsin,91732869.3,Beverages,91732869.3,93932486.96,96564320.33333331,98955260.84,97577017.0952381,98463838.94066666,3865932.756537565,6,9,3,37,2020,0
2020-09-20,Wisconsin,93763065.9,Beverages,93763065.9,93473037.81428573,91732869.3,102001473.24285714,92892981.64285716,96213932.96571428,626532.2729255471,6,9,3,38,2020,0
2020-09-27,Wisconsin,93904748.7,Beverages,93904748.7,93884508.3,93763065.9,101772459.32857142,93844027.5,94403574.9404762,43724.26137909813,6,9,3,39,2020,0
2020-10-05,Wisconsin,99683245.9,Beverages,99683245.9,98960933.75,94627060.85,93481001.7,97516309.45000002,95466791.03333332,1560372.5824878628,0,10,4,41,2020,0
2020-10-18,Wisconsin,91154751.2,Beverages,91154751.2,91810789.25384615,95747017.57692309,93183009.72857144,93122865.36153848,95252275.23380952,1417204.1717559646,6,10,4,42,2020,0
2020-10-25,Wisconsin,87616974.9,Beverages,87616974.9,88122371.51428571,91154751.2,93864267.9,89133164.74285714,94171512.36666666,1091781.4690135915,6,10,4,43,2020,0
2020-11-10,Wisconsin,93108850.3,Beverages,93108850.3,92765608.0875,90706154.8125,95747017.57692309,92079123.6625,90811491.66769232,741487.9253216932,1,11,4,46,2020,0
2020-11-15,Wisconsin,91348925.8,Beverages,91348925.8,91700910.7,92422365.875,92466827.3076923,92305562.34107144,90523823.69846152,634435.4107235415,6,11,4,46,2020,0
2020-11-22,Wisconsin,94058185.6,Beverages,94058185.6,93671148.48571429,91348925.8,88627768.12857144,92897074.25714286,91161196.11714289,836095.7261168413,6,11,4,47,2020,0
2020-11-29,Wisconsin,90350458.1,Beverages,90350458.1,90880133.45714284,94058185.6,89333185.9625,91939484.17142858,91981313.95375,1144229.5479941631,6,11,4,48,2020,0
2020-12-01,Wisconsin,83210541.0,Beverages,83210541.0,86780499.55,92998834.88571428,90019670.3875,89577154.94591837,91657812.02,3365355.7361677787,1,12,4,49,2020,0
2020-12-04,Wisconsin,91410183.6,Beverages,91410183.6,88676969.39999999,91409808.81428573,91049397.025,88178934.32959183,91454893.47875,3009362.635804972,4,12,4,49,2020,0
2020-12-07,Wisconsin,106306977.4,Beverages,106306977.4,101341379.46666668,86780499.55,92079123.6625,93323655.37142858,92415443.28041668,8407904.001990452,0,12,4,50,2020,0
2020-12-13,Wisconsin,91542956.3,Beverages,91542956.3,94003626.48333332,101341379.46666668,92052895.6,98924966.85,93437320.77333333,5315655.134162794,6,12,4,50,2020,0
2020-12-20,Wisconsin,96028971.3,Beverages,96028971.3,95388112.01428571,91542956.3,93284111.37142856,94106393.44285712,93875478.50285712,1384414.2849615675,6,12,4,51,2020,0
2020-12-27,Wisconsin,93388621.2,Beverages,93388621.2,93765814.07142857,96028971.3,91409808.81428573,94520199.81428573,94261020.73523808,814829.7310075618,6,12,4,52,2020,0
2021-01-08,Wisconsin,110769411.0,Beverages,110769411.0,109321011.85,100630616.95,101385637.03333332,106424213.55,97832019.57333332,3128899.772982438,4,1,1,1,2021,0
2021-01-17,Wisconsin,88841230.0,Beverages,88841230.0,91277694.55555557,105896481.8888889,94747252.72857144,96150623.66666669,99132695.47047618,5263365.001806075,6,1,1,2,2021,0
2021-01-24,Wisconsin,87496019.0,Beverages,87496019.0,87688192.0,88841230.0,94143006.94285716,88072538.0,97486152.77904762,415141.1274144722,6,1,1,3,2021,0
2021-01-31,Wisconsin,91152283.9,Beverages,91152283.9,90629960.34285717,87496019.0,100630616.95,89585313.22857143,95861941.58166666,1128347.844838783,6,1,1,4,2021,0
2021-02-05,Wisconsin,104492143.8,Beverages,104492143.8,101824171.82,90107636.78571428,107872612.7,96794749.06326532,94892005.82166667,5305736.310845008,4,2,1,5,2021,0
2021-02-14,Wisconsin,87410704.1,Beverages,87410704.1,89308641.84444444,100696268.31111112,93714159.1111111,93104517.33333334,92484232.60185184,4100014.127822251,6,2,1,6,2021,0
2021-02-21,Wisconsin,89602439.7,Beverages,89602439.7,89289334.61428572,87410704.1,87880365.0,88663124.44285715,92457545.65333334,676384.2906240051,6,2,1,7,2021,0
2021-02-28,Wisconsin,92603138.7,Beverages,92603138.7,92174467.41428572,89602439.7,90107636.78571428,91317124.84285717,93081569.47142856,926035.8158573668,6,2,1,8,2021,0
2021-03-01,Wisconsin,88536900.89999999,Beverages,88536900.89999999,92603138.7,90031110.98571429,90629960.34285717,91103666.25918368,93011800.82333332,1347968.5676706904,0,3,1,9,2021,0
2021-03-10,Wisconsin,145142675.70000002,Beverages,145142675.70000002,138853145.1666667,101115961.96666668,98798330.56666666,126274084.1,99373097.29222222,13586938.833751122,2,3,1,10,2021,0
2021-03-14,Wisconsin,104992937.2,Beverages,104992937.2,115030371.825,126274084.1,91206579.58888888,128107970.29285716,102839177.68314816,14077319.045342617,6,3,1,10,2021,0
2021-03-21,Wisconsin,104751734.6,Beverages,104751734.6,104786192.11428572,104992937.2,88976229.52857143,104855107.14285712,106689721.25880954,74436.7384251597,6,3,1,11,2021,0
2021-03-28,Wisconsin,91098857.2,Beverages,91098857.2,93049268.25714286,104751734.6,91745796.12857144,96950090.37142858,108200274.2754762,4213369.438883675,6,3,1,12,2021,0
2021-04-04,Wisconsin,97437646.9,Beverages,97437646.9,96532105.51428571,91098857.2,113695023.03333332,94721022.74285714,107289932.38388889,1956192.9708306903,6,4,2,13,2021,0
2021-04-07,Wisconsin,124132664.2,Beverages,124132664.2,115234325.1,93815481.35714288,132563614.63333334,104288616.36938776,106185956.4838889,11485176.942942992,2,4,2,14,2021,0
2021-04-18,Wisconsin,96311140.7,Beverages,96311140.7,98840370.10909092,114015746.56363636,104820649.62857142,103898828.92727277,103182295.3004762,5463759.989035423,6,4,2,15,2021,0
2021-04-25,Wisconsin,98740462.1,Beverages,98740462.1,98393416.18571427,96311140.7,94999679.31428573,97699324.35714284,102510789.85523812,749704.8603104383,6,4,2,16,2021,0
2021-05-09,Wisconsin,111532492.4,Beverages,111532492.4,110618775.95,105136477.25,119074205.3818182,108791343.05,104001816.40590908,1973853.1281076577,6,5,2,18,2021,0
2021-05-12,Wisconsin,136574078.79999998,Beverages,136574078.79999998,128226883.33333331,107877626.6,111486517.15454546,117904045.84285712,105422930.08287878,10824130.80274901,2,5,2,19,2021,0
2021-05-16,Wisconsin,105651321.1,Beverages,105651321.1,113382010.525,111532492.4,101369599.51818182,121952867.2785714,107034118.2969697,10366824.858552884,6,5,2,19,2021,0
2021-05-23,Wisconsin,110768073.6,Beverages,110768073.6,110037108.95714284,105651321.1,98046370.27142856,108575179.67142858,109637896.78619048,1579064.103355113,6,5,2,20,2021,0
2021-05-30,Wisconsin,111868989.7,Beverages,111868989.7,111711715.97142856,110768073.6,103309044.35,111397168.5142857,112145838.25499998,339750.08452152327,6,5,2,21,2021,0
2021-06-06,Wisconsin,116249338.5,Beverages,116249338.5,115623574.38571428,111868989.7,109705059.5,114372046.15714286,113874403.32333332,1351804.9876869256,6,6,2,22,2021,0
2021-06-13,Wisconsin,117237118.0,Beverages,117237118.0,117096006.64285716,116249338.5,121112699.95,116813783.92857143,112571352.65083332,304835.3717580269,6,6,2,23,2021,0
2021-06-20,Wisconsin,116460895.8,Beverages,116460895.8,116571784.68571427,117237118.0,109306144.31428573,116793562.45714286,114548036.99857144,239547.37156292496,6,6,2,24,2021,0
2021-06-27,Wisconsin,108722468.3,Beverages,108722468.3,109827957.94285716,116460895.8,111554442.24285714,112038937.2285714,114790300.46904762,2388130.57337856,6,6,2,25,2021,0
2021-07-02,Wisconsin,89954239.7,Beverages,89954239.7,93707885.42,110933447.58571428,113746282.04285714,100836868.8489796,112269147.0104762,7537522.216186459,4,7,3,26,2021,0
2021-07-03,Wisconsin,95380230.7,Beverages,95380230.7,89954239.7,109827957.94285716,114372046.15714286,98772907.81428573,111636086.4952381,6582820.035044954,5,7,3,26,2021,0
2021-07-11,Wisconsin,140427907.90000004,Beverages,140427907.90000004,134796948.25000003,101011190.35,116954895.28571428,123535028.95000002,112820163.3947619,12164263.124949556,6,7,3,27,2021,0
2021-07-18,Wisconsin,110798378.6,Beverages,110798378.6,115031168.5,140427907.90000004,116682673.57142857,123496748.3,114340891.95285717,9143871.257580431,6,7,3,28,2021,0
2021-07-25,Wisconsin,111772603.4,Beverages,111772603.4,111633428.42857143,110798378.6,110933447.58571428,111355078.48571429,113698583.1047619,300652.3005209246,6,7,3,29,2021,0
2021-08-08,Wisconsin,108184148.4,Beverages,108184148.4,108440466.61428572,109978375.9,129165988.60000002,108953103.04285714,115236355.95833331,553710.6276924256,6,8,3,31,2021,0
2021-08-15,Wisconsin,111276410.7,Beverages,111276410.7,110834658.94285716,108184148.4,119263958.4,109951155.42857143,110429207.32,954292.8637054953,6,8,3,32,2021,0
2021-08-22,Wisconsin,111059082.7,Beverages,111059082.7,111090129.55714284,111276410.7,111494253.45714286,111152223.2714286,110301090.59428573,67068.87691856337,6,8,3,33,2021,0
2021-08-29,Wisconsin,110814558.4,Beverages,110814558.4,110849490.44285716,111059082.7,110491012.32857144,110919354.52857144,110234797.46380952,75461.83730740267,6,8,3,34,2021,0
2021-09-05,Wisconsin,106201020.7,Beverages,106201020.7,106860097.51428571,110814558.4,108696784.82857144,108178251.14285716,109934383.5204762,1423768.6445744091,6,9,3,35,2021,0
2021-09-19,Wisconsin,102505710.1,Beverages,102505710.1,102769660.85714284,104353365.4,111121176.41428572,103297562.37142856,107164397.07523808,570198.8047335898,6,9,3,37,2021,0
2021-09-26,Wisconsin,102265248.7,Beverages,102265248.7,102299600.32857142,102505710.1,110884422.48571429,102368303.5857143,105152979.74142858,74207.99913590767,6,9,3,38,2021,0
2021-10-01,Wisconsin,88958124.7,Beverages,88958124.7,91619549.5,102333951.95714286,108837327.95714286,96567102.93265308,102528033.35285714,5200867.425502039,4,10,4,39,2021,0
2021-10-10,Wisconsin,144063094.6,Beverages,144063094.6,137940320.16666666,101203673.56666666,104881266.91428572,125694771.3,106539486.21857142,13226704.485758403,6,10,4,40,2021,0
2021-10-17,Wisconsin,141440058.2,Beverages,141440058.2,141814777.68571427,144063094.6,103033611.61428572,142564216.65714285,115578528.53190476,809486.6071907803,6,10,4,41,2021,0
2021-10-24,Wisconsin,139449132.4,Beverages,139449132.4,139733550.37142858,141440058.2,102333951.95714286,140302386.31428573,124406130.43761905,614413.0409391285,6,10,4,42,2021,0
2021-10-31,Wisconsin,138373769.39999998,Beverages,138373769.39999998,138527392.68571427,139449132.4,88958124.7,138834639.25714284,134268555.57999998,331864.22666367434,6,10,4,43,2021,0
2021-11-04,Wisconsin,97690433.8,Beverages,97690433.8,107861267.7,138834639.25714284,113449222.43333334,123909845.23673467,135426105.4288889,16528047.635289792,3,11,4,44,2021,0
2021-11-07,Wisconsin,110894629.7,Beverages,110894629.7,106493231.06666666,138373769.39999998,131817545.73333332,110180918.82857144,133505951.40555556,10225530.926475344,6,11,4,44,2021,0
2021-11-14,Wisconsin,144043738.00000003,Beverages,144043738.00000003,139308151.10000002,110894629.7,142189497.17142856,129836977.3,130577976.2595238,10230036.917892776,6,11,4,45,2021,0
2021-11-21,Wisconsin,144661079.1,Beverages,144661079.1,144572887.5142857,144043738.00000003,140017968.34285715,144396504.34285715,131397532.02904764,190515.5996272006,6,11,4,46,2021,0
2021-11-28,Wisconsin,137384512.1,Beverages,137384512.1,138424021.67142856,144661079.1,138681015.97142854,140503040.8142857,131710775.03619048,2245597.3286494883,6,11,4,47,2021,0
2021-12-09,Wisconsin,101391586.5,Beverages,101391586.5,104663670.64545454,124296175.51818182,120365803.5,111207838.93636362,132081057.22,7068509.630021074,3,12,4,49,2021,0
2021-12-12,Wisconsin,141935220.3,Beverages,141935220.3,128420675.7,114479923.08181818,134572564.20000002,115780125.42467532,131939427.06,14478040.491817776,6,12,4,49,2021,0
2021-12-19,Wisconsin,148776920.9,Beverages,148776920.9,147799535.1,141935220.3,144484695.92857143,145844763.50000003,132473423.44714284,2111394.6440380905,6,12,4,50,2021,0
2021-12-26,Wisconsin,145243900.70000002,Beverages,145243900.70000002,145748617.87142858,148776920.9,139463531.24285713,146758052.21428573,133485411.67904764,1090313.7046929707,6,12,4,51,2021,0
2022-01-05,Wisconsin,152496195.39999998,Beverages,152496195.39999998,151770965.92999998,147419589.11,111207838.93636364,150320506.98999998,141326645.89621213,1566674.7139754242,2,1,1,1,2022,0
2022-01-16,Wisconsin,138091774.1,Beverages,138091774.1,139401266.94545454,147258224.0181818,146822149.3,142020252.63636363,146908035.69833332,2828827.8592725,6,1,1,2,2022,0
2022-01-23,Wisconsin,138088476.5,Beverages,138088476.5,138088947.58571428,138091774.1,146253335.04285717,138089889.75714284,144699333.21071428,1017.6669842121764,6,1,1,3,2022,0
2022-01-30,Wisconsin,139017541.1,Beverages,139017541.1,138884817.58571428,138088476.5,148870048.05,138619370.55714285,142774170.87,286715.5602422534,6,1,1,4,2022,0
2022-02-01,Wisconsin,137051596.7,Beverages,137051596.7,138034568.89999998,138353923.52857143,150320506.98999998,138406662.27959183,141946516.90633333,676686.4284511536,1,2,1,5,2022,0
2022-02-10,Wisconsin,151968250.3,Beverages,151968250.3,150310844.34444445,140366408.6111111,144639238.3272727,146996032.43333334,140788414.16848484,3580406.076652697,3,2,1,6,2022,0
2022-02-13,Wisconsin,139412015.79999998,Beverages,139412015.79999998,143597427.29999998,145338626.47777778,140710759.79090908,146960121.05238095,140946131.63484848,4245306.919330363,6,2,1,6,2022,0
2022-02-20,Wisconsin,140249085.3,Beverages,140249085.3,140129503.94285715,139412015.79999998,138089418.67142856,139890341.2285714,141322383.07952383,258325.256025394,6,2,1,7,2022,0
2022-02-27,Wisconsin,141695532.3,Beverages,141695532.3,141488897.0142857,140249085.3,138752094.07142857,141075626.44285718,141953007.27285713,446383.2352990077,6,2,1,8,2022,0
2022-03-04,Wisconsin,148790634.79999998,Beverages,148790634.79999998,147371614.29999998,141282261.72857144,138709002.65555555,144706771.1877551,143221855.34148148,2808286.415105416,4,3,1,9,2022,0
2022-03-07,Wisconsin,181212900.6,Beverages,181212900.6,170405478.66666666,143114552.8,143681220.52222222,156837836.0285714,146060021.75148147,14201488.76615551,0,3,1,10,2022,0
2022-03-13,Wisconsin,143274355.50000003,Beverages,143274355.50000003,149597446.35000002,170405478.66666666,147782838.8,162243628.05,148174770.58499998,13659437.4037757,6,3,1,10,2022,0
2022-03-20,Wisconsin,144371737.9,Beverages,144371737.9,144214968.9857143,143274355.50000003,140009922.58571428,143901431.15714288,149022996.4397619,338659.56103661016,6,3,1,11,2022,0
2022-03-27,Wisconsin,143698515.4,Beverages,143698515.4,143794690.04285714,144371737.9,141282261.72857144,143987039.32857144,149795854.1154762,207760.97406869588,6,3,1,12,2022,0
2022-04-09,Wisconsin,168076195.2,Beverages,168076195.2,166200989.06153846,154949752.23076922,162243628.05,162450576.78461537,150091203.04166666,4050908.246479494,5,4,2,14,2022,0
2022-04-12,Wisconsin,142193070.3,Beverages,142193070.3,150820778.6,160575370.64615384,143274355.50000003,159073697.10989013,150213536.2666667,9345566.479759708,1,4,2,15,2022,0
2022-04-17,Wisconsin,154578677.39999998,Beverages,154578677.39999998,152101555.98,159448486.9,144058200.0714286,148733717.38571426,151193498.3195238,4329435.67394894,6,4,2,15,2022,0
2022-04-24,Wisconsin,146967859.0,Beverages,146967859.0,148055118.77142856,154578677.39999998,143890864.6857143,150229638.3142857,152613654.70142853,2348749.5501487707,6,4,2,16,2022,0
2022-05-06,Wisconsin,170291439.3,Beverages,170291439.3,168347807.60833335,156686017.45833334,162450576.78461537,164460544.225,155533750.7978205,4198724.335635566,4,5,2,18,2022,0
2022-05-15,Wisconsin,164745921.8,Beverages,164745921.8,165362090.41111112,169059102.0777778,149624434.56,166594427.63333336,159280021.59100002,1331076.3317110168,6,5,2,19,2022,0
2022-05-22,Wisconsin,165614106.79999998,Beverages,165614106.79999998,165490080.37142855,164745921.8,149142378.54285714,165242027.5142857,162394337.21738097,267927.707811417,6,5,2,20,2022,0
2022-05-29,Wisconsin,165984430.7,Beverages,165984430.7,165931527.28571427,165614106.79999998,156686017.45833334,165825720.45714286,165786447.05250004,114284.43677205264,6,5,2,21,2022,0
2022-06-02,Wisconsin,138271158.3,Beverages,138271158.3,145199476.4,165825720.45714283,164460544.22500002,156064160.522449,164068918.88750002,11189127.326193934,3,6,2,22,2022,0
2022-06-03,Wisconsin,144612058.1,Beverages,144612058.1,138271158.3,165878623.87142855,166404175.9166667,153026079.69795918,163342514.96027777,10965072.087645244,4,6,2,22,2022,0
2022-06-11,Wisconsin,145964567.70000002,Beverages,145964567.70000002,145795504.0,144781121.8,166594427.63333336,145457376.6,157193662.16444445,365219.3337520408,5,6,2,23,2022,0
2022-06-19,Wisconsin,173919687.1,Beverages,173919687.1,170425297.175,149458957.625,165366053.94285715,163436517.32500002,156254938.9057143,7548745.001019114,6,6,2,24,2022,0
2022-06-26,Wisconsin,170159445.4,Beverages,170159445.4,170696622.7857143,173919687.1,165878623.87142855,171770977.55714288,157669224.58952382,1160435.7819630268,6,6,2,25,2022,0
2022-07-08,Wisconsin,167300996.40000004,Beverages,167300996.40000004,167539200.48333338,168968424.98333335,145457376.60000002,168015608.65000004,165221045.33666667,514579.6324801471,4,7,3,27,2022,0
2022-07-17,Wisconsin,169197845.6,Beverages,169197845.6,168987084.57777777,167722518.44444448,166930907.25,168565562.53333333,169508948.90250003,455295.84480550885,6,7,3,28,2022,0
2022-07-24,Wisconsin,171737768.5,Beverages,171737768.5,171374922.37142858,169197845.6,171233800.17142856,170649230.1142857,169130910.62952384,783837.2242434821,6,7,3,29,2022,0
2022-07-31,Wisconsin,168619059.89999998,Beverages,168619059.89999998,169064589.7,171737768.5,168968424.98333335,169955649.29999998,169184554.335,962454.3690812604,6,7,3,30,2022,0
2022-08-05,Wisconsin,156608948.7,Beverages,156608948.7,159010970.94,169510119.49999997,167777404.5666667,163535516.49999997,168044417.74277776,4772066.264296188,4,8,3,31,2022,0
2022-08-14,Wisconsin,163347700.10000002,Beverages,163347700.10000002,162598949.94444448,158106449.0111111,168776323.55555555,161101449.63333336,165755278.2425926,1617485.202020504,6,8,3,32,2022,0
2022-08-21,Wisconsin,163579799.1,Beverages,163579799.1,163546642.1,163347700.10000002,171012076.24285713,163480328.1,164246793.12904766,71627.30655528475,6,8,3,33,2022,0
2022-08-28,Wisconsin,164951299.3,Beverages,164951299.3,164755370.70000002,163579799.1,169510119.49999997,164363513.5,162760993.4,423254.1506863468,6,8,3,34,2022,0
2022-09-01,Wisconsin,133988048.0,Beverages,133988048.0,141728860.825,164363513.5,163815015.42,153809025.8642857,159917038.94233334,12441500.677293248,3,9,3,35,2022,0
2022-09-10,Wisconsin,152510845.8,Beverages,152510845.8,150452757.15555558,138104225.2888889,161101449.63333336,146336579.86666667,155453574.36611113,4445979.612995101,5,9,3,36,2022,0
2022-09-18,Wisconsin,156284474.1,Beverages,156284474.1,155812770.5625,152982549.3375,163513485.1,154869363.48749998,153188087.31333336,1018996.104359204,6,9,3,37,2022,0
2022-09-25,Wisconsin,153506963.50000003,Beverages,153506963.50000003,153903750.72857144,156284474.1,164559442.1,154697325.1857143,151018651.0,857158.3802777159,6,9,3,38,2022,0
2022-10-04,Wisconsin,147485687.8,Beverages,147485687.8,148154718.43333334,152168902.23333335,140162313.93333334,149492779.70000002,151853313.6061111,1445271.351312155,1,10,4,40,2022,0
2022-10-07,Wisconsin,167227739.5,Beverages,167227739.5,160647055.6,150161810.33333334,146336579.86666667,153699728.82857147,153490170.04388893,7552503.942264168,4,10,4,40,2022,0
2022-10-16,Wisconsin,149052271.6,Beverages,149052271.6,151071768.03333333,163188746.63333333,155341067.025,155110760.9,154751609.89208335,4362610.90859907,6,10,4,41,2022,0
2022-10-23,Wisconsin,149625337.9,Beverages,149625337.9,149543471.2857143,149052271.6,154300537.9571429,149379738.05714288,153354621.8809524,176852.09971389937,6,10,4,42,2022,0
2022-10-30,Wisconsin,146529935.49999997,Beverages,146529935.49999997,146972135.84285712,149625337.9,150161810.33333334,147856536.5285714,152357477.99666664,955261.9196074184,6,10,4,43,2022,0
2022-11-09,Wisconsin,156684671.00000003,Beverages,156684671.00000003,155669197.45000002,149576356.14999998,161169250.2,153638250.35,150880346.61499998,2193673.5878835507,2,11,4,45,2022,0
2022-11-12,Wisconsin,147823737.99999997,Beverages,147823737.99999997,150777382.3333333,152622776.8,155110760.9,153282569.95714286,150245059.11499998,3042827.05061029,5,11,4,45,2022,0
2022-11-13,Wisconsin,148390554.8,Beverages,148390554.8,147823737.99999997,153638250.35000002,153091264.46666667,152532899.16428572,150088368.79277775,3545514.500317354,6,11,4,45,2022,0
2022-11-20,Wisconsin,152474912.4,Beverages,152474912.4,151891432.74285716,148390554.8,149461604.67142856,150724473.42857143,150370299.3645238,1260460.1202510283,6,11,4,46,2022,0
2022-11-27,Wisconsin,150635815.60000002,Beverages,150635815.60000002,150898543.71428573,152474912.4,147414336.18571427,151423999.94285715,151013816.23309523,567557.5942999396,6,11,4,47,2022,0
2022-12-06,Wisconsin,169388310.1,Beverages,169388310.1,167304699.6,154803036.60000002,153638250.35000002,163137478.6,154408480.68833333,4501113.1223285,1,12,4,49,2022,0
2022-12-18,Wisconsin,155791297.3,Beverages,155791297.3,156924381.70000002,163722888.1,151307953.08571428,159190550.5,158603276.52142856,2447742.0619400884,6,12,4,50,2022,0
2022-12-25,Wisconsin,161068988.2,Beverages,161068988.2,160315032.35714284,155791297.3,151161271.82857144,158807120.6714286,160231605.16380957,1628730.7718735123,6,12,4,51,2022,0
2023-01-01,Wisconsin,142641457.5,Beverages,142641457.5,145273961.8857143,161068988.2,161053868.1,150538970.65714285,159158445.15666667,5686859.437079569,6,1,1,52,2023,0
2023-01-15,Wisconsin,142879650.4,Beverages,142879650.4,142862636.62142858,142760553.95,158057466.10000002,142828609.06428573,149230172.335,36753.96250697343,6,1,1,2,2023,0
2023-01-22,Wisconsin,141574071.70000002,Beverages,141574071.70000002,141760582.94285715,142879650.4,159561076.5142857,142133605.42857143,145628630.16357142,402910.33410696033,6,1,1,3,2023,0
2023-01-29,Wisconsin,144952624.10000002,Beverages,144952624.10000002,144469973.75714287,141574071.70000002,147906466.27142856,143504673.0714286,142871674.0211905,1042643.9066886016,6,1,1,4,2023,0
2023-02-04,Wisconsin,148877958.69999996,Beverages,148877958.69999996,148223736.26666665,144469973.75714287,142709512.6142857,146915291.4,143698441.63880956,1413281.983174826,5,2,1,5,2023,0
2023-02-19,Wisconsin,149355706.79999998,Beverages,149355706.79999998,149323856.92666665,149132757.68666664,141947094.1857143,149260157.17999998,146943771.57142857,68803.59019080181,6,2,1,7,2023,0
2023-02-26,Wisconsin,147986204.89999998,Beverages,147986204.89999998,148181848.0285714,149355706.79999998,143987323.41428575,148573134.28571427,148329343.96190473,422637.4619106484,6,2,1,8,2023,0
2023-03-19,Wisconsin,160997580.79999998,Beverages,160997580.79999998,160377991.47142854,156660455.49999997,149292007.0533333,159138812.8142857,152984231.3842222,1338465.925995576,6,3,1,11,2023,0
2023-03-26,Wisconsin,146433104.1,Beverages,146433104.1,148513743.62857142,160997580.79999998,148377491.15714285,152675022.68571427,153857621.65095234,4494695.090510865,6,3,1,12,2023,0
2023-04-16,Wisconsin,162525239.1,Beverages,162525239.1,161758946.95714286,157161194.1,159758402.14285713,160226362.6714286,154740313.4057143,1655380.2256991256,6,4,2,15,2023,0
2023-04-23,Wisconsin,155482743.1,Beverages,155482743.1,156488813.95714286,162525239.1,150594383.15714285,158500955.6714286,155218740.2842857,2173361.449792345,6,4,2,16,2023,0
2023-04-30,Wisconsin,162200446.0,Beverages,162200446.0,161240774.15714285,155482743.1,150264564.8142857,159321430.47142857,157773515.7152381,2073128.123043428,6,4,2,17,2023,0
2023-05-02,Wisconsin,145493912.3,Beverages,145493912.3,153847179.15,157402086.78571427,151797149.1,157249514.71734694,157657285.22833335,5844262.0400545625,1,5,2,18,2023,0
2023-05-03,Wisconsin,153305058.7,Beverages,153305058.7,145493912.3,158361758.62857142,152563441.24285713,156527129.0132653,157682005.81023806,5994457.881708073,2,5,2,18,2023,0
2023-07-05,Wisconsin,167233104.20000002,Beverages,167233104.20000002,167012024.11269844,165685543.5888889,160600701.58095238,166569863.93809527,164027442.934127,477587.573148942,2,7,3,27,2023,0
2023-08-01,Wisconsin,140556534.70000002,Beverages,140556534.70000002,141544555.7925926,147472682.34814817,166569863.93809524,143520597.97777778,154761930.4246032,2134369.501882818,1,8,3,31,2023,0
2023-09-04,Wisconsin,158992906.79999998,Beverages,158992906.79999998,158450660.5617647,155197183.13235292,142725519.6529412,157366168.0852941,151130336.34558824,1171385.7549017323,0,9,3,36,2023,0
2023-12-02,Wisconsin,150103506.70000002,Beverages,150103506.70000002,150203387.60000002,150802673.0,153099933.70000002,150403149.4,151551779.75000003,215767.4045488675,5,12,4,48,2023,0
2023-12-03,Wisconsin,161762845.8,Beverages,161762845.8,150103506.70000002,150702792.10000002,153000052.8,151983157.0714286,151843872.85000002,4315809.701884906,6,12,4,48,2023,0
2019-03-11,Wyoming,11816719.3,Beverages,11816719.3,11810900.427586207,11775987.19310345,11642153.127586206,11799262.68275862,11732345.65,12570.201090355018,0,3,1,11,2019,0
2019-06-10,Wyoming,12906406.8,Beverages,12906406.8,12894432.212087912,12822584.684615385,12547169.162637364,12870483.036263738,12732775.275274726,25868.06640961668,0,6,2,24,2019,0
2019-08-12,Wyoming,11820202.5,Beverages,11820202.5,11837443.838095238,11940891.866666667,12337442.642857144,11871926.514285712,12070201.902380953,37245.547163066265,0,8,3,33,2019,0
2019-10-11,Wyoming,12021378.3,Beverages,12021378.3,12018025.37,11997907.79,11920790.4,12011319.510000002,11972760.815,7243.156637103667,4,10,4,41,2019,0
2019-10-13,Wyoming,12182099.3,Beverages,12182099.3,12101738.8,12004613.65,11927496.26,12051028.614285711,11987167.432,66423.29665127795,6,10,4,41,2019,0
2019-10-20,Wyoming,12461447.2,Beverages,12461447.2,12421540.357142856,12182099.3,11950966.77,12341726.671428572,12080691.793333331,86208.63354975176,6,10,4,42,2019,0
2019-10-27,Wyoming,12136073.4,Beverages,12136073.4,12182555.371428572,12461447.2,11974437.28,12275519.314285714,12153291.319,100412.5346598019,6,10,4,43,2019,0
2019-11-17,Wyoming,12048603.8,Beverages,12048603.8,12052769.01904762,12077760.333333334,12381633.514285712,12061099.45714286,12156899.951904764,8997.901533687738,6,11,4,46,2019,0
2019-11-24,Wyoming,11965099.0,Beverages,11965099.0,11977028.257142857,12048603.8,12229037.342857145,12000886.77142857,12074007.065714289,25770.140756019744,6,11,4,47,2019,0
2019-12-15,Wyoming,12078295.1,Beverages,12078295.1,12072904.80952381,12040563.066666666,12056934.23809524,12062124.228571428,12020660.543968253,11644.358288769916,6,12,4,50,2019,0
2019-12-22,Wyoming,12814748.4,Beverages,12814748.4,12709540.785714284,12078295.1,11988957.514285715,12499125.557142856,12131608.075238096,227274.4225612594,6,12,4,51,2019,0
2019-12-29,Wyoming,11653245.3,Beverages,11653245.3,11819174.314285714,12814748.4,11992050.452380951,12151032.342857145,12171899.734761905,358447.63864271523,6,12,4,52,2019,0
2020-01-03,Wyoming,12575446.3,Beverages,12575446.3,12391006.1,11985103.32857143,12019001.904761905,12072178.44489796,12204957.164126985,334165.0999644258,4,1,1,1,2020,0
2020-01-11,Wyoming,12429955.8,Beverages,12429955.8,12448142.1125,12557259.9875,12062124.228571428,12484514.7375,12325050.412619049,39286.92519083608,5,1,1,2,2020,0
2020-01-19,Wyoming,11686722.6,Beverages,11686722.6,11779626.75,12337051.65,12604333.171428572,11965435.05,12255276.841190478,200695.9019853593,6,1,1,3,2020,0
2020-01-26,Wyoming,11777731.7,Beverages,11777731.7,11764730.4,11686722.6,11985103.32857143,11738727.8,12090676.79547619,28086.018014426067,6,1,1,4,2020,0
2020-02-02,Wyoming,12232546.5,Beverages,12232546.5,12167572.957142858,11777731.7,12575446.3,12037625.87142857,12082614.528333334,140358.89450471546,6,2,1,5,2020,0
2020-02-08,Wyoming,15876121.2,Beverages,15876121.2,15268858.75,12167572.957142858,12466328.425,14054333.849999998,12451848.702083332,1311836.8247766015,5,2,1,6,2020,0
2020-02-16,Wyoming,11769943.4,Beverages,11769943.4,12283215.625,15362848.975,11872530.9,13309760.075,12819326.166666666,1108794.7326399365,6,2,1,7,2020,0
2020-02-23,Wyoming,11856643.0,Beverages,11856643.0,11844257.342857145,11769943.4,11751729.1,11819486.028571429,12840706.845,26756.07744107154,6,2,1,8,2020,0
2020-03-05,Wyoming,13831896.2,Beverages,13831896.2,13652327.727272728,12574916.89090909,13447071.4,13293190.78181818,13113435.8,387912.2364514828,3,3,1,10,2020,0
2020-03-15,Wyoming,13765268.6,Beverages,13765268.6,13771931.36,13811907.92,12796487.85,13785256.88,12900555.454166668,14393.206630179891,6,3,1,11,2020,0
2020-03-22,Wyoming,13280267.9,Beverages,13280267.9,13349553.714285716,13765268.6,11831871.685714286,13488125.342857145,13278162.67142857,149674.46548778383,6,3,1,12,2020,0
2020-03-29,Wyoming,12158058.2,Beverages,12158058.2,12318373.871428572,13280267.9,12754485.363636363,12639005.214285716,13371342.473636365,346321.4321398862,6,3,1,13,2020,0
2020-04-10,Wyoming,13837190.7,Beverages,13837190.7,13697262.991666663,12857696.741666663,13791919.64,13417407.575,13160067.483666666,302278.3980768715,4,4,2,15,2020,0
2020-04-19,Wyoming,12815882.5,Beverages,12815882.5,12929361.188888889,13610233.322222222,13418839.528571429,13156318.566666666,13044736.43547619,245141.98582800425,6,4,2,16,2020,0
2020-04-26,Wyoming,13110749.1,Beverages,13110749.1,13068625.3,12815882.5,12478689.542857142,12984377.7,13053543.697380953,90997.80834372874,6,4,2,17,2020,0
2020-05-01,Wyoming,11764975.1,Beverages,11764975.1,12034129.9,13026501.5,12577841.325,12527971.12857143,13044418.716666669,517815.94487757306,4,5,2,18,2020,0
2020-05-04,Wyoming,12759775.5,Beverages,12759775.5,12428175.366666667,12841594.3,12997624.45,12279907.9,13001466.579166668,340966.96991672734,0,5,2,19,2020,0
2020-05-07,Wyoming,16803919.9,Beverages,16803919.9,15455871.766666666,12034129.9,13417407.575,13631016.642857144,13219305.769166669,1900318.6553791887,3,5,2,19,2020,0
2020-05-17,Wyoming,13754300.0,Beverages,13754300.0,14059261.99,15889033.93,13042839.877777778,14669185.97,13769024.73462963,658793.1933534471,6,5,2,20,2020,0
2020-05-24,Wyoming,14021483.5,Beverages,14021483.5,13983314.42857143,13754300.0,13026501.5,13906976.285714284,13998768.761666665,82454.61820892413,6,5,2,21,2020,0
2020-05-31,Wyoming,14228463.8,Beverages,14228463.8,14198895.185714286,14021483.5,11764975.1,14139757.957142858,14374852.355,63875.50733196406,6,5,2,22,2020,0
2020-06-09,Wyoming,15331993.0,Beverages,15331993.0,15209378.644444443,14473692.511111112,15889033.93,14964149.933333334,14419508.723,264877.28141921497,1,6,2,24,2020,0
2020-06-12,Wyoming,12267039.3,Beverages,12267039.3,13288690.533333331,14841535.57777778,14974147.96,14351193.923809525,14220466.781333333,1161142.3630520522,4,6,2,24,2020,0
2020-06-14,Wyoming,15317087.2,Beverages,15317087.2,13792063.25,15086764.288888888,14364223.98,14216656.24206349,14222991.464666668,1175556.9537292928,6,6,2,24,2020,0
2020-06-21,Wyoming,14818330.1,Beverages,14818330.1,14889581.114285711,15317087.2,13945145.357142856,15032083.142857144,14491890.929285713,153919.78269459397,6,6,2,25,2020,0
2020-06-28,Wyoming,16040049.7,Beverages,16040049.7,15865518.328571428,14818330.1,14169326.571428573,15516455.585714284,14827205.74452381,377030.8539886216,6,6,2,26,2020,0
2020-07-06,Wyoming,15536010.6,Beverages,15536010.6,15599015.4875,15977044.8125,14964149.933333334,15725025.2625,15149845.024444442,136106.11287308254,0,7,3,28,2020,0
2020-07-19,Wyoming,16371052.5,Beverages,16371052.5,16306818.507692307,15921414.553846154,14960832.128571428,16178350.523076922,15739625.102142856,138761.2827230099,6,7,3,29,2020,0
2020-07-26,Wyoming,16038079.3,Beverages,16038079.3,16085646.9,16371052.5,15690986.957142856,16180782.1,15967889.849285714,102757.76041490171,6,7,3,30,2020,0
2020-08-03,Wyoming,13026247.4,Beverages,13026247.4,13402726.3875,15661600.3125,15662020.375,14155684.3625,15565510.757916668,813287.5654621944,0,8,3,32,2020,0
2020-08-11,Wyoming,13085741.8,Beverages,13085741.8,13078305.0,13033684.2,15921414.553846154,13063431.4,14858100.77371795,16065.324141750723,1,8,3,33,2020,0
2020-08-16,Wyoming,15832146.0,Beverages,15832146.0,15282865.16,13070868.2,16242584.515384614,14261709.771428572,14628012.071923075,1073450.0363100283,6,8,3,33,2020,0
2020-08-23,Wyoming,15464858.6,Beverages,15464858.6,15517328.228571428,15832146.0,16133214.5,15622267.485714285,14479220.501666669,113347.35243742655,6,8,3,34,2020,0
2020-08-30,Wyoming,14990102.8,Beverages,14990102.8,15057925.057142856,15464858.6,14155684.3625,15193569.57142857,14468822.13875,146512.82070765842,6,8,3,35,2020,0
2020-09-02,Wyoming,11651381.4,Beverages,11651381.4,12764288.533333331,15261391.82857143,13026247.4,14094315.763265308,14404978.353333332,1401619.844891421,2,9,3,36,2020,0
2020-09-08,Wyoming,16228536.8,Beverages,16228536.8,15465677.566666666,12764288.533333331,13070868.2,13939959.1,14658800.856666666,1647964.2935398407,1,9,3,37,2020,0
2020-09-13,Wyoming,13782138.5,Beverages,13782138.5,14271418.16,14702818.333333334,14733584.32,15071100.495238096,14828351.918666666,853526.4910700055,6,9,3,37,2020,0
2020-09-20,Wyoming,14227153.4,Beverages,14227153.4,14163579.842857145,13782138.5,15569797.857142856,14036432.728571428,14453896.330952382,137334.5797059858,6,9,3,38,2020,0
2020-09-27,Wyoming,13709820.0,Beverages,13709820.0,13783724.771428572,14227153.4,15125747.314285714,13931534.314285714,14128282.805238096,159652.5533344769,6,9,3,39,2020,0
2020-10-05,Wyoming,13542036.5,Beverages,13542036.5,13563009.4375,13688847.0625,13939959.1,13604955.3125,14163327.511666669,45306.72320696199,0,10,4,41,2020,0
2020-10-18,Wyoming,13060878.9,Beverages,13060878.9,13097891.023076924,13319963.76153846,14100006.285714284,13171915.26923077,13583779.299761904,79955.32411967765,6,10,4,42,2020,0
2020-10-25,Wyoming,12396055.1,Beverages,12396055.1,12491029.92857143,13060878.9,13857629.542857142,12680979.585714286,13262076.91404762,205169.078949081,6,10,4,43,2020,0
2020-11-10,Wyoming,13688789.3,Beverages,13688789.3,13607993.4125,13123218.0875,13319963.76153846,13446401.6375,13009846.20948718,174539.0654616743,1,11,4,46,2020,0
2020-11-15,Wyoming,12346348.9,Beverages,12346348.9,12614836.98,13527197.525,13134903.146153849,13101915.430357143,12955579.154102564,509951.4852683791,6,11,4,46,2020,0
2020-11-22,Wyoming,12776668.4,Beverages,12776668.4,12715194.185714286,12346348.9,12586004.757142857,12592245.75714286,12892485.09761905,132799.48080810145,6,11,4,47,2020,0
2020-11-29,Wyoming,11916095.9,Beverages,11916095.9,12039034.82857143,12776668.4,12800034.5375,12284912.685714286,12822988.09625,265578.43927058147,6,11,4,48,2020,0
2020-12-01,Wyoming,11771634.6,Beverages,11771634.6,11843865.25,12530790.542857144,12961626.3125,12060766.947959185,12748756.2,235583.58528093417,1,12,4,49,2020,0
2020-12-04,Wyoming,12499053.1,Beverages,12499053.1,12256580.266666666,12161973.757142857,13204013.975,12048624.482653065,12662092.417916669,252859.80939977043,4,12,4,49,2020,0
2020-12-07,Wyoming,16021548.3,Beverages,16021548.3,14847383.233333334,11843865.25,13446401.6375,13297646.442857144,12810270.16625,1615556.364992157,0,12,4,50,2020,0
2020-12-13,Wyoming,12499163.1,Beverages,12499163.1,13086227.3,14847383.233333334,12883325.06,14260355.7,12927654.231,1268203.6178393755,6,12,4,50,2020,0
2020-12-20,Wyoming,12978665.1,Beverages,12978665.1,12910164.814285714,12499163.1,12653719.971428571,12773164.24285714,12987557.767857142,147977.52982707223,6,12,4,51,2020,0
2020-12-27,Wyoming,12368153.8,Beverages,12368153.8,12455369.7,12978665.1,12161973.757142857,12629801.5,13016807.429285714,188407.8775594713,6,12,4,52,2020,0
2021-01-08,Wyoming,16465111.3,Beverages,16465111.3,16123698.175,14075219.425,14847419.9,15440871.925,13546262.238333335,737536.6447192339,4,1,1,1,2021,0
2021-01-17,Wyoming,12324835.5,Beverages,12324835.5,12784866.144444443,15545050.011111112,12841664.528571429,13704927.433333335,13894337.748809524,993779.7733219347,6,1,1,2,2021,0
2021-01-24,Wyoming,12243266.6,Beverages,12243266.6,12254919.3,12324835.5,12542585.6,12278224.7,13776792.948333332,25172.709046450665,6,1,1,3,2021,0
2021-01-31,Wyoming,12380808.5,Beverages,12380808.5,12361159.657142855,12243266.6,14075219.425,12321861.971428571,13592377.7625,42446.351860854345,6,1,1,4,2021,0
2021-02-05,Wyoming,14533146.9,Beverages,14533146.9,14102679.22,12341510.814285714,15782285.05,13300432.26530612,13354503.219166666,843807.2729072301,4,2,1,5,2021,0
2021-02-14,Wyoming,11857724.8,Beverages,11857724.8,12154993.922222223,13938608.655555556,13244896.78888889,12749532.166666668,12769752.588148149,642174.6995885164,6,2,1,6,2021,0
2021-02-21,Wyoming,12206507.1,Beverages,12206507.1,12156681.057142856,11857724.8,12266572.0,12057028.971428571,12697756.393333334,107636.55459521164,6,2,1,7,2021,0
2021-02-28,Wyoming,12722268.1,Beverages,12722268.1,12648587.957142856,12206507.1,12341510.814285714,12501227.67142857,12747734.465238096,159167.300159672,6,2,1,8,2021,0
2021-03-01,Wyoming,12255352.4,Beverages,12255352.4,12722268.1,12280187.242857143,12361159.657142855,12497679.836734692,12744207.556666669,165082.32530096595,0,3,1,9,2021,0
2021-03-10,Wyoming,21168304.0,Beverages,21168304.0,20177976.04444445,14236008.311111111,13641339.533333331,18197320.133333333,13821048.804444443,2139352.895446567,2,3,1,10,2021,0
2021-03-14,Wyoming,14429849.6,Beverages,14429849.6,16114463.2,18197320.133333333,12452263.044444446,18337286.87619048,14362195.907407409,2378333.8372973665,6,3,1,10,2021,0
2021-03-21,Wyoming,13373539.4,Beverages,13373539.4,13524440.857142858,14429849.6,12106855.014285712,13826243.771428572,14786695.008571427,325984.4049181798,6,3,1,11,2021,0
2021-03-28,Wyoming,12786513.4,Beverages,12786513.4,12870374.257142857,13373539.4,12574907.814285714,13038095.971428571,14945553.208571428,181160.15662969695,6,3,1,12,2021,0
2021-04-04,Wyoming,13424498.9,Beverages,13424498.9,13333358.114285717,12786513.4,16216664.222222222,13151076.542857144,14795774.481481483,196886.59975446368,6,4,2,13,2021,0
2021-04-07,Wyoming,17873033.3,Beverages,17873033.3,16390188.5,13059935.757142857,19187648.08888889,14617388.05510204,14615061.318148147,1868109.6977687613,2,4,2,14,2021,0
2021-04-18,Wyoming,13013595.1,Beverages,13013595.1,13455362.209090907,16105964.863636363,13675342.314285714,14338896.427272726,14227983.015238095,954326.0277010992,6,4,2,15,2021,0
2021-04-25,Wyoming,13628281.0,Beverages,13628281.0,13540468.728571428,13013595.1,12954235.114285717,13364844.185714286,14262854.51190476,189696.18708883465,6,4,2,16,2021,0
2021-05-09,Wyoming,15998475.0,Beverages,15998475.0,15829175.42857143,14813378.0,16989499.081818182,15490576.285714284,14505075.67090909,365728.8742598562,6,5,2,18,2021,0
2021-05-12,Wyoming,18970923.3,Beverages,18970923.3,17980107.2,15321276.714285716,15664197.754545454,16702632.024489796,14692489.904545454,1333819.367999412,2,5,2,19,2021,0
2021-05-16,Wyoming,14116461.6,Beverages,14116461.6,15330077.025,15998475.0,13897129.318181818,16812551.507142857,14876103.871969696,1657531.9574909802,6,5,2,19,2021,0
2021-05-23,Wyoming,14893982.8,Beverages,14893982.8,14782908.342857145,14116461.6,13452656.457142858,14560759.42857143,15178477.17595238,239948.2516528367,6,5,2,20,2021,0
2021-05-30,Wyoming,15279758.7,Beverages,15279758.7,15224647.857142856,14893982.8,14474778.857142856,15114426.171428572,15443521.672619049,119053.02740870636,6,5,2,21,2021,0
2021-06-06,Wyoming,16692899.8,Beverages,16692899.8,16491022.5,15279758.7,15659875.857142856,16087267.9,15661756.182619046,436104.8113980499,6,6,2,22,2021,0
2021-06-13,Wyoming,16682966.4,Beverages,16682966.4,16684385.457142858,16692899.8,16543692.45,16687223.57142857,15553142.604166666,3065.513764861721,6,6,2,23,2021,0
2021-06-20,Wyoming,16736238.0,Beverages,16736238.0,16728627.771428572,16682966.4,14671833.885714289,16713407.314285714,16063105.528095238,16439.97267041399,6,6,2,24,2021,0
2021-06-27,Wyoming,16368764.6,Beverages,16368764.6,16421260.8,16736238.0,15169537.014285712,16526253.2,16420115.681904765,113404.75328316816,6,6,2,25,2021,0
2021-07-02,Wyoming,12460755.4,Beverages,12460755.4,13242357.24,16473757.0,15885390.6,14701402.971428571,16172277.313333333,1535234.5772993532,4,7,3,26,2021,0
2021-07-03,Wyoming,13776276.4,Beverages,13776276.4,12460755.4,16421260.8,16087267.9,14323548.057142856,16095244.263333334,1356478.2289031192,5,7,3,26,2021,0
2021-07-11,Wyoming,19442597.6,Beverages,19442597.6,18734307.450000003,14484566.55,16685804.514285715,17317727.150000002,16188323.461904762,1530081.600462075,6,7,3,27,2021,0
2021-07-18,Wyoming,17100528.599999998,Beverages,17100528.599999998,17435109.885714285,19442597.6,16721017.542857142,18104272.457142856,16516109.125714283,722778.1850845976,6,7,3,28,2021,0
2021-07-25,Wyoming,17069849.3,Beverages,17069849.3,17074232.057142857,17100528.599999998,16473757.0,17082997.57142857,16623521.466666669,9467.83751946853,6,7,3,29,2021,0
2021-08-08,Wyoming,17021148.7,Beverages,17021148.7,17024627.314285714,17045499.0,18026017.3,17031584.542857144,17436681.031666666,7514.665713215679,6,8,3,31,2021,0
2021-08-15,Wyoming,16898618.099999998,Beverages,16898618.099999998,16916122.47142857,17021148.7,17769691.17142857,16951131.214285713,17046239.18952381,37813.76410335604,6,8,3,32,2021,0
2021-08-22,Wyoming,16109258.8,Beverages,16109258.8,16222024.414285714,16898618.099999998,17078614.814285714,16447555.642857144,16884917.50190476,243601.5686270944,6,8,3,33,2021,0
2021-08-29,Wyoming,15228529.3,Beverages,15228529.3,15354347.8,16109258.8,17052456.22857143,15605984.8,16544942.333809525,271799.02452054346,6,8,3,34,2021,0
2021-09-05,Wyoming,14375411.1,Beverages,14375411.1,14497285.128571428,15228529.3,17028105.92857143,14741033.185714288,16008856.997142855,263277.99234691274,6,9,3,35,2021,0
2021-09-19,Wyoming,14998006.4,Beverages,14998006.4,14953535.307142856,14686708.75,16334790.028571429,14864593.12142857,15022854.308809524,96068.5404597029,6,9,3,37,2021,0
2021-09-26,Wyoming,14524620.2,Beverages,14524620.2,14592246.8,14998006.4,15480166.3,14727500.0,14759594.318333331,146090.1529710234,6,9,3,38,2021,0
2021-10-01,Wyoming,12464568.7,Beverages,12464568.7,12876579.0,14659873.4,14862907.214285716,13651401.92857143,14456451.840714283,816842.4074818508,4,10,4,39,2021,0
2021-10-10,Wyoming,20630873.9,Beverages,20630873.9,19723506.65555556,14279303.188888889,14597766.564285714,17908772.166666664,15197639.635238094,1960137.276491058,6,10,4,40,2021,0
2021-10-17,Wyoming,19626613.9,Beverages,19626613.9,19770079.61428571,20630873.9,14909064.214285716,20057011.04285714,16429956.993571429,309921.36446559423,6,10,4,41,2021,0
2021-10-24,Wyoming,19280840.3,Beverages,19280840.3,19330236.52857143,19626613.9,14659873.4,19429028.985714287,17499157.933333334,106708.04961616977,6,10,4,42,2021,0
2021-10-31,Wyoming,19126431.9,Beverages,19126431.9,19148490.242857143,19280840.3,12464568.7,19192606.92857143,18792105.766666666,47651.4667629756,6,10,4,43,2021,0
2021-11-04,Wyoming,13322349.5,Beverages,13322349.5,14773370.1,19192606.92857143,16094037.677777776,17062998.90408163,18894224.91185185,2358034.7113880534,3,11,4,44,2021,0
2021-11-07,Wyoming,16955935.2,Beverages,16955935.2,15744739.966666669,19126431.9,18816139.41111111,15604248.785714284,18677821.69185185,1503602.0637804188,6,11,4,44,2021,0
2021-11-14,Wyoming,18964164.1,Beverages,18964164.1,18677274.257142857,16955935.2,19913545.328571428,18103494.57142857,18190078.280476198,619752.8935212811,6,11,4,45,2021,0
2021-11-21,Wyoming,19314002.9,Beverages,19314002.9,19264025.92857143,18964164.1,19379632.757142857,19164071.985714287,18102067.75761905,107962.59757282458,6,11,4,46,2021,0
2021-11-28,Wyoming,18555035.8,Beverages,18555035.8,18663459.67142857,19314002.9,19170548.585714284,18880307.414285712,18017992.714761905,234222.33208175615,6,11,4,47,2021,0
2021-12-09,Wyoming,14814966.2,Beverages,14814966.2,15154972.527272727,17195010.490909092,17529714.885714285,15834985.181818182,17997585.13571429,734497.6142907981,3,12,4,49,2021,0
2021-12-12,Wyoming,19117618.8,Beverages,19117618.8,17683401.266666666,16174991.509090908,18390384.41428572,16335729.50909091,17955575.805238094,1539866.4444872558,6,12,4,49,2021,0
2021-12-19,Wyoming,19943648.5,Beverages,19943648.5,19825644.257142857,19117618.8,19214048.957142856,19589635.77142857,18086093.704285715,254918.2997560625,6,12,4,50,2021,0
2021-12-26,Wyoming,19421554.8,Beverages,19421554.8,19496139.614285715,19943648.5,18771883.542857144,19645309.24285714,18219276.35238095,161121.61380773163,6,12,4,51,2021,0
2022-01-05,Wyoming,21096832.5,Beverages,21096832.5,20929304.73,19924138.11,15834985.181818182,20594249.19,19219643.727727275,361901.3457172616,2,1,1,1,2022,0
2022-01-16,Wyoming,19293883.8,Beverages,19293883.8,19457788.227272727,20441214.790909093,19707640.01428572,19785597.081818186,20065449.93690477,354074.03082498873,6,1,1,2,2022,0
2022-01-23,Wyoming,18742366.0,Beverages,18742366.0,18821154.257142857,19293883.8,19570724.42857143,18978730.77142857,19881528.348809525,170202.0882071077,6,1,1,3,2022,0
2022-01-30,Wyoming,19087434.9,Beverages,19087434.9,19038139.34285714,18742366.0,20259193.65,18939548.228571422,19682810.10333333,106490.57447493383,6,1,1,4,2022,0
2022-02-01,Wyoming,18558114.399999995,Beverages,18558114.399999995,18822774.65,18840957.114285715,20594249.19,18903586.85408163,19561474.05133333,176316.98271123835,1,2,1,5,2022,0
2022-02-10,Wyoming,21704018.4,Beverages,21704018.4,21354473.51111111,19257204.17777777,20113405.93636364,20655383.73333333,19455661.830757573,755103.2624474401,3,2,1,6,2022,0
2022-02-13,Wyoming,18750806.7,Beverages,18750806.7,19735210.6,20305838.844444443,19621692.654545456,20560633.72380952,19450623.18257576,1010441.9596838402,6,2,1,6,2022,0
2022-02-20,Wyoming,18726524.8,Beverages,18726524.8,18729993.64285714,18750806.7,18899942.51428572,18736931.328571428,19354598.25357143,7493.55702048246,6,2,1,7,2022,0
2022-02-27,Wyoming,19316739.4,Beverages,19316739.4,19232423.028571427,18726524.8,18988843.785714284,19063790.285714287,19402323.199761905,182144.1799527659,6,2,1,8,2022,0
2022-03-04,Wyoming,20758232.700000003,Beverages,20758232.700000003,20469934.040000003,19148106.65714285,18907659.288888883,19922477.046938777,19618791.677037034,578801.783390519,4,3,1,9,2022,0
2022-03-07,Wyoming,26235911.0,Beverages,26235911.0,24410018.23333333,19605038.06,19956293.95555555,22076170.50571429,20099118.593703706,2438554.447482153,0,3,1,10,2022,0
2022-03-13,Wyoming,19684153.700000003,Beverages,19684153.700000003,20776113.25,24410018.23333333,20719614.5,22960032.35,20390453.855000004,2358902.232233317,6,3,1,10,2022,0
2022-03-20,Wyoming,19868981.899999995,Beverages,19868981.899999995,19842577.871428568,19684153.700000003,18733462.485714287,19789769.814285714,20601799.539761905,57039.22085383388,6,3,1,11,2022,0
2022-03-27,Wyoming,19955137.4,Beverages,19955137.4,19942829.47142857,19868981.899999995,19148106.65714285,19918213.614285707,20837586.44928571,26588.16453285832,6,3,1,12,2022,0
2022-04-09,Wyoming,24172877.7,Beverages,24172877.7,23848436.138461538,21901786.769230768,22960032.35,23199553.01538461,20974173.06833333,700873.8773721943,5,4,2,14,2022,0
